source_name,source_listing_id,source_url,transaction_type,listing_status,province,canton,district,title,description,property_type,bedrooms,bathrooms,parking,year_built_range,construction_area,property_area,utility,environment,terrain,accessibility,legal_status,current_price,monthly_price,currency,whatsapp,images
encuentra24,31540022,https://www.encuentra24.com/costa-rica-es/bienes-raices-alquiler-comercios/amplio-local-comercial/31540022,rent,active,San José provincia,Escazú,San Rafael,AMPLIO LOCAL COMERCIAL,"Amplio local comercial de 102 m2 ubicado en un centro comercial con acceso directo a Ruta 27. Rodeado de grandes ventanales que ofrecen vistas hermosas rodeadas de naturaleza, este local también se caracteriza por sus pisos de cerámica y sus techos altos. Cuenta con un área de oficina / recepción y baño. Es un lugar ideal para oficina, showroom, comercio o emprendimiento que busque un entorno tranquilo y accesible.",Commercial Property,,2 Bathrooms,,,,,{},Urban,{},,,,2000,USD,+50683343794,https://photos.encuentra24.com/t_or_fh_m/f_auto/v1/cr/31/54/00/22/31540022_b3ca68|https://photos.encuentra24.com/t_or_fh_m/f_auto/v1/cr/31/54/00/22/31540022_6d5eec|https://photos.encuentra24.com/t_or_fh_m/f_auto/v1/cr/31/54/00/22/31540022_03e061|https://photos.encuentra24.com/t_or_fh_m/f_auto/v1/cr/31/54/00/22/31540022_9ef32c|https://photos.encuentra24.com/t_or_fh_m/f_auto/v1/cr/31/54/00/22/31540022_72a724|https://photos.encuentra24.com/t_or_fh_m/f_auto/v1/cr/31/54/00/22/31540022_727253|https://photos.encuentra24.com/t_or_fh_m/f_auto/v1/cr/31/54/00/22/31540022_9182dc|https://photos.encuentra24.com/t_or_fh_m/f_auto/v1/cr/31/54/00/22/31540022_83f1811|https://photos.encuentra24.com/t_or_fh_m/f_auto/v1/cr/31/54/00/22/31540022_21d7e77|https://photos.encuentra24.com/t_or_fh_m/f_auto/v1/cr/31/54/00/22/31540022_371e0de|https://photos.encuentra24.com/t_user_logo/v1/users/logo/55/96/08/5596085_8ef50a|https://photos.encuentra24.com/t_or_fh_m/f_auto/v1/cr/30/00/12/99/30001299_ea65e0|https://photos.encuentra24.com/t_or_fh_m/f_auto/v1/cr/32/57/01/91/32570191_56a3452|https://photos.encuentra24.com/t_or_fh_m/f_auto/v1/cr/31/76/73/94/31767394_51a034|https://photos.encuentra24.com/t_or_fh_m/f_auto/v1/cr/31/54/52/70/31545270_46dec1|https://photos.encuentra24.com/t_or_fh_m/f_auto/v1/cr/31/47/32/21/31473221_56fe57|https://photos.encuentra24.com/t_or_fh_m/f_auto/v1/cr/31/67/31/74/31673174_0160f1|https://photos.encuentra24.com/t_or_fh_m/f_auto/v1/cr/31/48/51/93/31485193_4fc2f9|https://photos.encuentra24.com/t_or_fh_m/f_auto/v1/cr/31/51/39/22/31513922_d3eddd|https://photos.encuentra24.com/t_or_fh_m/f_auto/v1/cr/32/28/82/01/32288201_c47896c45d6646b3d8a540aefcea1d88-13ed54f|https://photos.encuentra24.com/t_or_fh_m/f_auto/v1/cr/31/52/39/73/31523973_a1ddb4
encuentra24,31545270,https://www.encuentra24.com/costa-rica-es/bienes-raices-alquiler-casas/hermosa-casa-en-rohrmoser-ideal-para-restaurante-comercio-u-oficinas/31545270,rent,active,San José provincia,San José Capital,Rohrmoser,"HERMOSA CASA EN ROHRMOSER IDEAL PARA RESTAURANTE, COMERCIO U OFICINAS","Imponente propiedad con 11 habitaciones, ideal para uso comercial o de oficinas, ubicada en una de las zonas más convenientes de la ciudad, a pocos minutos de la autopista, supermercados y zonas con gran vida social. Cuenta con rejas y portones de seguridad, además de amplias áreas verdes en la parte posterior. Una oportunidad única para quienes buscan una propiedad versátil, segura y con excelente proyección urbana.",House,5+ Bedrooms,5+ Bathrooms,3 Vehicles,,,"500–1,000m²",{},Urban,{},,,,5500,USD,+50688713322,https://photos.encuentra24.com/t_or_fh_m/f_auto/v1/cr/31/54/52/70/31545270_46dec1|https://photos.encuentra24.com/t_or_fh_m/f_auto/v1/cr/31/54/52/70/31545270_bd13b9|https://photos.encuentra24.com/t_or_fh_m/f_auto/v1/cr/31/54/52/70/31545270_dc4468|https://photos.encuentra24.com/t_or_fh_m/f_auto/v1/cr/31/54/52/70/31545270_25a5c0|https://photos.encuentra24.com/t_or_fh_m/f_auto/v1/cr/31/54/52/70/31545270_c2d042|https://photos.encuentra24.com/t_or_fh_m/f_auto/v1/cr/31/54/52/70/31545270_a6dd41|https://photos.encuentra24.com/t_or_fh_m/f_auto/v1/cr/31/54/52/70/31545270_df39af|https://photos.encuentra24.com/t_or_fh_m/f_auto/v1/cr/31/54/52/70/31545270_83183d|https://photos.encuentra24.com/t_or_fh_m/f_auto/v1/cr/31/54/52/70/31545270_85c44d|https://photos.encuentra24.com/t_or_fh_m/f_auto/v1/cr/31/54/52/70/31545270_112db3|https://photos.encuentra24.com/t_user_logo/v1/users/logo/55/96/08/5596085_8ef50a|https://photos.encuentra24.com/t_or_fh_m/f_auto/v1/cr/32/64/45/32/32644532_f853ff7|https://photos.encuentra24.com/t_or_fh_m/f_auto/v1/cr/29/31/97/22/29319722_95d72a|https://photos.encuentra24.com/t_or_fh_m/f_auto/v1/cr/32/60/52/41/32605241_7806b30e3b8e1865e5521dcad5470872-f9c3cb9|https://photos.encuentra24.com/t_or_fh_m/f_auto/v1/cr/31/78/56/71/31785671_33d9ba|https://photos.encuentra24.com/t_or_fh_m/f_auto/v1/cr/31/96/28/20/31962820_e4a149275883ca324624019cdd1ef701-dd91728|https://photos.encuentra24.com/t_or_fh_m/f_auto/v1/cr/31/33/33/59/31333359_bca366|https://photos.encuentra24.com/t_or_fh_m/f_auto/v1/cr/32/48/37/79/32483779_f9751a26f8666c31d2e6e557a58221e9-4f41228|https://photos.encuentra24.com/t_or_fh_m/f_auto/v1/cr/31/54/00/22/31540022_b3ca68|https://photos.encuentra24.com/t_or_fh_m/f_auto/v1/cr/31/47/32/21/31473221_56fe57|https://photos.encuentra24.com/t_or_fh_m/f_auto/v1/cr/31/67/31/74/31673174_0160f1|https://photos.encuentra24.com/t_or_fh_m/f_auto/v1/cr/31/48/51/93/31485193_4fc2f9|https://photos.encuentra24.com/t_or_fh_m/f_auto/v1/cr/31/51/39/22/31513922_d3eddd|https://photos.encuentra24.com/t_or_fh_m/f_auto/v1/cr/32/28/82/01/32288201_c47896c45d6646b3d8a540aefcea1d88-13ed54f|https://photos.encuentra24.com/t_or_fh_m/f_auto/v1/cr/31/52/39/73/31523973_a1ddb4
encuentra24,31602421,https://www.encuentra24.com/costa-rica-es/bienes-raices-alquiler-apartamentos/apartamento-en-escazu-condominio-senderos-de-chirca-con-linea-blanca/31602421,rent,active,San José provincia,Escazú,Escazú,"Apartamento en Escazú, Condominio Senderos de Chircá, con Línea Blanca","Condominio con todas las amenidades Parqueos: 2 espacios (aprox. 25 m²) Área total aproximada: 223 m² Distribución: Recibidor elegante Amplia sala-comedor integrada (aprox. 35 m²) Cocina de lujo con desayunador y despensa tipo walk-in, línea blanca incluida Área de lavado independiente y espaciosa Cuarto de servicio con baño completo Sala de TV Walk-in closet de sábanas 2 dormitorios secundarios, ambos con closet y espacio para cama king size; uno cuenta con balcón Baño completo para dormitorios secundarios Dormitorio principal amplio con balcón, walk-in closet (aprox. 6 m²) y baño principal con doble lavatorio Características destacadas: Ventanas de seguridad y con aislamiento acústico Aire acondicionado en varios aposentos Cuota de mantenimiento incluida Entorno natural que combina tranquilidad y conveniencia urbana A pocos minutos de oficentros, bancos, colegios, restaurantes, Multiplaza, Hospital CIMA y Country Club Amenidades del condominio: Senderos con vegetación tropical Piscina semiolímpica de 18 m (aprox.) con deck Área social para eventos Zona de co-working Gimnasio totalmente equipado Rancho BBQ Jardín infantil Jardín para mascotas Seguridad 24/7 Política de mascotas: Se acepta una mascota pequeña (ejemplo: perro salchicha, pomeranian, etc.) Precio de alquiler: $2500 mensuales con línea blanca Apartamento en Condominio Senderos de Chircá – Escazú Área total: Apartamento: 190 m² (aprox.) Bodega: 8 m² (aprox.)",Condo,3 Bedrooms,3 Bathrooms,2 Vehicles,,,,{},Riverfront|Urban,"{""Steep Slope""}",Walkable,,,2500,USD,+50683244444,https://photos.encuentra24.com/t_or_fh_m/f_auto/v1/cr/31/60/24/21/31602421_a5b4da|https://photos.encuentra24.com/t_or_fh_m/f_auto/v1/cr/31/60/24/21/31602421_b3e683|https://photos.encuentra24.com/t_or_fh_m/f_auto/v1/cr/31/60/24/21/31602421_7796e9|https://photos.encuentra24.com/t_or_fh_m/f_auto/v1/cr/31/60/24/21/31602421_5b6317|https://photos.encuentra24.com/t_or_fh_m/f_auto/v1/cr/31/60/24/21/31602421_56ba7e|https://photos.encuentra24.com/t_or_fh_m/f_auto/v1/cr/31/60/24/21/31602421_86d70c|https://photos.encuentra24.com/t_or_fh_m/f_auto/v1/cr/31/60/24/21/31602421_6f83d7|https://photos.encuentra24.com/t_or_fh_m/f_auto/v1/cr/31/60/24/21/31602421_d7728c|https://photos.encuentra24.com/t_or_fh_m/f_auto/v1/cr/31/60/24/21/31602421_babfcc|https://photos.encuentra24.com/t_or_fh_m/f_auto/v1/cr/31/60/24/21/31602421_17521a|https://photos.encuentra24.com/t_or_fh_m/f_auto/v1/cr/31/60/24/21/31602421_6dd3c7|https://photos.encuentra24.com/t_or_fh_m/f_auto/v1/cr/31/60/24/21/31602421_05e566|https://photos.encuentra24.com/t_or_fh_m/f_auto/v1/cr/31/60/24/21/31602421_80e4c8|https://photos.encuentra24.com/t_or_fh_m/f_auto/v1/cr/31/60/24/21/31602421_18c5d1|https://photos.encuentra24.com/t_or_fh_m/f_auto/v1/cr/31/60/24/21/31602421_c40376|https://photos.encuentra24.com/t_or_fh_m/f_auto/v1/cr/31/60/24/21/31602421_7296ad|https://photos.encuentra24.com/t_or_fh_m/f_auto/v1/cr/31/60/24/21/31602421_f3f5ec|https://photos.encuentra24.com/t_or_fh_m/f_auto/v1/cr/31/60/24/21/31602421_80d62a|https://photos.encuentra24.com/t_or_fh_m/f_auto/v1/cr/32/58/32/58/32583258_ff322d4|https://photos.encuentra24.com/t_or_fh_m/f_auto/v1/cr/31/53/77/98/31537798_a005de|https://photos.encuentra24.com/t_or_fh_m/f_auto/v1/cr/32/63/39/88/32633988_4d12921235b3e0970bddd49af80a69e5-0abd677|https://photos.encuentra24.com/t_or_fh_m/f_auto/v1/cr/32/54/58/08/32545808_65efc36ed88b39da99bb38998bfe872e-178e680|https://photos.encuentra24.com/t_or_fh_m/f_auto/v1/cr/32/60/87/08/32608708_cb2b59|https://photos.encuentra24.com/t_or_fh_m/f_auto/v1/cr/30/97/07/68/30970768_cf245f|https://photos.encuentra24.com/t_or_fh_m/f_auto/v1/cr/29/61/90/28/29619028_02bf47|https://photos.encuentra24.com/t_or_fh_m/f_auto/v1/cr/32/35/84/81/32358481_455852fbe91aa80e3e30206265e41d7c-8475e1b|https://photos.encuentra24.com/t_or_fh_m/f_auto/v1/cr/31/83/80/62/31838062_656a8c|https://photos.encuentra24.com/t_or_fh_m/f_auto/v1/cr/32/29/32/83/32293283_25ac5491c502d8644b293c747f02e4ff-ae0e7c4|https://photos.encuentra24.com/t_or_fh_m/f_auto/v1/cr/32/19/97/69/32199769_8a884dd|https://photos.encuentra24.com/t_or_fh_m/f_auto/v1/cr/32/35/87/11/32358711_fe2ac2a|https://photos.encuentra24.com/t_or_fh_m/f_auto/v1/cr/32/18/84/61/32188461_effe1f5b9118ba847233472fe6e6bfd7-ee6a7d7|https://photos.encuentra24.com/t_or_fh_m/f_auto/v1/cr/32/28/74/82/32287482_66d952b
encuentra24,32405961,https://www.encuentra24.com/costa-rica-es/bienes-raices-alquiler-apartamentos-amueblados/casa-en-alquiler-en-sabanilla-full-muebles-condominio-pdc9364133/32405961,rent,active,San José provincia,Montes de Oca,Sabanilla,"Casa en alquiler en Sabanilla, full muebles, condominio PDC9364133","Código 5PDC9364133 Casa en alquiler en Sabanilla Montes de Oca, full muebles Cómoda casa para 4 personas, totalmente amoblada, con aires acondicionados en todas las habitaciones, ideal para familia con buen gusto que no requiera adquirir muebles . Ideal para alojar ejecutivos de empresas transnacionales. Resumen del Inmueble Area lote 207 m2 Área construcción 165 m2 2 parqueos Sala Comedor Area de pilas Aires acondicionados en todas las habitaciones Patio Cocina integrada 1/2 baño de visitas Walk-in closet Balcon Mobiliario completo Cuota de condominio 107.000 colones Amenidades varias Precio alquiler: USD $1.600,00 ( incluye agua y cuota de condominio) Descripción del Inmueble Casa estilo townhouse contemporánea de dos plantas. Piso 1: Dos espacios de parqueo techados para vehículos en paralelo. Baño de visita, cocina con sobres de granito y suficiente mobiliario moderno para guardar utensilios y accesorios de cocina, extrator de vapores, cocina totalmente equipada con estufa, nevera, microondas. Cuarto de lavado con equipos de lavadora y secadora por separado y con pilas. Patio de unos 15 m² con zacate al aire libre. Piso 2: Habitación principal diseñada para cama king size con balcón, walk-in closet y baño privado. Incluye cama king size. Dos habitaciones secundarias diseñadas para cama queen, incluyen camas twin y matrimoniales. baño compartido La casa posee acabados modernos, buena iluminación y ventilación. Descripción del Proyecto: Condominio de 81 casas tipo townhouse, con excelentes amenidades, gimnasio, piscina, parque de mascotas, parque infantil, sala para eventos, parqueo visitantes, seguridad 24/7 Descripcion de la zona Cerca de colegios universitarios, transporte público, supermercados y tiendas de conveniencia, servicios a la mano, plaza comercial en la entrada del condominio. Clima fresco.",Condo,3 Bedrooms,3 Bathrooms,2 Vehicles,,,100–500m²,"{""Water""}",Riverfront,{},Walkable,,,1600,USD,+50684826072,https://photos.encuentra24.com/t_or_fh_m/f_auto/v1/cr/32/40/59/61/32405961_a6c8fc|https://photos.encuentra24.com/t_or_fh_m/f_auto/v1/cr/32/40/59/61/32405961_9b4c55|https://photos.encuentra24.com/t_or_fh_m/f_auto/v1/cr/32/40/59/61/32405961_e1f68b|https://photos.encuentra24.com/t_or_fh_m/f_auto/v1/cr/32/40/59/61/32405961_6410b6|https://photos.encuentra24.com/t_or_fh_m/f_auto/v1/cr/32/40/59/61/32405961_43600d|https://photos.encuentra24.com/t_or_fh_m/f_auto/v1/cr/32/40/59/61/32405961_a4025d|https://photos.encuentra24.com/t_or_fh_m/f_auto/v1/cr/32/40/59/61/32405961_476f0a|https://photos.encuentra24.com/t_or_fh_m/f_auto/v1/cr/32/40/59/61/32405961_78ffb5|https://photos.encuentra24.com/t_or_fh_m/f_auto/v1/cr/32/40/59/61/32405961_4fa797|https://photos.encuentra24.com/t_or_fh_m/f_auto/v1/cr/32/40/59/61/32405961_08e103|https://photos.encuentra24.com/t_or_fh_m/f_auto/v1/cr/32/40/59/61/32405961_56ba86|https://photos.encuentra24.com/t_or_fh_m/f_auto/v1/cr/32/40/59/61/32405961_3db747|https://photos.encuentra24.com/t_or_fh_m/f_auto/v1/cr/32/40/59/61/32405961_050caa|https://photos.encuentra24.com/t_or_fh_m/f_auto/v1/cr/32/40/59/61/32405961_ea3e79|https://photos.encuentra24.com/t_or_fh_m/f_auto/v1/cr/32/40/59/61/32405961_65e13d|https://photos.encuentra24.com/t_or_fh_m/f_auto/v1/cr/32/40/59/61/32405961_def1cc|https://photos.encuentra24.com/t_or_fh_m/f_auto/v1/cr/32/40/59/61/32405961_6c928d|https://photos.encuentra24.com/t_or_fh_m/f_auto/v1/cr/32/40/59/61/32405961_a00c93|https://photos.encuentra24.com/t_or_fh_m/f_auto/v1/cr/32/40/59/61/32405961_0d6540|https://photos.encuentra24.com/t_or_fh_m/f_auto/v1/cr/32/40/59/61/32405961_7afc6c|https://photos.encuentra24.com/t_user_logo/v1/users/logo/63/57/63578_d5a40c|https://photos.encuentra24.com/t_cnseal/v1594676252/cnseal/5f0cd41c4a555_Bildschirmfotocccbr.png|https://photos.encuentra24.com/t_cnseal/v1697642511/cnseal/652ff80f42db6_Verified%20badge.png|https://photos.encuentra24.com/t_or_fh_m/f_auto/v1/cr/32/66/44/47/32664447_1dccba9909b968e364f85572e3da8343-c1c22e3|https://photos.encuentra24.com/t_or_fh_m/f_auto/v1/cr/32/51/88/54/32518854_b57b3f4471e10f33bcdf51000b0c0fc3-77b5076|https://photos.encuentra24.com/t_or_fh_m/f_auto/v1/cr/32/57/92/00/32579200_bac84e|https://photos.encuentra24.com/t_or_fh_m/f_auto/v1/cr/32/00/00/83/32000083_5b8773|https://photos.encuentra24.com/t_or_fh_m/f_auto/v1/cr/32/39/30/12/32393012_0a4538|https://photos.encuentra24.com/t_or_fh_m/f_auto/v1/cr/30/95/84/54/30958454_36209b|https://photos.encuentra24.com/t_or_fh_m/f_auto/v1/cr/31/76/28/96/31762896_4abf0d|https://photos.encuentra24.com/t_or_fh_m/f_auto/v1/cr/30/51/71/58/30517158_bdd06f|https://photos.encuentra24.com/t_or_fh_m/f_auto/v1/cr/30/51/71/82/30517182_8fdb86
encuentra24,32365233,https://www.encuentra24.com/costa-rica-es/bienes-raices-alquiler-comercios/bodega-en-alquiler-en-san-jose-san-pedro-independiente-pvv9922599/32365233,rent,active,San José provincia,Montes de Oca,San Pedro,"Bodega en Alquiler en San José, San Pedro. Independiente - PVV9922599","Bodega en Alquiler en San José, San Pedro. Independiente - PVV9922599 ALQUILO bodega independiente Z1, Z2, para uso comercial, almacenamiento de abarrotes, respuestos automotrices, eléctricos, farmacéuticos, artículos y alimentos para mascotas, calzados, materiales de construcción, papelería, documentos, ropa, instituciones públicas, etc. Posee muchas oficinas y áreas abiertas. Ascensor. . Resumen de la Propiedad: Área de construcción: 7076 m2 Àrea de terreno: 10.000 m2 - Uso de suelo comercial. - Oficinas: 14 + - Baños: Varios - Bodegas independientes pequeñas - Electricidad: - Estacionamientos para 100 vehículos y discapacitados. - Andenes para camiones pequeños. - Bodega cuenta a lo interno con oficinas, baños, mezanine, etc. - Disponibilidad de servicios públicos (fibra óptica, electricidad, agua. - Portones mallas metálicas - Altura a la parte mas alta: 8 m - Altura a la parte mas baja: 5 m Cuota de mantenimiento: No tiene Precio x m2: 4000 colones PRECIO DE ALQUILER: 28,307,360.00+ IVA - Incremento anual: 3.5 % - Salida anticipada: 3 meses. . Descripcion de la Propiedad: Bodegas de uso comercial, para almacenamiento de abarrotes, materiales de construcción, muebles, y materiales que cumplan con el uso de suelo Comercial Z1, Z2. Altura a la parte mas alta: 8 m, altura a la parte mas baja: 5 m, con 100 espacios de parqueos, varios baños en todo el complejo, con 14 + oficinas. Espacios abiertos. Bodegas pequeñas. Ascensor. . Descripcion de la Zona: Parada de buses cercanas, abastecedores, sodas restaurantes, bancos, centros de salud, ect.",Land,,3 Bathrooms,,,800m²+,1–5 Hectares,"{""Water"",""Electricity"",""Fiber Internet""}",Urban,"{""Steep Slope""}",,,,28307360,CRC,+50684826072,https://photos.encuentra24.com/t_or_fh_m/f_auto/v1/cr/32/36/52/33/32365233_f70351|https://photos.encuentra24.com/t_or_fh_m/f_auto/v1/cr/32/36/52/33/32365233_b011da|https://photos.encuentra24.com/t_or_fh_m/f_auto/v1/cr/32/36/52/33/32365233_c5ce00|https://photos.encuentra24.com/t_or_fh_m/f_auto/v1/cr/32/36/52/33/32365233_8f4e31|https://photos.encuentra24.com/t_or_fh_m/f_auto/v1/cr/32/36/52/33/32365233_6fa90c|https://photos.encuentra24.com/t_or_fh_m/f_auto/v1/cr/32/36/52/33/32365233_2f0caa|https://photos.encuentra24.com/t_or_fh_m/f_auto/v1/cr/32/36/52/33/32365233_5d3ee5|https://photos.encuentra24.com/t_or_fh_m/f_auto/v1/cr/32/36/52/33/32365233_12eeca|https://photos.encuentra24.com/t_or_fh_m/f_auto/v1/cr/32/36/52/33/32365233_11f775|https://photos.encuentra24.com/t_or_fh_m/f_auto/v1/cr/32/36/52/33/32365233_54b847|https://photos.encuentra24.com/t_or_fh_m/f_auto/v1/cr/32/36/52/33/32365233_cdf061|https://photos.encuentra24.com/t_or_fh_m/f_auto/v1/cr/32/36/52/33/32365233_ffac32|https://photos.encuentra24.com/t_or_fh_m/f_auto/v1/cr/32/36/52/33/32365233_2b1e6d|https://photos.encuentra24.com/t_or_fh_m/f_auto/v1/cr/32/36/52/33/32365233_653966|https://photos.encuentra24.com/t_or_fh_m/f_auto/v1/cr/32/36/52/33/32365233_dcf900|https://photos.encuentra24.com/t_or_fh_m/f_auto/v1/cr/32/36/52/33/32365233_e5b838|https://photos.encuentra24.com/t_or_fh_m/f_auto/v1/cr/32/36/52/33/32365233_957de5|https://photos.encuentra24.com/t_or_fh_m/f_auto/v1/cr/32/36/52/33/32365233_03e8d2|https://photos.encuentra24.com/t_or_fh_m/f_auto/v1/cr/32/36/52/33/32365233_7fb959|https://photos.encuentra24.com/t_or_fh_m/f_auto/v1/cr/32/36/52/33/32365233_dd9dba|https://photos.encuentra24.com/t_user_logo/v1/users/logo/63/57/63578_d5a40c|https://photos.encuentra24.com/t_cnseal/v1594676252/cnseal/5f0cd41c4a555_Bildschirmfotocccbr.png|https://photos.encuentra24.com/t_cnseal/v1697642511/cnseal/652ff80f42db6_Verified%20badge.png|https://photos.encuentra24.com/t_or_fh_m/f_auto/v1/cr/32/57/92/00/32579200_bac84e|https://photos.encuentra24.com/t_or_fh_m/f_auto/v1/cr/32/00/00/83/32000083_5b8773|https://photos.encuentra24.com/t_or_fh_m/f_auto/v1/cr/32/39/30/12/32393012_0a4538|https://photos.encuentra24.com/t_or_fh_m/f_auto/v1/cr/32/40/59/61/32405961_a6c8fc|https://photos.encuentra24.com/t_or_fh_m/f_auto/v1/cr/30/95/84/54/30958454_36209b|https://photos.encuentra24.com/t_or_fh_m/f_auto/v1/cr/31/76/28/96/31762896_4abf0d|https://photos.encuentra24.com/t_or_fh_m/f_auto/v1/cr/30/51/71/58/30517158_bdd06f
encuentra24,32365240,https://www.encuentra24.com/costa-rica-es/bienes-raices-alquiler-comercios/bodega-en-alquiler-alajuela-ciruelas-industrial-pvv9838963/32365240,rent,active,Alajuela provincia,,,"Bodega en Alquiler, Alajuela, Ciruelas. Industrial - PVV9838963","Bodega en Alquiler, Alajuela, Ciruelas. Industrial - PVV9838963 Bodega en ALQILER en Parque Industrial en la zona de Ciruelas, Alajuela. Uso industrial Z1,Z2,Z3. Ideal para fabricación de muebles, almacenamiento y producción de todo tipo, entre otros. Fachada en vidrio. Iluminación en LED. Segurida perimetral. . Resumen de la Propiedad: Área de Construcción: 2500 m2 Espacio libre Parqueos: 26 y 2 ley 7600 Anden: 4 Maniobra de contedores Altura: 11.25 metros a la cumbrera Electricidad: Trifásica 208/120 V Uso de suelo: Z1, Z2 y Z3 Precio m2: $8.5 Cuota de mantenimiento: Incluido PRECIO DE ALQUILER: $21,250 + IVA + CAM INCLUIDO. . Descripcion de la Propiedad: Bodega industrial Z1,Z2 y Z3 en condominio. Acceso vehicular con portones eléctricos con gran altura que permite el ingreso de furgones o camiones, Amplios andenes para carga y descarga de mercadería. Vidrios de seguridad con marcos de aluminio, sistema de detección de fuego, iluminación de alta tecnología y planta eléctrica para luces de emergencia. Descripción del Proyecto: Exclusivo y funcional parque de Ofibodegas, el cual cuenta con 32 bodegas individuales, divididas en 5 bloques, pensados y construidos para ofrecer una perfecta distribución del espacio y facilidades en maniobrabilidad. Seguridad 24/7 y control de acceso, áreas amplias para la maniobra de contenedores. Belleza, elegancia y funcionalidad en un solo lugar. Posee fibra óptica para datos y voz, así como muchas facilidades más para el desempeño de sus actividades. El CAM incluye: mantenimiento de áreas comunes, zonas verdes, recolección de residuos y planta de tratamiento. Gabinetes contra incendio tipo III y seguridad perimetral. . Descripción de la Zona: Perfecta ubicación, Cercanía al Aeropuerto Internacional Juan Santamaría, a solo 5 minutos de la ruta 27 y a 5 minutos de la radial del Coyol de Alajuela",Condo,,3 Bathrooms,,,800m²+,"1,000–5,000m²","{""Electricity"",""Fiber Internet""}",,{},,,,21250,USD,+50684826072,https://photos.encuentra24.com/t_or_fh_m/f_auto/v1/cr/32/36/52/40/32365240_b7cbdf|https://photos.encuentra24.com/t_or_fh_m/f_auto/v1/cr/32/36/52/40/32365240_52bc12|https://photos.encuentra24.com/t_or_fh_m/f_auto/v1/cr/32/36/52/40/32365240_b22f5f|https://photos.encuentra24.com/t_or_fh_m/f_auto/v1/cr/32/36/52/40/32365240_a0c5e4|https://photos.encuentra24.com/t_or_fh_m/f_auto/v1/cr/32/36/52/40/32365240_35bc76|https://photos.encuentra24.com/t_or_fh_m/f_auto/v1/cr/32/36/52/40/32365240_deb990|https://photos.encuentra24.com/t_or_fh_m/f_auto/v1/cr/32/36/52/40/32365240_cea32b|https://photos.encuentra24.com/t_or_fh_m/f_auto/v1/cr/32/36/52/40/32365240_bd70d6|https://photos.encuentra24.com/t_or_fh_m/f_auto/v1/cr/32/36/52/40/32365240_f05f28|https://photos.encuentra24.com/t_or_fh_m/f_auto/v1/cr/32/36/52/40/32365240_40e789|https://photos.encuentra24.com/t_or_fh_m/f_auto/v1/cr/32/36/52/40/32365240_50b822|https://photos.encuentra24.com/t_or_fh_m/f_auto/v1/cr/32/36/52/40/32365240_f6ff5f|https://photos.encuentra24.com/t_or_fh_m/f_auto/v1/cr/32/36/52/40/32365240_3f641b|https://photos.encuentra24.com/t_user_logo/v1/users/logo/63/57/63578_d5a40c|https://photos.encuentra24.com/t_cnseal/v1594676252/cnseal/5f0cd41c4a555_Bildschirmfotocccbr.png|https://photos.encuentra24.com/t_cnseal/v1697642511/cnseal/652ff80f42db6_Verified%20badge.png|https://photos.encuentra24.com/t_or_fh_m/f_auto/v1/cr/32/57/92/00/32579200_bac84e|https://photos.encuentra24.com/t_or_fh_m/f_auto/v1/cr/32/00/00/83/32000083_5b8773|https://photos.encuentra24.com/t_or_fh_m/f_auto/v1/cr/32/39/30/12/32393012_0a4538|https://photos.encuentra24.com/t_or_fh_m/f_auto/v1/cr/32/40/59/61/32405961_a6c8fc|https://photos.encuentra24.com/t_or_fh_m/f_auto/v1/cr/30/95/84/54/30958454_36209b|https://photos.encuentra24.com/t_or_fh_m/f_auto/v1/cr/31/76/28/96/31762896_4abf0d|https://photos.encuentra24.com/t_or_fh_m/f_auto/v1/cr/30/51/71/58/30517158_bdd06f
encuentra24,31786398,https://www.encuentra24.com/costa-rica-es/bienes-raices-alquiler-apartamentos/apartamento-en-alquiler-en-rohrmoser-con-linea-blanca-pvv9686610/31786398,rent,active,San José provincia,San José Capital,Pavas,"Apartamento en alquiler en Rohrmoser, con linea blanca, PVV9686610","Codigo PVV9686610 Se alquila apartamento. ubicado en Rohrmoser Nunciatura, la zona de mas prestigio de San José, Torre de lujo. Hermosa vista de montañas y ciudad. Se alquila con linea blanca. . Resumen del Inmueble Área habitable: 102 m2 - 2 habitaciones amplias - 2.5 baños - Terraza con vista - Cocina con línea blanca incluida - Prevista para lavaplatos - Cortinas y Blackout - A/C - Lavandería con lavadora y secadora - Bodega - 2 parqueos en tándem PRECIO DEL ALQUILER: USD$2,200.00 . Descripción del Inmueble Sala - comedor con acceso a balcon con hermosa vista a zonas de nunciatura y montañas, Cocina integrada con encimera de cuarzo, mueble de cocina de madera y prevista para lavaplatos, Cuarto de lavado con torre de lavado y pila. Habitación principal para cama King con baño con ducha movil, segunda habitación con su propio baño. 2 parqueos tipo tandem subterráneos y bodega. El apartamento queda en septimo piso con vista rohrmoser Nunciatura. . Descripción del Proyecto Edificio de 20 pisos y tres pisos subterráneos. 3 apartamentos por piso.Total de apartamentos 52 unidades. 3 penthouses. Constructora Edica. Tiene certificación Leed Silver logrando un alto de desempeño en eficencia energética, ahorro de agua y calidad ambiental. • Área de coworking • Piscina • Gimnasio • Zona de BBQ • Firepit • Seguridad 24/7 • Pet friendly . Descripción de la Zona. Actualmente la zona es considerada la zona de mayor prestigio de San José, cerca de la Nunciatura entre Sabana y Rohrmoser cerca del estadio nacional. Rapido acceso a la ruta 39 circunvalacion, a 10 min del aeropuerto internacional, Heredia. 3 min de san Jose Centro y 10 minutos del Este de la ciudad. Su estrategica ubicación permite evitar gran parte del trafico pesado de San José",Condo,2 Bedrooms,3 Bathrooms,,,,100–500m²,"{""Water""}",Urban,{},,,,2200,USD,+50670129857,https://photos.encuentra24.com/t_or_fh_m/f_auto/v1/cr/31/78/63/98/31786398_9c2ee7|https://photos.encuentra24.com/t_or_fh_m/f_auto/v1/cr/31/78/63/98/31786398_fa8659|https://photos.encuentra24.com/t_or_fh_m/f_auto/v1/cr/31/78/63/98/31786398_84c9de|https://photos.encuentra24.com/t_or_fh_m/f_auto/v1/cr/31/78/63/98/31786398_2782b6|https://photos.encuentra24.com/t_or_fh_m/f_auto/v1/cr/31/78/63/98/31786398_ab938f|https://photos.encuentra24.com/t_or_fh_m/f_auto/v1/cr/31/78/63/98/31786398_ab7310|https://photos.encuentra24.com/t_or_fh_m/f_auto/v1/cr/31/78/63/98/31786398_ebfdb4|https://photos.encuentra24.com/t_or_fh_m/f_auto/v1/cr/31/78/63/98/31786398_a9274a|https://photos.encuentra24.com/t_or_fh_m/f_auto/v1/cr/31/78/63/98/31786398_a6ce71|https://photos.encuentra24.com/t_or_fh_m/f_auto/v1/cr/31/78/63/98/31786398_ab8fef|https://photos.encuentra24.com/t_or_fh_m/f_auto/v1/cr/31/78/63/98/31786398_49881f|https://photos.encuentra24.com/t_or_fh_m/f_auto/v1/cr/31/78/63/98/31786398_4c2aac|https://photos.encuentra24.com/t_or_fh_m/f_auto/v1/cr/31/78/63/98/31786398_b762f5|https://photos.encuentra24.com/t_or_fh_m/f_auto/v1/cr/31/78/63/98/31786398_3008aa|https://photos.encuentra24.com/t_or_fh_m/f_auto/v1/cr/31/78/63/98/31786398_89525d|https://photos.encuentra24.com/t_or_fh_m/f_auto/v1/cr/31/78/63/98/31786398_285084|https://photos.encuentra24.com/t_or_fh_m/f_auto/v1/cr/31/78/63/98/31786398_a7f331|https://photos.encuentra24.com/t_user_logo/v1/users/logo/63/57/63578_d5a40c|https://photos.encuentra24.com/t_cnseal/v1594676252/cnseal/5f0cd41c4a555_Bildschirmfotocccbr.png|https://photos.encuentra24.com/t_cnseal/v1697642511/cnseal/652ff80f42db6_Verified%20badge.png|https://photos.encuentra24.com/t_or_fh_m/f_auto/v1/cr/32/23/05/07/32230507_e3ec0ad17ae56dbefe46a20b262de39b-4e81a27|https://photos.encuentra24.com/t_or_fh_m/f_auto/v1/cr/32/43/53/52/32435352_af44577803dd2103a065b01f0effd0f9-cd58fb2|https://photos.encuentra24.com/t_or_fh_m/f_auto/v1/cr/32/43/47/00/32434700_f144047e929d97781bed7d92e18a2a7d-c8bf0ac|https://photos.encuentra24.com/t_or_fh_m/f_auto/v1/cr/32/23/14/08/32231408_cf06576a86b73f4487ff42ed53118825-fdf4d20|https://photos.encuentra24.com/t_or_fh_m/f_auto/v1/cr/31/51/36/85/31513685_4b2279|https://photos.encuentra24.com/t_or_fh_m/f_auto/v1/cr/31/28/08/55/31280855_61bc9b|https://photos.encuentra24.com/t_or_fh_m/f_auto/v1/cr/31/37/13/74/31371374_e038b8|https://photos.encuentra24.com/t_or_fh_m/f_auto/v1/cr/32/57/92/00/32579200_bac84e|https://photos.encuentra24.com/t_or_fh_m/f_auto/v1/cr/32/00/00/83/32000083_5b8773|https://photos.encuentra24.com/t_or_fh_m/f_auto/v1/cr/32/39/30/12/32393012_0a4538|https://photos.encuentra24.com/t_or_fh_m/f_auto/v1/cr/32/40/59/61/32405961_a6c8fc|https://photos.encuentra24.com/t_or_fh_m/f_auto/v1/cr/30/95/84/54/30958454_36209b|https://photos.encuentra24.com/t_or_fh_m/f_auto/v1/cr/31/76/28/96/31762896_4abf0d|https://photos.encuentra24.com/t_or_fh_m/f_auto/v1/cr/30/51/71/58/30517158_bdd06f
encuentra24,32107953,https://www.encuentra24.com/costa-rica-es/bienes-raices-alquiler-apartamentos/alquiler-de-apartamento-nuevo-el-roble-alajuela/32107953,rent,active,Alajuela provincia,San Antonio,,Alquiler de apartamento nuevo – El Roble Alajuela,"Hermoso apartamento de 75 m² ubicado en una propiedad privada con 2.200 m² de zonas verdes, en un ambiente seguro, tranquilo y completamente privado. Cuenta con 4 espacios de parqueo. Incluye • Fibra óptica del ICE con router propio • Cable Liberty instalado • Aire acondicionado • Consumo eléctrico del portón eléctrico • Iluminación exterior • Mantenimiento del jardín Distribución y características La propiedad está totalmente cerrada con tapia en los cuatro costados, lo que brinda mayor seguridad y privacidad. • Puertas anchas de seguridad con tecnología sofisticada • Ventanas con persianas • Sala–comedor amueblada con sillones y alfombra • Cocina decorada con desayunador y sillas • Acabados modernos • Muebles con sobres de granito • Grifería elegante y accesorios de acero inoxidable • Base para TV, espejo, adornos y planta interior • 2 habitaciones con clóset • 1 baño decorado con calentador de agua • Patio de pilas • Piso de porcelanato • Cielos e iluminación contemporánea • Portón eléctrico Entorno La propiedad cuenta con una zona ideal para picnic, rodeada de naturaleza y con hermosa vista a las montañas. Ubicada cerca de escuelas, colegios, universidades y centros comerciales. Ubicación estratégica A 10 minutos de: • Zona Franca El Coyol • Zaret • Aeropuerto Internacional Juan Santamaría • Ruta 27 • Automercado • City Mall A 20 minutos de: • Forum Santa Ana • Zona Franca Barreal de Heredia Precio Mensualidad: 370.000 Depósito: 150.000 (puede fraccionarse en dos meses) No se aceptan mascotas",Condo,2 Bedrooms,2 Bathrooms,4+ Vehicles,,50–100m²,"1,000–5,000m²","{""Water"",""Fiber Internet""}",Mountain View|Urban,{},,,,370000,CRC,+50689967354,https://photos.encuentra24.com/t_or_fh_m/f_auto/v1/cr/32/10/79/53/32107953_ce79e2b|https://photos.encuentra24.com/t_or_fh_m/f_auto/v1/cr/32/10/79/53/32107953_75f3a16|https://photos.encuentra24.com/t_or_fh_m/f_auto/v1/cr/32/10/79/53/32107953_d97c9aff34fc1a4e5726b1ef7f5cbb36-28dda91|https://photos.encuentra24.com/t_or_fh_m/f_auto/v1/cr/32/10/79/53/32107953_d97c9aff34fc1a4e5726b1ef7f5cbb36-faa7d93|https://photos.encuentra24.com/t_or_fh_m/f_auto/v1/cr/32/10/79/53/32107953_357540b|https://photos.encuentra24.com/t_or_fh_m/f_auto/v1/cr/32/10/79/53/32107953_d97c9aff34fc1a4e5726b1ef7f5cbb36-38ae826|https://photos.encuentra24.com/t_or_fh_m/f_auto/v1/cr/32/10/79/53/32107953_d97c9aff34fc1a4e5726b1ef7f5cbb36-4d334e3|https://photos.encuentra24.com/t_or_fh_m/f_auto/v1/cr/32/10/79/53/32107953_a195596|https://photos.encuentra24.com/t_or_fh_m/f_auto/v1/cr/32/10/79/53/32107953_57d248e|https://photos.encuentra24.com/t_or_fh_m/f_auto/v1/cr/32/10/79/53/32107953_d97c9aff34fc1a4e5726b1ef7f5cbb36-5b5ba2b|https://photos.encuentra24.com/t_or_fh_m/f_auto/v1/cr/32/10/79/53/32107953_cec21d8|https://photos.encuentra24.com/t_or_fh_m/f_auto/v1/cr/32/10/79/53/32107953_cfc92e0|https://photos.encuentra24.com/t_or_fh_m/f_auto/v1/cr/32/10/79/53/32107953_d97c9aff34fc1a4e5726b1ef7f5cbb36-9568c21
encuentra24,31798638,https://www.encuentra24.com/costa-rica-es/bienes-raices-alquiler-apartamentos/apartamento-tipo-estudio-en-condominio-paradisus-rohrmoser-amueblado-1-parqueo/31798638,rent,active,San José provincia,San José Capital,Rohrmoser,"Apartamento tipo estudio en condominio Paradisus, Rohrmoser/ amueblado / 1 parqueo","Alquiler de estudio completamente amueblado en Condominio Paradisus, Rohrmoser. Con linda vista a la naturaleza Alquiler con línea blanca: $1000 Alquiler amueblado: $1000 Incluye cuota de mantenimiento Depósito de garantía del mismo monto. Área: 50m2 Un solo ambiente Amplio walking 80m2 habitables + patio + terraza+ bodega+ 2 parqueos Ubicación: En Rohrmoser, Geroma 2, cerca de Plaza Mayor, Plaza Rohrmoser, embajada EEUU, Colegio Británico. Con fácil acceso a las principales autopistas de San José y a 2 KM del parque metropolitano La Sabana. Caracterisicas del apartamento: - finos acabados: piso de mármol, elegantes y funcionales muebles de cocina, cocina con sobre de quarzo - amplia habitación principal con walk-in clóset, baño privado y espacio para cama King. - habitación secundaria con clóset y espacio para una cama queen. - terraza con vista desde la sala y las dos habitaciones - hermoso patio con fantástica vista hacia el bosque y con el sonido relajante del río y los pájaros - alacena / bodega interna - bodega externa. - 2 parqueos Amenidades del condominio: - piscina semi olímpica temperada - gimnasio - sala de fiestas con área de BBQ - salón de co-working - parque infantil - parque de mascotas - amplios senderos - seguridad 24/7 - elegante lobby Contáctenos para más información",Condo,,2 Bathrooms,1 Vehicle,,,,{},Riverfront,"{""Forested""}",Walkable,,,1000,USD,+50662811513,https://photos.encuentra24.com/t_or_fh_m/f_auto/v1/cr/31/79/86/38/31798638_cec4aae|https://photos.encuentra24.com/t_or_fh_m/f_auto/v1/cr/31/79/86/38/31798638_e373b26|https://photos.encuentra24.com/t_or_fh_m/f_auto/v1/cr/31/79/86/38/31798638_a61bef2|https://photos.encuentra24.com/t_or_fh_m/f_auto/v1/cr/31/79/86/38/31798638_50be006|https://photos.encuentra24.com/t_or_fh_m/f_auto/v1/cr/31/79/86/38/31798638_c927e43|https://photos.encuentra24.com/t_or_fh_m/f_auto/v1/cr/31/79/86/38/31798638_a8c36c7|https://photos.encuentra24.com/t_or_fh_m/f_auto/v1/cr/31/79/86/38/31798638_a6aeed3|https://photos.encuentra24.com/t_or_fh_m/f_auto/v1/cr/31/79/86/38/31798638_beab070|https://photos.encuentra24.com/t_or_fh_m/f_auto/v1/cr/31/79/86/38/31798638_17add47|https://photos.encuentra24.com/t_or_fh_m/f_auto/v1/cr/31/79/86/38/31798638_2f774b9|https://photos.encuentra24.com/t_or_fh_m/f_auto/v1/cr/31/79/86/38/31798638_80b41b|https://photos.encuentra24.com/t_or_fh_m/f_auto/v1/cr/31/79/86/38/31798638_de92fc|https://photos.encuentra24.com/t_cnseal/v1594676252/cnseal/5f0cd41c4a555_Bildschirmfotocccbr.png|https://photos.encuentra24.com/t_or_fh_m/f_auto/v1/cr/32/66/79/10/32667910_2be351585296d06415f2559e8e16a86d-6754b97|https://photos.encuentra24.com/t_or_fh_m/f_auto/v1/cr/32/62/79/20/32627920_86ffea9|https://photos.encuentra24.com/t_or_fh_m/f_auto/v1/cr/31/74/13/40/31741340_c5da8a|https://photos.encuentra24.com/t_or_fh_m/f_auto/v1/cr/32/55/66/00/32556600_5cbe072329c499af81839be9d484868a-5727205|https://photos.encuentra24.com/t_or_fh_m/f_auto/v1/cr/32/52/58/60/32525860_6dadca8|https://photos.encuentra24.com/t_or_fh_m/f_auto/v1/cr/30/74/40/70/30744070_e32b6b|https://photos.encuentra24.com/t_or_fh_m/f_auto/v1/cr/31/88/99/00/31889900_1e2cc6|https://photos.encuentra24.com/t_or_fh_m/f_auto/v1/cr/31/51/80/34/31518034_fcb351|https://photos.encuentra24.com/t_or_fh_m/f_auto/v1/cr/32/01/01/56/32010156_6755ad0|https://photos.encuentra24.com/t_or_fh_m/f_auto/v1/cr/32/41/12/89/32411289_dfbf685|https://photos.encuentra24.com/t_or_fh_m/f_auto/v1/cr/32/34/21/14/32342114_90edee2|https://photos.encuentra24.com/t_or_fh_m/f_auto/v1/cr/31/72/15/93/31721593_a82316|https://photos.encuentra24.com/t_or_fh_m/f_auto/v1/cr/31/82/52/33/31825233_879902|https://photos.encuentra24.com/t_or_fh_m/f_auto/v1/cr/31/96/19/78/31961978_eac4cce
encuentra24,31765056,https://www.encuentra24.com/costa-rica-es/bienes-raices-alquiler-alquiler-de-oficinas/centricas-oficinas-para-alquilar-en-heredia/31765056,rent,active,Heredia provincia,Heredia,Heredia,Céntricas Oficinas para Alquilar en Heredia,"¿Buscas un lugar estratégico para tu negocio en Heredia? ¡Estas oficinas en pleno centro son justo lo que necesitas! Ubicadas a solo unos pasos de los Tribunales de Justicia, el Parque Central y la Parroquia, en un edificio histórico con un diseño que impresiona, te permitirán estar en el corazón de la ciudad, rodeado de movimiento y oportunidades. Con un flujo constante de personas y comercio en la zona, tendrás la exposición perfecta para atraer clientes y hacer crecer tu negocio sin complicaciones. Las oficinas de 22 m², tienen una tarifa accesible que incluye agua, servicios municipales, alumbrado, recolección de basura y la limpieza diaria de las áreas comunes, incluidos los baños que son compartidos entre los inquilinos de las oficinas (uno de ellos habilitado según ley 7600) Y lo mejor, ¡todo esto con fácil acceso a varios parqueos públicos y paradas de bus en un radio de 100 metros! No dejes pasar esta oportunidad de establecerte en un lugar privilegiado que impulsa tu negocio al siguiente nivel. Para más información, contacta a Luigi Quesada. Oficina de 22 metros cuadrados ¢220 mil + 13% IVA = ¢248,600",Commercial Property,,,,,,,"{""Water""}",Urban,{},,,,248600,CRC,+50688223383,https://photos.encuentra24.com/t_or_fh_m/f_auto/v1/cr/31/76/50/56/31765056_433e20|https://photos.encuentra24.com/t_or_fh_m/f_auto/v1/cr/31/76/50/56/31765056_df21e4|https://photos.encuentra24.com/t_or_fh_m/f_auto/v1/cr/31/76/50/56/31765056_db3477|https://photos.encuentra24.com/t_or_fh_m/f_auto/v1/cr/31/76/50/56/31765056_9e584e|https://photos.encuentra24.com/t_or_fh_m/f_auto/v1/cr/31/76/50/56/31765056_abffd3|https://photos.encuentra24.com/t_or_fh_m/f_auto/v1/cr/31/76/50/56/31765056_744964|https://photos.encuentra24.com/t_or_fh_m/f_auto/v1/cr/31/76/50/56/31765056_5f5e2a|https://photos.encuentra24.com/t_or_fh_m/f_auto/v1/cr/31/76/50/56/31765056_598e0a|https://photos.encuentra24.com/t_user_logo/v1/users/logo/88/37/93/883793_5eee82|https://photos.encuentra24.com/t_cnseal/v1594676252/cnseal/5f0cd41c4a555_Bildschirmfotocccbr.png|https://photos.encuentra24.com/t_cnseal/v1697642511/cnseal/652ff80f42db6_Verified%20badge.png|https://photos.encuentra24.com/t_or_fh_m/f_auto/v1/cr/32/58/70/16/32587016_c3ec2b3|https://photos.encuentra24.com/t_or_fh_m/f_auto/v1/cr/29/80/07/34/29800734_ef77e7e|https://photos.encuentra24.com/t_or_fh_m/f_auto/v1/cr/31/93/87/65/31938765_98d76225479d9ee912dc4bc016a94801-6bda74a|https://photos.encuentra24.com/t_or_fh_m/f_auto/v1/cr/31/76/49/97/31764997_4c0145b|https://photos.encuentra24.com/t_or_fh_m/f_auto/v1/cr/29/37/01/98/29370198_626af2|https://photos.encuentra24.com/t_or_fh_m/f_auto/v1/cr/31/03/88/48/31038848_4ea1510|https://photos.encuentra24.com/t_or_fh_m/f_auto/v1/cr/29/50/25/46/29502546_6e3175
encuentra24,32581673,https://www.encuentra24.com/costa-rica-es/bienes-raices-alquiler-apartamentos/alquiler-de-apartamento-2-habitaciones-semi-amueblado-en-bambu-tibas/32581673,rent,active,San José provincia,Tibás,Cinco Esquinas,Alquiler de apartamento 2 habitaciones semi amueblado en Bambú Tibás,"Moderno apartamento en alquiler en el último piso de Bambú Rivera, Tibás. Disfruta de un espacio acogedor y funcional con 2 habitaciones, 2 baños, línea blanca completa y amueblado parcial. Incluye 1 parqueo. Vive en un condominio con excelente ubicación, seguridad y amenidades que elevan tu estilo de vida: Piscina Gimnasio Coworking Salas de uso común Una opción ideal para quienes buscan comodidad, accesibilidad y un ambiente moderno en Tibás.",Condo,2 Bedrooms,2 Bathrooms,1 Vehicle,,,,{},,{},,,,1200,USD,+50689753742,https://photos.encuentra24.com/t_or_fh_m/f_auto/v1/cr/32/58/16/73/32581673_9a6c5d532d229f588a9d5e6356836a2a-4048466|https://photos.encuentra24.com/t_or_fh_m/f_auto/v1/cr/32/58/16/73/32581673_9a6c5d532d229f588a9d5e6356836a2a-1b5bcc9|https://photos.encuentra24.com/t_or_fh_m/f_auto/v1/cr/32/58/16/73/32581673_9a6c5d532d229f588a9d5e6356836a2a-5dfbe77|https://photos.encuentra24.com/t_or_fh_m/f_auto/v1/cr/32/58/16/73/32581673_9a6c5d532d229f588a9d5e6356836a2a-8bb5891|https://photos.encuentra24.com/t_or_fh_m/f_auto/v1/cr/32/58/16/73/32581673_9a6c5d532d229f588a9d5e6356836a2a-3e13f53|https://photos.encuentra24.com/t_or_fh_m/f_auto/v1/cr/32/58/16/73/32581673_9a6c5d532d229f588a9d5e6356836a2a-dbb026f|https://photos.encuentra24.com/t_or_fh_m/f_auto/v1/cr/32/58/16/73/32581673_9a6c5d532d229f588a9d5e6356836a2a-ed13302|https://photos.encuentra24.com/t_or_fh_m/f_auto/v1/cr/32/58/16/73/32581673_9a6c5d532d229f588a9d5e6356836a2a-cd1d8b1|https://photos.encuentra24.com/t_or_fh_m/f_auto/v1/cr/32/58/16/73/32581673_9a6c5d532d229f588a9d5e6356836a2a-56dcb6d|https://photos.encuentra24.com/t_or_fh_m/f_auto/v1/cr/32/58/16/73/32581673_9a6c5d532d229f588a9d5e6356836a2a-1d8e605|https://photos.encuentra24.com/t_or_fh_m/f_auto/v1/cr/32/58/16/73/32581673_9a6c5d532d229f588a9d5e6356836a2a-bd834bc|https://photos.encuentra24.com/t_or_fh_m/f_auto/v1/cr/32/58/16/73/32581673_9a6c5d532d229f588a9d5e6356836a2a-d8a5d0c|https://photos.encuentra24.com/t_or_fh_m/f_auto/v1/cr/32/58/16/73/32581673_9a6c5d532d229f588a9d5e6356836a2a-a610a77|https://photos.encuentra24.com/t_or_fh_m/f_auto/v1/cr/32/58/16/73/32581673_9a6c5d532d229f588a9d5e6356836a2a-037bfea|https://photos.encuentra24.com/t_or_fh_m/f_auto/v1/cr/32/58/16/73/32581673_9a6c5d532d229f588a9d5e6356836a2a-f7be730|https://photos.encuentra24.com/t_or_fh_m/f_auto/v1/cr/32/58/16/73/32581673_9a6c5d532d229f588a9d5e6356836a2a-fd516a6|https://photos.encuentra24.com/t_or_fh_m/f_auto/v1/cr/32/58/16/73/32581673_9a6c5d532d229f588a9d5e6356836a2a-ad1f115|https://photos.encuentra24.com/t_user_logo/v1/users/logo/16/30/90/1630903_2bf7be|https://photos.encuentra24.com/t_or_fh_m/f_auto/v1/cr/32/65/79/88/32657988_05a32ab981053f9e4aec3cb2d9ddfe83-7f4812d|https://photos.encuentra24.com/t_or_fh_m/f_auto/v1/cr/32/62/33/38/32623338_5f4a372744453c58799a57fef71eed0f-72c62f8|https://photos.encuentra24.com/t_or_fh_m/f_auto/v1/cr/32/26/72/07/32267207_0e4d9f379480be67233be687f2c1d39e-9dc1c20|https://photos.encuentra24.com/t_or_fh_m/f_auto/v1/cr/32/54/80/44/32548044_097e01e920bb9f839bd5dfc1699944ca-4638581|https://photos.encuentra24.com/t_or_fh_m/f_auto/v1/cr/32/52/90/33/32529033_92074d06cd97c18bceacf983ddb494ea-ef4d219|https://photos.encuentra24.com/t_or_fh_m/f_auto/v1/cr/32/55/60/72/32556072_3f7aa2d836cb7592ed2eb664da4e2ca1-072a39e|https://photos.encuentra24.com/t_or_fh_m/f_auto/v1/cr/31/77/11/90/31771190_93d7bd|https://photos.encuentra24.com/t_or_fh_m/f_auto/v1/cr/32/58/21/25/32582125_bc89e889cb175445e377e28b7248a30a-d847c37|https://photos.encuentra24.com/t_or_fh_m/f_auto/v1/cr/32/60/10/68/32601068_27e4f84a18030001b1b0e38b0a39aa67-db5192e|https://photos.encuentra24.com/t_or_fh_m/f_auto/v1/cr/32/61/06/64/32610664_64b38386e29770ec56190066a659fa97-f63ee82|https://photos.encuentra24.com/t_or_fh_m/f_auto/v1/cr/32/57/54/40/32575440_c5f170333c408abdccd330eb8216c7ac-deb67eb|https://photos.encuentra24.com/t_or_fh_m/f_auto/v1/cr/32/58/53/11/32585311_495eca557f9d43b931067ca2a038164e-4c968ca|https://photos.encuentra24.com/t_or_fh_m/f_auto/v1/cr/32/58/53/75/32585375_ab6300bd0c71de924dfe79debf120497-277a7bf|https://photos.encuentra24.com/t_or_fh_m/f_auto/v1/cr/32/22/61/57/32226157_72b345bce56c02cdbdac92f3e8fb8085-58dd00d
encuentra24,32631636,https://www.encuentra24.com/costa-rica-es/bienes-raices-alquiler-apartamentos-amueblados/alto-de-las-palomas-increible-vista-2-habitaciones-amueblado-amenidades/32631636,rent,active,San José provincia,Santa Ana,Santa Ana Centro,Alto de las Palomas - Increíble Vista - 2 habitaciones - Amueblado - Amenidades,"¡Bienvenido a tu nuevo hogar en vibrante y moderno condominio! Ubicado en la codiciada zona de Santa Ana, Santa Ana, este espectacular departamento te ofrece todo lo que necesitas para vivir con estilo y comodidad. Con solo 2 años de antigüedad, este espacio refleja lo mejor de la arquitectura contemporánea y el diseño de interiores. Al ingresar, serás recibido por un ambiente lleno de luz y calidez. El departamento cuenta con 2 habitaciones, cada una diseñada para ofrecerte el máximo confort. Imagínate despertar en una habitación con increíble vista a la ciudad y a la naturaleza, perfecta para tus necesidades diarias. Además, con 2 baños modernos, nunca tendrás que esperar para refrescarte y comenzar tu día. La cocina es un verdadero sueño para cualquier amante de la gastronomía, con espacio suficiente para cocinar y disfrutar de tus creaciones culinarias. Acompañada de una práctica lavandería y una despensa, todo está al alcance de tu mano. Y eso no es todo, el departamento está completamente amueblado, con aire acondicionado individual para esos días calurosos, y techos altos que amplifican la sensación de espacio. ¿Te gusta socializar o necesitas un lugar para trabajar desde casa? Disfruta de la sala de juegos, el coworking, y un Club House que te permitirá conectar y compartir con otros. En cuanto a seguridad, puedes estar tranquilo. El edificio cuenta con control de acceso, seguridad digital, y escaleras de emergencia, garantizando tu bienestar y el de tu familia. Para los amantes del deporte y la naturaleza, hay una alberca comunitaria y extensas zonas verdes. Además, con el beneficio adicional de tener 2 estacionamientos 1 cubierto y otro sin techar. No esperes más para hacer de este departamento tu hogar. ¡Una oportunidad que no querrás dejar pasar en uno de los barrios más prometedores de San José!",Condo,2 Bedrooms,2 Bathrooms,2 Vehicles,,100–200m²,,"{""Electricity""}",Urban,{},,,,1900,USD,+50688269556,https://photos.encuentra24.com/t_or_fh_m/f_auto/v1/cr/32/63/16/36/32631636_dda335f|https://photos.encuentra24.com/t_or_fh_m/f_auto/v1/cr/32/63/16/36/32631636_84426693efa4f6f14e3e3ef38fab311f-2b5e7e7|https://photos.encuentra24.com/t_or_fh_m/f_auto/v1/cr/32/63/16/36/32631636_84426693efa4f6f14e3e3ef38fab311f-653cec0|https://photos.encuentra24.com/t_or_fh_m/f_auto/v1/cr/32/63/16/36/32631636_84426693efa4f6f14e3e3ef38fab311f-54e11f2|https://photos.encuentra24.com/t_or_fh_m/f_auto/v1/cr/32/63/16/36/32631636_84426693efa4f6f14e3e3ef38fab311f-fee4868|https://photos.encuentra24.com/t_or_fh_m/f_auto/v1/cr/32/63/16/36/32631636_84426693efa4f6f14e3e3ef38fab311f-921d6fc|https://photos.encuentra24.com/t_or_fh_m/f_auto/v1/cr/32/63/16/36/32631636_84426693efa4f6f14e3e3ef38fab311f-25db655|https://photos.encuentra24.com/t_or_fh_m/f_auto/v1/cr/32/63/16/36/32631636_84426693efa4f6f14e3e3ef38fab311f-d18a4bd|https://photos.encuentra24.com/t_or_fh_m/f_auto/v1/cr/32/63/16/36/32631636_84426693efa4f6f14e3e3ef38fab311f-a104c67|https://photos.encuentra24.com/t_or_fh_m/f_auto/v1/cr/32/63/16/36/32631636_84426693efa4f6f14e3e3ef38fab311f-c716e57|https://photos.encuentra24.com/t_or_fh_m/f_auto/v1/cr/32/63/16/36/32631636_84426693efa4f6f14e3e3ef38fab311f-e8d36cc|https://photos.encuentra24.com/t_or_fh_m/f_auto/v1/cr/32/63/16/36/32631636_84426693efa4f6f14e3e3ef38fab311f-3544fa6|https://photos.encuentra24.com/t_or_fh_m/f_auto/v1/cr/32/63/16/36/32631636_84426693efa4f6f14e3e3ef38fab311f-d7d1f27|https://photos.encuentra24.com/t_or_fh_m/f_auto/v1/cr/32/63/16/36/32631636_84426693efa4f6f14e3e3ef38fab311f-dc98544|https://photos.encuentra24.com/t_or_fh_m/f_auto/v1/cr/32/63/16/36/32631636_84426693efa4f6f14e3e3ef38fab311f-857e679|https://photos.encuentra24.com/t_or_fh_m/f_auto/v1/cr/32/63/16/36/32631636_84426693efa4f6f14e3e3ef38fab311f-cb47b20|https://photos.encuentra24.com/t_or_fh_m/f_auto/v1/cr/32/63/16/36/32631636_84426693efa4f6f14e3e3ef38fab311f-a008299|https://photos.encuentra24.com/t_or_fh_m/f_auto/v1/cr/32/63/16/36/32631636_84426693efa4f6f14e3e3ef38fab311f-fa0a11e|https://photos.encuentra24.com/t_or_fh_m/f_auto/v1/cr/32/63/16/36/32631636_84426693efa4f6f14e3e3ef38fab311f-8a30487|https://photos.encuentra24.com/t_or_fh_m/f_auto/v1/cr/32/63/16/36/32631636_84426693efa4f6f14e3e3e|https://photos.encuentra24.com/t_user_logo/v1/users/logo/78/95/27/789527_675514|https://photos.encuentra24.com/t_cnseal/v1594676252/cnseal/5f0cd41c4a555_Bildschirmfotocccbr.png|https://photos.encuentra24.com/t_or_fh_m/f_auto/v1/cr/25/24/80/46/25248046_e617de7|https://photos.encuentra24.com/t_or_fh_m/f_auto/v1/cr/32/34/70/16/32347016_8127f62|https://photos.encuentra24.com/t_or_fh_m/f_auto/v1/cr/32/05/85/36/32058536_331b8b1|https://photos.encuentra24.com/t_or_fh_m/f_auto/v1/cr/32/06/99/35/32069935_d58d86ee84c08ecc5f555bb75d9390f9-878e809|https://photos.encuentra24.com/t_or_fh_m/f_auto/v1/cr/30/06/42/24/30064224_b6ed8d|https://photos.encuentra24.com/t_or_fh_m/f_auto/v1/cr/32/29/37/23/32293723_6bce9d3|https://photos.encuentra24.com/t_or_fh_m/f_auto/v1/cr/32/64/99/12/32649912_a72a764d84b160aa7fbe0f921463c769-7018754|https://photos.encuentra24.com/t_or_fh_m/f_auto/v1/cr/30/74/37/75/30743775_790ad2c|https://photos.encuentra24.com/t_or_fh_m/f_auto/v1/cr/32/48/65/33/32486533_1a153d4bc310b0349695a10b6932ffaa-dd09a75|https://photos.encuentra24.com/t_or_fh_m/f_auto/v1/cr/32/60/73/83/32607383_a280d3e9f674626d98032822c06ec4b2-64ab70a|https://photos.encuentra24.com/t_or_fh_m/f_auto/v1/cr/32/60/74/64/32607464_81200a7f77fc1442722dd4d95b23684b-f95cc1b|https://photos.encuentra24.com/t_or_fh_m/f_auto/v1/cr/32/60/75/67/32607567_90c4a2683ac2b62605f386e83af0126f-7c69a97|https://photos.encuentra24.com/t_or_fh_m/f_auto/v1/cr/32/61/00/44/32610044_54b7ef0|https://photos.encuentra24.com/t_or_fh_m/f_auto/v1/cr/32/51/34/35/32513435_fb9bfac
encuentra24,31856407,https://www.encuentra24.com/costa-rica-es/bienes-raices-alquiler-lotes-y-terrenos/renta-de-lote-uso-comercial-escazu-precio-2800/31856407,rent,active,San José provincia,Escazú,San Rafael,RENTA DE LOTE USO COMERCIAL ESCAZU PRECIO $2800,"EXCELENTE OPCION :RENTA LOTE USO COMERCIAL $2800 100 METROS DE DISTRITO 4 TERRENO CON USO MIXTO ....PUEDE SER ESTACIONAMIENTO PARA AGENTE DE VENTA DE AUTOS- COMERCIO DE COMIDAS -RESTAURANTES TOPOGRAFIA PLANA / 20 METROS DE LA CALLE DE MAS COMERCIO Y AFLUENCIA COMERCIAL DE ESCAZU CERCANIA A SERVICIOS COMO HOSPITALES, HOTELES, SUPERMERCADOS, RESTAURANTES Y DE LOS MEJORES Y MAS LUJOSOS CENTROS COMERCIALES DEL PAIS MIDE 1048 METROS CUADRADOS",Land,,2 Bathrooms,,,,"1,000–5,000m²",{},Urban,{},,,,2800,USD,+50683792059,https://photos.encuentra24.com/t_or_fh_m/f_auto/v1/cr/31/85/64/07/31856407_d1416a|https://photos.encuentra24.com/t_or_fh_m/f_auto/v1/cr/31/85/64/07/31856407_2e1d2c|https://photos.encuentra24.com/t_or_fh_m/f_auto/v1/cr/31/85/64/07/31856407_e23f48|https://photos.encuentra24.com/t_or_fh_m/f_auto/v1/cr/31/85/64/07/31856407_dfe578|https://photos.encuentra24.com/t_or_fh_m/f_auto/v1/cr/31/85/64/07/31856407_c64e48|https://photos.encuentra24.com/t_or_fh_m/f_auto/v1/cr/31/85/64/07/31856407_797c66|https://photos.encuentra24.com/t_or_fh_m/f_auto/v1/cr/31/85/64/07/31856407_d99567|https://photos.encuentra24.com/t_user_logo/v1/users/logo/59/29/59/592959_0a067a|https://photos.encuentra24.com/t_cnseal/v1697642511/cnseal/652ff80f42db6_Verified%20badge.png|https://photos.encuentra24.com/t_or_fh_m/f_auto/v1/cr/32/58/11/69/32581169_d2a5647|https://photos.encuentra24.com/t_or_fh_m/f_auto/v1/cr/30/19/26/05/30192605_e3aed2|https://photos.encuentra24.com/t_or_fh_m/f_auto/v1/cr/31/66/18/39/31661839_aa33d1b|https://photos.encuentra24.com/t_or_fh_m/f_auto/v1/cr/32/44/64/40/32446440_45d637d|https://photos.encuentra24.com/t_or_fh_m/f_auto/v1/cr/31/68/86/57/31688657_5a3db4|https://photos.encuentra24.com/t_or_fh_m/f_auto/v1/cr/31/99/24/10/31992410_3f0c199|https://photos.encuentra24.com/t_or_fh_m/f_auto/v1/cr/32/22/67/03/32226703_fbe60f4
encuentra24,32616737,https://www.encuentra24.com/costa-rica-es/bienes-raices-alquiler-casas/casa-con-acabados-espanoles-jacuzzi-propio-y-vistas-que-no-se-repiten-grecia/32616737,rent,active,Alajuela provincia,Grecia,,"Casa con Acabados Españoles, Jacuzzi Propio y Vistas que No se Repiten — Grecia","Hay detalles que no se replican fácil — y esta casa los tiene todos. En Tacares de Grecia, sobre un lote de 1,318 m², esta casa de 315 m² rompe con lo que normalmente se encuentra en la zona: fachada enchapada en fachaleta de ladrillo español, interiores en cerámica fina española en todo el primer nivel, y un techo aislante al calor hecho a la medida. El dormitorio principal tiene su propio jacuzzi — sin compartir, sin esperar turno. Walk-in closet, baño completo. Dos dormitorios secundarios más, cada uno con closet y baño. En la segunda planta: oficina, cuarto de datos, baño y una sala de estar amplia, con espacio para crecer hasta 5 habitaciones en total. Afuera, la propiedad tiene lo que pocas en la zona ofrecen: zona verde extensa con vistas que cambian según dónde estés parado, fuente de agua, área de rancho para eventos, bodega, y seguridad real — cierre perimetral completo, 8 cámaras, 2 portones eléctricos y sensores de luz. Espacio para hasta 6 vehículos entre garaje, rancho y entrada. Esto no se construyó para pasar desapercibido. Disponible en aproximadamente 10 días.",House,4 Bedrooms,4 Bathrooms,4+ Vehicles,,,,"{""Water"",""Electricity""}",Riverfront,{},Walkable,,,2000,USD,+50663799915,https://photos.encuentra24.com/t_or_fh_m/f_auto/v1/cr/32/61/67/37/32616737_30f9f85|https://photos.encuentra24.com/t_or_fh_m/f_auto/v1/cr/32/61/67/37/32616737_a5a30da|https://photos.encuentra24.com/t_or_fh_m/f_auto/v1/cr/32/61/67/37/32616737_85af04a|https://photos.encuentra24.com/t_or_fh_m/f_auto/v1/cr/32/61/67/37/32616737_0483156|https://photos.encuentra24.com/t_or_fh_m/f_auto/v1/cr/32/61/67/37/32616737_99fa6db|https://photos.encuentra24.com/t_or_fh_m/f_auto/v1/cr/32/61/67/37/32616737_78d9479|https://photos.encuentra24.com/t_or_fh_m/f_auto/v1/cr/32/61/67/37/32616737_14db135|https://photos.encuentra24.com/t_or_fh_m/f_auto/v1/cr/32/61/67/37/32616737_9642f50|https://photos.encuentra24.com/t_or_fh_m/f_auto/v1/cr/32/61/67/37/32616737_228b81c|https://photos.encuentra24.com/t_or_fh_m/f_auto/v1/cr/32/61/67/37/32616737_91226c2|https://photos.encuentra24.com/t_or_fh_m/f_auto/v1/cr/32/61/67/37/32616737_b0c5bf0|https://photos.encuentra24.com/t_or_fh_m/f_auto/v1/cr/32/61/67/37/32616737_24170f6|https://photos.encuentra24.com/t_or_fh_m/f_auto/v1/cr/32/61/67/37/32616737_0da42c7|https://photos.encuentra24.com/t_or_fh_m/f_auto/v1/cr/32/61/67/37/32616737_ac7a6b4|https://photos.encuentra24.com/t_or_fh_m/f_auto/v1/cr/32/61/67/37/32616737_3027a8c|https://photos.encuentra24.com/t_or_fh_m/f_auto/v1/cr/32/61/67/37/32616737_04bd24f|https://photos.encuentra24.com/t_or_fh_m/f_auto/v1/cr/32/32/93/55/32329355_d4cceed2837b05be13bd4c41f3b3740e-717bad5|https://photos.encuentra24.com/t_or_fh_m/f_auto/v1/cr/32/54/86/43/32548643_d63922|https://photos.encuentra24.com/t_or_fh_m/f_auto/v1/cr/32/28/80/56/32288056_ebca113|https://photos.encuentra24.com/t_or_fh_m/f_auto/v1/cr/32/56/77/61/32567761_7f9de9bfbb4bf0e8e787ea9d69371fa7-59533a8|https://photos.encuentra24.com/t_or_fh_m/f_auto/v1/cr/32/42/53/68/32425368_76dab3f|https://photos.encuentra24.com/t_or_fh_m/f_auto/v1/cr/32/60/78/04/32607804_2fbc8b20501ebaf78573a21c58c43f59-b3d8b30|https://photos.encuentra24.com/t_or_fh_m/f_auto/v1/cr/32/65/50/73/32655073_b36b349|https://photos.encuentra24.com/t_or_fh_m/f_auto/v1/cr/32/55/32/03/32553203_71e49a1|https://photos.encuentra24.com/t_or_fh_m/f_auto/v1/cr/32/56/80/61/32568061_fd7d125b5657a54dc0490ccaf861c499-71f8d9f
encuentra24,32237982,https://www.encuentra24.com/costa-rica-es/bienes-raices-alquiler-apartamentos/alquiler-apartamento-nuevo-en-escazu-3-habitaciones-amenidades-premium-cerca-country-club/32237982,rent,active,San José provincia,Escazú,,Alquiler Apartamento Nuevo en Escazú | 3 Habitaciones | Amenidades Premium | Cerca Country Club,"Viví la experiencia de estrenar un apartamento moderno en una de las zonas más exclusivas de Escazú, a pasos de Avenida Escazú y el Country Club, rodeado de gastronomía, comercio, naturaleza y fácil acceso a todo. Ubicado en San Rafael de Escazú, este exclusivo proyecto de solo 32 apartamentos ofrece privacidad, tranquilidad y un estilo de vida contemporáneo, ideal para quienes valoran diseño, comodidad y ubicación estratégica. Precio de alquiler: • $2,800 incluye horno, plantilla, cortinas y AC • $2,900 incluye línea blanca completa, cortinas y AC • $3,200 amoblado. Características del apartamento: • 3 habitaciones amplias • 2.5 baños • 2 parqueos subterráneos • 2 bodegas • Excelente iluminación natural • Ventilación cruzada • Acabados modernos • Apartamento completamente nuevo para estrenar Amenidades tipo resort: • Piscina recreativa con carril de nado • Casa club con lounge y zona BBQ • Gimnasio equipado • Deck y área de yoga • Espacios de coworking • Cubículos privados de trabajo • Senderos y áreas verdes rodeadas de naturaleza • Seguridad 24/7 Ubicación privilegiada: A pocos minutos de: • Avenida Escazú • Hospital CIMA • Multiplaza Escazú • Distrito Cuatro (D4) • Plaza Atlantis • Lindora y principales centros corporativos • Automercado, Walmart y comercios premium Además, cuenta con acceso inmediato a Ruta 27, facilitando la conexión hacia San José y la costa del Pacífico. Una excelente opción para quienes buscan vivir en Escazú con privacidad, diseño moderno y amenidades de primer nivel en un entorno exclusivo.",Condo,3 Bedrooms,3 Bathrooms,2 Vehicles,,,,{},Urban,{},,,,2800,USD,+50683490715,https://photos.encuentra24.com/t_or_fh_m/f_auto/v1/cr/32/23/79/82/32237982_c10b4c76b215a9c579d3e2c1f3860b68-afa28e2|https://photos.encuentra24.com/t_or_fh_m/f_auto/v1/cr/32/23/79/82/32237982_ee47356|https://photos.encuentra24.com/t_or_fh_m/f_auto/v1/cr/32/23/79/82/32237982_c10b4c76b215a9c579d3e2c1f3860b68-6b9229a|https://photos.encuentra24.com/t_or_fh_m/f_auto/v1/cr/32/23/79/82/32237982_c10b4c76b215a9c579d3e2c1f3860b68-fe3e6d0|https://photos.encuentra24.com/t_or_fh_m/f_auto/v1/cr/32/23/79/82/32237982_c10b4c76b215a9c579d3e2c1f3860b68-00eff93|https://photos.encuentra24.com/t_or_fh_m/f_auto/v1/cr/32/23/79/82/32237982_c10b4c76b215a9c579d3e2c1f3860b68-4d88356|https://photos.encuentra24.com/t_or_fh_m/f_auto/v1/cr/32/23/79/82/32237982_c10b4c76b215a9c579d3e2c1f3860b68-b70885f|https://photos.encuentra24.com/t_or_fh_m/f_auto/v1/cr/32/23/79/82/32237982_c10b4c76b215a9c579d3e2c1f3860b68-5facc89|https://photos.encuentra24.com/t_or_fh_m/f_auto/v1/cr/32/23/79/82/32237982_c10b4c76b215a9c579d3e2c1f3860b68-50e1ec9|https://photos.encuentra24.com/t_or_fh_m/f_auto/v1/cr/32/23/79/82/32237982_c10b4c76b215a9c579d3e2c1f3860b68-e997971|https://photos.encuentra24.com/t_or_fh_m/f_auto/v1/cr/32/23/79/82/32237982_c10b4c76b215a9c579d3e2c1f3860b68-b01cbb6|https://photos.encuentra24.com/t_or_fh_m/f_auto/v1/cr/32/23/79/82/32237982_c10b4c76b215a9c579d3e2c1f3860b68-0b23f41|https://photos.encuentra24.com/t_cnseal/v1697642511/cnseal/652ff80f42db6_Verified%20badge.png|https://photos.encuentra24.com/t_or_fh_m/f_auto/v1/cr/32/47/99/72/32479972_55024c5|https://photos.encuentra24.com/t_or_fh_m/f_auto/v1/cr/32/55/02/72/32550272_3ad938425b5a8aa225ba9b59d669fa28-6495b2b|https://photos.encuentra24.com/t_or_fh_m/f_auto/v1/cr/32/57/77/52/32577752_e6a55e944294001a63dd074d46d1905e-9aaf702|https://photos.encuentra24.com/t_or_fh_m/f_auto/v1/cr/32/64/60/82/32646082_9a1b56|https://photos.encuentra24.com/t_or_fh_m/f_auto/v1/cr/32/63/90/42/32639042_5d01fbe31e903d75653bf0c5b68d206e-72cbbe8|https://photos.encuentra24.com/t_or_fh_m/f_auto/v1/cr/32/62/70/42/32627042_f7fef520e959c82d6170c4e689cc09d9-0eb2ffe|https://photos.encuentra24.com/t_or_fh_m/f_auto/v1/cr/31/59/20/42/31592042_9378d2|https://photos.encuentra24.com/t_or_fh_m/f_auto/v1/cr/32/58/64/14/32586414_aa1942e43fea95f5b21ffebcf157cec1-3d77415|https://photos.encuentra24.com/t_or_fh_m/f_auto/v1/cr/30/22/97/43/30229743_25c2f8|https://photos.encuentra24.com/t_or_fh_m/f_auto/v1/cr/32/66/04/64/32660464_ef1fdf9f6c7a82e908f31d1c9ba5cfd7-48b7152|https://photos.encuentra24.com/t_or_fh_m/f_auto/v1/cr/32/66/62/85/32666285_9f6f6293a386294ec436b80d55ae6674-1a0c83f|https://photos.encuentra24.com/t_or_fh_m/f_auto/v1/cr/32/23/56/79/32235679_c5c5a14|https://photos.encuentra24.com/t_or_fh_m/f_auto/v1/cr/31/64/11/67/31641167_bf9e46d|https://photos.encuentra24.com/t_or_fh_m/f_auto/v1/cr/32/03/04/54/32030454_4c4fbf3
encuentra24,32660464,https://www.encuentra24.com/costa-rica-es/bienes-raices-alquiler-apartamentos/apartamento-en-alquiler-en-santa-ana-2-habitaciones/32660464,rent,active,San José provincia,Santa Ana,,Apartamento en Alquiler en Santa Ana | 2 Habitaciones,"Apartamento en Alquiler en Santa Ana | 2 Habitaciones | Amenidades Premium | US$1,300 ¡Vive en una de las zonas con mayor crecimiento y mejor ubicación de Santa Ana! Este hermoso apartamento en condominio combina comodidad, seguridad y excelentes amenidades, con fácil acceso a la Ruta 27, centros comerciales, supermercados, restaurantes y zonas corporativas. Precio de alquiler: US$1,300 Características: 2 habitaciones 2 baños completos 2 parqueos Bodega Incluye: Refrigeradora Cocina Microondas Lavaplatos Amenidades del condominio: Piscina de nado Casa club totalmente equipada Amplias áreas verdes Juegos infantiles Parqueos para visitas Seguridad 24/7 Su excelente ubicación en Santa Ana le permite disfrutar de un estilo de vida tranquilo, con acceso rápido a Escazú, Lindora, Multiplaza, Forum, el Aeropuerto Internacional Juan Santamaría y las principales rutas del país. Ideal para quienes buscan comodidad, seguridad y una excelente calidad de vida. Contáctenos para más información o para coordinar una visita.",Condo,2 Bedrooms,2 Bathrooms,2 Vehicles,,,,{},Urban,{},,,,1300,USD,+50661960000,https://photos.encuentra24.com/t_or_fh_m/f_auto/v1/cr/32/66/04/64/32660464_ef1fdf9f6c7a82e908f31d1c9ba5cfd7-48b7152|https://photos.encuentra24.com/t_or_fh_m/f_auto/v1/cr/32/66/04/64/32660464_ef1fdf9f6c7a82e908f31d1c9ba5cfd7-ea846c3|https://photos.encuentra24.com/t_or_fh_m/f_auto/v1/cr/32/66/04/64/32660464_ef1fdf9f6c7a82e908f31d1c9ba5cfd7-50bfc0b|https://photos.encuentra24.com/t_or_fh_m/f_auto/v1/cr/32/66/04/64/32660464_ef1fdf9f6c7a82e908f31d1c9ba5cfd7-324ebcd|https://photos.encuentra24.com/t_or_fh_m/f_auto/v1/cr/32/66/04/64/32660464_ef1fdf9f6c7a82e908f31d1c9ba5cfd7-41d853e|https://photos.encuentra24.com/t_or_fh_m/f_auto/v1/cr/32/66/04/64/32660464_ef1fdf9f6c7a82e908f31d1c9ba5cfd7-ea9ff36|https://photos.encuentra24.com/t_or_fh_m/f_auto/v1/cr/32/66/04/64/32660464_ef1fdf9f6c7a82e908f31d1c9ba5cfd7-d7570cf|https://photos.encuentra24.com/t_or_fh_m/f_auto/v1/cr/32/66/04/64/32660464_ef1fdf9f6c7a82e908f31d1c9ba5cfd7-f6bc657|https://photos.encuentra24.com/t_or_fh_m/f_auto/v1/cr/32/66/04/64/32660464_ef1fdf9f6c7a82e908f31d1c9ba5cfd7-0642dfd|https://photos.encuentra24.com/t_or_fh_m/f_auto/v1/cr/32/66/04/64/32660464_ef1fdf9f6c7a82e908f31d1c9ba5cfd7-ab3d5ab|https://photos.encuentra24.com/t_or_fh_m/f_auto/v1/cr/32/66/04/64/32660464_ef1fdf9f6c7a82e908f31d1c9ba5cfd7-d1f58bc|https://photos.encuentra24.com/t_or_fh_m/f_auto/v1/cr/32/66/04/64/32660464_ef1fdf9f6c7a82e908f31d1c9ba5cfd7-6f45772|https://photos.encuentra24.com/t_or_fh_m/f_auto/v1/cr/32/66/04/64/32660464_ef1fdf9f6c7a82e908f31d1c9ba5cfd7-5444a1b|https://photos.encuentra24.com/t_or_fh_m/f_auto/v1/cr/32/66/04/64/32660464_ef1fdf9f6c7a82e908f31d1c9ba5cfd7-70900b2|https://photos.encuentra24.com/t_or_fh_m/f_auto/v1/cr/32/66/04/64/32660464_ef1fdf9f6c7a82e908f31d1c9ba5cfd7-b054b21|https://photos.encuentra24.com/t_cnseal/v1697642511/cnseal/652ff80f42db6_Verified%20badge.png|https://photos.encuentra24.com/t_or_fh_m/f_auto/v1/cr/32/67/09/61/32670961_abdf1b4996c17f9e579d7bd1c972162f-14cfda8|https://photos.encuentra24.com/t_or_fh_m/f_auto/v1/cr/32/66/93/51/32669351_9a1afb6a4049748054f53a707d47e694-7462d0b|https://photos.encuentra24.com/t_or_fh_m/f_auto/v1/cr/31/23/86/21/31238621_9f1e25|https://photos.encuentra24.com/t_or_fh_m/f_auto/v1/cr/32/65/69/81/32656981_e632ce6a50932aadf9a778d2de1f7439-1579712|https://photos.encuentra24.com/t_or_fh_m/f_auto/v1/cr/32/57/13/71/32571371_e3f95877cb8b1f9a7fd4c48183bdf6f7-2d34fd5|https://photos.encuentra24.com/t_or_fh_m/f_auto/v1/cr/32/35/84/81/32358481_455852fbe91aa80e3e30206265e41d7c-8475e1b|https://photos.encuentra24.com/t_or_fh_m/f_auto/v1/cr/32/63/71/31/32637131_2389b48|https://photos.encuentra24.com/t_or_fh_m/f_auto/v1/cr/32/58/64/14/32586414_aa1942e43fea95f5b21ffebcf157cec1-3d77415|https://photos.encuentra24.com/t_or_fh_m/f_auto/v1/cr/32/23/79/82/32237982_c10b4c76b215a9c579d3e2c1f3860b68-afa28e2|https://photos.encuentra24.com/t_or_fh_m/f_auto/v1/cr/30/22/97/43/30229743_25c2f8|https://photos.encuentra24.com/t_or_fh_m/f_auto/v1/cr/32/66/62/85/32666285_9f6f6293a386294ec436b80d55ae6674-1a0c83f|https://photos.encuentra24.com/t_or_fh_m/f_auto/v1/cr/32/23/56/79/32235679_c5c5a14|https://photos.encuentra24.com/t_or_fh_m/f_auto/v1/cr/31/64/11/67/31641167_bf9e46d|https://photos.encuentra24.com/t_or_fh_m/f_auto/v1/cr/32/03/04/54/32030454_4c4fbf3
encuentra24,32666285,https://www.encuentra24.com/costa-rica-es/bienes-raices-alquiler-apartamentos/alquiler-de-apartamento-en-santa-ana-centro/32666285,rent,active,San José provincia,Santa Ana,Santa Ana Centro,Alquiler de Apartamento en Santa Ana Centro,"Alquiler de Apartamento en Condominio, Santa Ana Centro| 1 Habitación | A/C | Amenidades Resort | US$1,000 ¡Viva en uno de los condominios más exclusivos y completos de Santa Ana! Este hermoso apartamento combina una ubicación estratégica, seguridad 24/7 y excelentes amenidades, con fácil acceso a la Ruta 27, centros corporativos, supermercados, restaurantes y comercios. Precio de alquiler: US$1,000 mensuales Características del apartamento: 1 habitación con walk-in closet 1 baño completo 1 parqueo en sótano Sala y comedor integrados Cocina con muebles y sobres de granito Desayunador Balcón Área de lavado con lavadora y secadora Aire acondicionado en la habitación Cortinas instaladas en sala y dormitorio Pisos de porcelanato Excelente iluminación y ventilación natural Ubicado en el segundo piso Acabados modernos de alta calidad Amenidades del Condominio: Seguridad 24/7 y acceso controlado Piscinas recreativas Jacuzzi Gimnasio completamente equipado Canchas de tenis Casa club para eventos Cafetería Parque para mascotas Playground infantil Elegante lobby Elevadores Amplias áreas verdes Ideal para profesionales, ejecutivos o parejas que buscan comodidad, seguridad y un estilo de vida exclusivo en una de las mejores zonas de Santa Ana. Coordine su visita hoy mismo.",Condo,1 Bedroom,1 Bathroom,1 Vehicle,,,,{},Riverfront|Urban,{},Walkable,,,1000,USD,+50684991010,https://photos.encuentra24.com/t_or_fh_m/f_auto/v1/cr/32/66/62/85/32666285_9f6f6293a386294ec436b80d55ae6674-1a0c83f|https://photos.encuentra24.com/t_or_fh_m/f_auto/v1/cr/32/66/62/85/32666285_9f6f6293a386294ec436b80d55ae6674-7f06112|https://photos.encuentra24.com/t_or_fh_m/f_auto/v1/cr/32/66/62/85/32666285_9f6f6293a386294ec436b80d55ae6674-ea499aa|https://photos.encuentra24.com/t_or_fh_m/f_auto/v1/cr/32/66/62/85/32666285_9f6f6293a386294ec436b80d55ae6674-bb7017c|https://photos.encuentra24.com/t_or_fh_m/f_auto/v1/cr/32/66/62/85/32666285_9f6f6293a386294ec436b80d55ae6674-2f9dd9b|https://photos.encuentra24.com/t_or_fh_m/f_auto/v1/cr/32/66/62/85/32666285_9f6f6293a386294ec436b80d55ae6674-f35e03a|https://photos.encuentra24.com/t_or_fh_m/f_auto/v1/cr/32/66/62/85/32666285_9f6f6293a386294ec436b80d55ae6674-995885a|https://photos.encuentra24.com/t_or_fh_m/f_auto/v1/cr/32/66/62/85/32666285_9f6f6293a386294ec436b80d55ae6674-ab32813|https://photos.encuentra24.com/t_or_fh_m/f_auto/v1/cr/32/66/62/85/32666285_9f6f6293a386294ec436b80d55ae6674-81d3ce0|https://photos.encuentra24.com/t_or_fh_m/f_auto/v1/cr/32/66/62/85/32666285_9f6f6293a386294ec436b80d55ae6674-004ff6e|https://photos.encuentra24.com/t_cnseal/v1697642511/cnseal/652ff80f42db6_Verified%20badge.png|https://photos.encuentra24.com/t_or_fh_m/f_auto/v1/cr/32/66/23/63/32662363_bcc7428eb608ccba75ede6fe9e859bf7-43a5d43|https://photos.encuentra24.com/t_or_fh_m/f_auto/v1/cr/32/58/65/23/32586523_9ec8315eb343e158f75f0e4ed93d3606-eb2aadd|https://photos.encuentra24.com/t_or_fh_m/f_auto/v1/cr/31/32/52/23/31325223_5e3e59|https://photos.encuentra24.com/t_or_fh_m/f_auto/v1/cr/32/67/31/32/32673132_32f6e01|https://photos.encuentra24.com/t_or_fh_m/f_auto/v1/cr/32/60/76/52/32607652_194c2f13d3d4073f56d86bc28e896363-7ca1420|https://photos.encuentra24.com/t_or_fh_m/f_auto/v1/cr/32/52/35/42/32523542_aa8b14236c140a2cfb88361548f505be-c7e8b15|https://photos.encuentra24.com/t_or_fh_m/f_auto/v1/cr/32/61/32/21/32613221_8a3da83|https://photos.encuentra24.com/t_or_fh_m/f_auto/v1/cr/32/58/64/14/32586414_aa1942e43fea95f5b21ffebcf157cec1-3d77415|https://photos.encuentra24.com/t_or_fh_m/f_auto/v1/cr/32/23/79/82/32237982_c10b4c76b215a9c579d3e2c1f3860b68-afa28e2|https://photos.encuentra24.com/t_or_fh_m/f_auto/v1/cr/30/22/97/43/30229743_25c2f8|https://photos.encuentra24.com/t_or_fh_m/f_auto/v1/cr/32/66/04/64/32660464_ef1fdf9f6c7a82e908f31d1c9ba5cfd7-48b7152|https://photos.encuentra24.com/t_or_fh_m/f_auto/v1/cr/32/23/56/79/32235679_c5c5a14|https://photos.encuentra24.com/t_or_fh_m/f_auto/v1/cr/31/64/11/67/31641167_bf9e46d|https://photos.encuentra24.com/t_or_fh_m/f_auto/v1/cr/32/03/04/54/32030454_4c4fbf3
encuentra24,32198507,https://www.encuentra24.com/costa-rica-es/bienes-raices-alquiler-casas/se-vende-casa-independiente-remodelada-en-pozos-de-santa-ana/32198507,rent,active,San José provincia,Santa Ana,Pozos,SE VENDE CASA INDEPENDIENTE REMODELADA EN POZOS DE SANTA ANA*,"SE VENDE CASA INDEPENDIENTE REMODELADA EN POZOS DE SANTA ANA Casa independiente completamente remodelada, ubicada en Pozos de Santa Ana, en una zona de alta plusvalía y fácil acceso a comercios, servicios y Ruta 27. Ideal para quienes buscan comodidad, funcionalidad y privacidad. Descripción de la propiedad Terreno: 211 m² Construcción: 245 m² Distribución Primera planta Sala Comedor Cocina con línea blanca completa 2 habitaciones 1 baño completo Oficina Terraza techada Área de lavandería Bodega debajo de las gradas Segunda planta Habitación principal con aire acondicionado, clóset y baño completo Incluye cortinas blackout Sala de TV con aire acondicionado Características adicionales 2 espacios de parqueo Sistema de cámaras de seguridad Se vende: $285,000 ID: 9897549 Para más información contáctenos .",House,3 Bedrooms,3 Bathrooms,2 Vehicles,,,,"{""Well Water""}",,"{""Steep Slope""}",,,,285000,USD,+50684991010,https://photos.encuentra24.com/t_or_fh_m/f_auto/v1/cr/32/19/85/07/32198507_297b335|https://photos.encuentra24.com/t_or_fh_m/f_auto/v1/cr/32/19/85/07/32198507_2704c5d|https://photos.encuentra24.com/t_or_fh_m/f_auto/v1/cr/32/19/85/07/32198507_0e3f548|https://photos.encuentra24.com/t_or_fh_m/f_auto/v1/cr/32/19/85/07/32198507_19c0b47|https://photos.encuentra24.com/t_or_fh_m/f_auto/v1/cr/32/19/85/07/32198507_0b1622e|https://photos.encuentra24.com/t_or_fh_m/f_auto/v1/cr/32/19/85/07/32198507_b478a61|https://photos.encuentra24.com/t_or_fh_m/f_auto/v1/cr/32/19/85/07/32198507_9442c0c|https://photos.encuentra24.com/t_or_fh_m/f_auto/v1/cr/32/19/85/07/32198507_65c06c3|https://photos.encuentra24.com/t_or_fh_m/f_auto/v1/cr/32/19/85/07/32198507_0632eb8|https://photos.encuentra24.com/t_or_fh_m/f_auto/v1/cr/32/19/85/07/32198507_4b23398|https://photos.encuentra24.com/t_or_fh_m/f_auto/v1/cr/32/19/85/07/32198507_01b9742|https://photos.encuentra24.com/t_or_fh_m/f_auto/v1/cr/32/19/85/07/32198507_aec5177|https://photos.encuentra24.com/t_or_fh_m/f_auto/v1/cr/32/19/85/07/32198507_b223e47|https://photos.encuentra24.com/t_or_fh_m/f_auto/v1/cr/32/19/85/07/32198507_f9aaf39|https://photos.encuentra24.com/t_user_logo/v1/users/logo/21/71/70/2171705_905868|https://photos.encuentra24.com/t_cnseal/v1594676252/cnseal/5f0cd41c4a555_Bildschirmfotocccbr.png|https://photos.encuentra24.com/t_cnseal/v1697642511/cnseal/652ff80f42db6_Verified%20badge.png|https://photos.encuentra24.com/t_or_fh_m/f_auto/v1/cr/31/51/90/59/31519059_f61582|https://photos.encuentra24.com/t_or_fh_m/f_auto/v1/cr/31/74/24/47/31742447_4fc13f|https://photos.encuentra24.com/t_or_fh_m/f_auto/v1/cr/32/31/70/06/32317006_dbb0bc8|https://photos.encuentra24.com/t_or_fh_m/f_auto/v1/cr/32/32/69/01/32326901_bccf3bfbbf0be3f5fbd91e7f37482d03-f76fa72|https://photos.encuentra24.com/t_or_fh_m/f_auto/v1/cr/32/62/03/74/32620374_51844a62263161ab09ac82a1d1620bbb-5cfb8ac|https://photos.encuentra24.com/t_or_fh_m/f_auto/v1/cr/32/46/63/25/32466325_82ffca62f30ce6554a25cf1199fb2220-e5e9189|https://photos.encuentra24.com/t_or_fh_m/f_auto/v1/cr/32/56/64/99/32566499_ff053d0783c8025b4d43a55a37c0ab92-c1d2e0a|https://photos.encuentra24.com/t_or_fh_m/f_auto/v1/cr/31/92/28/30/31922830_56c900
encuentra24,32467586,https://www.encuentra24.com/costa-rica-es/bienes-raices-alquiler-apartamentos/apartamento-nuevo-moderno-y-luminoso-cerca-de-parque-jardin-y-area-social/32467586,rent,active,San José provincia,Montes de Oca,San Pedro,"Apartamento nuevo, moderno y luminoso, cerca de parque, jardín y área social.","Se alquila apartamento nuevo, de una habitación. Acabados contemporáneos. Precio incluye agua y luz. Ubicados en urbanización muy segura y silenciosa, con acceso a parque recreativo. Apartamentos cuentan con área verde social compartida. Urbanización El Cedral, en San Pedro de Montes de Oca. Excelente ubicación, en las inmediaciones de importantes centros universitarios como la Universidad Fidélitas, CENFOTEC, Universidad Latina y la Universidad de Costa Rica (UCR).",Condo,1 Bedroom,1 Bathroom,,,,,"{""Water"",""Electricity""}",Urban,{},,,,270000,CRC,+50671533959,https://photos.encuentra24.com/t_or_fh_m/f_auto/v1/cr/32/46/75/86/32467586_982e806|https://photos.encuentra24.com/t_or_fh_m/f_auto/v1/cr/32/46/75/86/32467586_b345d4d262ed3d065a9e84c747baad55-49a522d|https://photos.encuentra24.com/t_or_fh_m/f_auto/v1/cr/32/46/75/86/32467586_a6ed926|https://photos.encuentra24.com/t_or_fh_m/f_auto/v1/cr/32/46/75/86/32467586_a97c77a|https://photos.encuentra24.com/t_or_fh_m/f_auto/v1/cr/32/46/75/86/32467586_c2306d9|https://photos.encuentra24.com/t_or_fh_m/f_auto/v1/cr/32/46/75/86/32467586_b345d4d262ed3d065a9e84c747baad55-0bd4c05|https://photos.encuentra24.com/t_or_fh_m/f_auto/v1/cr/32/46/75/86/32467586_b345d4d262ed3d065a9e84c747baad55-81c61c7|https://photos.encuentra24.com/t_or_fh_m/f_auto/v1/cr/32/46/75/86/32467586_8f7134f|https://photos.encuentra24.com/t_or_fh_m/f_auto/v1/cr/32/46/75/86/32467586_dc8cb54|https://photos.encuentra24.com/t_or_fh_m/f_auto/v1/cr/32/46/75/86/32467586_b345d4d262ed3d065a9e84c747baad55-980e898|https://photos.encuentra24.com/t_or_fh_m/f_auto/v1/cr/32/61/76/67/32617667_84d1d8a9e365171f76c67710f494346e-8b156f6|https://photos.encuentra24.com/t_or_fh_m/f_auto/v1/cr/32/37/86/17/32378617_3cb40ca|https://photos.encuentra24.com/t_or_fh_m/f_auto/v1/cr/32/47/05/16/32470516_75b6f27b5321bdeba61287eb70c3770d-a71a0fc|https://photos.encuentra24.com/t_or_fh_m/f_auto/v1/cr/32/29/76/06/32297606_4be4442|https://photos.encuentra24.com/t_or_fh_m/f_auto/v1/cr/31/69/50/85/31695085_932ee4|https://photos.encuentra24.com/t_or_fh_m/f_auto/v1/cr/32/17/23/25/32172325_0ad8c88|https://photos.encuentra24.com/t_or_fh_m/f_auto/v1/cr/32/65/09/64/32650964_35f862fcd2492204fc3f272f91873bbc-a12f288
encuentra24,32588298,https://www.encuentra24.com/costa-rica-es/bienes-raices-alquiler-apartamentos/san-ramon-de-tres-rios-espectacular-apartamento-amueblado/32588298,rent,active,Cartago provincia,La Unión,,San Ramón de Tres Ríos! Espectacular Apartamento Amueblado,"Apartamento de 1 habitación en San Ramón de Tres Ríos, sala, comedor, cocina, totalmente amueblado. Servicios incluídos",Condo,1 Bedroom,1 Bathroom,2 Vehicles,,50–100m²,<100m²,{},,{},,,,850,USD,+50685749033,https://photos.encuentra24.com/t_or_fh_m/f_auto/v1/cr/32/58/82/98/32588298_fffdf89|https://photos.encuentra24.com/t_or_fh_m/f_auto/v1/cr/32/58/82/98/32588298_1759ed3|https://photos.encuentra24.com/t_or_fh_m/f_auto/v1/cr/32/58/82/98/32588298_7389148|https://photos.encuentra24.com/t_or_fh_m/f_auto/v1/cr/32/58/82/98/32588298_b5a92fa|https://photos.encuentra24.com/t_or_fh_m/f_auto/v1/cr/32/58/82/98/32588298_b031978|https://photos.encuentra24.com/t_or_fh_m/f_auto/v1/cr/32/58/82/98/32588298_70c255e|https://photos.encuentra24.com/t_or_fh_m/f_auto/v1/cr/32/58/82/98/32588298_00d9257|https://photos.encuentra24.com/t_or_fh_m/f_auto/v1/cr/32/58/82/98/32588298_5028acb|https://photos.encuentra24.com/t_or_fh_m/f_auto/v1/cr/32/58/82/98/32588298_4ef4f14|https://photos.encuentra24.com/t_or_fh_m/f_auto/v1/cr/32/58/82/98/32588298_1bdd49a|https://photos.encuentra24.com/t_or_fh_m/f_auto/v1/cr/32/58/82/98/32588298_78cd189|https://photos.encuentra24.com/t_or_fh_m/f_auto/v1/cr/32/58/82/98/32588298_61b865e|https://photos.encuentra24.com/t_or_fh_m/f_auto/v1/cr/32/58/82/98/32588298_4b1056d|https://photos.encuentra24.com/t_or_fh_m/f_auto/v1/cr/32/58/82/98/32588298_35cacdc|https://photos.encuentra24.com/t_or_fh_m/f_auto/v1/cr/32/61/60/22/32616022_0f73d0421daf9b853ee77fb97fd057ad-39c44d2|https://photos.encuentra24.com/t_or_fh_m/f_auto/v1/cr/32/59/05/02/32590502_9580b942e2d2925b3b115894c40d3588-a057aa1|https://photos.encuentra24.com/t_or_fh_m/f_auto/v1/cr/32/60/34/69/32603469_0e61ee5319267254511e6bc6ec2530a6-f5daced|https://photos.encuentra24.com/t_or_fh_m/f_auto/v1/cr/32/67/31/45/32673145_637e95e5a515dc2a035c1433677aeb54-4753f1e|https://photos.encuentra24.com/t_or_fh_m/f_auto/v1/cr/31/38/74/45/31387445_660635|https://photos.encuentra24.com/t_or_fh_m/f_auto/v1/cr/32/62/18/38/32621838_23349e754bf3770db73cfd5c204c8b49-9573a46|https://photos.encuentra24.com/t_or_fh_m/f_auto/v1/cr/32/60/63/39/32606339_5f45896e487c4f7ed6fa2e10ee6a0b1f-4f88988
encuentra24,32237249,https://www.encuentra24.com/costa-rica-es/bienes-raices-alquiler-alquiler-de-oficinas/espacio-de-oficina-en-renta-para-1-persona-en-heredia-eurocenter/32237249,rent,active,Heredia provincia,Heredia,,"Espacio de oficina en renta para 1 persona en Heredia, Eurocenter","Impulsa tu negocio con un espacio profesional en renta solo para ti. Haz de tu oficina un hogar para tu negocio en Heredia, Eurocenter, ideal para 1 empleado. Nuestras oficinas pequeñas están completamente equipadas con WiFi de alta velocidad y tecnología empresarial. Ofrecemos opciones de oficina a corto y largo plazo para adaptarnos a las necesidades de tu equipo. Ubicadas cerca de los prósperos centros comerciales de San José’s, como Escazú y Santa Ana, las empresas en Electriona se benefician de la proximidad a las industrias tecnológicas y de servicios financieros de Costa Rica’s. Con acceso fluido a Juan Santamaría International Airport y una creciente reserva de talento, Electriona es una elección estratégica para quienes buscan Alquiler de oficinas, oficinas con todos los servicios, o Coworking. Oficinas privadas de Regus incluyen: • Acceso a nuestra red global de centros de negocios • Equipo de recepción y soporte altamente capacitado • Tecnología segura de nivel empresarial y WiFi • Impresoras y soporte administrativo • Limpieza, servicios públicos y seguridad • Espacios disponibles por hora, día o mes • Eventos regulares de networking y comunidad • Reserva y gestión de cuenta fácil vía app • Diseños personalizables y flexibles • Escalabilidad o traslado según tus necesidades • Mobiliario ergonómico de alta calidad • Programa de beneficios con descuentos exclusivos y soporte de compras personalizado • Acceso adicional a 50 m² de espacio compartido • Precios desde 469 USD La oferta y el precio mostrados en este anuncio son aproximados y están sujetos a disponibilidad. Todas las imágenes mostradas pertenecen a nuestras ubicaciones, pero pueden no corresponder a este centro específico. Consulta ahora",Commercial Property,,,,,<50m²,<100m²,{},Riverfront|Urban,{},,,,469,USD,,https://photos.encuentra24.com/t_or_fh_m/f_auto/v1/cr/32/23/72/49/32237249_e80eae|https://photos.encuentra24.com/t_or_fh_m/f_auto/v1/cr/32/23/72/49/32237249_32b776|https://photos.encuentra24.com/t_or_fh_m/f_auto/v1/cr/32/23/72/49/32237249_b1af7c|https://photos.encuentra24.com/t_or_fh_m/f_auto/v1/cr/32/23/72/49/32237249_4a1a89|https://photos.encuentra24.com/t_or_fh_m/f_auto/v1/cr/32/23/72/49/32237249_06638c|https://photos.encuentra24.com/t_or_fh_m/f_auto/v1/cr/32/23/72/49/32237249_57c8d0|https://photos.encuentra24.com/t_or_fh_m/f_auto/v1/cr/32/23/72/49/32237249_601e98|https://photos.encuentra24.com/t_or_fh_m/f_auto/v1/cr/32/23/72/49/32237249_2e0a50|https://photos.encuentra24.com/t_or_fh_m/f_auto/v1/cr/32/23/72/49/32237249_fb965f|https://photos.encuentra24.com/t_cnseal/v1697642511/cnseal/652ff80f42db6_Verified%20badge.png|https://photos.encuentra24.com/t_or_fh_m/f_auto/v1/cr/32/23/72/50/32237250_24bfa3|https://photos.encuentra24.com/t_or_fh_m/f_auto/v1/cr/32/23/72/51/32237251_6b19d5|https://photos.encuentra24.com/t_or_fh_m/f_auto/v1/cr/32/52/77/77/32527777_909cde|https://photos.encuentra24.com/t_or_fh_m/f_auto/v1/cr/29/89/98/76/29899876_448deb|https://photos.encuentra24.com/t_or_fh_m/f_auto/v1/cr/29/90/00/95/29900095_65e0ad|https://photos.encuentra24.com/t_or_fh_m/f_auto/v1/cr/29/90/02/30/29900230_9359fc|https://photos.encuentra24.com/t_or_fh_m/f_auto/v1/cr/24/50/15/63/24501563_e8ab57
encuentra24,32237250,https://www.encuentra24.com/costa-rica-es/bienes-raices-alquiler-alquiler-de-oficinas/espacio-de-oficina-en-renta-para-3-personas-en-heredia-eurocenter/32237250,rent,active,Heredia provincia,Heredia,,"Espacio de oficina en renta para 3 personas en Heredia, Eurocenter","Espacio productivo para tres con todo incluido. Haz de tu oficina un hogar para tu negocio en Heredia, Eurocenter, ideal para 3 empleados. Nuestras oficinas medianas están completamente equipadas con WiFi de alta velocidad y tecnología empresarial. Ofrecemos opciones de oficina a corto y largo plazo para adaptarnos a las necesidades de tu equipo. Ubicadas cerca de los prósperos centros comerciales de San José’s, como Escazú y Santa Ana, las empresas en Electriona se benefician de la proximidad a las industrias tecnológicas y de servicios financieros de Costa Rica’s. Con acceso fluido a Juan Santamaría International Airport y una creciente reserva de talento, Electriona es una elección estratégica para quienes buscan Alquiler de oficinas, oficinas con todos los servicios, o Coworking. Oficinas privadas de Regus incluyen: • Acceso a nuestra red global de centros de negocios • Equipo de recepción y soporte altamente capacitado • Tecnología segura de nivel empresarial y WiFi • Impresoras y soporte administrativo • Limpieza, servicios públicos y seguridad • Espacios disponibles por hora, día o mes • Eventos regulares de networking y comunidad • Reserva y gestión de cuenta fácil vía app • Diseños personalizables y flexibles • Escalabilidad o traslado según tus necesidades • Mobiliario ergonómico de alta calidad • Programa de beneficios con descuentos exclusivos y soporte de compras personalizado • Acceso adicional a 60 m² de espacio compartido • Precios desde 729 USD La oferta y el precio mostrados en este anuncio son aproximados y están sujetos a disponibilidad. Todas las imágenes mostradas pertenecen a nuestras ubicaciones, pero pueden no corresponder a este centro específico. Consulta ahora",Commercial Property,,,,,<50m²,<100m²,{},Riverfront|Urban,{},,,,729,USD,,https://photos.encuentra24.com/t_or_fh_m/f_auto/v1/cr/32/23/72/50/32237250_24bfa3|https://photos.encuentra24.com/t_or_fh_m/f_auto/v1/cr/32/23/72/50/32237250_9969ab|https://photos.encuentra24.com/t_or_fh_m/f_auto/v1/cr/32/23/72/50/32237250_ef0aa3|https://photos.encuentra24.com/t_or_fh_m/f_auto/v1/cr/32/23/72/50/32237250_debb76|https://photos.encuentra24.com/t_or_fh_m/f_auto/v1/cr/32/23/72/50/32237250_f7ab6c|https://photos.encuentra24.com/t_or_fh_m/f_auto/v1/cr/32/23/72/50/32237250_1dd443|https://photos.encuentra24.com/t_or_fh_m/f_auto/v1/cr/32/23/72/50/32237250_f71a42|https://photos.encuentra24.com/t_or_fh_m/f_auto/v1/cr/32/23/72/50/32237250_d0ce13|https://photos.encuentra24.com/t_or_fh_m/f_auto/v1/cr/32/23/72/50/32237250_78a24e|https://photos.encuentra24.com/t_cnseal/v1697642511/cnseal/652ff80f42db6_Verified%20badge.png|https://photos.encuentra24.com/t_or_fh_m/f_auto/v1/cr/32/23/72/49/32237249_e80eae|https://photos.encuentra24.com/t_or_fh_m/f_auto/v1/cr/32/23/72/51/32237251_6b19d5|https://photos.encuentra24.com/t_or_fh_m/f_auto/v1/cr/32/52/77/77/32527777_909cde|https://photos.encuentra24.com/t_or_fh_m/f_auto/v1/cr/29/89/98/76/29899876_448deb|https://photos.encuentra24.com/t_or_fh_m/f_auto/v1/cr/29/90/00/95/29900095_65e0ad|https://photos.encuentra24.com/t_or_fh_m/f_auto/v1/cr/29/90/02/30/29900230_9359fc|https://photos.encuentra24.com/t_or_fh_m/f_auto/v1/cr/24/50/15/63/24501563_e8ab57
encuentra24,32237251,https://www.encuentra24.com/costa-rica-es/bienes-raices-alquiler-alquiler-de-oficinas/espacio-de-oficina-en-renta-para-5-personas-en-heredia-eurocenter/32237251,rent,active,Heredia provincia,Heredia,,"Espacio de oficina en renta para 5 personas en Heredia, Eurocenter","Accede a un espacio luminoso e inspirador diseñado para ayudar a equipos de cinco a rendir al máximo. Haz de tu oficina un hogar para tu negocio en Heredia, Eurocenter, ideal para 5 empleados. Nuestras oficinas grandes están completamente equipadas con WiFi de alta velocidad y tecnología empresarial. Ofrecemos opciones de oficina a corto y largo plazo para adaptarnos a las necesidades de tu equipo. Ubicadas cerca de los prósperos centros comerciales de San José’s, como Escazú y Santa Ana, las empresas en Electriona se benefician de la proximidad a las industrias tecnológicas y de servicios financieros de Costa Rica’s. Con acceso fluido a Juan Santamaría International Airport y una creciente reserva de talento, Electriona es una elección estratégica para quienes buscan Alquiler de oficinas, oficinas con todos los servicios, o Coworking. Oficinas privadas de Regus incluyen: • Acceso a nuestra red global de centros de negocios • Equipo de recepción y soporte altamente capacitado • Tecnología segura de nivel empresarial y WiFi • Impresoras y soporte administrativo • Limpieza, servicios públicos y seguridad • Espacios disponibles por hora, día o mes • Eventos regulares de networking y comunidad • Reserva y gestión de cuenta fácil vía app • Diseños personalizables y flexibles • Escalabilidad o traslado según tus necesidades • Mobiliario ergonómico de alta calidad • Programa de beneficios con descuentos exclusivos y soporte de compras personalizado • Acceso adicional a 75 m² de espacio compartido • Precios desde 1.218 USD La oferta y el precio mostrados en este anuncio son aproximados y están sujetos a disponibilidad. Todas las imágenes mostradas pertenecen a nuestras ubicaciones, pero pueden no corresponder a este centro específico. Consulta ahora",Commercial Property,,,,,<50m²,<100m²,{},Riverfront|Urban,{},,,,1218,USD,,https://photos.encuentra24.com/t_or_fh_m/f_auto/v1/cr/32/23/72/51/32237251_6b19d5|https://photos.encuentra24.com/t_or_fh_m/f_auto/v1/cr/32/23/72/51/32237251_cfddd1|https://photos.encuentra24.com/t_or_fh_m/f_auto/v1/cr/32/23/72/51/32237251_42188b|https://photos.encuentra24.com/t_or_fh_m/f_auto/v1/cr/32/23/72/51/32237251_1c9f53|https://photos.encuentra24.com/t_or_fh_m/f_auto/v1/cr/32/23/72/51/32237251_2dbd29|https://photos.encuentra24.com/t_or_fh_m/f_auto/v1/cr/32/23/72/51/32237251_aef1e5|https://photos.encuentra24.com/t_or_fh_m/f_auto/v1/cr/32/23/72/51/32237251_c575dc|https://photos.encuentra24.com/t_or_fh_m/f_auto/v1/cr/32/23/72/51/32237251_e535d3|https://photos.encuentra24.com/t_or_fh_m/f_auto/v1/cr/32/23/72/51/32237251_a31986|https://photos.encuentra24.com/t_cnseal/v1697642511/cnseal/652ff80f42db6_Verified%20badge.png|https://photos.encuentra24.com/t_or_fh_m/f_auto/v1/cr/32/23/72/49/32237249_e80eae|https://photos.encuentra24.com/t_or_fh_m/f_auto/v1/cr/32/23/72/50/32237250_24bfa3|https://photos.encuentra24.com/t_or_fh_m/f_auto/v1/cr/32/52/77/77/32527777_909cde|https://photos.encuentra24.com/t_or_fh_m/f_auto/v1/cr/29/89/98/76/29899876_448deb|https://photos.encuentra24.com/t_or_fh_m/f_auto/v1/cr/29/90/00/95/29900095_65e0ad|https://photos.encuentra24.com/t_or_fh_m/f_auto/v1/cr/29/90/02/30/29900230_9359fc|https://photos.encuentra24.com/t_or_fh_m/f_auto/v1/cr/24/50/15/63/24501563_e8ab57
encuentra24,32527777,https://www.encuentra24.com/costa-rica-es/bienes-raices-alquiler-alquiler-de-oficinas/espacio-de-oficina-en-renta-para-1-persona-en-costa-rica-san-jose-escazu-corporate-center/32527777,rent,active,San José provincia,Escazú,Escazú,"Espacio de oficina en renta para 1 persona en COSTA RICA, San Jose, Escazu Corporate Center","Impulsa tu negocio con un espacio profesional en renta solo para ti. Haz de tu oficina un hogar para tu negocio en COSTA RICA, San Jose, Escazu Corporate Center, ideal para 1 empleado. Nuestras oficinas pequeñas están completamente equipadas con WiFi de alta velocidad y tecnología empresarial. Ofrecemos opciones de oficina a corto y largo plazo para adaptarnos a las necesidades de tu equipo. Establezca su negocio en un estratégico centro entre San José y el aeropuerto. Elija una base exclusiva para su empresa con nuestro Escazú Corporate Center. A solo 10 minutos en coche desde la central San José y a 20 minutos desde el aeropuerto, este moderno edificio se ubica de manera estratégica en la próspera zona de San Rafael de Escazú. Concéntrese con facilidad en nuestras oficinas con ventanas de piso a techo que llenan el espacio de luz natural, lo que le ofrece vistas directas del Valle Central. Invite a los clientes que lo visiten a disfrutar de una deliciosa comida en uno de los restaurantes cercanos o vaya a la Zona 400 para dar un tranquilo paseo. Oficinas privadas de Regus incluyen: • Acceso a nuestra red global de centros de negocios • Equipo de recepción y soporte altamente capacitado • Tecnología segura de nivel empresarial y WiFi • Impresoras y soporte administrativo • Limpieza, servicios públicos y seguridad • Espacios disponibles por hora, día o mes • Eventos regulares de networking y comunidad • Reserva y gestión de cuenta fácil vía app • Diseños personalizables y flexibles • Escalabilidad o traslado según tus necesidades • Mobiliario ergonómico de alta calidad • Programa de beneficios con descuentos exclusivos y soporte de compras personalizado • Acceso adicional a 50 m² de espacio compartido • Precios desde 439 USD La oferta y el precio mostrados en este anuncio son aproximados y están sujetos a disponibilidad. Todas las imágenes mostradas pertenecen a nuestras ubicaciones, pero pueden no corresponder a este centro específico. Consulta ahora",Commercial Property,,,,,<50m²,<100m²,"{""Municipal Water"",""Electricity""}",Riverfront|Urban,"{""River Valley""}",,,,439,USD,,https://photos.encuentra24.com/t_or_fh_m/f_auto/v1/cr/32/52/77/77/32527777_909cde|https://photos.encuentra24.com/t_or_fh_m/f_auto/v1/cr/32/52/77/77/32527777_1167ff|https://photos.encuentra24.com/t_or_fh_m/f_auto/v1/cr/32/52/77/77/32527777_9dc476|https://photos.encuentra24.com/t_or_fh_m/f_auto/v1/cr/32/52/77/77/32527777_b7bde4|https://photos.encuentra24.com/t_or_fh_m/f_auto/v1/cr/32/52/77/77/32527777_9bb7ba|https://photos.encuentra24.com/t_or_fh_m/f_auto/v1/cr/32/52/77/77/32527777_9f65ea|https://photos.encuentra24.com/t_or_fh_m/f_auto/v1/cr/32/52/77/77/32527777_bc413d|https://photos.encuentra24.com/t_or_fh_m/f_auto/v1/cr/32/52/77/77/32527777_45d9b9|https://photos.encuentra24.com/t_or_fh_m/f_auto/v1/cr/32/52/77/77/32527777_f5ea45|https://photos.encuentra24.com/t_cnseal/v1697642511/cnseal/652ff80f42db6_Verified%20badge.png|https://photos.encuentra24.com/t_or_fh_m/f_auto/v1/cr/32/23/72/49/32237249_e80eae|https://photos.encuentra24.com/t_or_fh_m/f_auto/v1/cr/32/23/72/50/32237250_24bfa3|https://photos.encuentra24.com/t_or_fh_m/f_auto/v1/cr/32/23/72/51/32237251_6b19d5|https://photos.encuentra24.com/t_or_fh_m/f_auto/v1/cr/29/89/98/76/29899876_448deb|https://photos.encuentra24.com/t_or_fh_m/f_auto/v1/cr/29/90/00/95/29900095_65e0ad|https://photos.encuentra24.com/t_or_fh_m/f_auto/v1/cr/29/90/02/30/29900230_9359fc|https://photos.encuentra24.com/t_or_fh_m/f_auto/v1/cr/24/50/15/63/24501563_e8ab57
encuentra24,32331821,https://www.encuentra24.com/costa-rica-es/bienes-raices-alquiler-comercios/centro-de-bienestar-y-negocios/32331821,rent,active,Cartago provincia,Cartago,Oriental,Centro de bienestar y negocios,"Versatilidad en el mejor punto de la ciudad! De Cartago. Primer mes de renta de gracia Alquilo propiedad ideal para proyectos multiconsultorio o corporativos (Estéticas, Clínicas, Bufetes). Múltiples espacios privados. Áreas comunes funcionales. Ubicación de alto tránsito/exclusividad. ¡Deje de buscar y empiece a operar! Contáctenos para una visita. Se alquilan consultorios u oficinas a pocos metros del Hospital Max Peralta Edificio de un piso que cumple con la Ley 7600 Cuenta con. 6 oficinas o consultorios Recepción de 16 m2 Pequeña área de cocina Servicio sanitario para discapacitados Dos Servicios sanitarios adicionales Jardín Parqueos uno privado y hay permiso de parquear sobre la calle Deje de buscar y empiece a operar Contáctenos para una visita",Commercial Property,,2 Bathrooms,3 Vehicles,,100–200m²,,{},Riverfront|Urban,{},,,,900000,CRC,+50688950072,https://photos.encuentra24.com/t_or_fh_m/f_auto/v1/cr/32/33/18/21/32331821_6096f2d|https://photos.encuentra24.com/t_or_fh_m/f_auto/v1/cr/32/33/18/21/32331821_8f5f36e|https://photos.encuentra24.com/t_or_fh_m/f_auto/v1/cr/32/33/18/21/32331821_dc2c49d|https://photos.encuentra24.com/t_or_fh_m/f_auto/v1/cr/32/33/18/21/32331821_81fdb33|https://photos.encuentra24.com/t_or_fh_m/f_auto/v1/cr/32/33/18/21/32331821_5df12c9|https://photos.encuentra24.com/t_or_fh_m/f_auto/v1/cr/32/33/18/21/32331821_3c0c082|https://photos.encuentra24.com/t_or_fh_m/f_auto/v1/cr/32/33/18/21/32331821_9b7ed7b|https://photos.encuentra24.com/t_or_fh_m/f_auto/v1/cr/32/33/18/21/32331821_c6faceb|https://photos.encuentra24.com/t_or_fh_m/f_auto/v1/cr/32/33/18/21/32331821_c3d83cd|https://photos.encuentra24.com/t_or_fh_m/f_auto/v1/cr/32/33/18/21/32331821_fd21957|https://photos.encuentra24.com/t_or_fh_m/f_auto/v1/cr/32/33/18/21/32331821_740fa6b|https://photos.encuentra24.com/t_user_logo/v1/users/logo/21/84/32/218432_e5dcf3|https://photos.encuentra24.com/t_or_fh_m/f_auto/v1/cr/31/97/24/83/31972483_8181944|https://photos.encuentra24.com/t_or_fh_m/f_auto/v1/cr/31/86/75/10/31867510_bf967a|https://photos.encuentra24.com/t_or_fh_m/f_auto/v1/cr/31/22/04/04/31220404_8359df|https://photos.encuentra24.com/t_or_fh_m/f_auto/v1/cr/32/58/22/71/32582271_31061cc|https://photos.encuentra24.com/t_or_fh_m/f_auto/v1/cr/31/45/00/29/31450029_1e5257b|https://photos.encuentra24.com/t_or_fh_m/f_auto/v1/cr/32/63/13/69/32631369_cce393e|https://photos.encuentra24.com/t_or_fh_m/f_auto/v1/cr/32/63/14/88/32631488_563ef18
encuentra24,32616738,https://www.encuentra24.com/costa-rica-es/bienes-raices-alquiler-apartamentos-amueblados/alquiler-de-apartamento-tipo-estudio-amoblado-san-jose-rohrmoser/32616738,rent,active,San José provincia,San José Capital,Rohrmoser,"Alquiler de apartamento Tipo Estudio Amoblado – San José, Rohrmoser","Apartamento Tipo Estudio Amoblado en Alquiler – QBO, Rohrmoser Viva en uno de los condominios más modernos y exclusivos de Rohrmoser Disfrute de la comodidad, el diseño contemporáneo y una ubicación privilegiada en este elegante apartamento tipo estudio completamente amoblado, ideal para quienes buscan un estilo de vida práctico, seguro y con acceso a excelentes amenidades. Precio de alquiler: $900 mensuales Incluye cuota condominal 1 espacio de parqueo Balcón privado Totalmente amoblado y equipado El apartamento ofrece espacios modernos y funcionales, con excelente iluminación natural y un acogedor balcón para disfrutar del entorno urbano y las vistas de la zona. Amenidades del Condominio: Piscina semiolímpica - recreativa Jacuzzi Sauna Gimnasio completamente equipado Áreas sociales y de coworking Sky lounge Salón para eventos Seguridad 24/7 y acceso controlado Hermosas zonas comunes diseñadas para el bienestar y la comodidad de sus residentes Ubicación privilegiada en Rohrmoser Ubicado en una de las zonas de mayor desarrollo y plusvalía de San José, rodeado de restaurantes, cafeterías, supermercados, parques, centros corporativos y con fácil acceso a las principales vías de la ciudad. Una excelente opción para profesionales, ejecutivos o estudiantes que desean vivir en un entorno moderno, seguro y con todas las comodidades al alcance. Contáctenos para coordinar su visita y conocer su próximo hogar. - ALTHÉA Real Estate CR Espacios que conectan con tu estilo de vida.",Condo,1 Bedroom,1 Bathroom,1 Vehicle,,,,{},Urban,{},,,,900,USD,+50688339929,https://photos.encuentra24.com/t_or_fh_m/f_auto/v1/cr/32/61/67/38/32616738_568ad40fb95455e5faac8bbfddb171d0-465e5c0|https://photos.encuentra24.com/t_or_fh_m/f_auto/v1/cr/32/61/67/38/32616738_568ad40fb95455e5faac8bbfddb171d0-7855198|https://photos.encuentra24.com/t_or_fh_m/f_auto/v1/cr/32/61/67/38/32616738_568ad40fb95455e5faac8bbfddb171d0-08a9bbc|https://photos.encuentra24.com/t_or_fh_m/f_auto/v1/cr/32/61/67/38/32616738_568ad40fb95455e5faac8bbfddb171d0-b67ee7e|https://photos.encuentra24.com/t_or_fh_m/f_auto/v1/cr/32/61/67/38/32616738_568ad40fb95455e5faac8bbfddb171d0-64ac787|https://photos.encuentra24.com/t_or_fh_m/f_auto/v1/cr/32/61/67/38/32616738_568ad40fb95455e5faac8bbfddb171d0-98a9567|https://photos.encuentra24.com/t_or_fh_m/f_auto/v1/cr/32/61/67/38/32616738_568ad40fb95455e5faac8bbfddb171d0-6238154|https://photos.encuentra24.com/t_or_fh_m/f_auto/v1/cr/32/61/67/38/32616738_568ad40fb95455e5faac8bbfddb171d0-4269cd2|https://photos.encuentra24.com/t_or_fh_m/f_auto/v1/cr/32/61/67/38/32616738_568ad40fb95455e5faac8bbfddb171d0-4c0ba3f|https://photos.encuentra24.com/t_or_fh_m/f_auto/v1/cr/32/61/67/38/32616738_568ad40fb95455e5faac8bbfddb171d0-10a3f97|https://photos.encuentra24.com/t_or_fh_m/f_auto/v1/cr/32/61/67/38/32616738_568ad40fb95455e5faac8bbfddb171d0-01e453f|https://photos.encuentra24.com/t_or_fh_m/f_auto/v1/cr/32/61/67/38/32616738_568ad40fb95455e5faac8bbfddb171d0-7a5a23e|https://photos.encuentra24.com/t_or_fh_m/f_auto/v1/cr/32/61/67/38/32616738_568ad40fb95455e5faac8bbfddb171d0-5e991b1|https://photos.encuentra24.com/t_or_fh_m/f_auto/v1/cr/32/61/67/38/32616738_568ad40fb95455e5faac8bbfddb171d0-135f1a9|https://photos.encuentra24.com/t_or_fh_m/f_auto/v1/cr/32/61/67/38/32616738_568ad40fb95455e5faac8bbfddb171d0-a4d5a86|https://photos.encuentra24.com/t_or_fh_m/f_auto/v1/cr/32/61/67/38/32616738_568ad40fb95455e5faac8bbfddb171d0-d2dbed9|https://photos.encuentra24.com/t_or_fh_m/f_auto/v1/cr/32/61/67/38/32616738_568ad40fb95455e5faac8bbfddb171d0-b0d499e|https://photos.encuentra24.com/t_or_fh_m/f_auto/v1/cr/32/61/67/38/32616738_568ad40fb95455e5faac8bbfddb171d0-f983253|https://photos.encuentra24.com/t_or_fh_m/f_auto/v1/cr/32/61/67/38/32616738_568ad40fb95455e5faac8bbfddb171d0-fc4e802|https://photos.encuentra24.com/t_or_fh_m/f_auto/v1/cr/32/63/40/64/32634064_6cc5243da9f2ef97825e99f10685a5c8-05ac8cf|https://photos.encuentra24.com/t_or_fh_m/f_auto/v1/cr/31/62/83/24/31628324_dfbfce|https://photos.encuentra24.com/t_or_fh_m/f_auto/v1/cr/28/92/31/04/28923104_ab51a3|https://photos.encuentra24.com/t_or_fh_m/f_auto/v1/cr/32/46/01/53/32460153_c4e6d1a|https://photos.encuentra24.com/t_or_fh_m/f_auto/v1/cr/32/63/43/92/32634392_543823ca20d5e1acf0a8f53774d983c9-4ab8454|https://photos.encuentra24.com/t_or_fh_m/f_auto/v1/cr/32/63/35/11/32633511_1bae98239343d60bb014feb6d94e537c-c1967cf|https://photos.encuentra24.com/t_or_fh_m/f_auto/v1/cr/32/63/44/61/32634461_81390af54934304eda8a66deb5dae78a-9f5455c|https://photos.encuentra24.com/t_or_fh_m/f_auto/v1/cr/32/55/31/33/32553133_386e8c12ed929ffdc96f2bfe101cfaf0-79e24c2|https://photos.encuentra24.com/t_or_fh_m/f_auto/v1/cr/32/61/30/18/32613018_2b72271b24923c60d667e5bbb2f41851-bfb8536|https://photos.encuentra24.com/t_or_fh_m/f_auto/v1/cr/32/55/34/05/32553405_2dac9b6e299d846935a86026c9c7b0e9-1ba2789|https://photos.encuentra24.com/t_or_fh_m/f_auto/v1/cr/32/55/36/46/32553646_c69effa
encuentra24,32550413,https://www.encuentra24.com/costa-rica-es/bienes-raices-alquiler-casas/casa-de-una-planta-en-alquiler-grecia-alaljuela/32550413,rent,active,Alajuela provincia,Grecia,Grecia,Casa de una Planta en Alquiler Grecia Alaljuela,"Viva cerca de la zona franca de Grecia, a 4 minutos de la pista, en condominio tranquilo, familiar con amenidades, casa de una sola planta moderna, amplias habitaciones con jardín interno y patio, hermosa cocina moderna la casa cuenta con techos altos y mucha luz natural, esta casa puede ser su próximo hogar, agende su visita.",Condo,4 Bedrooms,4 Bathrooms,2 Vehicles,,,,"{""Electricity""}",,{},,,,1350,USD,+50684466210,https://photos.encuentra24.com/t_or_fh_m/f_auto/v1/cr/32/55/04/13/32550413_441d9f46113ac621d06071348cb4ce08-5e40be5|https://photos.encuentra24.com/t_or_fh_m/f_auto/v1/cr/32/55/04/13/32550413_441d9f46113ac621d06071348cb4ce08-36afbfd|https://photos.encuentra24.com/t_or_fh_m/f_auto/v1/cr/32/55/04/13/32550413_441d9f46113ac621d06071348cb4ce08-86b8be2|https://photos.encuentra24.com/t_or_fh_m/f_auto/v1/cr/32/55/04/13/32550413_441d9f46113ac621d06071348cb4ce08-f44c4e8|https://photos.encuentra24.com/t_or_fh_m/f_auto/v1/cr/32/55/04/13/32550413_441d9f46113ac621d06071348cb4ce08-990a178|https://photos.encuentra24.com/t_or_fh_m/f_auto/v1/cr/32/55/04/13/32550413_441d9f46113ac621d06071348cb4ce08-d4bbaee|https://photos.encuentra24.com/t_or_fh_m/f_auto/v1/cr/32/55/04/13/32550413_441d9f46113ac621d06071348cb4ce08-b6ca6bc|https://photos.encuentra24.com/t_or_fh_m/f_auto/v1/cr/32/55/04/13/32550413_441d9f46113ac621d06071348cb4ce08-03b66cb|https://photos.encuentra24.com/t_or_fh_m/f_auto/v1/cr/32/55/04/13/32550413_441d9f46113ac621d06071348cb4ce08-dcf04ca|https://photos.encuentra24.com/t_or_fh_m/f_auto/v1/cr/32/55/04/13/32550413_441d9f46113ac621d06071348cb4ce08-fbff927|https://photos.encuentra24.com/t_or_fh_m/f_auto/v1/cr/32/55/04/13/32550413_441d9f46113ac621d06071348cb4ce08-b8fcbe6|https://photos.encuentra24.com/t_or_fh_m/f_auto/v1/cr/32/55/04/13/32550413_441d9f46113ac621d06071348cb4ce08-3b639f5|https://photos.encuentra24.com/t_or_fh_m/f_auto/v1/cr/32/37/26/29/32372629_aac4942da46c18f16b7434a02129848d-8ef9d0c|https://photos.encuentra24.com/t_or_fh_m/f_auto/v1/cr/32/60/78/04/32607804_2fbc8b20501ebaf78573a21c58c43f59-b3d8b30|https://photos.encuentra24.com/t_or_fh_m/f_auto/v1/cr/32/58/35/22/32583522_2260e63c87e94af644480cba2023c291-3272f26|https://photos.encuentra24.com/t_or_fh_m/f_auto/v1/cr/32/37/39/92/32373992_2abe078|https://photos.encuentra24.com/t_or_fh_m/f_auto/v1/cr/32/04/93/92/32049392_570b095|https://photos.encuentra24.com/t_or_fh_m/f_auto/v1/cr/32/56/77/61/32567761_7f9de9bfbb4bf0e8e787ea9d69371fa7-59533a8|https://photos.encuentra24.com/t_or_fh_m/f_auto/v1/cr/32/32/93/55/32329355_d4cceed2837b05be13bd4c41f3b3740e-717bad5|https://photos.encuentra24.com/t_or_fh_m/f_auto/v1/cr/32/55/53/86/32555386_8e2b25a785e327ae2d74f8544c67a565-ec723d0|https://photos.encuentra24.com/t_or_fh_m/f_auto/v1/cr/32/58/81/29/32588129_73acb33|https://photos.encuentra24.com/t_or_fh_m/f_auto/v1/cr/32/55/83/88/32558388_db4bc3e0d84d9520ab918c8b93822a71-20c49fb|https://photos.encuentra24.com/t_or_fh_m/f_auto/v1/cr/32/57/87/06/32578706_873b1366cc0f4c1ddaa594228bfbdcad-8836a0e|https://photos.encuentra24.com/t_or_fh_m/f_auto/v1/cr/32/60/80/08/32608008_a60bcbb|https://photos.encuentra24.com/t_or_fh_m/f_auto/v1/cr/32/61/32/21/32613221_8a3da83
encuentra24,32555386,https://www.encuentra24.com/costa-rica-es/bienes-raices-alquiler-apartamentos/apartamento-en-alquiler-ulloa-heredia/32555386,rent,active,Heredia provincia,Heredia,Ulloa,Apartamento en Alquiler Ulloa Heredia,"Se alquila moderno apartamento de un solo ambiente (studio) sin amoblar, ubicado en el Torres de Heredia. Características del Apartamento 1 habitación cómoda y funcional 1 baño completo 1 espacio de parqueo Excelente iluminación y ventilación natural Listo para habitar cuenta con 1 aire acondicionado en la habitación. Amenidades Exclusivas del Condominio Piscina recreativa Rancho BBQ para actividades sociales Casa Club Gimnasio completamente equipado Área de Co-Working Amplias áreas verdes Parque infantil Parqueo para visitas Seguridad 24/7 Condominio Pet Friendly Ubicación Estratégica ALQUILER $900 Ubicado en Heredia, con acceso inmediato a la Ruta General Cañas y a pocos minutos del Aeropuerto Internacional Juan Santamaría. Además, se encuentra cerca de importantes zonas francas, centros corporativos, supermercados, restaurantes y comercios. Su ubicación privilegiada lo convierte en una excelente alternativa para profesionales, ejecutivos y personas que desean reducir tiempos de traslado y disfrutar de una alta calidad de vida. Ideal Para Ejecutivos que laboran en zonas francas y centros corporativos cercanos Profesionales que buscan comodidad y seguridad Personas que desean vivir en un entorno moderno con amenidades de primer nivel Una excelente oportunidad para vivir en uno de los condominios más completos y mejor ubicados de Heredia, combinando confort, seguridad y calidad de vida en un solo lugar. Contáctenos para coordinar su visita. 26-2160",Condo,1 Bedroom,1 Bathroom,1 Vehicle,,,,{},Urban,{},,,,900,USD,+50688350438,https://photos.encuentra24.com/t_or_fh_m/f_auto/v1/cr/32/55/53/86/32555386_8e2b25a785e327ae2d74f8544c67a565-ec723d0|https://photos.encuentra24.com/t_or_fh_m/f_auto/v1/cr/32/55/53/86/32555386_8e2b25a785e327ae2d74f8544c67a565-f0979d2|https://photos.encuentra24.com/t_or_fh_m/f_auto/v1/cr/32/55/53/86/32555386_8e2b25a785e327ae2d74f8544c67a565-7bced1e|https://photos.encuentra24.com/t_or_fh_m/f_auto/v1/cr/32/55/53/86/32555386_8e2b25a785e327ae2d74f8544c67a565-fc67199|https://photos.encuentra24.com/t_or_fh_m/f_auto/v1/cr/32/55/53/86/32555386_8e2b25a785e327ae2d74f8544c67a565-e64a039|https://photos.encuentra24.com/t_or_fh_m/f_auto/v1/cr/32/55/53/86/32555386_8e2b25a785e327ae2d74f8544c67a565-7550e77|https://photos.encuentra24.com/t_or_fh_m/f_auto/v1/cr/32/55/53/86/32555386_8e2b25a785e327ae2d74f8544c67a565-07fb679|https://photos.encuentra24.com/t_or_fh_m/f_auto/v1/cr/32/55/53/86/32555386_8e2b25a785e327ae2d74f8544c67a565-7d578bb|https://photos.encuentra24.com/t_or_fh_m/f_auto/v1/cr/32/55/53/86/32555386_8e2b25a785e327ae2d74f8544c67a565-f55528d|https://photos.encuentra24.com/t_or_fh_m/f_auto/v1/cr/32/55/53/86/32555386_8e2b25a785e327ae2d74f8544c67a565-4e9d499|https://photos.encuentra24.com/t_or_fh_m/f_auto/v1/cr/32/55/53/86/32555386_8e2b25a785e327ae2d74f8544c67a565-9dceaf1|https://photos.encuentra24.com/t_or_fh_m/f_auto/v1/cr/32/55/53/86/32555386_8e2b25a785e327ae2d74f8544c67a565-f649692|https://photos.encuentra24.com/t_or_fh_m/f_auto/v1/cr/31/85/83/09/31858309_46da94|https://photos.encuentra24.com/t_or_fh_m/f_auto/v1/cr/32/29/89/99/32298999_7fc4ba9|https://photos.encuentra24.com/t_or_fh_m/f_auto/v1/cr/32/41/65/69/32416569_5c6337b68c6f6f8ddfd0939722b00bea-da37163|https://photos.encuentra24.com/t_or_fh_m/f_auto/v1/cr/32/54/70/68/32547068_68d060a|https://photos.encuentra24.com/t_or_fh_m/f_auto/v1/cr/31/47/82/08/31478208_095613|https://photos.encuentra24.com/t_or_fh_m/f_auto/v1/cr/31/98/97/18/31989718_f8ca4a|https://photos.encuentra24.com/t_or_fh_m/f_auto/v1/cr/32/52/45/87/32524587_7cd430f99874d616bc82d1ba0d0a685c-9fc8601|https://photos.encuentra24.com/t_or_fh_m/f_auto/v1/cr/32/55/04/13/32550413_441d9f46113ac621d06071348cb4ce08-5e40be5|https://photos.encuentra24.com/t_or_fh_m/f_auto/v1/cr/32/58/81/29/32588129_73acb33|https://photos.encuentra24.com/t_or_fh_m/f_auto/v1/cr/32/55/83/88/32558388_db4bc3e0d84d9520ab918c8b93822a71-20c49fb|https://photos.encuentra24.com/t_or_fh_m/f_auto/v1/cr/32/57/87/06/32578706_873b1366cc0f4c1ddaa594228bfbdcad-8836a0e|https://photos.encuentra24.com/t_or_fh_m/f_auto/v1/cr/32/58/35/22/32583522_2260e63c87e94af644480cba2023c291-3272f26|https://photos.encuentra24.com/t_or_fh_m/f_auto/v1/cr/32/60/80/08/32608008_a60bcbb|https://photos.encuentra24.com/t_or_fh_m/f_auto/v1/cr/32/61/32/21/32613221_8a3da83
encuentra24,32664483,https://www.encuentra24.com/costa-rica-es/bienes-raices-alquiler-comercios/casa-comercial-en-alquiler-en-rohrmoser-amplio-parqueo/32664483,rent,active,San José provincia,San José Capital,Rohrmoser,Casa Comercial en Alquiler en Rohrmoser. Amplio parqueo,"Amplia, versátil y con excelente ubicación para impulsar su negocio. Se alquila propiedad comercial de 416 m² en Rohrmoser, con abundante luz natural, excelente visibilidad y amplio parqueo. Un espacio ideal para oficinas, bodegas, clínicas, consultorios o negocios que buscan presencia en una zona estratégica. Ubicada cerca del AID y del Parque La Amistad, esta propiedad ofrece fácil acceso, cercanía a comercios, servicios y una ubicación de alto valor comercial. Ventajas principales • Alta exposición comercial y excelente frente para rótulo. • Espacio amplio y adaptable a distintas necesidades empresariales. • Entorno privilegiado, rodeado de comercios, oficinas y servicios. • Zona de alto tránsito y constante crecimiento. • 12 espacios de parqueo con portón electrico • 12 aposentos ideales para oficinas o áreas de trabajo. • 5 baños. • Bodega • Terraza Precio de alquiler: US$3.800 + IVA Mas información al #1463",House,,5+ Bathrooms,4+ Vehicles,,,,"{""Electricity""}",,{},,,,3800,USD,+50661960000,https://photos.encuentra24.com/t_or_fh_m/f_auto/v1/cr/32/66/44/83/32664483_c665a16099447b6b84b7db0c026226f7-8d3f6cf|https://photos.encuentra24.com/t_or_fh_m/f_auto/v1/cr/32/66/44/83/32664483_c665a16099447b6b84b7db0c026226f7-050b960|https://photos.encuentra24.com/t_or_fh_m/f_auto/v1/cr/32/66/44/83/32664483_c665a16099447b6b84b7db0c026226f7-c7aa1b5|https://photos.encuentra24.com/t_or_fh_m/f_auto/v1/cr/32/66/44/83/32664483_c665a16099447b6b84b7db0c026226f7-860a1bb|https://photos.encuentra24.com/t_or_fh_m/f_auto/v1/cr/32/66/44/83/32664483_c665a16099447b6b84b7db0c026226f7-c916dd5|https://photos.encuentra24.com/t_or_fh_m/f_auto/v1/cr/32/66/44/83/32664483_c665a16099447b6b84b7db0c026226f7-3c81818|https://photos.encuentra24.com/t_or_fh_m/f_auto/v1/cr/32/66/44/83/32664483_c665a16099447b6b84b7db0c026226f7-63b6e43|https://photos.encuentra24.com/t_or_fh_m/f_auto/v1/cr/32/66/44/83/32664483_c665a16099447b6b84b7db0c026226f7-7a63fc0|https://photos.encuentra24.com/t_or_fh_m/f_auto/v1/cr/32/66/44/83/32664483_c665a16099447b6b84b7db0c026226f7-2685138|https://photos.encuentra24.com/t_or_fh_m/f_auto/v1/cr/32/66/44/83/32664483_c665a16099447b6b84b7db0c026226f7-60fe83e|https://photos.encuentra24.com/t_or_fh_m/f_auto/v1/cr/32/66/44/83/32664483_c665a16099447b6b84b7db0c026226f7-73c81c2|https://photos.encuentra24.com/t_or_fh_m/f_auto/v1/cr/32/66/44/83/32664483_c665a16099447b6b84b7db0c026226f7-42a7545|https://photos.encuentra24.com/t_or_fh_m/f_auto/v1/cr/32/66/44/83/32664483_c665a16099447b6b84b7db0c026226f7-ec6af9e|https://photos.encuentra24.com/t_or_fh_m/f_auto/v1/cr/32/66/44/83/32664483_c665a16099447b6b84b7db0c026226f7-0f0569d|https://photos.encuentra24.com/t_or_fh_m/f_auto/v1/cr/32/66/44/83/32664483_c665a16099447b6b84b7db0c026226f7-91aea0f|https://photos.encuentra24.com/t_or_fh_m/f_auto/v1/cr/32/66/44/83/32664483_c665a16099447b6b84b7db0c026226f7-dbff5e3|https://photos.encuentra24.com/t_or_fh_m/f_auto/v1/cr/32/66/44/83/32664483_c665a16099447b6b84b7db0c026226f7-192fee1|https://photos.encuentra24.com/t_or_fh_m/f_auto/v1/cr/32/66/44/83/32664483_c665a16099447b6b84b7db0c026226f7-b61c252|https://photos.encuentra24.com/t_or_fh_m/f_auto/v1/cr/32/66/44/83/32664483_c665a16099447b6b84b7db0c026226f7-a8668a3|https://photos.encuentra24.com/t_or_fh_m/f_auto/v1/cr/31/34/05/83/31340583_f5bb7c|https://photos.encuentra24.com/t_or_fh_m/f_auto/v1/cr/32/44/56/69/32445669_8dca790|https://photos.encuentra24.com/t_or_fh_m/f_auto/v1/cr/32/47/68/15/32476815_eb514f5|https://photos.encuentra24.com/t_or_fh_m/f_auto/v1/cr/32/50/59/77/32505977_44f609799690e83224985849b5dea1dd-35d55ac|https://photos.encuentra24.com/t_or_fh_m/f_auto/v1/cr/32/40/00/83/32400083_3ad32f36a202b56cb5887ab2f8c090ce-f23c72b|https://photos.encuentra24.com/t_or_fh_m/f_auto/v1/cr/32/56/28/84/32562884_72c5895dbffb8cb7e10bf3b810358ee8-38752ef|https://photos.encuentra24.com/t_or_fh_m/f_auto/v1/cr/32/53/16/21/32531621_791841e|https://photos.encuentra24.com/t_or_fh_m/f_auto/v1/cr/32/54/55/33/32545533_7ff22bc8fa3f654b099452a1ab7c5549-5e37e56
encuentra24,32630113,https://www.encuentra24.com/costa-rica-es/bienes-raices-alquiler-comercios/alquiler-local-comercial-3-barrio-escalante/32630113,rent,active,San José provincia,San José Capital,Barrio Escalante,Alquiler Local Comercial # 3 - Barrio Escalante,"Local Comercial en Alquiler — Eskina Escalante, Barrio Escalante Local 3 · 135 m² · $3,500/mes Local comercial listo para operar en Eskina Escalante, edificio de uso mixto en Barrio Escalante. Espacio con mobiliario negociable, pensado para un traslado rápido de operación. Características del espacio: 135 m² Listo para abrir — mobiliario negociable Espacio adaptable a concepto gastronómico o de servicios Ubicación: Barrio Escalante, San José Edificio compartido con marcas reconocidas: Tvans, Souvlaky, Vainilla Limón y Clínica Karen Soto, otros. Zona de alto tránsito peatonal y consolidada gastronómicamente Ideal para: Restaurante, concepto gastronómico o negocio de servicios que busque una apertura ágil.",Commercial Property,,2 Bathrooms,,,100–200m²,,{},Riverfront,{},,,,3500,USD,+50685131212,https://photos.encuentra24.com/t_or_fh_m/f_auto/v1/cr/32/63/01/13/32630113_c8307d2994bfecc65fca94f72d5da831-dfa4efe|https://photos.encuentra24.com/t_or_fh_m/f_auto/v1/cr/32/63/01/13/32630113_c8307d2994bfecc65fca94f72d5da831-a9b423f|https://photos.encuentra24.com/t_or_fh_m/f_auto/v1/cr/32/63/01/13/32630113_c8307d2994bfecc65fca94f72d5da831-2fafe5e|https://photos.encuentra24.com/t_or_fh_m/f_auto/v1/cr/32/63/01/13/32630113_c8307d2994bfecc65fca94f72d5da831-ab38dc1|https://photos.encuentra24.com/t_or_fh_m/f_auto/v1/cr/32/63/01/13/32630113_c8307d2994bfecc65fca94f72d5da831-6ae9d2b|https://photos.encuentra24.com/t_or_fh_m/f_auto/v1/cr/32/63/01/13/32630113_c8307d2994bfecc65fca94f72d5da831-ebf4f2e|https://photos.encuentra24.com/t_or_fh_m/f_auto/v1/cr/32/63/01/13/32630113_c8307d2994bfecc65fca94f72d5da831-77fad1a|https://photos.encuentra24.com/t_or_fh_m/f_auto/v1/cr/32/63/01/13/32630113_c8307d2994bfecc65fca94f72d5da831-585d989|https://photos.encuentra24.com/t_or_fh_m/f_auto/v1/cr/32/63/01/13/32630113_c8307d2994bfecc65fca94f72d5da831-2bcc388|https://photos.encuentra24.com/t_or_fh_m/f_auto/v1/cr/32/63/01/13/32630113_c8307d2994bfecc65fca94f72d5da831-f505380|https://photos.encuentra24.com/t_or_fh_m/f_auto/v1/cr/32/63/01/13/32630113_c8307d2994bfecc65fca94f72d5da831-4f2b808|https://photos.encuentra24.com/t_or_fh_m/f_auto/v1/cr/32/63/01/13/32630113_c8307d2994bfecc65fca94f72d5da831-ee87cc4|https://photos.encuentra24.com/t_or_fh_m/f_auto/v1/cr/32/63/01/13/32630113_c8307d2994bfecc65fca94f72d5da831-729ac2d|https://photos.encuentra24.com/t_or_fh_m/f_auto/v1/cr/32/63/01/13/32630113_c8307d2994bfecc65fca94f72d5da831-afd7c5c|https://photos.encuentra24.com/t_or_fh_m/f_auto/v1/cr/32/63/01/13/32630113_c8307d2994bfecc65fca94f72d5da831-6e66e4b|https://photos.encuentra24.com/t_or_fh_m/f_auto/v1/cr/32/63/01/13/32630113_c8307d2994bfecc65fca94f72d5da831-8069a0c|https://photos.encuentra24.com/t_or_fh_m/f_auto/v1/cr/32/63/01/13/32630113_c8307d2994bfecc65fca94f72d5da831-a69abaf|https://photos.encuentra24.com/t_or_fh_m/f_auto/v1/cr/32/63/01/13/32630113_c8307d2994bfecc65fca94f72d5da831-babe230|https://photos.encuentra24.com/t_or_fh_m/f_auto/v1/cr/32/63/01/13/32630113_c8307d2994bfecc65fca94f72d5da831-bba0aea|https://photos.encuentra24.com/t_user_logo/v1/users/logo/16/13/22/31/16132231_2e2b5d|https://photos.encuentra24.com/t_or_fh_m/f_auto/v1/cr/32/62/99/28/32629928_81d35659a907c33971636110e17b8563-5bcc9d5|https://photos.encuentra24.com/t_or_fh_m/f_auto/v1/cr/32/66/86/96/32668696_f4dc64485f83c9896bb4e90a3eac3dea-3355102|https://photos.encuentra24.com/t_or_fh_m/f_auto/v1/cr/32/63/00/89/32630089_ce5c79088d390d7b721f6e9565caf602-3fa50ad|https://photos.encuentra24.com/t_or_fh_m/f_auto/v1/cr/32/65/66/24/32656624_90da742|https://photos.encuentra24.com/t_or_fh_m/f_auto/v1/cr/32/63/00/65/32630065_7861d28e193184da5fb9005db8466fcc-7bbb5ef|https://photos.encuentra24.com/t_or_fh_m/f_auto/v1/cr/32/65/67/26/32656726_d007d31|https://photos.encuentra24.com/t_or_fh_m/f_auto/v1/cr/32/63/00/49/32630049_637f9306d3204f24e103ba28ebff4a55-a892cfe
encuentra24,32668696,https://www.encuentra24.com/costa-rica-es/bienes-raices-alquiler-comercios/alquiler-local-comercial-9-rooftop-bar-barrio-escalante/32668696,rent,active,San José provincia,San José Capital,Barrio Escalante,Alquiler Local Comercial # 9 - Rooftop Bar - Barrio Escalante,"Local Comercial en Alquiler — Piso Completo, Eskina Escalante Local 9 · 256 m² · Piso completo · $5,000/mes Local comercial de piso completo en Eskina Escalante, edificio de uso mixto en el corazón de Barrio Escalante. Un espacio exclusivo — sin compartir planta con otros negocios — con vista panorámica de la ciudad y diseño industrial listo para operar. Características del espacio: 256 m² — todo el 4to piso, exclusivo para una sola marca Balcón panorámico de 270° con vista a San José Techos altos, diseño industrial con detalles en neón y murales Adecuaciones negociables según su concepto Equipamiento incluido: Campana de extracción y ductos instalados Barra con iluminación LED Baños remodelados Ubicación: Barrio Escalante, San José Edificio compartido con marcas reconocidas: Tvans, Souvlaky, Vainilla Limón y Clínica Karen Soto, otros. Zona de alto tránsito peatonal y consolidada gastronómicamente Ideal para: Restaurante o lounge de concepto elevado, rooftop bar, o marca que busque un espacio insignia con vista panorámica en Barrio Escalante.",Commercial Property,,2 Bathrooms,,,200–400m²,,{},Riverfront|Urban,{},,,,5000,USD,+50685131212,https://photos.encuentra24.com/t_or_fh_m/f_auto/v1/cr/32/66/86/96/32668696_f4dc64485f83c9896bb4e90a3eac3dea-3355102|https://photos.encuentra24.com/t_or_fh_m/f_auto/v1/cr/32/66/86/96/32668696_746526d|https://photos.encuentra24.com/t_or_fh_m/f_auto/v1/cr/32/66/86/96/32668696_f4dc64485f83c9896bb4e90a3eac3dea-718dc24|https://photos.encuentra24.com/t_or_fh_m/f_auto/v1/cr/32/66/86/96/32668696_f4dc64485f83c9896bb4e90a3eac3dea-6afb892|https://photos.encuentra24.com/t_or_fh_m/f_auto/v1/cr/32/66/86/96/32668696_f4dc64485f83c9896bb4e90a3eac3dea-dfe1603|https://photos.encuentra24.com/t_or_fh_m/f_auto/v1/cr/32/66/86/96/32668696_f4dc64485f83c9896bb4e90a3eac3dea-bea9b1e|https://photos.encuentra24.com/t_or_fh_m/f_auto/v1/cr/32/66/86/96/32668696_f4dc64485f83c9896bb4e90a3eac3dea-6842eae|https://photos.encuentra24.com/t_or_fh_m/f_auto/v1/cr/32/66/86/96/32668696_f4dc64485f83c9896bb4e90a3eac3dea-b2e3ea8|https://photos.encuentra24.com/t_or_fh_m/f_auto/v1/cr/32/66/86/96/32668696_f4dc64485f83c9896bb4e90a3eac3dea-2abd1e8|https://photos.encuentra24.com/t_or_fh_m/f_auto/v1/cr/32/66/86/96/32668696_f4dc64485f83c9896bb4e90a3eac3dea-4bba8bd|https://photos.encuentra24.com/t_or_fh_m/f_auto/v1/cr/32/66/86/96/32668696_f4dc64485f83c9896bb4e90a3eac3dea-1104ce2|https://photos.encuentra24.com/t_or_fh_m/f_auto/v1/cr/32/66/86/96/32668696_f4dc64485f83c9896bb4e90a3eac3dea-72f926c|https://photos.encuentra24.com/t_or_fh_m/f_auto/v1/cr/32/66/86/96/32668696_f4dc64485f83c9896bb4e90a3eac3dea-fafe178|https://photos.encuentra24.com/t_or_fh_m/f_auto/v1/cr/32/66/86/96/32668696_f4dc64485f83c9896bb4e90a3eac3dea-897ce52|https://photos.encuentra24.com/t_or_fh_m/f_auto/v1/cr/32/66/86/96/32668696_f4dc64485f83c9896bb4e90a3eac3dea-4506fc4|https://photos.encuentra24.com/t_or_fh_m/f_auto/v1/cr/32/66/86/96/32668696_f4dc64485f83c9896bb4e90a3eac3dea-07ce0ea|https://photos.encuentra24.com/t_or_fh_m/f_auto/v1/cr/32/66/86/96/32668696_f4dc64485f83c9896bb4e90a3eac3dea-b77e65f|https://photos.encuentra24.com/t_or_fh_m/f_auto/v1/cr/32/66/86/96/32668696_f4dc64485f83c9896bb4e90a3eac3dea-cc9bb4d|https://photos.encuentra24.com/t_user_logo/v1/users/logo/16/13/22/31/16132231_2e2b5d|https://photos.encuentra24.com/t_or_fh_m/f_auto/v1/cr/32/62/99/28/32629928_81d35659a907c33971636110e17b8563-5bcc9d5|https://photos.encuentra24.com/t_or_fh_m/f_auto/v1/cr/32/63/01/13/32630113_c8307d2994bfecc65fca94f72d5da831-dfa4efe|https://photos.encuentra24.com/t_or_fh_m/f_auto/v1/cr/32/63/00/89/32630089_ce5c79088d390d7b721f6e9565caf602-3fa50ad|https://photos.encuentra24.com/t_or_fh_m/f_auto/v1/cr/32/65/66/24/32656624_90da742|https://photos.encuentra24.com/t_or_fh_m/f_auto/v1/cr/32/63/00/65/32630065_7861d28e193184da5fb9005db8466fcc-7bbb5ef|https://photos.encuentra24.com/t_or_fh_m/f_auto/v1/cr/32/65/67/26/32656726_d007d31|https://photos.encuentra24.com/t_or_fh_m/f_auto/v1/cr/32/63/00/49/32630049_637f9306d3204f24e103ba28ebff4a55-a892cfe
encuentra24,32587534,https://www.encuentra24.com/costa-rica-es/bienes-raices-alquiler-apartamentos/alquiler-apartamento-amoblado-secrt-escalante-1-200/32587534,rent,active,San José provincia,San José Capital,Barrio Escalante,Alquiler Apartamento amoblado SECRT Escalante. $1.200,"Alquiler de Apartamento en SECRT Escalante | Amoblado de Lujo. $1.200 Si estás buscando un apartamento en alquiler en SECRT Escalante, esta es una opción ideal para quienes desean vivir en el corazón gastronómico y urbano de Barrio Escalante, San José, en una torre moderna con amenidades exclusivas. Ubicado en Piso 17, este espacio combina diseño, confort y una vista privilegiada hacia el norte. Características del apartamento: • 36 m² • 1 habitación • 1 baño completo • Piso 17 • Vista norte • Completamente amoblado de lujo • (muebles de La Artística, Althea y electrodomésticos de alta gama) • Incluye internet de alta velocidad y agua • No incluye parqueo • No se aceptan mascotas Mensualidad: $1.200 todo incluido. La torre SECRT Escalante ofrece amenidades de lujo, ambiente moderno y seguridad, ideal para ejecutivos, profesionales o extranjeros que buscan una experiencia residencial premium en San José. Vivir en SECRT Escalante significa estar a pasos de restaurantes, cafés, supermercados y centros de trabajo, en una de las zonas con mayor demanda y plusvalía del país.",Condo,1 Bedroom,1 Bathroom,,,,,"{""Water""}",Riverfront|Urban,{},,,,1200,USD,+50689753742,https://photos.encuentra24.com/t_or_fh_m/f_auto/v1/cr/32/58/75/34/32587534_95f2c3860abaee70eec4b4544bdd00f9-654169c|https://photos.encuentra24.com/t_or_fh_m/f_auto/v1/cr/32/58/75/34/32587534_95f2c3860abaee70eec4b4544bdd00f9-53d7b89|https://photos.encuentra24.com/t_or_fh_m/f_auto/v1/cr/32/58/75/34/32587534_95f2c3860abaee70eec4b4544bdd00f9-6f596d2|https://photos.encuentra24.com/t_or_fh_m/f_auto/v1/cr/32/58/75/34/32587534_95f2c3860abaee70eec4b4544bdd00f9-10c7fb1|https://photos.encuentra24.com/t_or_fh_m/f_auto/v1/cr/32/58/75/34/32587534_95f2c3860abaee70eec4b4544bdd00f9-0a88d8a|https://photos.encuentra24.com/t_or_fh_m/f_auto/v1/cr/32/58/75/34/32587534_95f2c3860abaee70eec4b4544bdd00f9-ab32480|https://photos.encuentra24.com/t_or_fh_m/f_auto/v1/cr/32/58/75/34/32587534_95f2c3860abaee70eec4b4544bdd00f9-1afb571|https://photos.encuentra24.com/t_or_fh_m/f_auto/v1/cr/32/58/75/34/32587534_95f2c3860abaee70eec4b4544bdd00f9-b6dd647|https://photos.encuentra24.com/t_or_fh_m/f_auto/v1/cr/32/58/75/34/32587534_95f2c3860abaee70eec4b4544bdd00f9-151ffb5|https://photos.encuentra24.com/t_or_fh_m/f_auto/v1/cr/32/58/75/34/32587534_95f2c3860abaee70eec4b4544bdd00f9-18faaab|https://photos.encuentra24.com/t_or_fh_m/f_auto/v1/cr/32/58/75/34/32587534_95f2c3860abaee70eec4b4544bdd00f9-1ce4930|https://photos.encuentra24.com/t_or_fh_m/f_auto/v1/cr/32/58/75/34/32587534_95f2c3860abaee70eec4b4544bdd00f9-b73a505|https://photos.encuentra24.com/t_user_logo/v1/users/logo/91/33/64/913364_cf3351|https://photos.encuentra24.com/t_cnseal/v1594676252/cnseal/5f0cd41c4a555_Bildschirmfotocccbr.png|https://photos.encuentra24.com/t_cnseal/v1697642511/cnseal/652ff80f42db6_Verified%20badge.png|https://photos.encuentra24.com/t_or_fh_m/f_auto/v1/cr/32/65/47/74/32654774_012391a4e3059fd2c80d6484cc88929e-476f860|https://photos.encuentra24.com/t_or_fh_m/f_auto/v1/cr/32/66/64/54/32666454_96ce0c7a98a4e801ab3a038eb4eb8e5f-7c69aee|https://photos.encuentra24.com/t_or_fh_m/f_auto/v1/cr/32/64/50/44/32645044_8f148407052f3c01cd9591ec1c51d743-aa300f7|https://photos.encuentra24.com/t_or_fh_m/f_auto/v1/cr/32/54/15/44/32541544_646901dc8fa46a746f503f7abbd58e86-5c88852|https://photos.encuentra24.com/t_or_fh_m/f_auto/v1/cr/32/47/42/44/32474244_ce5ef1682a288f21fbb583cb10f34242-69f1c09|https://photos.encuentra24.com/t_or_fh_m/f_auto/v1/cr/32/46/75/74/32467574_a1a54394a5dd947bb83585de1a40bdd5-1224a26|https://photos.encuentra24.com/t_or_fh_m/f_auto/v1/cr/32/25/58/34/32255834_4c7d086cd5cc4fb39233ef9bc4699ef0-7e86094|https://photos.encuentra24.com/t_or_fh_m/f_auto/v1/cr/32/61/64/09/32616409_af4bbaa6938a8b44c7b86a4d636d69a6-689e793|https://photos.encuentra24.com/t_or_fh_m/f_auto/v1/cr/32/31/43/63/32314363_4888d268491cc7090a76e4497052d07a-1756d23|https://photos.encuentra24.com/t_or_fh_m/f_auto/v1/cr/32/49/21/13/32492113_745f2566147db284f3c8f790396766e3-46e354f|https://photos.encuentra24.com/t_or_fh_m/f_auto/v1/cr/32/40/69/33/32406933_a801cfc8e8a50bd89dc8d47114a47420-8523e87|https://photos.encuentra24.com/t_or_fh_m/f_auto/v1/cr/32/03/00/25/32030025_fc30c95a3c45c06282f018766ff7df3e-6813818|https://photos.encuentra24.com/t_or_fh_m/f_auto/v1/cr/32/03/01/40/32030140_0b91e4753da45e4a197552cfb031587d-379d5d3|https://photos.encuentra24.com/t_or_fh_m/f_auto/v1/cr/32/14/98/98/32149898_47f5c7eb78c5e5129642349a97e822ac-c662662
encuentra24,32669053,https://www.encuentra24.com/costa-rica-es/bienes-raices-alquiler-apartamentos/alquiler-de-apartamento-en-lindora-santa-ana/32669053,rent,active,San José provincia,Santa Ana,Lindora,"Alquiler de Apartamento en Lindora, Santa Ana","Apartamento en Condominio | Lindora, Santa Ana Precio de alquiler: $1,570 mensuales Excelente apartamento en segundo nivel, ubicado en una de las zonas de mayor plusvalía de Lindora, Santa Ana. Su ubicación permite un rápido acceso a la Ruta 27, centros corporativos, supermercados, restaurantes, colegios y todos los servicios esenciales. La propiedad ofrece una distribución funcional, acabados contemporáneos y espacios cómodos, ideal para quienes buscan vivir cerca de los principales centros de negocios del oeste de San José. Distribución * Sala y comedor integrados * Cocina de concepto abierto * Área de lavandería * Bodega * Garaje para 2 vehículos en parqueo tándem Habitaciones y baños * 2 habitaciones * Habitación principal con baño privado * Habitación secundaria con clóset * 2 baños completos Acabados y equipamiento * 92 m² habitables * Ubicado en segundo nivel * Línea blanca incluida: * Cocina * Refrigeradora * Microondas * Torre de lavado * Aire acondicionado en ambas habitaciones Amenidades del condominio * Piscina * Gimnasio * Rancho para actividades * Juegos infantiles * Seguridad 24/7 * Parqueo para visitas * Áreas verdes",Condo,2 Bedrooms,2 Bathrooms,2 Vehicles,,50–100m²,,{},Urban,{},,,,1570,USD,+50688142304,https://photos.encuentra24.com/t_or_fh_m/f_auto/v1/cr/32/66/90/53/32669053_92a818486a8e7ae87a1a296f7c649bae-af63cc4|https://photos.encuentra24.com/t_or_fh_m/f_auto/v1/cr/32/66/90/53/32669053_92a818486a8e7ae87a1a296f7c649bae-daf9980|https://photos.encuentra24.com/t_or_fh_m/f_auto/v1/cr/32/66/90/53/32669053_92a818486a8e7ae87a1a296f7c649bae-e55d321|https://photos.encuentra24.com/t_or_fh_m/f_auto/v1/cr/32/66/90/53/32669053_92a818486a8e7ae87a1a296f7c649bae-b3ab0b5|https://photos.encuentra24.com/t_or_fh_m/f_auto/v1/cr/32/66/90/53/32669053_92a818486a8e7ae87a1a296f7c649bae-7fb54e8|https://photos.encuentra24.com/t_or_fh_m/f_auto/v1/cr/32/66/90/53/32669053_92a818486a8e7ae87a1a296f7c649bae-100f9fa|https://photos.encuentra24.com/t_or_fh_m/f_auto/v1/cr/32/66/90/53/32669053_92a818486a8e7ae87a1a296f7c649bae-dfbc5a0|https://photos.encuentra24.com/t_or_fh_m/f_auto/v1/cr/32/66/90/53/32669053_92a818486a8e7ae87a1a296f7c649bae-a67962c|https://photos.encuentra24.com/t_or_fh_m/f_auto/v1/cr/32/66/90/53/32669053_6fb0f20|https://photos.encuentra24.com/t_or_fh_m/f_auto/v1/cr/32/66/90/53/32669053_2411561|https://photos.encuentra24.com/t_or_fh_m/f_auto/v1/cr/32/66/90/53/32669053_71df614|https://photos.encuentra24.com/t_user_logo/v1/users/logo/12/30/69/59/12306959_e42f96|https://photos.encuentra24.com/t_or_fh_m/f_auto/v1/cr/32/29/66/81/32296681_f8c43c98cfc71360c8d7d373bbf1f041-5f6df4c|https://photos.encuentra24.com/t_or_fh_m/f_auto/v1/cr/32/63/84/20/32638420_0dc7744|https://photos.encuentra24.com/t_or_fh_m/f_auto/v1/cr/24/99/94/88/24999488_54ea44|https://photos.encuentra24.com/t_or_fh_m/f_auto/v1/cr/32/32/28/56/32322856_f925837383425ead3f9ef445b14a49f7-24e942f|https://photos.encuentra24.com/t_or_fh_m/f_auto/v1/cr/32/19/84/96/32198496_e9f1fe6|https://photos.encuentra24.com/t_or_fh_m/f_auto/v1/cr/32/59/29/05/32592905_740c2bd92551981623a2cf7af44071de-921f120|https://photos.encuentra24.com/t_or_fh_m/f_auto/v1/cr/31/94/29/45/31942945_acfaca0516535394eee5cf73ef5b4aa1-467ad7f|https://photos.encuentra24.com/t_or_fh_m/f_auto/v1/cr/32/28/75/84/32287584_0aa79a7989c9fc2ba0f3c8d0889155c3-684ce62|https://photos.encuentra24.com/t_or_fh_m/f_auto/v1/cr/32/57/00/77/32570077_a55046e7e7d3b17eb7d0371a3fdab5e6-f990b1d|https://photos.encuentra24.com/t_or_fh_m/f_auto/v1/cr/32/28/17/10/32281710_3ac9827|https://photos.encuentra24.com/t_or_fh_m/f_auto/v1/cr/32/39/71/25/32397125_1633de9|https://photos.encuentra24.com/t_or_fh_m/f_auto/v1/cr/28/56/68/42/28566842_71c637|https://photos.encuentra24.com/t_or_fh_m/f_auto/v1/cr/32/10/20/87/32102087_1d57e96def92ca88f105af6c0ed69791-d26e6b6|https://photos.encuentra24.com/t_or_fh_m/f_auto/v1/cr/31/04/33/05/31043305_078cd1
encuentra24,31417279,https://www.encuentra24.com/costa-rica-es/bienes-raices-alquiler-apartamentos/renta-lujo-amp-comodidad-apartamento-de-3-habitaciones-cortijo-laureles/31417279,rent,active,San José provincia,Escazú,San Rafael,Renta | Lujo & comodidad apartamento de 3 habitaciones cortijo laureles,"Características principales: • Renta: $2,650. Incluye cuota de mantenimiento • Piso: 5.º • Dormitorios: 3 + Cuarto de servicio • Baños: 3.5 • Parqueos: 2 • Entrega: incluye línea blanca • Política: no se aceptan mascotas Viva la comodidad y el estilo en un apartamento luminoso y moderno, ideal para familias o profesionales que buscan tranquilidad sin alejarse de la ciudad. Desde el quinto piso podrá disfrutar de vistas a la ciudad y la montaña, en un proyecto con amenidades pensadas para su bienestar. Amenidades destacadas: Piscina, bar inglés, coworking, gimnasio , además cortijo cuenta con su propio centro comercial con cafetería y tiendas premium — todo para disfrutar sin salir del edificio. Ubicación: Laureles Cortijo, a pocos minutos de Multiplaza y de Avenida Escazú — excelente conectividad y acceso a servicios. ¿QUIERES VIVIR EN LA ZONA MAS EXCLISIVA? Contáctame y programamos un recorrido exclusivo",Condo,3 Bedrooms,3 Bathrooms,2 Vehicles,,,,{},Urban,{},,,,2650,USD,+50672934885,https://photos.encuentra24.com/t_or_fh_m/f_auto/v1/cr/31/41/72/79/31417279_1bce37|https://photos.encuentra24.com/t_or_fh_m/f_auto/v1/cr/31/41/72/79/31417279_2cc2f7|https://photos.encuentra24.com/t_or_fh_m/f_auto/v1/cr/31/41/72/79/31417279_06d6a6|https://photos.encuentra24.com/t_or_fh_m/f_auto/v1/cr/31/41/72/79/31417279_2db94f|https://photos.encuentra24.com/t_or_fh_m/f_auto/v1/cr/31/41/72/79/31417279_306a44|https://photos.encuentra24.com/t_or_fh_m/f_auto/v1/cr/31/41/72/79/31417279_305f10|https://photos.encuentra24.com/t_or_fh_m/f_auto/v1/cr/31/41/72/79/31417279_efc964|https://photos.encuentra24.com/t_or_fh_m/f_auto/v1/cr/31/41/72/79/31417279_02b1ec|https://photos.encuentra24.com/t_or_fh_m/f_auto/v1/cr/31/41/72/79/31417279_2a3b12|https://photos.encuentra24.com/t_or_fh_m/f_auto/v1/cr/32/67/29/69/32672969_fff500b5a8d430e989c8903c346d5303-23100f3|https://photos.encuentra24.com/t_or_fh_m/f_auto/v1/cr/32/65/81/69/32658169_0d70ae|https://photos.encuentra24.com/t_or_fh_m/f_auto/v1/cr/32/59/77/69/32597769_4428b6fb8e624fe75a1d47d4449d4023-03a1102|https://photos.encuentra24.com/t_or_fh_m/f_auto/v1/cr/32/50/83/09/32508309_b7b8b31|https://photos.encuentra24.com/t_or_fh_m/f_auto/v1/cr/32/55/15/09/32551509_929c40a35f623abe4d56bc053c5dd3aa-ea15da5|https://photos.encuentra24.com/t_or_fh_m/f_auto/v1/cr/31/31/22/79/31312279_445c07|https://photos.encuentra24.com/t_or_fh_m/f_auto/v1/cr/32/38/62/19/32386219_664c1d0|https://photos.encuentra24.com/t_or_fh_m/f_auto/v1/cr/32/60/21/52/32602152_760c913|https://photos.encuentra24.com/t_or_fh_m/f_auto/v1/cr/32/45/28/29/32452829_509932a|https://photos.encuentra24.com/t_or_fh_m/f_auto/v1/cr/31/28/60/25/31286025_a97bb2f|https://photos.encuentra24.com/t_or_fh_m/f_auto/v1/cr/30/62/21/28/30622128_2ed1ea|https://photos.encuentra24.com/t_or_fh_m/f_auto/v1/cr/32/08/94/71/32089471_24f3150|https://photos.encuentra24.com/t_or_fh_m/f_auto/v1/cr/30/86/60/29/30866029_0babf0|https://photos.encuentra24.com/t_or_fh_m/f_auto/v1/cr/28/89/46/67/28894667_9e3682
encuentra24,32287584,https://www.encuentra24.com/costa-rica-es/bienes-raices-alquiler-apartamentos/alquiler-de-apartamento-amoblado-en-nunciatura-rohrmoser/32287584,rent,active,San José provincia,San José Capital,Rohrmoser,Alquiler de Apartamento Amoblado en Nunciatura Rohrmoser,"Precio de alquiler: $1,400 Área: 58 m² habitables + 1 parqueo Ubicación: Nunciatura, Rohrmoser Tipo: Apartamento en condominio Bello apartamento totalmente amoblado ubicado en una de las zonas más exclusivas de Nunciatura. Distribución • Sala y comedor integrados • Cocina de concepto abierto • Área de lavado • 2 habitaciones • 2 baños • 1 parqueo ubicado en sótano 2 Habitaciones • Habitación principal con walk-in closet, baño con ducha y cama King • Habitación secundaria con closet Equipamiento • Aire acondicionado • Cortinas black out • Acabados modernos de lujo • Apartamento completamente amueblado Amenidades • Piscina • Gimnasio • Sala de fiestas • Rancho BBQ • Juegos infantiles • Seguridad 24/7 Código interno: (MS057)",Condo,2 Bedrooms,2 Bathrooms,1 Vehicle,,,,{},,{},Walkable,,,1400,USD,+50683017200,https://photos.encuentra24.com/t_or_fh_m/f_auto/v1/cr/32/28/75/84/32287584_0aa79a7989c9fc2ba0f3c8d0889155c3-684ce62|https://photos.encuentra24.com/t_or_fh_m/f_auto/v1/cr/32/28/75/84/32287584_0aa79a7989c9fc2ba0f3c8d0889155c3-1cb96c2|https://photos.encuentra24.com/t_or_fh_m/f_auto/v1/cr/32/28/75/84/32287584_0aa79a7989c9fc2ba0f3c8d0889155c3-7be066b|https://photos.encuentra24.com/t_or_fh_m/f_auto/v1/cr/32/28/75/84/32287584_0aa79a7989c9fc2ba0f3c8d0889155c3-01135e2|https://photos.encuentra24.com/t_or_fh_m/f_auto/v1/cr/32/28/75/84/32287584_0aa79a7989c9fc2ba0f3c8d0889155c3-3500c31|https://photos.encuentra24.com/t_or_fh_m/f_auto/v1/cr/32/28/75/84/32287584_0aa79a7989c9fc2ba0f3c8d0889155c3-1b85a1f|https://photos.encuentra24.com/t_or_fh_m/f_auto/v1/cr/32/28/75/84/32287584_0aa79a7989c9fc2ba0f3c8d0889155c3-239b818|https://photos.encuentra24.com/t_or_fh_m/f_auto/v1/cr/32/28/75/84/32287584_0aa79a7989c9fc2ba0f3c8d0889155c3-1deb8cc|https://photos.encuentra24.com/t_or_fh_m/f_auto/v1/cr/32/28/75/84/32287584_0aa79a7989c9fc2ba0f3c8d0889155c3-3f77c74|https://photos.encuentra24.com/t_or_fh_m/f_auto/v1/cr/32/28/75/84/32287584_0aa79a7989c9fc2ba0f3c8d0889155c3-a98e446|https://photos.encuentra24.com/t_or_fh_m/f_auto/v1/cr/32/28/75/84/32287584_0aa79a7989c9fc2ba0f3c8d0889155c3-57426d3|https://photos.encuentra24.com/t_or_fh_m/f_auto/v1/cr/32/28/75/84/32287584_0aa79a7989c9fc2ba0f3c8d0889155c3-8274b4c|https://photos.encuentra24.com/t_or_fh_m/f_auto/v1/cr/32/28/75/84/32287584_0aa79a7989c9fc2ba0f3c8d0889155c3-5b60671|https://photos.encuentra24.com/t_user_logo/v1/users/logo/12/30/69/59/12306959_e42f96|https://photos.encuentra24.com/t_or_fh_m/f_auto/v1/cr/32/67/02/78/32670278_4d17d4756fa5e1c1529c85026627e699-dcb626a|https://photos.encuentra24.com/t_or_fh_m/f_auto/v1/cr/32/61/04/58/32610458_a94bbf992d3763ff8a4365771803fc21-2a117f2|https://photos.encuentra24.com/t_or_fh_m/f_auto/v1/cr/32/13/31/08/32133108_e4560e6|https://photos.encuentra24.com/t_or_fh_m/f_auto/v1/cr/32/65/47/48/32654748_d38f135859cc51b2597f598c327228ca-7b75d99|https://photos.encuentra24.com/t_or_fh_m/f_auto/v1/cr/32/63/56/78/32635678_b5b230d|https://photos.encuentra24.com/t_or_fh_m/f_auto/v1/cr/32/64/37/88/32643788_3f9d7946161cc6a1bb49e2792c0e5513-9ce76c2|https://photos.encuentra24.com/t_or_fh_m/f_auto/v1/cr/32/51/74/38/32517438_111a677|https://photos.encuentra24.com/t_or_fh_m/f_auto/v1/cr/32/57/00/77/32570077_a55046e7e7d3b17eb7d0371a3fdab5e6-f990b1d|https://photos.encuentra24.com/t_or_fh_m/f_auto/v1/cr/32/66/90/53/32669053_92a818486a8e7ae87a1a296f7c649bae-af63cc4|https://photos.encuentra24.com/t_or_fh_m/f_auto/v1/cr/32/28/17/10/32281710_3ac9827|https://photos.encuentra24.com/t_or_fh_m/f_auto/v1/cr/32/39/71/25/32397125_1633de9|https://photos.encuentra24.com/t_or_fh_m/f_auto/v1/cr/28/56/68/42/28566842_71c637|https://photos.encuentra24.com/t_or_fh_m/f_auto/v1/cr/32/10/20/87/32102087_1d57e96def92ca88f105af6c0ed69791-d26e6b6|https://photos.encuentra24.com/t_or_fh_m/f_auto/v1/cr/31/04/33/05/31043305_078cd1
encuentra24,31417803,https://www.encuentra24.com/costa-rica-es/bienes-raices-alquiler-comercios/ipb-plaza-comercial-barva-local-8/31417803,rent,active,Heredia provincia,Barva,,IPB Plaza Comercial Barva local # 8,"Es una plaza comercial abierta, con un lenguaje arquitectónico contemporáneo, de volúmenes limpios, aleros proyectados y colores sobrios. Su estructura principal es en metal con cerramientos livianos tipo gypsum y vidrio. Además se combina el uso de concreto para elementos de cimentación y para el perímetro de la propiedad. La plaza cuenta con 15 locales comerciales, con áreas en promedio de 70m2, 20 espacios de parqueo y zonas verdes, la couta incluye mantemiento y seguridad 24/7 Excelente ubicación",Commercial Property,,2 Bathrooms,4+ Vehicles,,,<100m²,{},,{},,,,2047,USD,,https://photos.encuentra24.com/t_or_fh_m/f_auto/v1/cr/31/41/78/03/31417803_b103b7|https://photos.encuentra24.com/t_or_fh_m/f_auto/v1/cr/31/41/78/03/31417803_4c6493|https://photos.encuentra24.com/t_or_fh_m/f_auto/v1/cr/31/41/78/03/31417803_9449af|https://photos.encuentra24.com/t_or_fh_m/f_auto/v1/cr/31/41/78/03/31417803_7d30fb|https://photos.encuentra24.com/t_or_fh_m/f_auto/v1/cr/31/41/78/03/31417803_07482c|https://photos.encuentra24.com/t_or_fh_m/f_auto/v1/cr/31/41/78/03/31417803_3ac6ee|https://photos.encuentra24.com/t_or_fh_m/f_auto/v1/cr/31/41/78/03/31417803_d8bdd8|https://photos.encuentra24.com/t_or_fh_m/f_auto/v1/cr/31/41/78/03/31417803_8c6963|https://photos.encuentra24.com/t_or_fh_m/f_auto/v1/cr/31/41/78/03/31417803_b6c1cb|https://photos.encuentra24.com/t_or_fh_m/f_auto/v1/cr/31/41/78/03/31417803_eb37b2|https://photos.encuentra24.com/t_or_fh_m/f_auto/v1/cr/31/41/78/03/31417803_738b8e|https://photos.encuentra24.com/t_user_logo/v1/users/logo/12/32/26/76/12322676_07c41a|https://photos.encuentra24.com/t_or_fh_m/f_auto/v1/cr/32/58/52/13/32585213_ee9ad5beeeb02ccaad6c2c99fb9c0031-d99f776|https://photos.encuentra24.com/t_or_fh_m/f_auto/v1/cr/32/58/50/13/32585013_3466a38|https://photos.encuentra24.com/t_or_fh_m/f_auto/v1/cr/32/13/28/76/32132876_054b5a3|https://photos.encuentra24.com/t_or_fh_m/f_auto/v1/cr/31/48/44/78/31484478_ee499e|https://photos.encuentra24.com/t_or_fh_m/f_auto/v1/cr/32/58/49/71/32584971_f4a45da|https://photos.encuentra24.com/t_or_fh_m/f_auto/v1/cr/32/58/51/34/32585134_05660a384470511fe4fe1bf8e4da6cc8-5dcee91|https://photos.encuentra24.com/t_or_fh_m/f_auto/v1/cr/31/73/23/65/31732365_d26fd0
encuentra24,30840465,https://www.encuentra24.com/costa-rica-es/bienes-raices-alquiler-alquiler-de-oficinas/alquiler-de-oficina-ii-el-tobogan/30840465,rent,active,San José provincia,Goicoechea,Calle Blancos,Alquiler de Oficina II El Tobogán,"En el Centro Corporativo Tobogán, entendemos que el entorno laboral tiene un impacto directo en el bienestar y la productividad de los colaboradores. Por ello, hemos diseñado nuestras oficinas para que no solo sean un espacio de trabajo, sino una experiencia integral que estimule los sentidos y fomente un ambiente de concentración y creatividad. Cada elemento dentro de nuestras instalaciones está cuidadosamente seleccionado para promover la armonía entre confort y eficiencia, creando un entorno dinámico que inspira a los equipos a alcanzar su máximo potencial. Desde la distribución de los espacios, pasando por la iluminación natural y el uso de materiales de alta calidad, hasta las zonas comunes pensadas para el descanso y la interacción, todo está orientado a mejorar la calidad de vida de quienes eligen el Centro Corporativo Tobogán como su lugar de trabajo. Aquí, la productividad no solo es un objetivo, sino un resultado natural de un entorno que favorece el equilibrio, la innovación y el bienestar integral de cada individuo.",Commercial Property,,1 Bathroom,4+ Vehicles,,,,{},Urban,{},,,,23870,USD,+50688322381,https://photos.encuentra24.com/t_or_fh_m/f_auto/v1/cr/30/84/04/65/30840465_694016|https://photos.encuentra24.com/t_or_fh_m/f_auto/v1/cr/30/84/04/65/30840465_80208c|https://photos.encuentra24.com/t_or_fh_m/f_auto/v1/cr/30/84/04/65/30840465_295035|https://photos.encuentra24.com/t_or_fh_m/f_auto/v1/cr/30/84/04/65/30840465_1457d1|https://photos.encuentra24.com/t_or_fh_m/f_auto/v1/cr/30/84/04/65/30840465_c8bb53|https://photos.encuentra24.com/t_or_fh_m/f_auto/v1/cr/30/84/04/65/30840465_93ced2|https://photos.encuentra24.com/t_or_fh_m/f_auto/v1/cr/30/84/04/65/30840465_c4a810|https://photos.encuentra24.com/t_or_fh_m/f_auto/v1/cr/30/84/04/65/30840465_9a1e58|https://photos.encuentra24.com/t_or_fh_m/f_auto/v1/cr/30/84/04/65/30840465_ed5f26|https://photos.encuentra24.com/t_or_fh_m/f_auto/v1/cr/30/84/04/65/30840465_46ef81|https://photos.encuentra24.com/t_or_fh_m/f_auto/v1/cr/30/84/04/65/30840465_aff814|https://photos.encuentra24.com/t_cnseal/v1697642511/cnseal/652ff80f42db6_Verified%20badge.png|https://photos.encuentra24.com/t_or_fh_m/f_auto/v1/cr/32/12/21/27/32122127_a85912b|https://photos.encuentra24.com/t_or_fh_m/f_auto/v1/cr/30/87/16/24/30871624_21fe6f|https://photos.encuentra24.com/t_or_fh_m/f_auto/v1/cr/25/57/03/17/25570317_96a6c8|https://photos.encuentra24.com/t_or_fh_m/f_auto/v1/cr/28/39/46/62/28394662_0eb2f3|https://photos.encuentra24.com/t_or_fh_m/f_auto/v1/cr/28/39/47/80/28394780_629836|https://photos.encuentra24.com/t_or_fh_m/f_auto/v1/cr/28/39/80/49/28398049_6e5e32|https://photos.encuentra24.com/t_or_fh_m/f_auto/v1/cr/30/81/96/82/30819682_fd800b8
encuentra24,32581169,https://www.encuentra24.com/costa-rica-es/bienes-raices-alquiler-apartamentos-amueblados/escazu-apart-amueblado-220-g-de-vista-escazu-c-560-000-serv-incluidos-no-electricidad/32581169,rent,active,San José provincia,Escazú,San Rafael,ESCAZU-APART AMUEBLADO 220 G DE VISTA ESCAZU-C.560.000 SERV INCLUIDOS-NO ELECTRICIDAD,"APARTAMENTO EJECUTIVO EN ALQUILER totalmente AMUEBLADO– SAN RAFAEL DE ESCAZÚ C560.000 por mes Descubra la combinación perfecta entre comodidad, ubicación y vistas espectaculares en 114 Calle María Fe, un exclusivo proyecto ubicado en San Rafael de Escazú, una de las zonas más privilegiadas y cotizadas del país, a tan solo 5 minutos de comercios, restaurantes, centros corporativos, supermercados, hospitales y todos los servicios esenciales. Este hermoso apartamento de 75 m² ha sido diseñado para quienes valoran la calidad de vida, la tranquilidad y un entorno ideal para trabajar desde casa. Características del apartamento: • Amplia sala y comedor integrados, con una distribución moderna y funcional. • Grandes ventanales que permiten abundante entrada de luz natural durante todo el día. • Impresionantes vistas a las montañas y a la ciudad. • Cocina completamente nueva, equipada con electrodomésticos a estrenar y elegantes muebles de Euromobilia. • Dormitorio principal de gran tamaño con sistema de iluminación cálida que crea un ambiente acogedor y relajante. • Escritorio ejecutivo especialmente acondicionado para trabajo remoto, ideal para profesionales que requieren un espacio cómodo para videoconferencias y jornadas de teletrabajo. • Amplio walking closet. • Balcón privado con una espectacular vista panorámica de aproximadamente 220°, desde donde podrá admirar San José y los volcanes Poás, Irazú, Turrialba y Barva. • Parqueo para dos vehículos. Un lugar único para vivir La tranquilidad del entorno, la espectacular vista y la excelente ubicación hacen de este apartamento una opción ideal para ejecutivos, profesionales, parejas o personas que trabajan de manera virtual y buscan un espacio inspirador, cómodo y seguro. Ubicación privilegiada: San Rafael de Escazú A solo 5 minutos de todo Alquiler mensual: 600.000 No se aceptan mascotas 114 Calle María Fe le ofrece la oportunidad de vivir rodeado de comodidad, elegancia y algunas de las mejores vistas del Valle Central. Contáctenos para más información o para coordinar una visita.",Condo,1 Bedroom,1 Bathroom,2 Vehicles,,50–100m²,,"{""Electricity""}",Riverfront|Urban,"{""River Valley""}",Walkable,,,560000,CRC,+50688339929,https://photos.encuentra24.com/t_or_fh_m/f_auto/v1/cr/32/58/11/69/32581169_d2a5647|https://photos.encuentra24.com/t_or_fh_m/f_auto/v1/cr/32/58/11/69/32581169_431f080|https://photos.encuentra24.com/t_or_fh_m/f_auto/v1/cr/32/58/11/69/32581169_f541a1c|https://photos.encuentra24.com/t_or_fh_m/f_auto/v1/cr/32/58/11/69/32581169_13ba64a|https://photos.encuentra24.com/t_or_fh_m/f_auto/v1/cr/32/58/11/69/32581169_f92c73e|https://photos.encuentra24.com/t_or_fh_m/f_auto/v1/cr/32/58/11/69/32581169_062ce2f|https://photos.encuentra24.com/t_or_fh_m/f_auto/v1/cr/32/58/11/69/32581169_9922537|https://photos.encuentra24.com/t_or_fh_m/f_auto/v1/cr/32/58/11/69/32581169_af7095f|https://photos.encuentra24.com/t_or_fh_m/f_auto/v1/cr/32/58/11/69/32581169_fb7b87f|https://photos.encuentra24.com/t_or_fh_m/f_auto/v1/cr/32/58/11/69/32581169_246cd97|https://photos.encuentra24.com/t_or_fh_m/f_auto/v1/cr/32/58/11/69/32581169_73e7b6f|https://photos.encuentra24.com/t_or_fh_m/f_auto/v1/cr/32/58/11/69/32581169_9b77184|https://photos.encuentra24.com/t_or_fh_m/f_auto/v1/cr/32/58/11/69/32581169_32795ba|https://photos.encuentra24.com/t_or_fh_m/f_auto/v1/cr/32/58/11/69/32581169_58f9623|https://photos.encuentra24.com/t_or_fh_m/f_auto/v1/cr/32/58/11/69/32581169_5f1fc47|https://photos.encuentra24.com/t_or_fh_m/f_auto/v1/cr/32/58/11/69/32581169_5e5cff2|https://photos.encuentra24.com/t_or_fh_m/f_auto/v1/cr/32/58/11/69/32581169_62ab178|https://photos.encuentra24.com/t_or_fh_m/f_auto/v1/cr/32/58/11/69/32581169_5e2b234|https://photos.encuentra24.com/t_or_fh_m/f_auto/v1/cr/32/58/11/69/32581169_49c1c90|https://photos.encuentra24.com/t_or_fh_m/f_auto/v1/cr/32/58/11/69/32581169_8c3da1b|https://photos.encuentra24.com/t_user_logo/v1/users/logo/59/29/59/592959_0a067a|https://photos.encuentra24.com/t_cnseal/v1697642511/cnseal/652ff80f42db6_Verified%20badge.png|https://photos.encuentra24.com/t_or_fh_m/f_auto/v1/cr/32/45/54/93/32455493_fea7c8b|https://photos.encuentra24.com/t_or_fh_m/f_auto/v1/cr/32/41/02/33/32410233_5ab705c978297ec5c252cbc8c0c7f3c5-0dfc158|https://photos.encuentra24.com/t_or_fh_m/f_auto/v1/cr/32/44/47/51/32444751_290a1bb|https://photos.encuentra24.com/t_or_fh_m/f_auto/v1/cr/32/65/95/20/32659520_0aaf8a5e10e36451c9877ff0ae54dcd3-e1e5942|https://photos.encuentra24.com/t_or_fh_m/f_auto/v1/cr/32/60/44/79/32604479_887478b|https://photos.encuentra24.com/t_or_fh_m/f_auto/v1/cr/31/66/18/39/31661839_aa33d1b|https://photos.encuentra24.com/t_or_fh_m/f_auto/v1/cr/32/59/18/59/32591859_8ecae3e28fef92b6ecc4845c44353115-4746626|https://photos.encuentra24.com/t_or_fh_m/f_auto/v1/cr/30/19/26/05/30192605_e3aed2|https://photos.encuentra24.com/t_or_fh_m/f_auto/v1/cr/31/85/64/07/31856407_d1416a|https://photos.encuentra24.com/t_or_fh_m/f_auto/v1/cr/32/44/64/40/32446440_45d637d|https://photos.encuentra24.com/t_or_fh_m/f_auto/v1/cr/31/68/86/57/31688657_5a3db4|https://photos.encuentra24.com/t_or_fh_m/f_auto/v1/cr/31/99/24/10/31992410_3f0c199|https://photos.encuentra24.com/t_or_fh_m/f_auto/v1/cr/32/22/67/03/32226703_fbe60f4
encuentra24,32585213,https://www.encuentra24.com/costa-rica-es/bienes-raices-alquiler-comercios/ipb-plaza-comercial-la-agonia-local-1/32585213,rent,active,Alajuela provincia,Alajuela,Alajuela Centro,IPB Plaza Comercial La Agonía local # 1,"Es una plaza comercial abierta, con un lenguaje arquitectónico contemporáneo, de volúmenes limpios, aleros proyectados y colores sobrios. Su estructura principal es en metal con cerramientos livianos tipo gypsum y vidrio. Además se combina el uso de concreto para elementos de cimentación y para el perímetro de la propiedad. La plaza cuenta con 7 locales comerciales, con áreas en promedio de 85m2, 10 espacios de parqueo y zonas verdes. Excelente ubicación",Commercial Property,,2 Bathrooms,4+ Vehicles,,,<100m²,{},,{},,,,2372,USD,,https://photos.encuentra24.com/t_or_fh_m/f_auto/v1/cr/32/58/52/13/32585213_ee9ad5beeeb02ccaad6c2c99fb9c0031-d99f776|https://photos.encuentra24.com/t_or_fh_m/f_auto/v1/cr/32/58/52/13/32585213_ee9ad5beeeb02ccaad6c2c99fb9c0031-20748e6|https://photos.encuentra24.com/t_or_fh_m/f_auto/v1/cr/32/58/52/13/32585213_ee9ad5beeeb02ccaad6c2c99fb9c0031-d75bb75|https://photos.encuentra24.com/t_or_fh_m/f_auto/v1/cr/32/58/52/13/32585213_ee9ad5beeeb02ccaad6c2c99fb9c0031-efca481|https://photos.encuentra24.com/t_or_fh_m/f_auto/v1/cr/32/58/52/13/32585213_ee9ad5beeeb02ccaad6c2c99fb9c0031-9a30ef5|https://photos.encuentra24.com/t_or_fh_m/f_auto/v1/cr/32/58/52/13/32585213_ee9ad5beeeb02ccaad6c2c99fb9c0031-80db762|https://photos.encuentra24.com/t_or_fh_m/f_auto/v1/cr/32/58/52/13/32585213_ee9ad5beeeb02ccaad6c2c99fb9c0031-b121a3f|https://photos.encuentra24.com/t_or_fh_m/f_auto/v1/cr/32/58/52/13/32585213_ee9ad5beeeb02ccaad6c2c99fb9c0031-773f8a8|https://photos.encuentra24.com/t_user_logo/v1/users/logo/12/32/26/76/12322676_07c41a|https://photos.encuentra24.com/t_or_fh_m/f_auto/v1/cr/31/41/78/03/31417803_b103b7|https://photos.encuentra24.com/t_or_fh_m/f_auto/v1/cr/32/58/50/13/32585013_3466a38|https://photos.encuentra24.com/t_or_fh_m/f_auto/v1/cr/32/13/28/76/32132876_054b5a3|https://photos.encuentra24.com/t_or_fh_m/f_auto/v1/cr/31/48/44/78/31484478_ee499e|https://photos.encuentra24.com/t_or_fh_m/f_auto/v1/cr/32/58/49/71/32584971_f4a45da|https://photos.encuentra24.com/t_or_fh_m/f_auto/v1/cr/32/58/51/34/32585134_05660a384470511fe4fe1bf8e4da6cc8-5dcee91|https://photos.encuentra24.com/t_or_fh_m/f_auto/v1/cr/31/73/23/65/31732365_d26fd0
encuentra24,29879411,https://www.encuentra24.com/costa-rica-es/bienes-raices-alquiler-apartamentos/se-alquila-apartamento-amueblado-en-la-sabana/29879411,rent,active,San José provincia,San José Capital,Mata Redonda,Se Alquila Apartamento Amueblado en La Sabana,"¡Encontrá tu nuevo hogar en La Sabana Apartments! Apartamento Studio: 325,000 sin parqueo / 375,000 con parqueo Área habitable: 25 m² Apartamento para solo una persona, pet-friendly con áreas comunes bellísimas. Incluye piscina, sauna y terrazas. *Contrato mínimo: 1 año **Servicios públicos son responsabilidad del inquilino.",Condo,,2 Bathrooms,1 Vehicle,,,,{},,{},,,,325000,CRC,+50688482668,https://photos.encuentra24.com/t_or_fh_m/f_auto/v1/cr/29/87/94/11/29879411_b38bfa|https://photos.encuentra24.com/t_or_fh_m/f_auto/v1/cr/29/87/94/11/29879411_0794bcc|https://photos.encuentra24.com/t_or_fh_m/f_auto/v1/cr/29/87/94/11/29879411_e7c396a|https://photos.encuentra24.com/t_or_fh_m/f_auto/v1/cr/29/87/94/11/29879411_752dec3|https://photos.encuentra24.com/t_or_fh_m/f_auto/v1/cr/29/87/94/11/29879411_a267a8f|https://photos.encuentra24.com/t_or_fh_m/f_auto/v1/cr/29/87/94/11/29879411_c4b10b|https://photos.encuentra24.com/t_or_fh_m/f_auto/v1/cr/29/87/94/11/29879411_8c0a58|https://photos.encuentra24.com/t_or_fh_m/f_auto/v1/cr/29/87/94/11/29879411_343775|https://photos.encuentra24.com/t_or_fh_m/f_auto/v1/cr/29/87/94/11/29879411_c45a1d|https://photos.encuentra24.com/t_or_fh_m/f_auto/v1/cr/29/87/94/11/29879411_f25585|https://photos.encuentra24.com/t_or_fh_m/f_auto/v1/cr/29/87/94/11/29879411_b0970b|https://photos.encuentra24.com/t_or_fh_m/f_auto/v1/cr/29/87/94/11/29879411_ec9e86|https://photos.encuentra24.com/t_or_fh_m/f_auto/v1/cr/29/87/94/11/29879411_745965|https://photos.encuentra24.com/t_or_fh_m/f_auto/v1/cr/29/87/94/11/29879411_f58e0f|https://photos.encuentra24.com/t_or_fh_m/f_auto/v1/cr/31/49/82/08/31498208_a414ab|https://photos.encuentra24.com/t_or_fh_m/f_auto/v1/cr/32/64/40/47/32644047_ef61c7106eccaeca16d8ef8b460ef053-595d7fa|https://photos.encuentra24.com/t_or_fh_m/f_auto/v1/cr/32/57/30/97/32573097_ede2b17|https://photos.encuentra24.com/t_or_fh_m/f_auto/v1/cr/32/56/55/87/32565587_b132a96294c5632c7d6fefceff928551-ef809f6|https://photos.encuentra24.com/t_or_fh_m/f_auto/v1/cr/32/54/37/27/32543727_0710e3495f14745c58495abfa054e343-0166992|https://photos.encuentra24.com/t_or_fh_m/f_auto/v1/cr/31/70/10/77/31701077_27d848|https://photos.encuentra24.com/t_or_fh_m/f_auto/v1/cr/31/73/41/57/31734157_170b69|https://photos.encuentra24.com/t_or_fh_m/f_auto/v1/cr/32/43/07/37/32430737_9f777df|https://photos.encuentra24.com/t_or_fh_m/f_auto/v1/cr/30/86/97/97/30869797_dbc139|https://photos.encuentra24.com/t_or_fh_m/f_auto/v1/cr/32/43/07/68/32430768_e4ce85d1e84338cc659650576bf0ab36-993fe22|https://photos.encuentra24.com/t_or_fh_m/f_auto/v1/cr/32/43/07/84/32430784_d81221f
encuentra24,31716374,https://www.encuentra24.com/costa-rica-es/bienes-raices-alquiler-apartamentos/alquiler-apartamento-amueblado-de-2-habitacion-en-distrito-cuatro-escazu/31716374,rent,active,San José provincia,Escazú,Escazú,"Alquiler apartamento amueblado de 2 habitación en Distrito Cuatro, Escazu","Cómodo y amplio apartamento en alquiler de 2 habitaciones con 2 baños, full amueblado. Cama King en habitación principal y cama Queen en 2a habitación. TV en la sala. A/C en habitación principal y en la sala. Cocina full equipada con refri, lavaplatos, centro de lavado, cocina, horno, microondas. 95 mts2 de área habitable. 2 parqueos tandem. Piso 3 Piscina semi olímpica, gimnasio, area social, caminerias. Detrás de Distrito 4. Seguridad 24/7. Supermecado, farmacia, restaurantes, hospital, librería a 1 min caminando. Precio incluye condominio.",Condo,2 Bedrooms,2 Bathrooms,1 Vehicle,,,,{},Urban,{},Walkable,,,1900,USD,+50684117257,https://photos.encuentra24.com/t_or_fh_m/f_auto/v1/cr/31/71/63/74/31716374_901eed1|https://photos.encuentra24.com/t_or_fh_m/f_auto/v1/cr/31/71/63/74/31716374_058af54|https://photos.encuentra24.com/t_or_fh_m/f_auto/v1/cr/31/71/63/74/31716374_3d4d644|https://photos.encuentra24.com/t_or_fh_m/f_auto/v1/cr/31/71/63/74/31716374_2b12aa7|https://photos.encuentra24.com/t_or_fh_m/f_auto/v1/cr/31/71/63/74/31716374_c823b18|https://photos.encuentra24.com/t_or_fh_m/f_auto/v1/cr/31/71/63/74/31716374_a3a5ff4|https://photos.encuentra24.com/t_or_fh_m/f_auto/v1/cr/31/71/63/74/31716374_aaf23a9|https://photos.encuentra24.com/t_or_fh_m/f_auto/v1/cr/31/71/63/74/31716374_ce6a201|https://photos.encuentra24.com/t_or_fh_m/f_auto/v1/cr/31/71/63/74/31716374_9914edd|https://photos.encuentra24.com/t_or_fh_m/f_auto/v1/cr/31/71/63/74/31716374_289cc91|https://photos.encuentra24.com/t_or_fh_m/f_auto/v1/cr/31/71/63/74/31716374_750e289|https://photos.encuentra24.com/t_or_fh_m/f_auto/v1/cr/31/71/63/74/31716374_5de5b66|https://photos.encuentra24.com/t_or_fh_m/f_auto/v1/cr/31/71/63/74/31716374_4ff464b|https://photos.encuentra24.com/t_or_fh_m/f_auto/v1/cr/31/71/63/74/31716374_c3ad548|https://photos.encuentra24.com/t_or_fh_m/f_auto/v1/cr/31/71/63/74/31716374_1ce9ba4|https://photos.encuentra24.com/t_or_fh_m/f_auto/v1/cr/31/71/63/74/31716374_a5455bf|https://photos.encuentra24.com/t_or_fh_m/f_auto/v1/cr/31/71/63/74/31716374_6512625|https://photos.encuentra24.com/t_or_fh_m/f_auto/v1/cr/31/71/63/74/31716374_6501da5|https://photos.encuentra24.com/t_cnseal/v1697642511/cnseal/652ff80f42db6_Verified%20badge.png|https://photos.encuentra24.com/t_or_fh_m/f_auto/v1/cr/32/65/92/74/32659274_c8cc1133b51d8e1fab95418c59026858-2b2ba38|https://photos.encuentra24.com/t_or_fh_m/f_auto/v1/cr/32/07/19/54/32071954_3fba5a3|https://photos.encuentra24.com/t_or_fh_m/f_auto/v1/cr/32/66/52/12/32665212_ce27c39|https://photos.encuentra24.com/t_or_fh_m/f_auto/v1/cr/32/66/27/72/32662772_b2b8174addac2e4a244a15aebe749b79-d393d4a|https://photos.encuentra24.com/t_or_fh_m/f_auto/v1/cr/32/42/28/42/32422842_131e1b910aae518c35ada5435778e114-a4bd4be|https://photos.encuentra24.com/t_or_fh_m/f_auto/v1/cr/32/58/60/02/32586002_cb7e6c1d44206ada49f431078a6c4f3b-7535c42|https://photos.encuentra24.com/t_or_fh_m/f_auto/v1/cr/32/49/53/22/32495322_27608cda895bcbaf0fc98a751f9d8c4b-4b3e640|https://photos.encuentra24.com/t_or_fh_m/f_auto/v1/cr/31/71/63/67/31716367_627286f|https://photos.encuentra24.com/t_or_fh_m/f_auto/v1/cr/25/56/38/27/25563827_7802a0a|https://photos.encuentra24.com/t_or_fh_m/f_auto/v1/cr/32/43/18/00/32431800_efad905|https://photos.encuentra24.com/t_or_fh_m/f_auto/v1/cr/31/38/66/78/31386678_7130b1f|https://photos.encuentra24.com/t_or_fh_m/f_auto/v1/cr/30/43/24/23/30432423_d44c6e|https://photos.encuentra24.com/t_or_fh_m/f_auto/v1/cr/31/20/65/26/31206526_023d3f8|https://photos.encuentra24.com/t_or_fh_m/f_auto/v1/cr/32/17/48/89/32174889_42c3718
encuentra24,32587016,https://www.encuentra24.com/costa-rica-es/bienes-raices-alquiler-comercios/oficina-en-alquiler-en-el-corazon-de-heredia/32587016,rent,active,Heredia provincia,Heredia,Heredia,Oficina En Alquiler En El Corazón De Heredia,"Céntrica Oficina para Alquilar en Heredia ¿Buscas un lugar estratégico para tu negocio en Heredia? ¡Esta oficina en pleno centro es justo lo que necesitas! Ubicada a solo unos pasos de la Corte Suprema de Justicia, el Parque Central y la catedral, en un edificio histórico con un diseño que impresiona, te permitirán estar en el corazón de la ciudad, rodeado de movimiento y oportunidades. Con un flujo constante de personas y comercio en la zona, tendrás la exposición perfecta para atraer clientes y hacer crecer tu negocio sin complicaciones. La oficina disponible para alquiler cuenta con 22 metros cuadrados de área utilizable, y tiene una tarifa accesible que incluye agua, servicios municipales, alumbrado, recolección de basura y la limpieza diaria de las áreas comunes. Y lo mejor, ¡todo esto con fácil acceso a varios parqueos públicos y paradas de bus a menos de 100 metros! No dejes pasar esta oportunidad de establecerte en un lugar privilegiado que impulsa tu negocio al siguiente nivel. Para más información, contacta a Luigi Quesada y da el paso hacia el éxito. Oficina de 22 metros cuadrados ¢220 mil + 13% IVA = ¢248,600",Commercial Property,,,,,,,"{""Water""}",Urban,{},,,,248600,CRC,+50688223383,https://photos.encuentra24.com/t_or_fh_m/f_auto/v1/cr/32/58/70/16/32587016_c3ec2b3|https://photos.encuentra24.com/t_or_fh_m/f_auto/v1/cr/32/58/70/16/32587016_06aab7e|https://photos.encuentra24.com/t_or_fh_m/f_auto/v1/cr/32/58/70/16/32587016_4d69a41|https://photos.encuentra24.com/t_or_fh_m/f_auto/v1/cr/32/58/70/16/32587016_a582ec9|https://photos.encuentra24.com/t_or_fh_m/f_auto/v1/cr/32/58/70/16/32587016_cdd51e7|https://photos.encuentra24.com/t_or_fh_m/f_auto/v1/cr/32/58/70/16/32587016_a55aae3|https://photos.encuentra24.com/t_or_fh_m/f_auto/v1/cr/32/58/70/16/32587016_7458989|https://photos.encuentra24.com/t_or_fh_m/f_auto/v1/cr/32/58/70/16/32587016_|https://photos.encuentra24.com/t_or_fh_m/f_auto/v1/cr/32/58/70/16/32587016_6807e49|https://photos.encuentra24.com/t_user_logo/v1/users/logo/88/37/93/883793_5eee82|https://photos.encuentra24.com/t_cnseal/v1594676252/cnseal/5f0cd41c4a555_Bildschirmfotocccbr.png|https://photos.encuentra24.com/t_cnseal/v1697642511/cnseal/652ff80f42db6_Verified%20badge.png|https://photos.encuentra24.com/t_or_fh_m/f_auto/v1/cr/29/80/07/34/29800734_ef77e7e|https://photos.encuentra24.com/t_or_fh_m/f_auto/v1/cr/31/93/87/65/31938765_98d76225479d9ee912dc4bc016a94801-6bda74a|https://photos.encuentra24.com/t_or_fh_m/f_auto/v1/cr/31/76/49/97/31764997_4c0145b|https://photos.encuentra24.com/t_or_fh_m/f_auto/v1/cr/31/76/50/56/31765056_433e20|https://photos.encuentra24.com/t_or_fh_m/f_auto/v1/cr/29/37/01/98/29370198_626af2|https://photos.encuentra24.com/t_or_fh_m/f_auto/v1/cr/31/03/88/48/31038848_4ea1510|https://photos.encuentra24.com/t_or_fh_m/f_auto/v1/cr/29/50/25/46/29502546_6e3175
encuentra24,32587695,https://www.encuentra24.com/costa-rica-es/bienes-raices-alquiler-apartamentos/apartamento-en-alquiler-condominio-parque-160-concasa-alajuela/32587695,rent,active,Alajuela provincia,Alajuela,San Rafael,Apartamento en Alquiler | Condominio Parque 160 Concasa Alajuela,"PARA ESTRENAR! Precio de Alquiler: ¢450.000 colones. Cuota condominal y servicio de agua incluida en el precio Condominio Parque 160, Concasa, San Rafael de Alajuela Sobre el Apartamento: Este apartamento se ubica en el piso 1 en una torre de 8 pisos. Distribución: Sala-comedor, amplia terraza, cocina con mueble con sobre de granito natural y gaveteros, cuarto de pilas donde se ubica el calentador central de agua, dormitorio principal con walk-in closet y baño completo, dormitorio 2 con closet, 2do baño completo, 1 espacio de estacionamiento . Sobre el condominio: Condomino Parque 160 es el condominio más nuevo del Macro-Condominio Campo Real, desarrollado por la constructora Concasa. La cercanía con la ruta 27 y sus 2 accesos, han permitido el desarrollo de un lugar con más de 2.500 unidades habitacionales. Parque 160 es un condominio en torres de 8 pisos, estando este apartamento en alquiler en el piso 1. Amenidades: Piscina para adultos y niños Ranchos BBQ Salón para fiestas y/o eventos Playground Co-working Lago con patos Canchas multiuso Canchas de tenis Parque Canino Seguridad privada con acceso controlado Centro Comercial Muy cerca de la ruta 27, a 18 minutos de Multiplaza Escazú, 10 minutos de Forum Santa Ana, 15 minutos de Zona Franca Coyol, 20 minutos del Aeropuerto Internacional ¿Por qué vivir en Concasa? Concasa es una muy buena opción si lo que estás buscando es comodidad diaria sin pagar precios altos de zonas como Santa Ana o Escazú. Tenés acceso rápido a Ruta 27, estás cerca de zonas de trabajo como Coyol, Belén y Lindora, y dentro del condominio tenés piscina, áreas verdes, espacios para caminar y todo bastante organizado. Es como vivir en una mini ciudad donde resolvés mucho sin salir.",Condo,2 Bedrooms,2 Bathrooms,1 Vehicle,,,,"{""Water""}",Riverfront|Lakefront|Rural|Urban,{},Walkable,,,450000,CRC,+50687350812,https://photos.encuentra24.com/t_or_fh_m/f_auto/v1/cr/32/58/76/95/32587695_80a1aaf|https://photos.encuentra24.com/t_or_fh_m/f_auto/v1/cr/32/58/76/95/32587695_aff38bd|https://photos.encuentra24.com/t_or_fh_m/f_auto/v1/cr/32/58/76/95/32587695_0c34f51|https://photos.encuentra24.com/t_or_fh_m/f_auto/v1/cr/32/58/76/95/32587695_5b710f0|https://photos.encuentra24.com/t_or_fh_m/f_auto/v1/cr/32/58/76/95/32587695_d8778c0|https://photos.encuentra24.com/t_or_fh_m/f_auto/v1/cr/32/58/76/95/32587695_1e4a30e|https://photos.encuentra24.com/t_or_fh_m/f_auto/v1/cr/32/58/76/95/32587695_9725c9e|https://photos.encuentra24.com/t_or_fh_m/f_auto/v1/cr/32/58/76/95/32587695_f744dc5|https://photos.encuentra24.com/t_or_fh_m/f_auto/v1/cr/32/58/76/95/32587695_503adbf|https://photos.encuentra24.com/t_or_fh_m/f_auto/v1/cr/32/58/76/95/32587695_75f79ec|https://photos.encuentra24.com/t_or_fh_m/f_auto/v1/cr/32/58/76/95/32587695_05d267a|https://photos.encuentra24.com/t_or_fh_m/f_auto/v1/cr/32/58/76/95/32587695_a4d6f73|https://photos.encuentra24.com/t_or_fh_m/f_auto/v1/cr/32/58/76/95/32587695_033a7f1|https://photos.encuentra24.com/t_or_fh_m/f_auto/v1/cr/32/58/76/95/32587695_bbf9d22|https://photos.encuentra24.com/t_or_fh_m/f_auto/v1/cr/32/58/76/95/32587695_bf61550|https://photos.encuentra24.com/t_or_fh_m/f_auto/v1/cr/32/58/76/95/32587695_b153e8e|https://photos.encuentra24.com/t_or_fh_m/f_auto/v1/cr/32/58/76/95/32587695_96cdf93|https://photos.encuentra24.com/t_user_logo/v1/users/logo/15/38/90/153890_2d12e3|https://photos.encuentra24.com/t_cnseal/v1697642511/cnseal/652ff80f42db6_Verified%20badge.png|https://photos.encuentra24.com/t_or_fh_m/f_auto/v1/cr/32/50/52/72/32505272_bca053d|https://photos.encuentra24.com/t_or_fh_m/f_auto/v1/cr/32/50/53/02/32505302_cb8745ccf238b5dbc8af32b9cb3fd065-29a3e88|https://photos.encuentra24.com/t_or_fh_m/f_auto/v1/cr/23/77/88/82/23778882_fa9628|https://photos.encuentra24.com/t_or_fh_m/f_auto/v1/cr/30/74/73/31/30747331_96c746|https://photos.encuentra24.com/t_or_fh_m/f_auto/v1/cr/32/64/44/91/32644491_5ffa8ec|https://photos.encuentra24.com/t_or_fh_m/f_auto/v1/cr/31/73/24/71/31732471_4e88dd6|https://photos.encuentra24.com/t_or_fh_m/f_auto/v1/cr/32/51/38/41/32513841_270e311abc991b6cc42d819ce60017e9-81a9900|https://photos.encuentra24.com/t_or_fh_m/f_auto/v1/cr/32/45/22/15/32452215_7f743d649d8a7b9fa34229f45d92aef1-1f71f9b|https://photos.encuentra24.com/t_or_fh_m/f_auto/v1/cr/32/63/70/38/32637038_7b655386783bb3fac070da0f3f0070c8-1451afa|https://photos.encuentra24.com/t_or_fh_m/f_auto/v1/cr/31/91/54/63/31915463_39f3dd|https://photos.encuentra24.com/t_or_fh_m/f_auto/v1/cr/31/91/69/03/31916903_55c2be|https://photos.encuentra24.com/t_or_fh_m/f_auto/v1/cr/32/44/70/15/32447015_c465a72|https://photos.encuentra24.com/t_or_fh_m/f_auto/v1/cr/31/88/63/14/31886314_9b4ed0|https://photos.encuentra24.com/t_or_fh_m/f_auto/v1/cr/31/89/66/68/31896668_9e3ae4
encuentra24,32491222,https://www.encuentra24.com/costa-rica-es/bienes-raices-alquiler-casas/alquiler-de-casa-tipo-quinta-en-residencial-de-montana-cerca-de-ciudad-colon/32491222,rent,active,San José provincia,Mora,Colón,Alquiler de casa tipo quinta en residencial de montaña cerca de Ciudad Colón,"Se alquila linda casa tipo quinta ubicada en un residencial de montaña, a solo 3 km del centro de Ciudad Colón. Ideal para quienes buscan vivir en un ambiente tranquilo, seguro y rodeado de naturaleza, con aire puro, vistas panorámicas, jardines y árboles frutales. La propiedad cuenta con portón eléctrico, 2 habitaciones con clóset, 2 baños, sala-comedor con chimenea, terraza con parrilla, cochera y área de lavado. Precio de alquiler: $1,450 mensuales, sin muebles. $2200 amueblada Incluye cuota residencial, agua, internet y mantenimiento de zonas verdes. Una excelente opción para disfrutar de privacidad, comodidad y contacto con la naturaleza sin alejarse del centro. Disponible a partir del mes de julio",House,2 Bedrooms,2 Bathrooms,2 Vehicles,,,,"{""Water""}",Urban,{},,,,1390,USD,+50664151010,https://photos.encuentra24.com/t_or_fh_m/f_auto/v1/cr/32/49/12/22/32491222_0e08204312ae09652cf427f90b89a06f-d384fd0|https://photos.encuentra24.com/t_or_fh_m/f_auto/v1/cr/32/49/12/22/32491222_0e08204312ae09652cf427f90b89a06f-49c9310|https://photos.encuentra24.com/t_or_fh_m/f_auto/v1/cr/32/49/12/22/32491222_0e08204312ae09652cf427f90b89a06f-5ba0f36|https://photos.encuentra24.com/t_or_fh_m/f_auto/v1/cr/32/49/12/22/32491222_0e08204312ae09652cf427f90b89a06f-0c68213|https://photos.encuentra24.com/t_or_fh_m/f_auto/v1/cr/32/49/12/22/32491222_0e08204312ae09652cf427f90b89a06f-9fd21db|https://photos.encuentra24.com/t_or_fh_m/f_auto/v1/cr/32/49/12/22/32491222_0e08204312ae09652cf427f90b89a06f-c2532de|https://photos.encuentra24.com/t_or_fh_m/f_auto/v1/cr/32/49/12/22/32491222_0e08204312ae09652cf427f90b89a06f-9a69392|https://photos.encuentra24.com/t_or_fh_m/f_auto/v1/cr/32/49/12/22/32491222_0e08204312ae09652cf427f90b89a06f-858bbdf|https://photos.encuentra24.com/t_or_fh_m/f_auto/v1/cr/32/49/12/22/32491222_0e08204312ae09652cf427f90b89a06f-bdca507|https://photos.encuentra24.com/t_or_fh_m/f_auto/v1/cr/32/49/12/22/32491222_0e08204312ae09652cf427f90b89a06f-ab5d81b|https://photos.encuentra24.com/t_or_fh_m/f_auto/v1/cr/32/49/12/22/32491222_0e08204312ae09652cf427f90b89a06f-4dd4993|https://photos.encuentra24.com/t_or_fh_m/f_auto/v1/cr/32/49/12/22/32491222_0e08204312ae09652cf427f90b89a06f-c88b0cb|https://photos.encuentra24.com/t_or_fh_m/f_auto/v1/cr/32/49/12/22/32491222_0e08204312ae09652cf427f90b89a06f-6c1e51c|https://photos.encuentra24.com/t_or_fh_m/f_auto/v1/cr/32/49/12/22/32491222_0e08204312ae09652cf427f90b89a06f-9f18f5f|https://photos.encuentra24.com/t_or_fh_m/f_auto/v1/cr/32/49/12/22/32491222_0e08204312ae09652cf427f90b89a06f-87d490e|https://photos.encuentra24.com/t_or_fh_m/f_auto/v1/cr/32/49/12/22/32491222_0e08204312ae09652cf427f90b89a06f-61e7bfa|https://photos.encuentra24.com/t_or_fh_m/f_auto/v1/cr/32/49/12/22/32491222_0e08204312ae09652cf427f90b89a06f-3177057|https://photos.encuentra24.com/t_or_fh_m/f_auto/v1/cr/32/49/12/22/32491222_0e08204312ae09652cf427f90b89a06f-6bf67b9|https://photos.encuentra24.com/t_or_fh_m/f_auto/v1/cr/32/49/12/22/32491222_0e08204312ae09652cf427f90b89a06f-a3b9408|https://photos.encuentra24.com/t_or_fh_m/f_auto/v1/cr/32/25/61/13/32256113_9fa1d299108a7fe2868a5dd64f506fb2-4dc1fbe|https://photos.encuentra24.com/t_or_fh_m/f_auto/v1/cr/32/49/05/23/32490523_c98ca30ad66ee300b12de76fd6064142-f4b84bc|https://photos.encuentra24.com/t_or_fh_m/f_auto/v1/cr/31/01/34/83/31013483_d868e8|https://photos.encuentra24.com/t_or_fh_m/f_auto/v1/cr/32/65/44/62/32654462_c62d32f031c016a141086631db4711e0-037c83c|https://photos.encuentra24.com/t_or_fh_m/f_auto/v1/cr/31/38/33/72/31383372_6d4a43|https://photos.encuentra24.com/t_or_fh_m/f_auto/v1/cr/31/03/81/22/31038122_7b5c53|https://photos.encuentra24.com/t_or_fh_m/f_auto/v1/cr/32/59/74/71/32597471_26448a63934649b596b3ec0f26fca125-02afad2
encuentra24,32010156,https://www.encuentra24.com/costa-rica-es/bienes-raices-alquiler-apartamentos/apto-totalmente-amueblado-condominio-nucleo-sabana-linda-vista-al-atardecer/32010156,rent,active,San José provincia,San José Capital,Mata Redonda,Apto totalmente amueblado condominio Núcleo Sabana/ linda vista al atardecer,"ALQUILER apto amueblado en condominio Núcleo Sabana/ Vista a las montañas y al amanecer Precio: $1100 con cuota de mantenimiento + depósito de garantía $1100 1 hab/ 1 baño/ 1 parqueo / amueblado No mascotas Aura Sarria Asesora inmobiliaria Ubicación estratégica: Situado en un punto privilegiado, cerca del centro de San José pero lejos del bullicio de la ciudad. Fácil acceso a las principales autopistas, Próspero Fernández. Además, se encuentra a pocos minutos del Parque Metropolitano La Sabana, el pulmón verde de la ciudad, rodeado de restaurantes, hoteles, bancos y más. Características del apartamento: - área : apto 45 m² + parqueo 14 m² - Diseño abierto con cocina, comedor y sala integrados. - Cocina con muebles de alta calidad y sobre de cuarzo blanco. - 1 Habitación con espacio para cama queen, clóset, ventana de piso a techo y screen y balck out en ventana. - 1 Baño equipado con mampara, espejo y mueble con lavamanos empotrado. - Amplia área de lavandería con pila y centro de lavado. - Balcón con vista al amanecer, a la reserva natural del río Torres y ala piscina. -Un parqueo techado - Agua caliente por medio de paneles solares Iluminación y ventilación ideales: El apartamento goza de una excelente entrada de luz natural en todos sus espacios. Amenidades del condominio Núcleo Sabana: - Amplio gimnasio con equipo de última tecnología. - Dos piscinas: una recreativa y otra con carriles de nado. - Varias zonas de co-working, perfectas para trabajar desde casa. -Cinema y sala de juegos para entretenimiento. - Zonas de BBQ ideales para compartir con familia y amigos. - Exclusiva zona gastronómica con una amplia oferta de restaurantes. - Zona comercial y supermercado de conveniencia. - Seguridad y conserjería 24/7 para mayor tranquilidad. ""¡Solo este mes! Disponible inmediato "" ¡Vive con estilo y comodidad en Núcleo Sabana! Contáctanos para más información o para agendar una visita. Aura Sarria Asesora inmobiliaria",Condo,1 Bedroom,1 Bathroom,1 Vehicle,,,<100m²,"{""Water"",""Electricity"",""Solar Power""}",Riverfront|Mountain View|Urban,{},,,,1100,USD,+50672915267,https://photos.encuentra24.com/t_or_fh_m/f_auto/v1/cr/32/01/01/56/32010156_6755ad0|https://photos.encuentra24.com/t_or_fh_m/f_auto/v1/cr/32/01/01/56/32010156_35087d5|https://photos.encuentra24.com/t_or_fh_m/f_auto/v1/cr/32/01/01/56/32010156_6cf36aa|https://photos.encuentra24.com/t_or_fh_m/f_auto/v1/cr/32/01/01/56/32010156_76d1ddb|https://photos.encuentra24.com/t_or_fh_m/f_auto/v1/cr/32/01/01/56/32010156_e5fd8f2|https://photos.encuentra24.com/t_or_fh_m/f_auto/v1/cr/32/01/01/56/32010156_adb2e6b|https://photos.encuentra24.com/t_or_fh_m/f_auto/v1/cr/32/01/01/56/32010156_7ef7098|https://photos.encuentra24.com/t_or_fh_m/f_auto/v1/cr/32/01/01/56/32010156_b26d0c9|https://photos.encuentra24.com/t_or_fh_m/f_auto/v1/cr/32/01/01/56/32010156_5bf7f08|https://photos.encuentra24.com/t_or_fh_m/f_auto/v1/cr/32/01/01/56/32010156_f77f45d|https://photos.encuentra24.com/t_or_fh_m/f_auto/v1/cr/32/01/01/56/32010156_07f0bfd|https://photos.encuentra24.com/t_or_fh_m/f_auto/v1/cr/32/01/01/56/32010156_3c1c170|https://photos.encuentra24.com/t_or_fh_m/f_auto/v1/cr/32/01/01/56/32010156_265fbf1|https://photos.encuentra24.com/t_or_fh_m/f_auto/v1/cr/32/01/01/56/32010156_abf51e0|https://photos.encuentra24.com/t_or_fh_m/f_auto/v1/cr/32/01/01/56/32010156_bceb554|https://photos.encuentra24.com/t_cnseal/v1594676252/cnseal/5f0cd41c4a555_Bildschirmfotocccbr.png|https://photos.encuentra24.com/t_or_fh_m/f_auto/v1/cr/32/63/52/29/32635229_95aa6f1|https://photos.encuentra24.com/t_or_fh_m/f_auto/v1/cr/32/65/02/99/32650299_8027f796f8c45f54219b0312e4183516-80adf3d|https://photos.encuentra24.com/t_or_fh_m/f_auto/v1/cr/32/45/82/79/32458279_ec2b206ba9dc20420206e289fafc1a96-58c28ce|https://photos.encuentra24.com/t_or_fh_m/f_auto/v1/cr/32/41/98/09/32419809_9d55a2846c66b539cc9a4261d5ce4f4e-a77a3b3|https://photos.encuentra24.com/t_or_fh_m/f_auto/v1/cr/32/59/13/99/32591399_df5cae8e83bf2de85f47cb31e69624f6-9eb683c|https://photos.encuentra24.com/t_or_fh_m/f_auto/v1/cr/31/18/59/19/31185919_1bb283|https://photos.encuentra24.com/t_or_fh_m/f_auto/v1/cr/32/62/31/28/32623128_feedc2694779baee6e120a5d31694983-c72a23a|https://photos.encuentra24.com/t_or_fh_m/f_auto/v1/cr/31/51/80/34/31518034_fcb351|https://photos.encuentra24.com/t_or_fh_m/f_auto/v1/cr/32/41/12/89/32411289_dfbf685|https://photos.encuentra24.com/t_or_fh_m/f_auto/v1/cr/31/79/86/38/31798638_cec4aae|https://photos.encuentra24.com/t_or_fh_m/f_auto/v1/cr/32/34/21/14/32342114_90edee2|https://photos.encuentra24.com/t_or_fh_m/f_auto/v1/cr/31/72/15/93/31721593_a82316|https://photos.encuentra24.com/t_or_fh_m/f_auto/v1/cr/31/82/52/33/31825233_879902|https://photos.encuentra24.com/t_or_fh_m/f_auto/v1/cr/31/96/19/78/31961978_eac4cce
encuentra24,32010220,https://www.encuentra24.com/costa-rica-es/bienes-raices-alquiler-apartamentos/moderno-apartamento-en-lourdes-san-pedro-muy-cerca-de-u-fidelitas-u-latina-y-ucr/32010220,rent,active,San José provincia,Curridabat,Granadilla,"MODERNO apartamento en Lourdes (San Pedro) muy cerca de U. Fidelitas, U Latina y UCR","MODERNO apartamento en Lourdes (San Pedro) muy cerca de U. Fidelitas, U Latina y UCR Nuevo apartamento construido en 2024 en Lourdes de Montes de Oca (San Pedro) en la primera planta, de 2 cuartos y 1 baño, sala, cocina, pilas y amplio patio privado. Incluye el Agua, y se les permite el uso gratuito de la red de internet Wi-Fi del edificio. El mueble de cocina es de madera sólida y tiene una moderna plantilla de vitrocerámica para cocinar, empotrada en su elegante sobre de granito. Se incluye tambien un extractor de grasa de acero inoxidable sobre la plantilla. Ubicado en un residencial de mucha tradición, que ofrece seguridad, tranquilidad, y buenos vecinos, muy cercano a importantes centros universitarios como la U. Fidelitas, U. Latina, UCR, y muchos otros. El apartamento fue concebido utilizando contenedores y conforma, junto a los otros contenedores, un atractivo edificio que atrae las miradas de todos los transeúntes. Es un edificio moderno de tan solo 6 unidades, que se ajusta a las necesidades actuales y al uso inteligente de los espacios. El cuarto posterior tiene puertas de vidrio que se abren hacia el patio trasero, que es de uso privado y se encuentra delimitado por una bella cerca de bambú. Este espacio, que le pertenece exclusivamente a este apartamento, está parcialmente techado y se encuentra rodeado por altos bambúes de más de 12m de altura, que le agregan un toque muy especial. Los contenedores son especiales y vienen completamente insulados, lo cual permite un ambiente agradable por dentro. El concepto arquitectónico con el que este edificio se desarrolló, dio como resultado espacios modernos, cómodos y minimalistas. La ventanería del edificio es toda de aluminio, con ventanas y puertas corredizas que garantizan un flujo de ventilación contínua y una iluminación natural, que fluye constantemente por todos los espacios. Agende su cita y venga a conocerlo, para que empiece a estrenar su nuevo hogar ya.",Condo,2 Bedrooms,2 Bathrooms,,,,,"{""Water""}",Riverfront|Urban,{},,,,345000,CRC,+50683820605,https://photos.encuentra24.com/t_or_fh_m/f_auto/v1/cr/32/01/02/20/32010220_cb6c1bb6d235fc4c690a111ddd0109b7-2ae8d48|https://photos.encuentra24.com/t_or_fh_m/f_auto/v1/cr/32/01/02/20/32010220_cb6c1bb6d235fc4c690a111ddd0109b7-2052fe7|https://photos.encuentra24.com/t_or_fh_m/f_auto/v1/cr/32/01/02/20/32010220_cb6c1bb6d235fc4c690a111ddd0109b7-6761865|https://photos.encuentra24.com/t_or_fh_m/f_auto/v1/cr/32/01/02/20/32010220_cb6c1bb6d235fc4c690a111ddd0109b7-3a6d8c8|https://photos.encuentra24.com/t_or_fh_m/f_auto/v1/cr/32/01/02/20/32010220_cb6c1bb6d235fc4c690a111ddd0109b7-379ddcf|https://photos.encuentra24.com/t_or_fh_m/f_auto/v1/cr/32/01/02/20/32010220_cb6c1bb6d235fc4c690a111ddd0109b7-35b254a|https://photos.encuentra24.com/t_or_fh_m/f_auto/v1/cr/32/01/02/20/32010220_cb6c1bb6d235fc4c690a111ddd0109b7-1bcf309|https://photos.encuentra24.com/t_or_fh_m/f_auto/v1/cr/32/01/02/20/32010220_cb6c1bb6d235fc4c690a111ddd0109b7-9ad66a4|https://photos.encuentra24.com/t_or_fh_m/f_auto/v1/cr/32/01/02/20/32010220_cb6c1bb6d235fc4c690a111ddd0109b7-9ff69a0|https://photos.encuentra24.com/t_or_fh_m/f_auto/v1/cr/32/01/02/20/32010220_cb6c1bb6d235fc4c690a111ddd0109b7-e16e62c|https://photos.encuentra24.com/t_or_fh_m/f_auto/v1/cr/32/01/02/20/32010220_cb6c1bb6d235fc4c690a111ddd0109b7-b4feae2|https://photos.encuentra24.com/t_or_fh_m/f_auto/v1/cr/32/01/02/20/32010220_cb6c1bb6d235fc4c690a111ddd0109b7-4db17c1|https://photos.encuentra24.com/t_or_fh_m/f_auto/v1/cr/32/01/02/20/32010220_cb6c1bb6d235fc4c690a111ddd0109b7-f6629f4|https://photos.encuentra24.com/t_or_fh_m/f_auto/v1/cr/32/01/02/20/32010220_cb6c1bb6d235fc4c690a111ddd0109b7-2286304|https://photos.encuentra24.com/t_or_fh_m/f_auto/v1/cr/32/01/02/20/32010220_cb6c1bb6d235fc4c690a111ddd0109b7-21b94a6|https://photos.encuentra24.com/t_or_fh_m/f_auto/v1/cr/32/01/02/20/32010220_cb6c1bb6d235fc4c690a111ddd0109b7-b119e18|https://photos.encuentra24.com/t_or_fh_m/f_auto/v1/cr/32/01/02/20/32010220_cb6c1bb6d235fc4c690a111ddd0109b7-6757f1c|https://photos.encuentra24.com/t_or_fh_m/f_auto/v1/cr/32/01/02/20/32010220_cb6c1bb6d235fc4c690a111ddd0109b7-80cd8f8|https://photos.encuentra24.com/t_or_fh_m/f_auto/v1/cr/32/01/02/20/32010220_cb6c1bb6d235fc4c690a111ddd0109b7-7ec5d70|https://photos.encuentra24.com/t_or_fh_m/f_auto/v1/cr/32/36/85/36/32368536_144cf20|https://photos.encuentra24.com/t_or_fh_m/f_auto/v1/cr/32/65/83/05/32658305_bb38a969d33c85e43c7d1b1b171723bb-84e3027|https://photos.encuentra24.com/t_or_fh_m/f_auto/v1/cr/32/54/70/75/32547075_47e6670ee917acd49f01fbf9ff00a25a-75ba619|https://photos.encuentra24.com/t_or_fh_m/f_auto/v1/cr/32/43/24/84/32432484_ac89d3a|https://photos.encuentra24.com/t_or_fh_m/f_auto/v1/cr/32/51/48/24/32514824_8d0909692ccc486ec37570709da92b82-89c492e|https://photos.encuentra24.com/t_or_fh_m/f_auto/v1/cr/32/51/48/03/32514803_6ffdc93f6508e4d06933c37bd99f2d79-bf345ee|https://photos.encuentra24.com/t_or_fh_m/f_auto/v1/cr/32/65/96/86/32659686_861889c192fb3609a952c5ee5604f94b-7fb90a1|https://photos.encuentra24.com/t_or_fh_m/f_auto/v1/cr/32/00/17/88/32001788_00f7817|https://photos.encuentra24.com/t_or_fh_m/f_auto/v1/cr/29/93/48/74/29934874_225c16|https://photos.encuentra24.com/t_or_fh_m/f_auto/v1/cr/32/65/52/03/32655203_96d6d1a96457ce74acd6e5f7913491c6-f0abaaa|https://photos.encuentra24.com/t_or_fh_m/f_auto/v1/cr/29/94/98/46/29949846_39323b|https://photos.encuentra24.com/t_or_fh_m/f_auto/v1/cr/32/17/52/30/32175230_5cecd90|https://photos.encuentra24.com/t_or_fh_m/f_auto/v1/cr/32/37/44/23/32374423_d5d4447|https://photos.encuentra24.com/t_or_fh_m/f_auto/v1/cr/32/00/05/92/32000592_386dfd7
encuentra24,32110349,https://www.encuentra24.com/costa-rica-es/bienes-raices-alquiler-casas/escazu-casa-alquiler-guachipelin-en-condominio-con-amenidades/32110349,rent,active,San José provincia,Escazú,San Rafael,"ESCAZU, CASA ALQUILER GUACHIPELIN EN CONDOMINIO CON AMENIDADES","Vive la experiencia de una casa moderna y elegante, donde cada detalle ha sido pensado para tu comodidad. Esta propiedad de dos plantas no solo ofrece espacios amplios y acabados de lujo, sino también la posibilidad de disfrutar amenidades premium dignas de un club privado, sin pagar membresías adicionales. Aquí, la belleza de tu hogar se complementa con un estilo de vida exclusivo y accesible. Características de la Propiedad: • Dos plantas con diseño contemporáneo • Pisos de porcelanato en todas las áreas • Cocina integrada y equipada con electrodomésticos modernos • Jardín privado perfecto para reuniones y momentos de relax • Tres habitaciones, todas con aire acondicionado • 2.5 baños distribuidos estratégicamente • Ático para almacenamiento adicional • Dos parqueos techados Amenidades del Condominio: • Piscinas deportivas y recreativas • Play Room para niños • Dos casa club para eventos y reuniones • Áreas de BBQ • Cancha multiusos • Cancha de fútbol cinco • Cancha de tenis • Gimnasio equipado • Área de CrossFit • Senderos para caminar • Pet Park • Sala de juegos • Espacios de Coworking • Seguridad 24/7 Precio de Alquiler: $2,300 mensuales No pierdas oportunidad y contáctame para agendar una visita. Contáctame soy Jesús Abreu. Somos Rent-A-House Costa Rica MLS: 26-1584",Condo,3 Bedrooms,3 Bathrooms,2 Vehicles,,,,{},,{},,,,2300,USD,+50683888809,https://photos.encuentra24.com/t_or_fh_m/f_auto/v1/cr/32/11/03/49/32110349_37988e8|https://photos.encuentra24.com/t_or_fh_m/f_auto/v1/cr/32/11/03/49/32110349_a27ffbc|https://photos.encuentra24.com/t_or_fh_m/f_auto/v1/cr/32/11/03/49/32110349_ebb9aa3|https://photos.encuentra24.com/t_or_fh_m/f_auto/v1/cr/32/11/03/49/32110349_9fd4390|https://photos.encuentra24.com/t_or_fh_m/f_auto/v1/cr/32/11/03/49/32110349_97f2056|https://photos.encuentra24.com/t_or_fh_m/f_auto/v1/cr/32/11/03/49/32110349_53dbb3c|https://photos.encuentra24.com/t_or_fh_m/f_auto/v1/cr/32/11/03/49/32110349_d4260d2|https://photos.encuentra24.com/t_or_fh_m/f_auto/v1/cr/32/11/03/49/32110349_08e0726|https://photos.encuentra24.com/t_or_fh_m/f_auto/v1/cr/32/11/03/49/32110349_78a6d69|https://photos.encuentra24.com/t_or_fh_m/f_auto/v1/cr/32/11/03/49/32110349_cb6e29a|https://photos.encuentra24.com/t_or_fh_m/f_auto/v1/cr/32/11/03/49/32110349_2ac4958|https://photos.encuentra24.com/t_or_fh_m/f_auto/v1/cr/32/11/03/49/32110349_1e55f55|https://photos.encuentra24.com/t_or_fh_m/f_auto/v1/cr/32/11/03/49/32110349_030c6c2|https://photos.encuentra24.com/t_or_fh_m/f_auto/v1/cr/32/11/03/49/32110349_e7cca7a|https://photos.encuentra24.com/t_or_fh_m/f_auto/v1/cr/32/11/03/49/32110349_a6cee09|https://photos.encuentra24.com/t_or_fh_m/f_auto/v1/cr/32/11/03/49/32110349_3657acf|https://photos.encuentra24.com/t_or_fh_m/f_auto/v1/cr/32/11/03/49/32110349_7869278|https://photos.encuentra24.com/t_or_fh_m/f_auto/v1/cr/32/11/03/49/32110349_bda2622|https://photos.encuentra24.com/t_or_fh_m/f_auto/v1/cr/32/11/03/49/32110349_c7d24cd|https://photos.encuentra24.com/t_or_fh_m/f_auto/v1/cr/32/11/03/49/32110349_c1741a4|https://photos.encuentra24.com/t_or_fh_m/f_auto/v1/cr/32/66/92/78/32669278_2e36c8f23c7968a6c6da08c5981d3e70-7d50075|https://photos.encuentra24.com/t_or_fh_m/f_auto/v1/cr/32/66/26/88/32662688_544aada|https://photos.encuentra24.com/t_or_fh_m/f_auto/v1/cr/32/65/44/38/32654438_3ad4993344b398c5a928cfbd8885c228-3d679c9|https://photos.encuentra24.com/t_or_fh_m/f_auto/v1/cr/32/22/43/38/32224338_ced5572cc1d9793f3fd6d3f2e82c6c30-7a3cb7c|https://photos.encuentra24.com/t_or_fh_m/f_auto/v1/cr/32/58/32/28/32583228_22aa0490cad38e040d4fcf798c94f591-e003f7a|https://photos.encuentra24.com/t_or_fh_m/f_auto/v1/cr/32/58/01/08/32580108_138aa94|https://photos.encuentra24.com/t_or_fh_m/f_auto/v1/cr/32/42/73/88/32427388_e8f69d14cbdc22c5bd3a1047347b8289-0422251|https://photos.encuentra24.com/t_or_fh_m/f_auto/v1/cr/32/60/83/70/32608370_9eb2acb581a05130be01e4bf5b9b625d-f9b020c|https://photos.encuentra24.com/t_or_fh_m/f_auto/v1/cr/32/63/59/10/32635910_d8292b0793d7c72d29ef0662d2330f5a-746d15f|https://photos.encuentra24.com/t_or_fh_m/f_auto/v1/cr/31/90/23/69/31902369_fe8b6b6|https://photos.encuentra24.com/t_or_fh_m/f_auto/v1/cr/32/12/42/48/32124248_ed5c93e|https://photos.encuentra24.com/t_or_fh_m/f_auto/v1/cr/32/22/63/61/32226361_5dc24ee36ad539f5c1cd4909c416f7eb-3d61406|https://photos.encuentra24.com/t_or_fh_m/f_auto/v1/cr/32/42/29/31/32422931_c6b2c98|https://photos.encuentra24.com/t_or_fh_m/f_auto/v1/cr/32/24/20/11/32242011_7985148
encuentra24,31723732,https://www.encuentra24.com/costa-rica-es/bienes-raices-alquiler-apartamentos/alquiler-en-escalante-studio-1-habitacion-desde-499-parqueo/31723732,rent,active,San José provincia,San José Capital,Barrio Escalante,ALQUILER EN ESCALANTE STUDIO-1 HABITACION- DESDE $499- PARQUEO,Apartamento tipo estudio $499 Depósito del mismo monto Cerca de universidades y centros comerciales Ubicación privilegiada Espacios de parqueos disponibles! CERCA DE UNIVERSIDADES Y SUPERMERCADOS SEGUIRDAD 24/7 LAVANDERIA DENTRO DEL EDIFICO Solo WhatsApp,Condo,1 Bedroom,1 Bathroom,,,,,{},Urban,{},,,,499,USD,+50671418343,https://photos.encuentra24.com/t_or_fh_m/f_auto/v1/cr/31/72/37/32/31723732_d06e939|https://photos.encuentra24.com/t_or_fh_m/f_auto/v1/cr/31/72/37/32/31723732_d1871ea|https://photos.encuentra24.com/t_or_fh_m/f_auto/v1/cr/31/72/37/32/31723732_bfef8b3|https://photos.encuentra24.com/t_or_fh_m/f_auto/v1/cr/31/72/37/32/31723732_a44d148|https://photos.encuentra24.com/t_or_fh_m/f_auto/v1/cr/31/72/37/32/31723732_036c4ab|https://photos.encuentra24.com/t_or_fh_m/f_auto/v1/cr/31/72/37/32/31723732_01d45a4|https://photos.encuentra24.com/t_or_fh_m/f_auto/v1/cr/31/72/37/32/31723732_990061b|https://photos.encuentra24.com/t_or_fh_m/f_auto/v1/cr/31/72/37/32/31723732_7d6770b|https://photos.encuentra24.com/t_or_fh_m/f_auto/v1/cr/31/72/37/32/31723732_c7edd6|https://photos.encuentra24.com/t_or_fh_m/f_auto/v1/cr/31/72/37/32/31723732_69e65b8|https://photos.encuentra24.com/t_or_fh_m/f_auto/v1/cr/31/72/37/32/31723732_d13dba0|https://photos.encuentra24.com/t_or_fh_m/f_auto/v1/cr/31/72/37/32/31723732_11770d|https://photos.encuentra24.com/t_or_fh_m/f_auto/v1/cr/31/72/37/32/31723732_51245ba|https://photos.encuentra24.com/t_or_fh_m/f_auto/v1/cr/31/72/37/32/31723732_b8dc2c|https://photos.encuentra24.com/t_or_fh_m/f_auto/v1/cr/31/72/37/32/31723732_c9a57ae|https://photos.encuentra24.com/t_or_fh_m/f_auto/v1/cr/31/72/37/32/31723732_250b246|https://photos.encuentra24.com/t_or_fh_m/f_auto/v1/cr/31/72/37/32/31723732_a6e0b97|https://photos.encuentra24.com/t_or_fh_m/f_auto/v1/cr/32/34/47/33/32344733_f0fda5a27650a7f14b5ec6f81db20f0d-0db75fe|https://photos.encuentra24.com/t_or_fh_m/f_auto/v1/cr/32/65/54/61/32655461_2b4b831|https://photos.encuentra24.com/t_or_fh_m/f_auto/v1/cr/32/58/21/03/32582103_2a527339e5f5a1d09eb0224317d968e1-20e5e19|https://photos.encuentra24.com/t_or_fh_m/f_auto/v1/cr/31/36/76/70/31367670_1e7e15|https://photos.encuentra24.com/t_or_fh_m/f_auto/v1/cr/31/39/95/64/31399564_ad79a76|https://photos.encuentra24.com/t_or_fh_m/f_auto/v1/cr/32/56/65/41/32566541_698ccd7a4e98e541ef39b76a8635ac9f-3261c86|https://photos.encuentra24.com/t_or_fh_m/f_auto/v1/cr/32/56/72/95/32567295_077b995419d26aa61e5eba66441f107d-69dad74|https://photos.encuentra24.com/t_or_fh_m/f_auto/v1/cr/29/00/36/47/29003647_ac6506|https://photos.encuentra24.com/t_or_fh_m/f_auto/v1/cr/31/53/47/33/31534733_e8bce6|https://photos.encuentra24.com/t_or_fh_m/f_auto/v1/cr/25/93/44/29/25934429_cfa3a6
encuentra24,32497689,https://www.encuentra24.com/costa-rica-es/bienes-raices-alquiler-casas/alquiler-de-casa-con-uso-mixto-residencial-comercial-en-la-sabana-recien-remodelada/32497689,rent,active,San José provincia,San José Capital,Mata Redonda,Alquiler de Casa con Uso Mixto (Residencial - Comercial) en La Sabana. ¡Recién remodelada!,"La Sabana, Mata Redonda, San José. Alquiler de Casa - Uso de Suelo Mixto (Residencial - Comercial). 5 Habitaciones / 3.5 Baños / 2 Parqueos / Jardín inmenso. ¡Recién remodelada! Con jardín y lista para entrar. Ideal para oficinas. Ubicación inmejorable a pasos de todo, muy cerca de Torre Universal. PRECIO: $3,500 + IVA al mes. DISTRIBUCIÓN: - NIVEL 1: 1 habitación u oficina, ½ baño, sala, comedor, terraza, cocina con antecomedor, cuarto de servicio con baño completo (que puede ser utilizado como una oficina), cuarto de pilas, patio de luz o tendido, un jardín inmenso, rancho, y cochera para 2 vehículos (uno en garage cerrado y otro en cochera exterior). Adicionalmente, otros vehículos pueden parquear en la acera. - NIVEL 2: 3 habitaciones: Habitación principal (con walk-in-closet y baño completo) y 2 habitaciones secundarias (con baño completo compartido), sala de TV y un hermoso balcón. MEDIDAS: Construcción: 325 m2 / Lote: 498 m2 CARACTERÍSTICAS: - Impecable y en excelente estado. - Completamente remodelada en su totalidad. - Tiene tanque de almacenamiento de agua con bomba. - No apta / No acondicionada a la Ley 7600. - No tiene aire acondicionado (De requerirse, el inquilino debe instalarlo). UBICACIÓN (LUGARES CERCANOS DE REFERENCIA): Parque Metropolitano La Sabana, Estadio Nacional, Paseo Colón, Nunciatura, Rohrmoser, Ruta 27, Microsoft, etc. * LISTING EN EXCLUSIVA * © Derechos reservados en cada fotografía, texto y video. * Su uso por terceros únicamente con autorización previa de LuxSphere Realty Group - Costa Rica. * LuxSphere Realty Group - Costa Rica se reserva el derecho de interponer las acciones administrativas y/o judiciales que correspondan por los daños y perjuicios que su difusión no autorizada ocasione. * La utilización y/o divulgación de las fotografías o videos sin consentimiento previo, o la eliminación de su marca de agua por un tercero, mediante el recorte o modificación de la imagen en cualquier forma, resultará violatorio de los Derechos de Autor y se procederá a las medidas legales correspondientes. —",House,5+ Bedrooms,4 Bathrooms,2 Vehicles,,200–400m²,100–500m²,"{""Water"",""Electricity""}",Riverfront,{},Walkable,,,3500,USD,+50688421711,https://photos.encuentra24.com/t_or_fh_m/f_auto/v1/cr/32/49/76/89/32497689_1f0cdcf|https://photos.encuentra24.com/t_or_fh_m/f_auto/v1/cr/32/49/76/89/32497689_5879505|https://photos.encuentra24.com/t_or_fh_m/f_auto/v1/cr/32/49/76/89/32497689_217016c|https://photos.encuentra24.com/t_or_fh_m/f_auto/v1/cr/32/49/76/89/32497689_50cb117|https://photos.encuentra24.com/t_or_fh_m/f_auto/v1/cr/32/49/76/89/32497689_acfab47|https://photos.encuentra24.com/t_or_fh_m/f_auto/v1/cr/32/49/76/89/32497689_a01d520|https://photos.encuentra24.com/t_or_fh_m/f_auto/v1/cr/32/49/76/89/32497689_7abe054|https://photos.encuentra24.com/t_or_fh_m/f_auto/v1/cr/32/49/76/89/32497689_44fa828|https://photos.encuentra24.com/t_or_fh_m/f_auto/v1/cr/32/49/76/89/32497689_ef986fe|https://photos.encuentra24.com/t_or_fh_m/f_auto/v1/cr/32/49/76/89/32497689_cd6cc88|https://photos.encuentra24.com/t_or_fh_m/f_auto/v1/cr/32/49/76/89/32497689_35b12ca|https://photos.encuentra24.com/t_or_fh_m/f_auto/v1/cr/32/49/76/89/32497689_603b875|https://photos.encuentra24.com/t_or_fh_m/f_auto/v1/cr/32/49/76/89/32497689_d1bd94f|https://photos.encuentra24.com/t_or_fh_m/f_auto/v1/cr/32/49/76/89/32497689_59e60f0|https://photos.encuentra24.com/t_or_fh_m/f_auto/v1/cr/32/49/76/89/32497689_8af28b9|https://photos.encuentra24.com/t_or_fh_m/f_auto/v1/cr/32/49/76/89/32497689_83d7aa4|https://photos.encuentra24.com/t_or_fh_m/f_auto/v1/cr/32/49/76/89/32497689_baa5bac|https://photos.encuentra24.com/t_or_fh_m/f_auto/v1/cr/32/49/76/89/32497689_1b04aaa|https://photos.encuentra24.com/t_or_fh_m/f_auto/v1/cr/32/49/76/89/32497689_886fd89|https://photos.encuentra24.com/t_or_fh_m/f_auto/v1/cr/32/49/76/89/32497689_9ac8583|https://photos.encuentra24.com/t_user_logo/v1/users/logo/12/11/89/91/12118991_9015fc|https://photos.encuentra24.com/t_cnseal/v1594676252/cnseal/5f0cd41c4a555_Bildschirmfotocccbr.png|https://photos.encuentra24.com/t_cnseal/v1697642511/cnseal/652ff80f42db6_Verified%20badge.png|https://photos.encuentra24.com/t_or_fh_m/f_auto/v1/cr/32/56/28/84/32562884_72c5895dbffb8cb7e10bf3b810358ee8-38752ef|https://photos.encuentra24.com/t_or_fh_m/f_auto/v1/cr/32/38/32/94/32383294_a3a7759b3485b867045f70e22ce9d36e-d8b659d|https://photos.encuentra24.com/t_or_fh_m/f_auto/v1/cr/32/59/62/33/32596233_98b998d63aa1d281f1dc32a7228dff6e-a6b6210|https://photos.encuentra24.com/t_or_fh_m/f_auto/v1/cr/31/16/31/67/31163167_9ce22b|https://photos.encuentra24.com/t_or_fh_m/f_auto/v1/cr/28/58/73/11/28587311_7eeb0b|https://photos.encuentra24.com/t_or_fh_m/f_auto/v1/cr/32/67/05/70/32670570_76203f|https://photos.encuentra24.com/t_or_fh_m/f_auto/v1/cr/28/58/71/94/28587194_ade499|https://photos.encuentra24.com/t_or_fh_m/f_auto/v1/cr/32/23/19/18/32231918_275784170c0bcef715b1fa52d30f96d3-be77efd|https://photos.encuentra24.com/t_or_fh_m/f_auto/v1/cr/32/51/34/48/32513448_2ea2cf182856fb2a6dd8d489e9859f41-56d8e6f|https://photos.encuentra24.com/t_or_fh_m/f_auto/v1/cr/32/35/52/77/32355277_25a3c0b3314d29e3965ff67d90a9a7d5-1cb4419|https://photos.encuentra24.com/t_or_fh_m/f_auto/v1/cr/32/01/35/61/32013561_1fd63674e6772b404cbf896f5e8bc4c6-6a92c54|https://photos.encuentra24.com/t_or_fh_m/f_auto/v1/cr/32/50/20/55/32502055_10141d8|https://photos.encuentra24.com/t_or_fh_m/f_auto/v1/cr/32/21/84/24/32218424_2209baa95b371f2d64c7302122d550cd-686962b|https://photos.encuentra24.com/t_or_fh_m/f_auto/v1/cr/32/63/49/74/32634974_1be081881450defaeb176d1bd98e6dd1-fd769ad
encuentra24,32403769,https://www.encuentra24.com/costa-rica-es/bienes-raices-alquiler-apartamentos/casa-en-sabanilla/32403769,rent,active,San José provincia,Montes de Oca,Sabanilla,Casa en Sabanilla,"Alquiler de casa en Residencial Sol del Este Encuentra el hogar ideal para tu familia en un ambiente tranquilo, seguro y con excelente ubicación. Casa dentro de condominio con: 3 habitaciones Cochera para 2 vehículos 3 baños Jardín y patio privado Espacios cómodos para disfrutar en familia Ubicada dentro del Residencial Sol del Este, un lugar con áreas comunes para aprovechar al máximo: Pequeño parque con máquinas de ejercicio Cancha de fútbol Ambiente residencial y tranquilo Precio de alquiler: 550.000 mensuales + depósito Además cuenta con una ubicación estratégica, cerca de paradas de buses con rutas hacia San José, facilitando el traslado al trabajo, estudio o actividades diarias. Ideal para quienes buscan comodidad, seguridad y una excelente calidad de vida.",Condo,3 Bedrooms,3 Bathrooms,2 Vehicles,,,,{},,{},,,,500000,CRC,+50683396490,https://photos.encuentra24.com/t_or_fh_m/f_auto/v1/cr/32/40/37/69/32403769_62cdc2c|https://photos.encuentra24.com/t_or_fh_m/f_auto/v1/cr/32/40/37/69/32403769_c4b4420|https://photos.encuentra24.com/t_or_fh_m/f_auto/v1/cr/32/40/37/69/32403769_f19013c|https://photos.encuentra24.com/t_or_fh_m/f_auto/v1/cr/32/40/37/69/32403769_c9906a1|https://photos.encuentra24.com/t_or_fh_m/f_auto/v1/cr/32/40/37/69/32403769_dc02c3f|https://photos.encuentra24.com/t_or_fh_m/f_auto/v1/cr/32/40/37/69/32403769_ac00218|https://photos.encuentra24.com/t_or_fh_m/f_auto/v1/cr/32/40/37/69/32403769_5fb821a|https://photos.encuentra24.com/t_or_fh_m/f_auto/v1/cr/32/40/37/69/32403769_918add1|https://photos.encuentra24.com/t_or_fh_m/f_auto/v1/cr/32/40/37/69/32403769_869a82c|https://photos.encuentra24.com/t_or_fh_m/f_auto/v1/cr/32/40/37/69/32403769_5b7cae8|https://photos.encuentra24.com/t_or_fh_m/f_auto/v1/cr/32/40/37/69/32403769_07ad6ad|https://photos.encuentra24.com/t_or_fh_m/f_auto/v1/cr/32/40/37/69/32403769_6bc5829|https://photos.encuentra24.com/t_or_fh_m/f_auto/v1/cr/32/42/35/54/32423554_28c07b4|https://photos.encuentra24.com/t_or_fh_m/f_auto/v1/cr/32/45/59/90/32455990_37ae5e2|https://photos.encuentra24.com/t_or_fh_m/f_auto/v1/cr/32/54/36/60/32543660_571a88686ee3c9a898454a7c17d5ad3f-e4ef3cc|https://photos.encuentra24.com/t_or_fh_m/f_auto/v1/cr/32/42/42/19/32424219_027c1c581d3ba71ac4f7f954508e7865-0025c70|https://photos.encuentra24.com/t_or_fh_m/f_auto/v1/cr/32/62/25/98/32622598_6fbba47|https://photos.encuentra24.com/t_or_fh_m/f_auto/v1/cr/32/23/00/37/32230037_e893020|https://photos.encuentra24.com/t_or_fh_m/f_auto/v1/cr/32/43/49/87/32434987_08da276
encuentra24,31921139,https://www.encuentra24.com/costa-rica-es/bienes-raices-alquiler-casas/alquiler-de-casa-en-desamparados/31921139,rent,active,San José provincia,Desamparados,,Alquiler de casa en desamparados,"SE ALQUILA CASA EN CONDOMINIO – DESAMPARADOS Ubicación: A 400 metros del cruce de San Miguel, Desamparados. DISTRIBUCIÓN 1 habitación principal con clóset 1 habitación secundaria con clóset 1 baño completo Cocina con muebles de melanina y sobre de cuarzo Patio Calentador de agua Parqueo techado para 2 vehículos. CONDOMINIO Seguridad 24/7 Amenidades en uso: Cancha sintética Rancho BBQ Rancho para eventos Próximamente: Parque infantil Parque para mascotas Rancho BBQ adicional Cancha de básquet Área de CrossFit. UBICACIÓN ESTRATÉGICA A 20 minutos de San José centro Escuelas y colegios cercanos Centros comerciales a 5 minutos Clínica Marcial Fallas a 5 minutos. Para más información o agendar visita, contáctanos.",Condo,2 Bedrooms,2 Bathrooms,2 Vehicles,,50–100m²,,"{""Water""}",Urban,{},,,,450000,USD,+50684166371,https://photos.encuentra24.com/t_or_fh_m/f_auto/v1/cr/31/92/11/39/31921139_e260859|https://photos.encuentra24.com/t_or_fh_m/f_auto/v1/cr/31/92/11/39/31921139_773da96|https://photos.encuentra24.com/t_or_fh_m/f_auto/v1/cr/31/92/11/39/31921139_0a0d641|https://photos.encuentra24.com/t_or_fh_m/f_auto/v1/cr/31/92/11/39/31921139_d55cc67|https://photos.encuentra24.com/t_or_fh_m/f_auto/v1/cr/31/92/11/39/31921139_b7c7404|https://photos.encuentra24.com/t_or_fh_m/f_auto/v1/cr/31/92/11/39/31921139_73e9757|https://photos.encuentra24.com/t_or_fh_m/f_auto/v1/cr/31/92/11/39/31921139_f2cbde4|https://photos.encuentra24.com/t_or_fh_m/f_auto/v1/cr/31/92/11/39/31921139_fc23bbb|https://photos.encuentra24.com/t_or_fh_m/f_auto/v1/cr/31/92/11/39/31921139_66906ec|https://photos.encuentra24.com/t_or_fh_m/f_auto/v1/cr/31/92/11/39/31921139_7d50844|https://photos.encuentra24.com/t_or_fh_m/f_auto/v1/cr/31/92/11/39/31921139_26a37d0|https://photos.encuentra24.com/t_or_fh_m/f_auto/v1/cr/31/92/11/39/31921139_3b5254a|https://photos.encuentra24.com/t_or_fh_m/f_auto/v1/cr/31/92/11/39/31921139_77607d6|https://photos.encuentra24.com/t_or_fh_m/f_auto/v1/cr/31/92/11/39/31921139_dc89401|https://photos.encuentra24.com/t_or_fh_m/f_auto/v1/cr/31/92/11/39/31921139_cef23c1|https://photos.encuentra24.com/t_user_logo/v1/users/logo/13/68/24/72/13682472_dc1f17|https://photos.encuentra24.com/t_cnseal/v1697642511/cnseal/652ff80f42db6_Verified%20badge.png|https://photos.encuentra24.com/t_or_fh_m/f_auto/v1/cr/32/18/35/06/32183506_8c72498|https://photos.encuentra24.com/t_or_fh_m/f_auto/v1/cr/32/32/16/46/32321646_8030793541147a0029c445080524b2b0-c5bb77b|https://photos.encuentra24.com/t_or_fh_m/f_auto/v1/cr/32/66/32/92/32663292_368cac9c6ed3e19cb07b48045dc937cc-7ea5623|https://photos.encuentra24.com/t_or_fh_m/f_auto/v1/cr/32/52/89/52/32528952_d073ecd|https://photos.encuentra24.com/t_or_fh_m/f_auto/v1/cr/32/43/98/79/32439879_8ea0748|https://photos.encuentra24.com/t_or_fh_m/f_auto/v1/cr/32/64/54/47/32645447_de8a3bc|https://photos.encuentra24.com/t_or_fh_m/f_auto/v1/cr/32/57/37/26/32573726_28d114|https://photos.encuentra24.com/t_or_fh_m/f_auto/v1/cr/32/57/79/29/32577929_0c89352|https://photos.encuentra24.com/t_or_fh_m/f_auto/v1/cr/32/11/95/93/32119593_94f7ca2|https://photos.encuentra24.com/t_or_fh_m/f_auto/v1/cr/32/06/17/68/32061768_fb7cb1b2ca2ed1aabf96a062ed00f538-d0b9b0b|https://photos.encuentra24.com/t_or_fh_m/f_auto/v1/cr/32/26/96/95/32269695_0ac0857|https://photos.encuentra24.com/t_or_fh_m/f_auto/v1/cr/32/37/45/94/32374594_54e1ee7e9a2101db771044238a47310e-a0bd6c0|https://photos.encuentra24.com/t_or_fh_m/f_auto/v1/cr/32/17/56/03/32175603_31ed5ba4a25269ee7ea791691961aa9b-8a6d6b0|https://photos.encuentra24.com/t_or_fh_m/f_auto/v1/cr/32/49/03/22/32490322_0623d54a3def167a21815de94fc88ec1-641b846
encuentra24,31825070,https://www.encuentra24.com/costa-rica-es/bienes-raices-alquiler-alquiler-de-oficinas/se-alquila-oficina-en-san-rafael-de-escazu/31825070,rent,active,San José provincia,Escazú,San Rafael,Se Alquila Oficina en San Rafael de Escazu,"Centro Comercial El Cruce, en el corazón de la Milla de Oro. Singular oficina con techos altos, AC y mucho carácter en un solo gran espacio de aproximadamente 32 m2, con mucha luz y ventilación cruzada. Ideal para oficina de diseño en general. Consultorio y/o oficina privada. Amplio eastacionamiento. Baterías de baños condominales. Seguridad las 24 horas. Precfio icluye la cuota de mantenimiento e IVA.",Condo,,,,,,<100m²,"{""Electricity""}",Riverfront|Urban,{},,,,950,USD,+50689950844,https://photos.encuentra24.com/t_or_fh_m/f_auto/v1/cr/31/82/50/70/31825070_a8e2c3|https://photos.encuentra24.com/t_or_fh_m/f_auto/v1/cr/31/82/50/70/31825070_7bc780|https://photos.encuentra24.com/t_or_fh_m/f_auto/v1/cr/31/82/50/70/31825070_a4b9a1|https://photos.encuentra24.com/t_or_fh_m/f_auto/v1/cr/31/82/50/70/31825070_8a763c|https://photos.encuentra24.com/t_or_fh_m/f_auto/v1/cr/31/82/50/70/31825070_f2fbf0|https://photos.encuentra24.com/t_or_fh_m/f_auto/v1/cr/31/82/50/70/31825070_c24ba6|https://photos.encuentra24.com/t_or_fh_m/f_auto/v1/cr/31/82/50/70/31825070_f0b82c|https://photos.encuentra24.com/t_or_fh_m/f_auto/v1/cr/31/82/50/70/31825070_61ae05|https://photos.encuentra24.com/t_or_fh_m/f_auto/v1/cr/31/82/50/70/31825070_8659d3|https://photos.encuentra24.com/t_user_logo/v1/users/logo/59/92/19/599219_7eda60|https://photos.encuentra24.com/t_cnseal/v1697642511/cnseal/652ff80f42db6_Verified%20badge.png|https://photos.encuentra24.com/t_or_fh_m/f_auto/v1/cr/32/11/85/64/32118564_20d7eda|https://photos.encuentra24.com/t_or_fh_m/f_auto/v1/cr/30/67/72/97/30677297_809478|https://photos.encuentra24.com/t_or_fh_m/f_auto/v1/cr/30/68/62/19/30686219_386560|https://photos.encuentra24.com/t_or_fh_m/f_auto/v1/cr/28/14/40/38/28144038_bfecbf
encuentra24,32408848,https://www.encuentra24.com/costa-rica-es/bienes-raices-alquiler-apartamentos/apartamento-con-linea-blanca-en-nunciatura-cosmopolitan-tower/32408848,rent,active,San José provincia,San José Capital,Rohrmoser,Apartamento con linea blanca en Nunciatura | Cosmopolitan Tower,"Se alquila apartamento con linea blanca completa en Cosmopolitan Tower Nunciatura, Vista al Oeste (no da a la construcción). - 1 habitación - 1 baño - sin parqueo Amenidades: - Piscina recreativa - Gimnasio totalmente equipado - Sauna - Terraza rooftop con vistas panorámicas - Lounge social - Sala de cine privada - Espacios de coworking - Sala de conferencias o reuniones - Concierge y seguridad 24/7 - Sala de masajes Ubicada en un sector céntrico, Cosmopolitan se encuentra a pocos minutos de centros comerciales, restaurantes de alta gama, parques y principales vías de acceso, brindándote una conexión inmejorable con toda la ciudad.",Condo,1 Bedroom,1 Bathroom,,,,,{},Urban,{},,,,900,USD,+50689329455,https://photos.encuentra24.com/t_or_fh_m/f_auto/v1/cr/32/40/88/48/32408848_a0da9fa|https://photos.encuentra24.com/t_or_fh_m/f_auto/v1/cr/32/40/88/48/32408848_07502a1|https://photos.encuentra24.com/t_or_fh_m/f_auto/v1/cr/32/40/88/48/32408848_f6b9533|https://photos.encuentra24.com/t_or_fh_m/f_auto/v1/cr/32/40/88/48/32408848_d81f149|https://photos.encuentra24.com/t_or_fh_m/f_auto/v1/cr/32/40/88/48/32408848_bcdd38b|https://photos.encuentra24.com/t_or_fh_m/f_auto/v1/cr/32/40/88/48/32408848_1bdee64|https://photos.encuentra24.com/t_or_fh_m/f_auto/v1/cr/32/40/88/48/32408848_f38efc3|https://photos.encuentra24.com/t_or_fh_m/f_auto/v1/cr/32/40/88/48/32408848_a93e1f4|https://photos.encuentra24.com/t_or_fh_m/f_auto/v1/cr/32/40/88/48/32408848_2ad1d89|https://photos.encuentra24.com/t_or_fh_m/f_auto/v1/cr/32/40/88/48/32408848_7fa9391|https://photos.encuentra24.com/t_or_fh_m/f_auto/v1/cr/32/40/88/48/32408848_d80f79d|https://photos.encuentra24.com/t_or_fh_m/f_auto/v1/cr/32/40/88/48/32408848_2d0841d|https://photos.encuentra24.com/t_or_fh_m/f_auto/v1/cr/32/40/88/48/32408848_f30b257|https://photos.encuentra24.com/t_or_fh_m/f_auto/v1/cr/32/40/88/48/32408848_1f43614|https://photos.encuentra24.com/t_or_fh_m/f_auto/v1/cr/32/40/88/48/32408848_f877f99|https://photos.encuentra24.com/t_or_fh_m/f_auto/v1/cr/32/40/88/48/32408848_417fa26|https://photos.encuentra24.com/t_or_fh_m/f_auto/v1/cr/32/40/88/48/32408848_8a8060c|https://photos.encuentra24.com/t_or_fh_m/f_auto/v1/cr/32/40/88/48/32408848_bb3ee10|https://photos.encuentra24.com/t_or_fh_m/f_auto/v1/cr/32/66/26/24/32662624_e47b8dd583a723a6aa4b79e0736a90d6-6b1b048|https://photos.encuentra24.com/t_or_fh_m/f_auto/v1/cr/31/86/16/24/31861624_ce55935|https://photos.encuentra24.com/t_or_fh_m/f_auto/v1/cr/32/53/65/34/32536534_12a70e1cc411fdee3073b8e7da690676-6bfadf8|https://photos.encuentra24.com/t_or_fh_m/f_auto/v1/cr/32/50/11/24/32501124_1b4a11e|https://photos.encuentra24.com/t_or_fh_m/f_auto/v1/cr/32/46/76/44/32467644_0af5800|https://photos.encuentra24.com/t_or_fh_m/f_auto/v1/cr/32/66/68/93/32666893_ab848b50a7f2c5dc57f4043108556739-a8ef0f7|https://photos.encuentra24.com/t_or_fh_m/f_auto/v1/cr/32/66/65/03/32666503_ed5b96cd7885405f1e732eb813f0ebb0-f793ca8|https://photos.encuentra24.com/t_or_fh_m/f_auto/v1/cr/32/51/85/04/32518504_ddabf3e|https://photos.encuentra24.com/t_or_fh_m/f_auto/v1/cr/32/60/46/99/32604699_f36052d|https://photos.encuentra24.com/t_or_fh_m/f_auto/v1/cr/32/51/74/38/32517438_111a677|https://photos.encuentra24.com/t_or_fh_m/f_auto/v1/cr/32/52/82/14/32528214_a7d3a68|https://photos.encuentra24.com/t_or_fh_m/f_auto/v1/cr/32/56/55/42/32565542_4ff8357|https://photos.encuentra24.com/t_or_fh_m/f_auto/v1/cr/32/29/57/36/32295736_8a0478b|https://photos.encuentra24.com/t_or_fh_m/f_auto/v1/cr/32/60/05/92/32600592_aa5b4b8
encuentra24,31732587,https://www.encuentra24.com/costa-rica-es/bienes-raices-alquiler-apartamentos/alquiler-de-apartamento-amueblado-en-condominio-en-la-uruca/31732587,rent,active,San José provincia,San José Capital,Uruca,Alquiler de apartamento amueblado en condominio en La Uruca.,"Apartamento amueblado en Condominio ubicado en La Uruca. Seguridad 24/7, cerca del Hospital México, salida a la ruta General Cañas, supermercados cerca. Amenidades: Piscina, gimnasio, cow working, rancho para actividades, BBQ. Distribución: Apartamento de dos habitaciones, la principal con walk in closet, baño privado, sala, comedor y cocina amplia, con balcones, desayunador, área de lavandería, habitación secundaria con closets, baño completo. Acabados, pisos porcelanato, cocinas con materia prima europea, material hidrofugo, sobre de cuarzo, baño con sobre de mármol. Contáctenos para una visita.",Condo,2 Bedrooms,2 Bathrooms,1 Vehicle,,,,{},,{},Walkable,,,1350,USD,+50687101286,https://photos.encuentra24.com/t_or_fh_m/f_auto/v1/cr/31/73/25/87/31732587_e6c1b5|https://photos.encuentra24.com/t_or_fh_m/f_auto/v1/cr/31/73/25/87/31732587_aa7607|https://photos.encuentra24.com/t_or_fh_m/f_auto/v1/cr/31/73/25/87/31732587_e37892|https://photos.encuentra24.com/t_or_fh_m/f_auto/v1/cr/31/73/25/87/31732587_688341|https://photos.encuentra24.com/t_or_fh_m/f_auto/v1/cr/31/73/25/87/31732587_20e9b1|https://photos.encuentra24.com/t_or_fh_m/f_auto/v1/cr/31/73/25/87/31732587_2a8278|https://photos.encuentra24.com/t_or_fh_m/f_auto/v1/cr/31/73/25/87/31732587_a34a30|https://photos.encuentra24.com/t_or_fh_m/f_auto/v1/cr/31/73/25/87/31732587_4e8a3e|https://photos.encuentra24.com/t_or_fh_m/f_auto/v1/cr/31/73/25/87/31732587_769829|https://photos.encuentra24.com/t_or_fh_m/f_auto/v1/cr/31/73/25/87/31732587_824c54|https://photos.encuentra24.com/t_user_logo/v1/users/logo/28/14/40/2814400_bb32a0|https://photos.encuentra24.com/t_cnseal/v1594676252/cnseal/5f0cd41c4a555_Bildschirmfotocccbr.png|https://photos.encuentra24.com/t_or_fh_m/f_auto/v1/cr/31/30/69/07/31306907_c803f6|https://photos.encuentra24.com/t_or_fh_m/f_auto/v1/cr/32/53/13/37/32531337_9f040d870f6d81b371cb3d67a01ff565-5723730|https://photos.encuentra24.com/t_or_fh_m/f_auto/v1/cr/30/98/94/77/30989477_7d85b8|https://photos.encuentra24.com/t_or_fh_m/f_auto/v1/cr/31/71/69/16/31716916_0923bb|https://photos.encuentra24.com/t_or_fh_m/f_auto/v1/cr/32/34/77/46/32347746_5526d621fa2c55eaf029f5524bddeb0d-705be00|https://photos.encuentra24.com/t_or_fh_m/f_auto/v1/cr/31/47/37/76/31473776_e145c4|https://photos.encuentra24.com/t_or_fh_m/f_auto/v1/cr/32/58/26/55/32582655_fd523ab|https://photos.encuentra24.com/t_or_fh_m/f_auto/v1/cr/32/05/30/66/32053066_3d47bf42c7a939578bc97863fe821abe-6432ed6|https://photos.encuentra24.com/t_or_fh_m/f_auto/v1/cr/31/19/03/76/31190376_dcb326|https://photos.encuentra24.com/t_or_fh_m/f_auto/v1/cr/32/65/50/46/32655046_e30f7e04ea4a26f8395911a057e9bb53-e7723b1|https://photos.encuentra24.com/t_or_fh_m/f_auto/v1/cr/32/65/50/67/32655067_8b275af34564e8da799965999cbadd46-7d39d73|https://photos.encuentra24.com/t_or_fh_m/f_auto/v1/cr/32/01/96/82/32019682_96855314639a1d35ded3d68257a4a847-f73796a|https://photos.encuentra24.com/t_or_fh_m/f_auto/v1/cr/31/95/06/40/31950640_9ec9228652e68b6e2edcc0bc6c485311-73eee10|https://photos.encuentra24.com/t_or_fh_m/f_auto/v1/cr/31/47/32/61/31473261_d7cc77
encuentra24,32024156,https://www.encuentra24.com/costa-rica-es/bienes-raices-alquiler-apartamentos/se-alquila-aparta-hotel-babylon/32024156,rent,active,San José provincia,San José Capital,Rohrmoser,Se alquila Aparta Hotel Babylon,"Ubicación: Torre Babylon, San José, Costa Rica. Características del apartamento: Apartamento completamente nuevo para estrenar 2 habitaciones con closet 2 baños completos y puertas de vidrio Aire acondicionado en todo el apto Horno y plantilla empotadra Centro de lavado Refrigeradora Sala – comedor Cortinas blackout No tiene parqueo interno solo alrededor de la zona Amenidades del condominio: Seguridad 24/7 Áreas sociales: restaurante, gimnasio, jardin Zen, terraza con vistas preciosas y una piscina increible en el ultimo piso, area co-working Control de acceso Una ubicación centrica, rodeado de restaurantes, cafeterias, supermercado Estrenelo Usted",Condo,2 Bedrooms,2 Bathrooms,,,,,{},Riverfront|Urban,{},,,,1900,USD,+50683210873,https://photos.encuentra24.com/t_or_fh_m/f_auto/v1/cr/32/02/41/56/32024156_b09242c|https://photos.encuentra24.com/t_or_fh_m/f_auto/v1/cr/32/02/41/56/32024156_876d589|https://photos.encuentra24.com/t_or_fh_m/f_auto/v1/cr/32/02/41/56/32024156_59d4b14|https://photos.encuentra24.com/t_or_fh_m/f_auto/v1/cr/32/02/41/56/32024156_04c7447|https://photos.encuentra24.com/t_or_fh_m/f_auto/v1/cr/32/02/41/56/32024156_2fc7808|https://photos.encuentra24.com/t_or_fh_m/f_auto/v1/cr/32/02/41/56/32024156_84104b9|https://photos.encuentra24.com/t_or_fh_m/f_auto/v1/cr/32/02/41/56/32024156_0831c59|https://photos.encuentra24.com/t_or_fh_m/f_auto/v1/cr/32/02/41/56/32024156_b193710|https://photos.encuentra24.com/t_or_fh_m/f_auto/v1/cr/32/02/41/56/32024156_c21fc2d|https://photos.encuentra24.com/t_or_fh_m/f_auto/v1/cr/32/02/41/56/32024156_09aa4d2|https://photos.encuentra24.com/t_or_fh_m/f_auto/v1/cr/32/02/41/56/32024156_5fa7ab3|https://photos.encuentra24.com/t_or_fh_m/f_auto/v1/cr/32/02/41/56/32024156_a2fece6|https://photos.encuentra24.com/t_or_fh_m/f_auto/v1/cr/32/02/41/56/32024156_838d4c2|https://photos.encuentra24.com/t_or_fh_m/f_auto/v1/cr/32/02/41/56/32024156_4a59866|https://photos.encuentra24.com/t_or_fh_m/f_auto/v1/cr/32/02/41/56/32024156_d9118c5|https://photos.encuentra24.com/t_or_fh_m/f_auto/v1/cr/32/02/41/56/32024156_071a7aa|https://photos.encuentra24.com/t_or_fh_m/f_auto/v1/cr/32/02/41/56/32024156_5cfee22|https://photos.encuentra24.com/t_or_fh_m/f_auto/v1/cr/32/02/41/56/32024156_4ee3b04|https://photos.encuentra24.com/t_or_fh_m/f_auto/v1/cr/32/02/41/56/32024156_88e51a9|https://photos.encuentra24.com/t_or_fh_m/f_auto/v1/cr/32/02/41/56/32024156_e2cf621|https://photos.encuentra24.com/t_or_fh_m/f_auto/v1/cr/32/65/71/98/32657198_fe7ce54|https://photos.encuentra24.com/t_or_fh_m/f_auto/v1/cr/32/64/37/88/32643788_3f9d7946161cc6a1bb49e2792c0e5513-9ce76c2|https://photos.encuentra24.com/t_or_fh_m/f_auto/v1/cr/29/16/64/18/29166418_a1ad3c|https://photos.encuentra24.com/t_or_fh_m/f_auto/v1/cr/32/23/46/08/32234608_ec7a6dad65a4c55d9fc856513212f040-fe97380|https://photos.encuentra24.com/t_or_fh_m/f_auto/v1/cr/24/93/75/98/24937598_16d84a|https://photos.encuentra24.com/t_or_fh_m/f_auto/v1/cr/32/51/27/58/32512758_afb4c0e07687530d3f45fd8bd502dc51-ca02c80|https://photos.encuentra24.com/t_or_fh_m/f_auto/v1/cr/32/52/63/18/32526318_6fc03f9587306f99e8a90cfac28208b6-c68f090|https://photos.encuentra24.com/t_or_fh_m/f_auto/v1/cr/32/45/77/56/32457756_04aabc2|https://photos.encuentra24.com/t_or_fh_m/f_auto/v1/cr/32/55/69/94/32556994_4583acda985a569293784bdb06f8fc6b-1bf1e30|https://photos.encuentra24.com/t_or_fh_m/f_auto/v1/cr/32/55/73/18/32557318_73afb1e1e7811b227c23f64c3dbc839c-e42c0a6|https://photos.encuentra24.com/t_or_fh_m/f_auto/v1/cr/32/59/18/47/32591847_22d172f422eb1d6f5f6ec9598943a3fc-d9fc091|https://photos.encuentra24.com/t_or_fh_m/f_auto/v1/cr/32/59/19/27/32591927_4fb580d4254e971efe24500d0a83effd-ea72b86|https://photos.encuentra24.com/t_or_fh_m/f_auto/v1/cr/32/03/90/80/32039080_9ab78735c53b19991fd64f17aad45054-fc4a724|https://photos.encuentra24.com/t_or_fh_m/f_auto/v1/cr/32/53/58/42/32535842_ca268e95325118c4a215dda06ed233fa-456bc11
encuentra24,30768085,https://www.encuentra24.com/costa-rica-es/bienes-raices-alquiler-alquiler-de-oficinas/alquiler-18-oficinas-heredia-centro/30768085,rent,active,Heredia provincia,Heredia,Heredia,Alquiler 18 oficinas Heredia Centro,"Alquiler de 18 amplias oficinas en el centro de Heredia. Cuenta con recepción en el primer piso, ascensor, escaleras, salida de emergencia, batería de baños, etc Cerca de comercio, escuela, parada de buses, estación del tren, parqueos públicos. Muy bien ubicado. Medida: 1.100 m2 Precio del alquiler $6.500 mensuales + IVA Para agendar una visita me puede llamar. #oficina #alquiler #heredia #estudos #universidades #centrodeidiomas #centrouniversitario",Commercial Property,,,,,,,{},Riverfront|Urban,{},,,,6500,USD,+50689699138,https://photos.encuentra24.com/t_or_fh_m/f_auto/v1/cr/30/76/80/85/30768085_bd7b62|https://photos.encuentra24.com/t_or_fh_m/f_auto/v1/cr/30/76/80/85/30768085_b3587d|https://photos.encuentra24.com/t_or_fh_m/f_auto/v1/cr/30/76/80/85/30768085_89c7a9|https://photos.encuentra24.com/t_or_fh_m/f_auto/v1/cr/30/76/80/85/30768085_6553ce|https://photos.encuentra24.com/t_or_fh_m/f_auto/v1/cr/30/76/80/85/30768085_131bcf|https://photos.encuentra24.com/t_or_fh_m/f_auto/v1/cr/30/76/80/85/30768085_e2fec0|https://photos.encuentra24.com/t_or_fh_m/f_auto/v1/cr/30/76/80/85/30768085_fb059c|https://photos.encuentra24.com/t_or_fh_m/f_auto/v1/cr/30/76/80/85/30768085_336dae|https://photos.encuentra24.com/t_or_fh_m/f_auto/v1/cr/30/76/80/85/30768085_bb7ffa|https://photos.encuentra24.com/t_or_fh_m/f_auto/v1/cr/30/76/80/85/30768085_c02005|https://photos.encuentra24.com/t_or_fh_m/f_auto/v1/cr/30/76/80/85/30768085_f804cb|https://photos.encuentra24.com/t_or_fh_m/f_auto/v1/cr/32/59/82/61/32598261_31d97b6|https://photos.encuentra24.com/t_or_fh_m/f_auto/v1/cr/25/69/12/42/25691242_c6debc|https://photos.encuentra24.com/t_or_fh_m/f_auto/v1/cr/30/82/97/66/30829766_2509c0|https://photos.encuentra24.com/t_or_fh_m/f_auto/v1/cr/31/87/77/87/31877787_77e25e|https://photos.encuentra24.com/t_or_fh_m/f_auto/v1/cr/26/01/67/35/26016735_c80c635|https://photos.encuentra24.com/t_or_fh_m/f_auto/v1/cr/27/96/22/59/27962259_92dd45|https://photos.encuentra24.com/t_or_fh_m/f_auto/v1/cr/31/44/81/75/31448175_4b9102
encuentra24,32122127,https://www.encuentra24.com/costa-rica-es/bienes-raices-alquiler-alquiler-de-oficinas/alquiler-de-oficina-i-el-tobogan/32122127,rent,active,San José provincia,Goicoechea,Calle Blancos,Alquiler de Oficina I| El Tobogán,"En el Centro Corporativo Tobogán, entendemos que el entorno laboral tiene un impacto directo en el bienestar y la productividad de los colaboradores. Por ello, hemos diseñado nuestras oficinas para que no solo sean un espacio de trabajo, sino una experiencia integral que estimule los sentidos y fomente un ambiente de concentración y creatividad. Cada elemento dentro de nuestras instalaciones está cuidadosamente seleccionado para promover la armonía entre confort y eficiencia, creando un entorno dinámico que inspira a los equipos a alcanzar su máximo potencial. Desde la distribución de los espacios, pasando por la iluminación natural y el uso de materiales de alta calidad, hasta las zonas comunes pensadas para el descanso y la interacción, todo está orientado a mejorar la calidad de vida de quienes eligen el Centro Corporativo Tobogán como su lugar de trabajo. Aquí, la productividad no solo es un objetivo, sino un resultado natural de un entorno que favorece el equilibrio, la innovación y el bienestar integral de cada individuo.",Commercial Property,,,4+ Vehicles,,,"1,000–5,000m²",{},Urban,{},,,,44009,USD,+50688322381,https://photos.encuentra24.com/t_or_fh_m/f_auto/v1/cr/32/12/21/27/32122127_a85912b|https://photos.encuentra24.com/t_or_fh_m/f_auto/v1/cr/32/12/21/27/32122127_0481d71|https://photos.encuentra24.com/t_or_fh_m/f_auto/v1/cr/32/12/21/27/32122127_fc7c62a|https://photos.encuentra24.com/t_or_fh_m/f_auto/v1/cr/32/12/21/27/32122127_0781617|https://photos.encuentra24.com/t_or_fh_m/f_auto/v1/cr/32/12/21/27/32122127_9696787|https://photos.encuentra24.com/t_or_fh_m/f_auto/v1/cr/32/12/21/27/32122127_b5ef483|https://photos.encuentra24.com/t_or_fh_m/f_auto/v1/cr/32/12/21/27/32122127_b1ae4e5|https://photos.encuentra24.com/t_or_fh_m/f_auto/v1/cr/32/12/21/27/32122127_f211a65|https://photos.encuentra24.com/t_or_fh_m/f_auto/v1/cr/32/12/21/27/32122127_32ac8f6|https://photos.encuentra24.com/t_or_fh_m/f_auto/v1/cr/32/12/21/27/32122127_dc76a93|https://photos.encuentra24.com/t_or_fh_m/f_auto/v1/cr/32/12/21/27/32122127_5cfe20e|https://photos.encuentra24.com/t_or_fh_m/f_auto/v1/cr/32/12/21/27/32122127_131a4d1|https://photos.encuentra24.com/t_or_fh_m/f_auto/v1/cr/32/12/21/27/32122127_2b844a6|https://photos.encuentra24.com/t_or_fh_m/f_auto/v1/cr/32/12/21/27/32122127_828ce77|https://photos.encuentra24.com/t_or_fh_m/f_auto/v1/cr/32/12/21/27/32122127_5748740|https://photos.encuentra24.com/t_or_fh_m/f_auto/v1/cr/32/12/21/27/32122127_41acb73|https://photos.encuentra24.com/t_cnseal/v1697642511/cnseal/652ff80f42db6_Verified%20badge.png|https://photos.encuentra24.com/t_or_fh_m/f_auto/v1/cr/30/84/04/65/30840465_694016|https://photos.encuentra24.com/t_or_fh_m/f_auto/v1/cr/30/87/16/24/30871624_21fe6f|https://photos.encuentra24.com/t_or_fh_m/f_auto/v1/cr/25/57/03/17/25570317_96a6c8|https://photos.encuentra24.com/t_or_fh_m/f_auto/v1/cr/28/39/46/62/28394662_0eb2f3|https://photos.encuentra24.com/t_or_fh_m/f_auto/v1/cr/28/39/47/80/28394780_629836|https://photos.encuentra24.com/t_or_fh_m/f_auto/v1/cr/28/39/80/49/28398049_6e5e32|https://photos.encuentra24.com/t_or_fh_m/f_auto/v1/cr/30/81/96/82/30819682_fd800b8
encuentra24,32606370,https://www.encuentra24.com/costa-rica-es/bienes-raices-alquiler-alquiler-de-oficinas/se-alquila-propiedad-grande-para-oficinas-negocio-o-vivienda-en-curridabat/32606370,rent,active,San José provincia,Curridabat,Granadilla,"Se alquila propiedad grande para Oficinas, negocio o vivienda en Curridabat","Se alquila propiedad grande para vivienda, negocio, oficinas o comercio. Se alquila propiedad en Curridabat para Oficinas, o habitacional . De 500mts aproximadamente de 5 baños completos y 2 medios baños . Tiene 6 cuartos grandes , 2 salas , ante comedor , cocina con mesa interna , terraza de 120 mts , patio y espacio para 6 carros . Acabados de lujo y con silla ascensor. Tiene 5 bodegas. Ubicación privilegiada para embajadas o negocios. Cerca de Universidades, supermercados, centros comerciales y bancos. En zona tipo AAA. Excelente plusvalía. Precio negociable . Se puede alquilar con opción de compra tanto a nivel comercial como a nivel habitacional. Precio más IVA. Ubicación en Urbanización El Prado. NEGOCIABLE",Commercial Property,,5+ Bathrooms,4+ Vehicles,,,,{},Urban,{},,,,3350,USD,+50660531924,https://photos.encuentra24.com/t_or_fh_m/f_auto/v1/cr/32/60/63/70/32606370_bb2d5fd|https://photos.encuentra24.com/t_or_fh_m/f_auto/v1/cr/32/60/63/70/32606370_57d46c8|https://photos.encuentra24.com/t_or_fh_m/f_auto/v1/cr/32/60/63/70/32606370_db9f712|https://photos.encuentra24.com/t_or_fh_m/f_auto/v1/cr/32/60/63/70/32606370_297019f|https://photos.encuentra24.com/t_or_fh_m/f_auto/v1/cr/32/60/63/70/32606370_d7ce84a|https://photos.encuentra24.com/t_or_fh_m/f_auto/v1/cr/32/60/63/70/32606370_86edaae|https://photos.encuentra24.com/t_or_fh_m/f_auto/v1/cr/32/60/63/70/32606370_5bf6317|https://photos.encuentra24.com/t_or_fh_m/f_auto/v1/cr/32/60/63/70/32606370_aae0289|https://photos.encuentra24.com/t_or_fh_m/f_auto/v1/cr/32/60/63/70/32606370_b1cda73|https://photos.encuentra24.com/t_or_fh_m/f_auto/v1/cr/32/60/63/70/32606370_c60899a|https://photos.encuentra24.com/t_or_fh_m/f_auto/v1/cr/32/60/63/70/32606370_30e0007|https://photos.encuentra24.com/t_or_fh_m/f_auto/v1/cr/32/60/63/70/32606370_c75393b|https://photos.encuentra24.com/t_or_fh_m/f_auto/v1/cr/32/60/63/70/32606370_9b4d6d4|https://photos.encuentra24.com/t_or_fh_m/f_auto/v1/cr/32/60/63/70/32606370_a64f121|https://photos.encuentra24.com/t_or_fh_m/f_auto/v1/cr/32/60/63/70/32606370_9aa577d|https://photos.encuentra24.com/t_or_fh_m/f_auto/v1/cr/32/60/63/70/32606370_2225a41|https://photos.encuentra24.com/t_or_fh_m/f_auto/v1/cr/32/60/63/70/32606370_a7b4853|https://photos.encuentra24.com/t_user_logo/v1/users/logo/12/26/20/84/12262084_06d0d7|https://photos.encuentra24.com/t_cnseal/v1594676252/cnseal/5f0cd41c4a555_Bildschirmfotocccbr.png|https://photos.encuentra24.com/t_or_fh_m/f_auto/v1/cr/32/57/60/21/32576021_65d8720|https://photos.encuentra24.com/t_or_fh_m/f_auto/v1/cr/31/94/82/92/31948292_b3ee43d|https://photos.encuentra24.com/t_or_fh_m/f_auto/v1/cr/31/18/85/35/31188535_3f9595|https://photos.encuentra24.com/t_or_fh_m/f_auto/v1/cr/32/60/60/77/32606077_c12b848|https://photos.encuentra24.com/t_or_fh_m/f_auto/v1/cr/32/40/02/60/32400260_75a67d7|https://photos.encuentra24.com/t_or_fh_m/f_auto/v1/cr/31/24/14/86/31241486_826cae8|https://photos.encuentra24.com/t_or_fh_m/f_auto/v1/cr/31/28/82/47/31288247_dcdf1b7
encuentra24,32123037,https://www.encuentra24.com/costa-rica-es/bienes-raices-alquiler-casas/escazu-bello-horizonte-casa-amplia-y-recien-en-condominio/32123037,rent,active,San José provincia,Escazú,San Rafael,"Escazú, Bello Horizonte, casa amplia y recién, en condominio.","Se Alquila una amplia casa de 227m2 de construcción, con linea blanca, ubicación estratégica en Escazú, Bello Horizonte. Cerca de todo comercios, restaurantes, Walmart, escuela, etc.. Escazú, Bello Horizonte Lote: 346m2 Construcción: 227m2 Línea blanca Alquiler: $3000 LA CASA: -Dormitorios principal con Wall king closet y baño privado. -Dormitorios segundario con amplio balcón con una agradable vista. -Tercer dormitorio. Todas las habitaciones cuentan con aire acondicionado espaciosas y luminosas. -Cuarto de servicio con su baño completo. -Una cómoda sala de televisión. -En total 3.5 baños. -Sala comedor se integran con cocina moderna en concepto abierto. -Oficina privad. -Cuarto de pila. -4 Estacionamientos. -Terraza trasera y patio de zacate natural. AMENIDADES: -Piscina temperada. -Rancho para eventos. -Parque infantil. -Parque para mascotas ANZAHOME Inmobiliaria",Condo,4 Bedrooms,4 Bathrooms,4+ Vehicles,,,,{},Riverfront,{},,,,2700,USD,+50686159999,https://photos.encuentra24.com/t_or_fh_m/f_auto/v1/cr/32/12/30/37/32123037_dd0a491|https://photos.encuentra24.com/t_or_fh_m/f_auto/v1/cr/32/12/30/37/32123037_8ffdac6|https://photos.encuentra24.com/t_or_fh_m/f_auto/v1/cr/32/12/30/37/32123037_e539e4d|https://photos.encuentra24.com/t_or_fh_m/f_auto/v1/cr/32/12/30/37/32123037_bd3f1b6|https://photos.encuentra24.com/t_or_fh_m/f_auto/v1/cr/32/12/30/37/32123037_d681f9e|https://photos.encuentra24.com/t_or_fh_m/f_auto/v1/cr/32/12/30/37/32123037_088f73f|https://photos.encuentra24.com/t_or_fh_m/f_auto/v1/cr/32/12/30/37/32123037_686a028|https://photos.encuentra24.com/t_or_fh_m/f_auto/v1/cr/32/12/30/37/32123037_5636a1f|https://photos.encuentra24.com/t_or_fh_m/f_auto/v1/cr/32/12/30/37/32123037_e360a36|https://photos.encuentra24.com/t_or_fh_m/f_auto/v1/cr/32/12/30/37/32123037_745b758|https://photos.encuentra24.com/t_or_fh_m/f_auto/v1/cr/32/12/30/37/32123037_4902882|https://photos.encuentra24.com/t_or_fh_m/f_auto/v1/cr/32/12/30/37/32123037_ebef0dc|https://photos.encuentra24.com/t_or_fh_m/f_auto/v1/cr/32/12/30/37/32123037_2793c20|https://photos.encuentra24.com/t_or_fh_m/f_auto/v1/cr/32/12/30/37/32123037_a009879|https://photos.encuentra24.com/t_or_fh_m/f_auto/v1/cr/32/12/30/37/32123037_72bd253|https://photos.encuentra24.com/t_or_fh_m/f_auto/v1/cr/32/12/30/37/32123037_a59170e|https://photos.encuentra24.com/t_or_fh_m/f_auto/v1/cr/32/12/30/37/32123037_d88ef3c|https://photos.encuentra24.com/t_user_logo/v1/users/logo/11/13/16/1113164_1b2f5e|https://photos.encuentra24.com/t_or_fh_m/f_auto/v1/cr/31/95/52/85/31955285_cfe2554630711f55ed7c06e6769d4a1a-6bbd6f5|https://photos.encuentra24.com/t_or_fh_m/f_auto/v1/cr/32/67/11/25/32671125_03ad59fcd7037ee53daccb6efefd31d4-0046711|https://photos.encuentra24.com/t_or_fh_m/f_auto/v1/cr/31/95/14/25/31951425_b362014|https://photos.encuentra24.com/t_or_fh_m/f_auto/v1/cr/32/55/24/55/32552455_92481cf|https://photos.encuentra24.com/t_or_fh_m/f_auto/v1/cr/32/23/12/75/32231275_fe5852f|https://photos.encuentra24.com/t_or_fh_m/f_auto/v1/cr/32/38/00/65/32380065_36bda8|https://photos.encuentra24.com/t_or_fh_m/f_auto/v1/cr/32/16/96/75/32169675_d20730a168f4d5d60034de9e7ce20e4f-fb78c09|https://photos.encuentra24.com/t_or_fh_m/f_auto/v1/cr/32/00/58/61/32005861_76869c0|https://photos.encuentra24.com/t_or_fh_m/f_auto/v1/cr/32/62/99/61/32629961_0c5be2e|https://photos.encuentra24.com/t_or_fh_m/f_auto/v1/cr/32/37/82/15/32378215_b2a9619|https://photos.encuentra24.com/t_or_fh_m/f_auto/v1/cr/32/43/91/46/32439146_9609d55|https://photos.encuentra24.com/t_or_fh_m/f_auto/v1/cr/32/28/77/47/32287747_0040a4a|https://photos.encuentra24.com/t_or_fh_m/f_auto/v1/cr/32/29/81/00/32298100_ed6e9f5|https://photos.encuentra24.com/t_or_fh_m/f_auto/v1/cr/32/11/84/23/32118423_114b1be
encuentra24,32606394,https://www.encuentra24.com/costa-rica-es/bienes-raices-alquiler-casas/casa-de-3-habitaciones-con-linea-blanca-en-parques-del-sol/32606394,rent,active,San José provincia,Santa Ana,Brasil,Casa de 3 Habitaciones con Línea Blanca en Parques del Sol,"ID # 1039 Casa con línea blanca de tres habitaciones en el Condominio Parques del Sol, la misma cuenta con 261m2 de construcción en tres niveles que se distribuyen de la siguiente manera: Primer Nivel: -Bodega -Cochera techada para 2 vehículos -1/2 baño de visitas -Sala comedor con A/C -Cocina con línea blanca e isla, incluye Refrigerador, plantilla, Cocina, lava-platos y extractor de grasa -Cuarto de Pilas con lavadora y secadora independientes, cuenta con amplio espacio de closets para almacenamiento -Cuarto de Servicio con baño completo -Terraza techada -Jardín trasero y lateral Segundo Nivel: -Sala de TV con balcón -Habitación principal con espacioso balcón con vista a las montañas, cortinas tipo roller up, ventilador de techo, A/C, walk in closet y baño completo con doble lava-manos -2 Habitaciones secundarias cada una con su closet, cortinas, ventilador de techo y una de ellas cuenta con A/C -1 baño completo que comparten las habitaciones secundarias Tercer Nivel: -Espacio flexible que puede servir de 4ta habitación, oficina o sala adicional El Condominio cuenta con: -Seguridad 24/7 -Piscina con carril de nado -Supermercado -Canchas de Tennis -Zona verdes -Parqueo de visitas -Zona de BBQ -Gimnasio -Cancha de Futbol",Condo,3 Bedrooms,3 Bathrooms,2 Vehicles,,,,{},Mountain View,"{""Steep Slope""}",Walkable,,,2100,USD,+50684919696,https://photos.encuentra24.com/t_or_fh_m/f_auto/v1/cr/32/60/63/94/32606394_36f3c05|https://photos.encuentra24.com/t_or_fh_m/f_auto/v1/cr/32/60/63/94/32606394_3ce5dfda47a9c1f81e3f902b79325d0f-6d884c5|https://photos.encuentra24.com/t_or_fh_m/f_auto/v1/cr/32/60/63/94/32606394_3ce5dfda47a9c1f81e3f902b79325d0f-c346f69|https://photos.encuentra24.com/t_or_fh_m/f_auto/v1/cr/32/60/63/94/32606394_3ce5dfda47a9c1f81e3f902b79325d0f-470876b|https://photos.encuentra24.com/t_or_fh_m/f_auto/v1/cr/32/60/63/94/32606394_3ce5dfda47a9c1f81e3f902b79325d0f-94c8c8d|https://photos.encuentra24.com/t_or_fh_m/f_auto/v1/cr/32/60/63/94/32606394_3ce5dfda47a9c1f81e3f902b79325d0f-fa37f70|https://photos.encuentra24.com/t_or_fh_m/f_auto/v1/cr/32/60/63/94/32606394_3ce5dfda47a9c1f81e3f902b79325d0f-28a7e4b|https://photos.encuentra24.com/t_or_fh_m/f_auto/v1/cr/32/60/63/94/32606394_3ce5dfda47a9c1f81e3f902b79325d0f-f722057|https://photos.encuentra24.com/t_or_fh_m/f_auto/v1/cr/32/60/63/94/32606394_3ce5dfda47a9c1f81e3f902b79325d0f-e5db5bb|https://photos.encuentra24.com/t_or_fh_m/f_auto/v1/cr/32/60/63/94/32606394_3ce5dfda47a9c1f81e3f902b79325d0f-8e32157|https://photos.encuentra24.com/t_or_fh_m/f_auto/v1/cr/32/60/63/94/32606394_3ce5dfda47a9c1f81e3f902b79325d0f-750935c|https://photos.encuentra24.com/t_or_fh_m/f_auto/v1/cr/32/60/63/94/32606394_3ce5dfda47a9c1f81e3f902b79325d0f-39e3d3a|https://photos.encuentra24.com/t_or_fh_m/f_auto/v1/cr/32/60/63/94/32606394_3ce5dfda47a9c1f81e3f902b79325d0f-fa08669|https://photos.encuentra24.com/t_or_fh_m/f_auto/v1/cr/32/60/63/94/32606394_3ce5dfda47a9c1f81e3f902b79325d0f-f6e4821|https://photos.encuentra24.com/t_or_fh_m/f_auto/v1/cr/32/60/63/94/32606394_3ce5dfda47a9c1f81e3f902b79325d0f-9ef057a|https://photos.encuentra24.com/t_or_fh_m/f_auto/v1/cr/32/60/63/94/32606394_3ce5dfda47a9c1f81e3f902b79325d0f-f7f1ae9|https://photos.encuentra24.com/t_or_fh_m/f_auto/v1/cr/32/60/63/94/32606394_3ce5dfda47a9c1f81e3f902b79325d0f-901fb89|https://photos.encuentra24.com/t_or_fh_m/f_auto/v1/cr/32/60/63/94/32606394_3ce5dfda47a9c1f81e3f902b79325d0f-c023091|https://photos.encuentra24.com/t_or_fh_m/f_auto/v1/cr/32/60/63/94/32606394_3ce5dfda47a9c1f81e3f902b79325d0f-a5b8701|https://photos.encuentra24.com/t_or_fh_m/f_auto/v1/cr/32/60/63/94/32606394_3ce5dfda47a9c1f81e3f90|https://photos.encuentra24.com/t_cnseal/v1697642511/cnseal/652ff80f42db6_Verified%20badge.png|https://photos.encuentra24.com/t_or_fh_m/f_auto/v1/cr/32/35/20/25/32352025_de54c1afc77e9502d6d1f3a2aa4bcaa3-7f9fac6|https://photos.encuentra24.com/t_or_fh_m/f_auto/v1/cr/31/48/96/15/31489615_ebe9de|https://photos.encuentra24.com/t_or_fh_m/f_auto/v1/cr/32/41/61/74/32416174_75b0e3cbb73cddbe5ac484898c8c46e3-12da3d0|https://photos.encuentra24.com/t_or_fh_m/f_auto/v1/cr/32/60/72/23/32607223_bb3be38|https://photos.encuentra24.com/t_or_fh_m/f_auto/v1/cr/32/49/04/03/32490403_970d8a1651b779b4e25878ef696d08fb-50b2f09|https://photos.encuentra24.com/t_or_fh_m/f_auto/v1/cr/32/45/75/03/32457503_23768d28619792d10290daedef149fd6-c72668a|https://photos.encuentra24.com/t_or_fh_m/f_auto/v1/cr/23/44/84/62/23448462_3d15b7|https://photos.encuentra24.com/t_or_fh_m/f_auto/v1/cr/32/62/72/07/32627207_2ee3d73789c1157d4c6e191c4b4e55ff-2820c79|https://photos.encuentra24.com/t_or_fh_m/f_auto/v1/cr/32/43/43/17/32434317_c294cb3|https://photos.encuentra24.com/t_or_fh_m/f_auto/v1/cr/32/25/73/44/32257344_3d39ae145eae4ffe1923cc93808ff325-956f082|https://photos.encuentra24.com/t_or_fh_m/f_auto/v1/cr/32/65/89/93/32658993_ef1ff261311b3f4c097c0c91930478e7-15a3602|https://photos.encuentra24.com/t_or_fh_m/f_auto/v1/cr/32/04/17/40/32041740_4b9146efc01bbd86cbbe563971a6e82f-bbb7973|https://photos.encuentra24.com/t_or_fh_m/f_auto/v1/cr/32/33/22/75/32332275_a37e8462c23a158ca0e4404a38fd1353-c8f015a|https://photos.encuentra24.com/t_or_fh_m/f_auto/v1/cr/32/33/22/93/32332293_d6771c86efd2ef18a132b83be1986a19-7a96a07
encuentra24,32606416,https://www.encuentra24.com/costa-rica-es/bienes-raices-alquiler-apartamentos-amueblados/alquiler-de-apartamento-amoblado-en-rorhmoser-nunciatura-qbo/32606416,rent,active,San José provincia,San José Capital,Rohrmoser,"Alquiler de apartamento amoblado en Rorhmoser,Nunciatura, QBO","Alquiler de apartamento totalmente amoblado en QBO. Rorhmoser, Nunciatura En el piso 9 1 habitacion Cocina integrada con sala-comedor. 1 baño Terraza Lavanderia interna 1 parqueo No mascota. Aire acondicionado Amenidades: gym, area bbq, piscina, area cowrking, seguridad 24/7 y lobbie. Total M2; 50m2 Precio; $1300",Condo,1 Bedroom,1 Bathroom,1 Vehicle,,,,{},,{},,,,1300,USD,+50688699281,https://photos.encuentra24.com/t_or_fh_m/f_auto/v1/cr/32/60/64/16/32606416_d3268588a7f1608c654dbb564cdd9ade-61cdccf|https://photos.encuentra24.com/t_or_fh_m/f_auto/v1/cr/32/60/64/16/32606416_d3268588a7f1608c654dbb564cdd9ade-42501df|https://photos.encuentra24.com/t_or_fh_m/f_auto/v1/cr/32/60/64/16/32606416_d3268588a7f1608c654dbb564cdd9ade-77e1ddd|https://photos.encuentra24.com/t_or_fh_m/f_auto/v1/cr/32/60/64/16/32606416_d3268588a7f1608c654dbb564cdd9ade-7d100b7|https://photos.encuentra24.com/t_or_fh_m/f_auto/v1/cr/32/60/64/16/32606416_d3268588a7f1608c654dbb564cdd9ade-661cce8|https://photos.encuentra24.com/t_or_fh_m/f_auto/v1/cr/32/60/64/16/32606416_d3268588a7f1608c654dbb564cdd9ade-3eb5bee|https://photos.encuentra24.com/t_or_fh_m/f_auto/v1/cr/32/60/64/16/32606416_d3268588a7f1608c654dbb564cdd9ade-df4800c|https://photos.encuentra24.com/t_or_fh_m/f_auto/v1/cr/32/60/64/16/32606416_d3268588a7f1608c654dbb564cdd9ade-913ef4c|https://photos.encuentra24.com/t_or_fh_m/f_auto/v1/cr/32/60/64/16/32606416_d3268588a7f1608c654dbb564cdd9ade-7e54108|https://photos.encuentra24.com/t_or_fh_m/f_auto/v1/cr/32/60/64/16/32606416_d3268588a7f1608c654dbb564cdd9ade-2d24480|https://photos.encuentra24.com/t_or_fh_m/f_auto/v1/cr/32/60/64/16/32606416_d3268588a7f1608c654dbb564cdd9ade-cb3577b|https://photos.encuentra24.com/t_or_fh_m/f_auto/v1/cr/32/60/64/16/32606416_d3268588a7f1608c654dbb564cdd9ade-c1e1b09|https://photos.encuentra24.com/t_or_fh_m/f_auto/v1/cr/32/60/64/16/32606416_d3268588a7f1608c654dbb564cdd9ade-52e3a5c|https://photos.encuentra24.com/t_or_fh_m/f_auto/v1/cr/32/60/64/16/32606416_d3268588a7f1608c654dbb564cdd9ade-a95144d|https://photos.encuentra24.com/t_or_fh_m/f_auto/v1/cr/32/60/64/16/32606416_d3268588a7f1608c654dbb564cdd9ade-df864f7|https://photos.encuentra24.com/t_user_logo/v1/users/logo/63/76/21/6376216_d36dfe|https://photos.encuentra24.com/t_or_fh_m/f_auto/v1/cr/32/66/79/49/32667949_29ec9f9|https://photos.encuentra24.com/t_or_fh_m/f_auto/v1/cr/32/65/36/39/32653639_4b35f65|https://photos.encuentra24.com/t_or_fh_m/f_auto/v1/cr/32/65/36/59/32653659_f8b9c0bae5f5a4540c56848b968162e7-9cbcc2b|https://photos.encuentra24.com/t_or_fh_m/f_auto/v1/cr/32/63/74/29/32637429_ea87ef828a8e9a639fa4eb8b479ab891-de46080|https://photos.encuentra24.com/t_or_fh_m/f_auto/v1/cr/32/45/73/29/32457329_0faf07200dde2fcda039b908be413406-d2108e8|https://photos.encuentra24.com/t_or_fh_m/f_auto/v1/cr/32/12/89/59/32128959_7e065f|https://photos.encuentra24.com/t_or_fh_m/f_auto/v1/cr/31/97/07/08/31970708_45eb818|https://photos.encuentra24.com/t_or_fh_m/f_auto/v1/cr/32/53/62/54/32536254_26694c8|https://photos.encuentra24.com/t_or_fh_m/f_auto/v1/cr/32/16/00/95/32160095_1224033c06a417740bb8bdc5a6ef9103-0446d6f|https://photos.encuentra24.com/t_or_fh_m/f_auto/v1/cr/32/60/05/15/32600515_17682cb|https://photos.encuentra24.com/t_or_fh_m/f_auto/v1/cr/30/80/20/08/30802008_414f09|https://photos.encuentra24.com/t_or_fh_m/f_auto/v1/cr/31/19/60/88/31196088_959ec4|https://photos.encuentra24.com/t_or_fh_m/f_auto/v1/cr/29/86/10/61/29861061_a729a9|https://photos.encuentra24.com/t_or_fh_m/f_auto/v1/cr/32/59/98/45/32599845_6f4c7e31f66846152741967cd4c79f88-b97f7ed
encuentra24,32607383,https://www.encuentra24.com/costa-rica-es/bienes-raices-alquiler-apartamentos/alto-de-las-palomas-vista-espectacular-2-habitaciones-175m2/32607383,rent,active,San José provincia,Santa Ana,Santa Ana Centro,*Alto de las Palomas - Vista Espectacular - 2 Habitaciones - 175m2,"Amplio apartamento de 2 recámaras en Alto de las Palomas Disfrute de comodidad, privacidad y vistas impresionantes en este espacioso apartamento en el segundo piso, idealmente ubicado en una calle tranquila de Alto de las Palomas, entre Escazú y Santa Ana. Con hermosa luz natural, brisa refrescante y fácil acceso a las exuberantes áreas verdes del condominio, este hogar ofrece una experiencia de vida excepcional. La distribución cuidadosamente diseñada incluye una amplia cocina, un espacio versátil que puede funcionar como comedor formal o sala de televisión, y una espaciosa sala de estar con acceso a un balcón con vistas increíbles. La recámara principal cuenta con su propio balcón privado, un amplio vestidor y un baño completo. La recámara secundaria también tiene acceso a un balcón privado y se encuentra junto a un baño completo. Además, cuenta con un medio baño para visitas y un cuarto de lavandería independiente. Características del apartamento * 2 recámaras * 2.5 baños * Amplia cocina con electrodomésticos incluidos * Comedor formal o sala de TV flexible * Amplia sala de estar con balcón y vistas panorámicas * Recámara principal con: * Balcón privado * Amplio vestidor * Baño privado espacioso * Recámara secundaria con: * Acceso a balcón privado * Baño completo contiguo * Medio baño para visitas * Lavadero independiente * Abundante luz natural en todo el apartamento * Excelente ventilación cruzada y brisa constante * Ubicado en el segundo piso con fácil acceso a las áreas comunes del condominio * Incluye bodega Servicios del condominio * Piscina * Casa club * Jardines y áreas comunes impecablemente mantenidos * Seguridad 24/7 con guardias en el lugar * Ambiente residencial tranquilo * Edificio con solo dos apartamentos por piso para mayor privacidad Ubicación privilegiada Ubicado en la codiciada zona de Alto de las Palomas, este apartamento ofrece fácil acceso a Escazú y Santa Ana, manteniendo la tranquilidad de una calle residencial. Disfrute de la cercanía a tiendas, restaurantes, centros de negocios, colegios internacionales y todas las comodidades de los suburbios del oeste de San José. Esta es una oportunidad única para disfrutar de un espacio amplio, vistas espectaculares y un entorno tranquilo en una de las zonas más cotizadas de la región. Contáctenos hoy!",Condo,2 Bedrooms,3 Bathrooms,2 Vehicles,,100–200m²,,"{""Electricity""}",Urban,"{""Steep Slope""}",,,,2100,USD,+50689754990,https://photos.encuentra24.com/t_or_fh_m/f_auto/v1/cr/32/60/73/83/32607383_a280d3e9f674626d98032822c06ec4b2-64ab70a|https://photos.encuentra24.com/t_or_fh_m/f_auto/v1/cr/32/60/73/83/32607383_a280d3e9f674626d98032822c06ec4b2-5ab5245|https://photos.encuentra24.com/t_or_fh_m/f_auto/v1/cr/32/60/73/83/32607383_a280d3e9f674626d98032822c06ec4b2-a00a7b9|https://photos.encuentra24.com/t_or_fh_m/f_auto/v1/cr/32/60/73/83/32607383_a280d3e9f674626d98032822c06ec4b2-264e0d1|https://photos.encuentra24.com/t_or_fh_m/f_auto/v1/cr/32/60/73/83/32607383_a280d3e9f674626d98032822c06ec4b2-358f355|https://photos.encuentra24.com/t_or_fh_m/f_auto/v1/cr/32/60/73/83/32607383_a280d3e9f674626d98032822c06ec4b2-6a352e6|https://photos.encuentra24.com/t_or_fh_m/f_auto/v1/cr/32/60/73/83/32607383_a280d3e9f674626d98032822c06ec4b2-984ad78|https://photos.encuentra24.com/t_or_fh_m/f_auto/v1/cr/32/60/73/83/32607383_a280d3e9f674626d98032822c06ec4b2-45df754|https://photos.encuentra24.com/t_or_fh_m/f_auto/v1/cr/32/60/73/83/32607383_a280d3e9f674626d98032822c06ec4b2-0fd3dad|https://photos.encuentra24.com/t_or_fh_m/f_auto/v1/cr/32/60/73/83/32607383_a280d3e9f674626d98032822c06ec4b2-d2509c1|https://photos.encuentra24.com/t_or_fh_m/f_auto/v1/cr/32/60/73/83/32607383_a280d3e9f674626d98032822c06ec4b2-6d6eb51|https://photos.encuentra24.com/t_or_fh_m/f_auto/v1/cr/32/60/73/83/32607383_a280d3e9f674626d98032822c06ec4b2-66646e3|https://photos.encuentra24.com/t_or_fh_m/f_auto/v1/cr/32/60/73/83/32607383_a280d3e9f674626d98032822c06ec4b2-5519251|https://photos.encuentra24.com/t_or_fh_m/f_auto/v1/cr/32/60/73/83/32607383_a280d3e9f674626d98032822c06ec4b2-6e889bc|https://photos.encuentra24.com/t_or_fh_m/f_auto/v1/cr/32/60/73/83/32607383_a280d3e9f674626d98032822c06ec4b2-3ab76a2|https://photos.encuentra24.com/t_or_fh_m/f_auto/v1/cr/32/60/73/83/32607383_a280d3e9f674626d98032822c06ec4b2-28cb1bf|https://photos.encuentra24.com/t_or_fh_m/f_auto/v1/cr/32/60/73/83/32607383_a280d3e9f674626d98032822c06ec4b2-3c71781|https://photos.encuentra24.com/t_user_logo/v1/users/logo/78/95/27/789527_675514|https://photos.encuentra24.com/t_cnseal/v1594676252/cnseal/5f0cd41c4a555_Bildschirmfotocccbr.png|https://photos.encuentra24.com/t_or_fh_m/f_auto/v1/cr/32/53/50/39/32535039_88634551b1f276dcd68447d373e02e9a-b6ce896|https://photos.encuentra24.com/t_or_fh_m/f_auto/v1/cr/32/29/15/19/32291519_0af17d2|https://photos.encuentra24.com/t_or_fh_m/f_auto/v1/cr/32/55/23/69/32552369_475a26c47f916c09712c319779266495-2b7e1df|https://photos.encuentra24.com/t_or_fh_m/f_auto/v1/cr/32/54/05/99/32540599_b5143b5|https://photos.encuentra24.com/t_or_fh_m/f_auto/v1/cr/32/54/05/59/32540559_eb73f21|https://photos.encuentra24.com/t_or_fh_m/f_auto/v1/cr/32/44/98/09/32449809_a21ccaa|https://photos.encuentra24.com/t_or_fh_m/f_auto/v1/cr/32/31/09/08/32310908_6b93f7ff56f1a8d4d2319884cf738495-154f5b6|https://photos.encuentra24.com/t_or_fh_m/f_auto/v1/cr/30/74/37/75/30743775_790ad2c|https://photos.encuentra24.com/t_or_fh_m/f_auto/v1/cr/32/48/65/33/32486533_1a153d4bc310b0349695a10b6932ffaa-dd09a75|https://photos.encuentra24.com/t_or_fh_m/f_auto/v1/cr/32/60/74/64/32607464_81200a7f77fc1442722dd4d95b23684b-f95cc1b|https://photos.encuentra24.com/t_or_fh_m/f_auto/v1/cr/32/60/75/67/32607567_90c4a2683ac2b62605f386e83af0126f-7c69a97|https://photos.encuentra24.com/t_or_fh_m/f_auto/v1/cr/32/61/00/44/32610044_54b7ef0|https://photos.encuentra24.com/t_or_fh_m/f_auto/v1/cr/32/51/34/35/32513435_fb9bfac|https://photos.encuentra24.com/t_or_fh_m/f_auto/v1/cr/32/61/01/79/32610179_c80d11ce6c901b26886d9a0f6b7b06fd-ef48bd7
encuentra24,32607849,https://www.encuentra24.com/costa-rica-es/bienes-raices-alquiler-casas/alquiler-de-casa-en-condominio-barlovento-curridabat-san-jose/32607849,rent,active,San José provincia,Curridabat,Granadilla,"Alquiler de Casa en Condominio Barlovento, Curridabat, San José","Viva con la comodidad, seguridad y tranquilidad que su familia merece en uno de los condominios más atractivos de la zona. Esta hermosa casa de dos niveles ofrece espacios amplios, funcionales y un jardín privado ideal para disfrutar en familia o con sus mascotas. Características principales: 150 m² de construcción 136 m² de terreno 3 dormitorios 2.5 baños Sala, comedor y cocina integrados Terraza y jardín con zacate artificial Cuarto de servicio Bodega Parqueo para 3 vehículos Alquiler: $1,350 mensuales o 675,000 Una excelente oportunidad para quienes buscan una casa lista para habitar, con una distribución práctica y espacios pensados para el confort diario. Contáctenos para agendar su visita y conocer esta propiedad. ¡Será un gusto atenderle!",Condo,3 Bedrooms,3 Bathrooms,3 Vehicles,,100–200m²,,{},,{},,,,1350,USD,+50688205550,https://photos.encuentra24.com/t_or_fh_m/f_auto/v1/cr/32/60/78/49/32607849_a06dcf433d596cf8977bd38cb324180f-b20db6e|https://photos.encuentra24.com/t_or_fh_m/f_auto/v1/cr/32/60/78/49/32607849_a06dcf433d596cf8977bd38cb324180f-284da83|https://photos.encuentra24.com/t_or_fh_m/f_auto/v1/cr/32/60/78/49/32607849_a06dcf433d596cf8977bd38cb324180f-23ab47e|https://photos.encuentra24.com/t_or_fh_m/f_auto/v1/cr/32/60/78/49/32607849_a06dcf433d596cf8977bd38cb324180f-74ae2c2|https://photos.encuentra24.com/t_or_fh_m/f_auto/v1/cr/32/60/78/49/32607849_a06dcf433d596cf8977bd38cb324180f-ea14ef2|https://photos.encuentra24.com/t_or_fh_m/f_auto/v1/cr/32/60/78/49/32607849_a06dcf433d596cf8977bd38cb324180f-c494aa8|https://photos.encuentra24.com/t_or_fh_m/f_auto/v1/cr/32/60/78/49/32607849_a06dcf433d596cf8977bd38cb324180f-f7ff60d|https://photos.encuentra24.com/t_or_fh_m/f_auto/v1/cr/32/60/78/49/32607849_a06dcf433d596cf8977bd38cb324180f-8d6ca2a|https://photos.encuentra24.com/t_or_fh_m/f_auto/v1/cr/32/60/78/49/32607849_a06dcf433d596cf8977bd38cb324180f-17b7c85|https://photos.encuentra24.com/t_or_fh_m/f_auto/v1/cr/32/60/78/49/32607849_a06dcf433d596cf8977bd38cb324180f-517f8d6|https://photos.encuentra24.com/t_or_fh_m/f_auto/v1/cr/32/60/78/49/32607849_a06dcf433d596cf8977bd38cb324180f-d1c8e7f|https://photos.encuentra24.com/t_or_fh_m/f_auto/v1/cr/32/61/16/97/32611697_efcd92edf452910d277f642826162a64-d315900|https://photos.encuentra24.com/t_or_fh_m/f_auto/v1/cr/32/57/57/23/32575723_1a8ad4c|https://photos.encuentra24.com/t_or_fh_m/f_auto/v1/cr/32/48/36/48/32483648_9b62b79|https://photos.encuentra24.com/t_or_fh_m/f_auto/v1/cr/32/63/96/09/32639609_922bfb15a5b6e15484ae6bc67f9de893-687d7df|https://photos.encuentra24.com/t_or_fh_m/f_auto/v1/cr/30/24/15/29/30241529_0d6248|https://photos.encuentra24.com/t_or_fh_m/f_auto/v1/cr/32/33/98/67/32339867_76a7d04|https://photos.encuentra24.com/t_or_fh_m/f_auto/v1/cr/32/28/06/56/32280656_10e5cb4|https://photos.encuentra24.com/t_or_fh_m/f_auto/v1/cr/32/60/81/26/32608126_fd9116b248ac6b8e4ec8f3f69ab4986b-4351761|https://photos.encuentra24.com/t_or_fh_m/f_auto/v1/cr/32/60/79/95/32607995_9589ab8b79d84fdad4e2c850216c27bb-80861b7|https://photos.encuentra24.com/t_or_fh_m/f_auto/v1/cr/32/60/80/93/32608093_ca8c35cb4551431f6bb542e13bb3c3d7-f9a77ae|https://photos.encuentra24.com/t_or_fh_m/f_auto/v1/cr/32/48/91/56/32489156_b2ed593b343317674f358d7c44098e54-523f346|https://photos.encuentra24.com/t_or_fh_m/f_auto/v1/cr/32/60/78/61/32607861_dac2711031db76c54c27a0e6135bbf05-2f36e3f|https://photos.encuentra24.com/t_or_fh_m/f_auto/v1/cr/32/48/73/54/32487354_92420a9974aee7eb2cb60180d0a90b04-0b54a1c|https://photos.encuentra24.com/t_or_fh_m/f_auto/v1/cr/32/60/79/33/32607933_1498d3bfbe41aa010e48637b15ede290-76bbd53
encuentra24,32608126,https://www.encuentra24.com/costa-rica-es/bienes-raices-alquiler-apartamentos/apartamento-premium-en-alquiler-nunciatura-rohrmoser-san-jose/32608126,rent,active,San José provincia,San José Capital,Rohrmoser,"Apartamento Premium en Alquiler | Nunciatura, Rohrmoser, San José","Viva con estilo en una de las ubicaciones más exclusivas y cotizadas de San José. Ubicado en el corazón de Nunciatura, este moderno apartamento ofrece la combinación perfecta entre confort, diseño y una ubicación privilegiada. A solo minutos del Parque Metropolitano La Sabana y rodeado de restaurantes, cafeterías, supermercados y todos los servicios esenciales para disfrutar de un estilo de vida urbano. El apartamento se alquila sin muebles e incluye únicamente línea blanca. Características de la propiedad: 1 amplia habitación Walking closet 1 baño completo 1 espacio de parqueo (con opción de alquilar un segundo) Cocina equipada con línea blanca: Refrigeradora Plantilla de cocina Horno Extractor Lavaplatos Torre de lavado y secadora Amenidades del edificio: Piscina Jacuzzi Sauna Gimnasio totalmente equipado Área de BBQ Áreas sociales diseñadas para el descanso, la recreación y el entretenimiento Alquiler mensual: $1,450 USD Ideal para profesionales, ejecutivos o parejas que buscan vivir en una de las zonas de mayor plusvalía de la capital, con todas las comodidades y excelente conectividad. Contáctenos para más información o agendar una visita. GO Real Estate Encuentre el espacio ideal para vivir con comodidad, exclusividad y una excelente ubicación.",Condo,1 Bedroom,1 Bathroom,1 Vehicle,,,,{},Urban,{},Walkable,,,1450,USD,+50683198212,https://photos.encuentra24.com/t_or_fh_m/f_auto/v1/cr/32/60/81/26/32608126_fd9116b248ac6b8e4ec8f3f69ab4986b-4351761|https://photos.encuentra24.com/t_or_fh_m/f_auto/v1/cr/32/60/81/26/32608126_fd9116b248ac6b8e4ec8f3f69ab4986b-f8ecf00|https://photos.encuentra24.com/t_or_fh_m/f_auto/v1/cr/32/60/81/26/32608126_fd9116b248ac6b8e4ec8f3f69ab4986b-52e5af6|https://photos.encuentra24.com/t_or_fh_m/f_auto/v1/cr/32/60/81/26/32608126_fd9116b248ac6b8e4ec8f3f69ab4986b-0ad4374|https://photos.encuentra24.com/t_or_fh_m/f_auto/v1/cr/32/60/81/26/32608126_fd9116b248ac6b8e4ec8f3f69ab4986b-3c51dd0|https://photos.encuentra24.com/t_or_fh_m/f_auto/v1/cr/32/60/81/26/32608126_fd9116b248ac6b8e4ec8f3f69ab4986b-0ee111f|https://photos.encuentra24.com/t_or_fh_m/f_auto/v1/cr/32/60/81/26/32608126_fd9116b248ac6b8e4ec8f3f69ab4986b-de8cc02|https://photos.encuentra24.com/t_or_fh_m/f_auto/v1/cr/32/60/81/26/32608126_fd9116b248ac6b8e4ec8f3f69ab4986b-8a950ea|https://photos.encuentra24.com/t_or_fh_m/f_auto/v1/cr/32/60/81/26/32608126_fd9116b248ac6b8e4ec8f3f69ab4986b-95fc957|https://photos.encuentra24.com/t_or_fh_m/f_auto/v1/cr/32/60/81/26/32608126_fd9116b248ac6b8e4ec8f3f69ab4986b-201dd9d|https://photos.encuentra24.com/t_or_fh_m/f_auto/v1/cr/32/60/81/26/32608126_fd9116b248ac6b8e4ec8f3f69ab4986b-d62dd42|https://photos.encuentra24.com/t_or_fh_m/f_auto/v1/cr/32/39/78/25/32397825_31892ad|https://photos.encuentra24.com/t_or_fh_m/f_auto/v1/cr/32/66/72/45/32667245_e0c730d23991f6edb75a21c3abc5a5a4-1c8f377|https://photos.encuentra24.com/t_or_fh_m/f_auto/v1/cr/32/66/21/45/32662145_dbd25e87548a24cb4f82ed8831797e21-4fabd66|https://photos.encuentra24.com/t_or_fh_m/f_auto/v1/cr/32/56/66/65/32566665_6cbc1434b6340edb7480b49088d6b8c5-9baf55c|https://photos.encuentra24.com/t_or_fh_m/f_auto/v1/cr/32/50/21/15/32502115_de9142d184e441c6e5c3155cfc2ad697-3b449cc|https://photos.encuentra24.com/t_or_fh_m/f_auto/v1/cr/32/23/51/45/32235145_a5f0df79c7580a876ec10cee387618c1-bfd7d29|https://photos.encuentra24.com/t_or_fh_m/f_auto/v1/cr/30/69/01/35/30690135_f9dadb|https://photos.encuentra24.com/t_or_fh_m/f_auto/v1/cr/32/60/78/49/32607849_a06dcf433d596cf8977bd38cb324180f-b20db6e|https://photos.encuentra24.com/t_or_fh_m/f_auto/v1/cr/32/60/79/95/32607995_9589ab8b79d84fdad4e2c850216c27bb-80861b7|https://photos.encuentra24.com/t_or_fh_m/f_auto/v1/cr/32/60/80/93/32608093_ca8c35cb4551431f6bb542e13bb3c3d7-f9a77ae|https://photos.encuentra24.com/t_or_fh_m/f_auto/v1/cr/32/48/91/56/32489156_b2ed593b343317674f358d7c44098e54-523f346|https://photos.encuentra24.com/t_or_fh_m/f_auto/v1/cr/32/60/78/61/32607861_dac2711031db76c54c27a0e6135bbf05-2f36e3f|https://photos.encuentra24.com/t_or_fh_m/f_auto/v1/cr/32/48/73/54/32487354_92420a9974aee7eb2cb60180d0a90b04-0b54a1c|https://photos.encuentra24.com/t_or_fh_m/f_auto/v1/cr/32/60/79/33/32607933_1498d3bfbe41aa010e48637b15ede290-76bbd53
encuentra24,32608260,https://www.encuentra24.com/costa-rica-es/bienes-raices-alquiler-cuartos/se-alquila-habitacion-amueblada-para-estrenar-en-sabana-norte-con-servicios-incluidos/32608260,rent,active,San José provincia,San José Capital,Rohrmoser,Se alquila Habitación Amueblada para estrenar en Sabana Norte con Servicios incluidos,"Habitación SUITE PLATINO, todo para estrenar con cama FULL, QUEEN o KING, equipada con Aire acondicionado, Televisor, closet, puesto de trabajo dentro de la habitación, Wifi, baño amplio con agua caliente, secador de pelo. La habitación está dentro de una Casa Familiar en Sabana Norte a 200 metros del estadio nacional, lugar muy tranquilo, seguro, restaurantes y comercios cercanos, se alquila por días, semanas, meses y años. Cocina compartida Zona de lavandería compartida Zonas Comunes compartidas Seguridad, con cámaras 24 horas Servicios Incluidos. Se alquila únicamente a personas solas, cuando el alquiler sea mayor a 30 días se deben cumplir los siguientes requisitos: - Contrato de alquiler firmado ante notario - Deben tener empleo formal con más de un año de antigüedad - Demostrar ingresos como mínimo por el doble del valor del alquiler. - No estar reportados en la centrales de riesgo - Debe tener un codeudor solvente y que no esté reportado. - Se exige depósito del DOBLE del alquiler. Valor del alquiler DESDE 250.000 colones por mes.",House,1 Bedroom,,,,,,"{""Water""}",Riverfront,{},,,,250000,CRC,+50662339228,https://photos.encuentra24.com/t_or_fh_m/f_auto/v1/cr/32/60/82/60/32608260_5ec22997b990d574bf46a195e8f20822-2598d5c|https://photos.encuentra24.com/t_or_fh_m/f_auto/v1/cr/32/60/82/60/32608260_5ec22997b990d574bf46a195e8f20822-4745420|https://photos.encuentra24.com/t_or_fh_m/f_auto/v1/cr/32/60/82/60/32608260_5ec22997b990d574bf46a195e8f20822-a5f521e|https://photos.encuentra24.com/t_or_fh_m/f_auto/v1/cr/32/60/82/60/32608260_5ec22997b990d574bf46a195e8f20822-0a99088|https://photos.encuentra24.com/t_or_fh_m/f_auto/v1/cr/32/60/82/60/32608260_5ec22997b990d574bf46a195e8f20822-59f63c7|https://photos.encuentra24.com/t_or_fh_m/f_auto/v1/cr/32/60/82/60/32608260_5ec22997b990d574bf46a195e8f20822-49a60bf|https://photos.encuentra24.com/t_or_fh_m/f_auto/v1/cr/32/60/82/60/32608260_5ec22997b990d574bf46a195e8f20822-eb6e54a|https://photos.encuentra24.com/t_or_fh_m/f_auto/v1/cr/32/60/82/60/32608260_5ec22997b990d574bf46a195e8f20822-b96ccf9|https://photos.encuentra24.com/t_or_fh_m/f_auto/v1/cr/32/60/82/60/32608260_5ec22997b990d574bf46a195e8f20822-45286fa|https://photos.encuentra24.com/t_or_fh_m/f_auto/v1/cr/32/60/82/60/32608260_5ec22997b990d574bf46a195e8f20822-b21ab57|https://photos.encuentra24.com/t_or_fh_m/f_auto/v1/cr/32/60/82/60/32608260_5ec22997b990d574bf46a195e8f20822-8e59151|https://photos.encuentra24.com/t_or_fh_m/f_auto/v1/cr/32/60/82/60/32608260_5ec22997b990d574bf46a195e8f20822-ee903fd|https://photos.encuentra24.com/t_or_fh_m/f_auto/v1/cr/32/60/82/60/32608260_5ec22997b990d574bf46a195e8f20822-8fa704d|https://photos.encuentra24.com/t_or_fh_m/f_auto/v1/cr/32/60/82/60/32608260_5ec22997b990d574bf46a195e8f20822-23d5fdd|https://photos.encuentra24.com/t_or_fh_m/f_auto/v1/cr/32/60/82/60/32608260_5ec22997b990d574bf46a195e8f20822-e96476e|https://photos.encuentra24.com/t_or_fh_m/f_auto/v1/cr/32/60/82/60/32608260_5ec22997b990d574bf46a195e8f20822-217cfb5|https://photos.encuentra24.com/t_or_fh_m/f_auto/v1/cr/32/60/82/60/32608260_5ec22997b990d574bf46a195e8f20822-28bf028|https://photos.encuentra24.com/t_or_fh_m/f_auto/v1/cr/32/60/82/60/32608260_5ec22997b990d574bf46a195e8f20822-b85aedf|https://photos.encuentra24.com/t_or_fh_m/f_auto/v1/cr/32/57/80/91/32578091_3d1661c5f4fd14ce8b4605adc9d4f3ef-8644204
encuentra24,32028359,https://www.encuentra24.com/costa-rica-es/bienes-raices-alquiler-casas/alquiler-de-moderna-casa-para-estrenar-ubicada-en-santa-ana-con-linea-blanca-completa/32028359,rent,active,San José provincia,Santa Ana,,Alquiler de moderna casa para estrenar ubicada en Santa Ana con linea blanca completa.,"Alquiler de moderna casa en condominio ubicado en Santa Ana, completamente nueva. 3 AIRES ACONDICIONADOS Precio de alquiler: $2.100 Construcción: 185m2. 3 habitaciones | 2.5 baños | 2 parqueos | Sala de TV. Se incluye toda la línea blanca (refrigeradora, torre hornos, plantilla, extractor y lavaplatos, lavadora y secadora). 3 aires acondicionados, cortinas y blackouts. Amplia habitación principal con su baño y walk-in closet. Área que se puede utilizar como sala de TV u oficina. Amenidades: Piscinas | Gimnasios | Casas Club | Área de Co-Working | Salones Multiuso | Cancha de fútbol 5, Multiuso, Tennis y Squash | Anfiteatro | Pet Parks | Mini Golf | Beer Garden | Huerta Orgánica.",Condo,3 Bedrooms,3 Bathrooms,2 Vehicles,,100–200m²,,{},,{},Walkable,,,2100,USD,+50671787838,https://photos.encuentra24.com/t_or_fh_m/f_auto/v1/cr/32/02/83/59/32028359_e788943155906d429700d0dccc5cbe0e-a576f68|https://photos.encuentra24.com/t_or_fh_m/f_auto/v1/cr/32/02/83/59/32028359_e788943155906d429700d0dccc5cbe0e-6b2565a|https://photos.encuentra24.com/t_or_fh_m/f_auto/v1/cr/32/02/83/59/32028359_e788943155906d429700d0dccc5cbe0e-b77c3dd|https://photos.encuentra24.com/t_or_fh_m/f_auto/v1/cr/32/02/83/59/32028359_e788943155906d429700d0dccc5cbe0e-803a0ff|https://photos.encuentra24.com/t_or_fh_m/f_auto/v1/cr/32/02/83/59/32028359_e788943155906d429700d0dccc5cbe0e-6bb9bbf|https://photos.encuentra24.com/t_or_fh_m/f_auto/v1/cr/32/02/83/59/32028359_e788943155906d429700d0dccc5cbe0e-d6deb64|https://photos.encuentra24.com/t_or_fh_m/f_auto/v1/cr/32/02/83/59/32028359_e788943155906d429700d0dccc5cbe0e-6aa63c2|https://photos.encuentra24.com/t_or_fh_m/f_auto/v1/cr/32/02/83/59/32028359_e788943155906d429700d0dccc5cbe0e-409a2d3|https://photos.encuentra24.com/t_or_fh_m/f_auto/v1/cr/32/02/83/59/32028359_e788943155906d429700d0dccc5cbe0e-cbbbf49|https://photos.encuentra24.com/t_or_fh_m/f_auto/v1/cr/32/02/83/59/32028359_e788943155906d429700d0dccc5cbe0e-7187652|https://photos.encuentra24.com/t_or_fh_m/f_auto/v1/cr/32/02/83/59/32028359_e788943155906d429700d0dccc5cbe0e-b9a857b|https://photos.encuentra24.com/t_or_fh_m/f_auto/v1/cr/32/02/83/59/32028359_e788943155906d429700d0dccc5cbe0e-b46c7a2|https://photos.encuentra24.com/t_or_fh_m/f_auto/v1/cr/32/02/83/59/32028359_e788943155906d429700d0dccc5cbe0e-88490a5|https://photos.encuentra24.com/t_or_fh_m/f_auto/v1/cr/32/02/83/59/32028359_e788943155906d429700d0dccc5cbe0e-ddfa6a9|https://photos.encuentra24.com/t_or_fh_m/f_auto/v1/cr/32/02/83/59/32028359_e788943155906d429700d0dccc5cbe0e-3638ff2|https://photos.encuentra24.com/t_user_logo/v1/users/logo/13/01/19/1301190_8da809|https://photos.encuentra24.com/t_cnseal/v1697642511/cnseal/652ff80f42db6_Verified%20badge.png|https://photos.encuentra24.com/t_or_fh_m/f_auto/v1/cr/32/67/00/66/32670066_9780bb2b83f61cb1be9ea3b591338f78-f33c5c0|https://photos.encuentra24.com/t_or_fh_m/f_auto/v1/cr/32/46/72/26/32467226_edc0fc2|https://photos.encuentra24.com/t_or_fh_m/f_auto/v1/cr/32/64/46/46/32644646_bb77964e0c60f8c69b07108ebea247bc-465a60a|https://photos.encuentra24.com/t_or_fh_m/f_auto/v1/cr/32/11/04/96/32110496_5e918931578824438a4c357cb78192b7-fc355d0|https://photos.encuentra24.com/t_or_fh_m/f_auto/v1/cr/32/62/90/36/32629036_a33c2e3edac6d9734ecb93fcf51045e6-ffc73e5|https://photos.encuentra24.com/t_or_fh_m/f_auto/v1/cr/32/30/56/26/32305626_e1bce789914c88526abc2f5f9bad6dd1-d20858c|https://photos.encuentra24.com/t_or_fh_m/f_auto/v1/cr/31/61/10/56/31611056_9b79c0|https://photos.encuentra24.com/t_or_fh_m/f_auto/v1/cr/32/32/39/95/32323995_e0a4e71adbac84a5c38711b84197723d-0608592|https://photos.encuentra24.com/t_or_fh_m/f_auto/v1/cr/30/98/38/47/30983847_b26941|https://photos.encuentra24.com/t_or_fh_m/f_auto/v1/cr/31/46/75/39/31467539_e42b3f|https://photos.encuentra24.com/t_or_fh_m/f_auto/v1/cr/32/34/75/48/32347548_3d192500648aaa6965a54eb1c6be95c8-445e4b6|https://photos.encuentra24.com/t_or_fh_m/f_auto/v1/cr/11/98/09/00/11980900_a9a089|https://photos.encuentra24.com/t_or_fh_m/f_auto/v1/cr/32/18/32/23/32183223_de28c3260d928860c5601707de80759e-9ad3d0e|https://photos.encuentra24.com/t_or_fh_m/f_auto/v1/cr/30/64/78/83/30647883_441820
encuentra24,32608370,https://www.encuentra24.com/costa-rica-es/bienes-raices-alquiler-apartamentos/apartamento-alquiler-santa-ana-quintas-don-lalo/32608370,rent,active,San José provincia,Santa Ana,Santa Ana Centro,APARTAMENTO ALQUILER SANTA ANA - QUINTAS DON LALO,"Apartamento en alquiler - Santa Ana, Quintas Don Lalo Apartamento de dos habitaciones ubicado en el residencial Quintas Don Lalo, Santa Ana, en una de las zonas con mayor acceso a servicios de la Gran Área Metropolitana. Su ubicación permite llegar en pocos minutos a supermercados, centros comerciales, bancos, restaurantes y vías principales de acceso. La unidad cuenta con sala y comedor integrados en un espacio amplio y funcional, cocina independiente de buen tamaño con área de pila, y balcón. Incluye un espacio de parqueo asignado. - 2 habitaciones - Sala comedor amplia - Balcón - Cocina amplia - Área de pila - 1 parqueo incluido Ubicación: Quintas Don Lalo, Santa Ana Precio de alquiler: 425.000 colones mensuales Contáctame, soy Jesús Abreu MLS: 26-2231",Condo,2 Bedrooms,2 Bathrooms,1 Vehicle,,,,{},Urban,"{""Steep Slope""}",,,,425000,CRC,+50686325999,https://photos.encuentra24.com/t_or_fh_m/f_auto/v1/cr/32/60/83/70/32608370_9eb2acb581a05130be01e4bf5b9b625d-f9b020c|https://photos.encuentra24.com/t_or_fh_m/f_auto/v1/cr/32/60/83/70/32608370_9eb2acb581a05130be01e4bf5b9b625d-a325a5f|https://photos.encuentra24.com/t_or_fh_m/f_auto/v1/cr/32/60/83/70/32608370_9eb2acb581a05130be01e4bf5b9b625d-033f71a|https://photos.encuentra24.com/t_or_fh_m/f_auto/v1/cr/32/60/83/70/32608370_9eb2acb581a05130be01e4bf5b9b625d-892506d|https://photos.encuentra24.com/t_or_fh_m/f_auto/v1/cr/32/60/83/70/32608370_9eb2acb581a05130be01e4bf5b9b625d-0c0b7f4|https://photos.encuentra24.com/t_or_fh_m/f_auto/v1/cr/32/60/83/70/32608370_9eb2acb581a05130be01e4bf5b9b625d-bbb1880|https://photos.encuentra24.com/t_or_fh_m/f_auto/v1/cr/32/60/83/70/32608370_9eb2acb581a05130be01e4bf5b9b625d-de592a8|https://photos.encuentra24.com/t_or_fh_m/f_auto/v1/cr/32/60/83/70/32608370_9eb2acb581a05130be01e4bf5b9b625d-aa58ba9|https://photos.encuentra24.com/t_or_fh_m/f_auto/v1/cr/32/60/83/70/32608370_9eb2acb581a05130be01e4bf5b9b625d-6880449|https://photos.encuentra24.com/t_or_fh_m/f_auto/v1/cr/32/60/83/70/32608370_9eb2acb581a05130be01e4bf5b9b625d-409e5db|https://photos.encuentra24.com/t_or_fh_m/f_auto/v1/cr/32/60/83/70/32608370_9eb2acb581a05130be01e4bf5b9b625d-c8c0d2e|https://photos.encuentra24.com/t_or_fh_m/f_auto/v1/cr/32/60/83/70/32608370_9eb2acb581a05130be01e4bf5b9b625d-adf8c5d|https://photos.encuentra24.com/t_or_fh_m/f_auto/v1/cr/32/60/83/70/32608370_9eb2acb581a05130be01e4bf5b9b625d-22aa522|https://photos.encuentra24.com/t_or_fh_m/f_auto/v1/cr/32/60/83/70/32608370_9eb2acb581a05130be01e4bf5b9b625d-f6cd0b1|https://photos.encuentra24.com/t_or_fh_m/f_auto/v1/cr/32/60/83/70/32608370_9eb2acb581a05130be01e4bf5b9b625d-a109085|https://photos.encuentra24.com/t_or_fh_m/f_auto/v1/cr/32/60/83/70/32608370_9eb2acb581a05130be01e4bf5b9b625d-5d436b5|https://photos.encuentra24.com/t_or_fh_m/f_auto/v1/cr/32/60/83/70/32608370_9eb2acb581a05130be01e4bf5b9b625d-48b2a24|https://photos.encuentra24.com/t_or_fh_m/f_auto/v1/cr/32/60/83/70/32608370_9eb2acb581a05130be01e4bf5b9b625d-6796339|https://photos.encuentra24.com/t_or_fh_m/f_auto/v1/cr/32/60/83/70/32608370_9eb2acb581a05130be01e4bf5b9b625d-538bdcb|https://photos.encuentra24.com/t_or_fh_m/f_auto/v1/cr/32/67/34/56/32673456_fd13d6a1bd58c1886c238d4dd30ea0d9-ff13081|https://photos.encuentra24.com/t_or_fh_m/f_auto/v1/cr/32/62/32/16/32623216_85a23d4|https://photos.encuentra24.com/t_or_fh_m/f_auto/v1/cr/32/58/67/96/32586796_bdcf07ac9252a0b9a4e97af36d19cb04-919771f|https://photos.encuentra24.com/t_or_fh_m/f_auto/v1/cr/32/66/62/85/32666285_9f6f6293a386294ec436b80d55ae6674-1a0c83f|https://photos.encuentra24.com/t_or_fh_m/f_auto/v1/cr/32/62/72/95/32627295_b6d0bfbbbff168cf3ce783785c620d82-4e43d97|https://photos.encuentra24.com/t_or_fh_m/f_auto/v1/cr/32/66/49/44/32664944_5a2cb0a22f6a12b75516d378da54de05-3ab3169|https://photos.encuentra24.com/t_or_fh_m/f_auto/v1/cr/31/98/32/94/31983294_1cbe624|https://photos.encuentra24.com/t_or_fh_m/f_auto/v1/cr/32/11/03/49/32110349_37988e8|https://photos.encuentra24.com/t_or_fh_m/f_auto/v1/cr/32/63/59/10/32635910_d8292b0793d7c72d29ef0662d2330f5a-746d15f|https://photos.encuentra24.com/t_or_fh_m/f_auto/v1/cr/31/90/23/69/31902369_fe8b6b6|https://photos.encuentra24.com/t_or_fh_m/f_auto/v1/cr/32/12/42/48/32124248_ed5c93e|https://photos.encuentra24.com/t_or_fh_m/f_auto/v1/cr/32/22/63/61/32226361_5dc24ee36ad539f5c1cd4909c416f7eb-3d61406|https://photos.encuentra24.com/t_or_fh_m/f_auto/v1/cr/32/42/29/31/32422931_c6b2c98|https://photos.encuentra24.com/t_or_fh_m/f_auto/v1/cr/32/24/20/11/32242011_7985148
encuentra24,32319435,https://www.encuentra24.com/costa-rica-es/bienes-raices-alquiler-casas/alquiler-casa-nueva-en-santa-ana-lindora/32319435,rent,active,San José provincia,Santa Ana,Lindora,Alquiler casa nueva en Santa Ana - Lindora,"Casa para estrenar en Lindora Village 3 habitaciones Sala Cocina comedor Cocina y Horno empotrados Horno de Microondas con estractor de grasa 2 Parqueos 2,5 baños Sala grande Cuarto principal con Walking Closet Cuartos con Aire acondicionado Patio Condominio con full amenidades",Condo,3 Bedrooms,5+ Bathrooms,2 Vehicles,,100–200m²,,{},,{},Walkable,,,2150,USD,+50683837496,https://photos.encuentra24.com/t_or_fh_m/f_auto/v1/cr/32/31/94/35/32319435_2f5bb02|https://photos.encuentra24.com/t_or_fh_m/f_auto/v1/cr/32/31/94/35/32319435_ab85507|https://photos.encuentra24.com/t_or_fh_m/f_auto/v1/cr/32/31/94/35/32319435_b50573c|https://photos.encuentra24.com/t_or_fh_m/f_auto/v1/cr/32/31/94/35/32319435_0e39931|https://photos.encuentra24.com/t_or_fh_m/f_auto/v1/cr/32/31/94/35/32319435_6a67285|https://photos.encuentra24.com/t_or_fh_m/f_auto/v1/cr/32/31/94/35/32319435_7455c07|https://photos.encuentra24.com/t_or_fh_m/f_auto/v1/cr/32/31/94/35/32319435_693ba7b|https://photos.encuentra24.com/t_or_fh_m/f_auto/v1/cr/32/31/94/35/32319435_1769156|https://photos.encuentra24.com/t_or_fh_m/f_auto/v1/cr/32/31/94/35/32319435_f56048e|https://photos.encuentra24.com/t_or_fh_m/f_auto/v1/cr/32/31/94/35/32319435_396f81d|https://photos.encuentra24.com/t_or_fh_m/f_auto/v1/cr/32/31/94/35/32319435_6b706ae|https://photos.encuentra24.com/t_or_fh_m/f_auto/v1/cr/32/31/94/35/32319435_0b65015|https://photos.encuentra24.com/t_or_fh_m/f_auto/v1/cr/32/31/94/35/32319435_cd1f122|https://photos.encuentra24.com/t_or_fh_m/f_auto/v1/cr/32/31/94/35/32319435_5981bec|https://photos.encuentra24.com/t_or_fh_m/f_auto/v1/cr/32/31/94/35/32319435_50807ec|https://photos.encuentra24.com/t_or_fh_m/f_auto/v1/cr/32/31/94/35/32319435_2f51e04|https://photos.encuentra24.com/t_or_fh_m/f_auto/v1/cr/32/31/94/35/32319435_a8faf1e|https://photos.encuentra24.com/t_or_fh_m/f_auto/v1/cr/32/31/94/35/32319435_c37fe51|https://photos.encuentra24.com/t_or_fh_m/f_auto/v1/cr/32/31/94/35/32319435_acadf7a|https://photos.encuentra24.com/t_or_fh_m/f_auto/v1/cr/32/31/94/35/32319435_934deff|https://photos.encuentra24.com/t_user_logo/v1/users/logo/25/97/74/2597747_b373bc|https://photos.encuentra24.com/t_cnseal/v1697642511/cnseal/652ff80f42db6_Verified%20badge.png|https://photos.encuentra24.com/t_or_fh_m/f_auto/v1/cr/32/46/17/33/32461733_abfc0f9|https://photos.encuentra24.com/t_or_fh_m/f_auto/v1/cr/32/14/69/83/32146983_d31bb0d|https://photos.encuentra24.com/t_or_fh_m/f_auto/v1/cr/31/13/32/93/31133293_f76d62|https://photos.encuentra24.com/t_or_fh_m/f_auto/v1/cr/32/64/33/82/32643382_a00a21a9436c25cea64fd16efb7d48c0-ecb8d93|https://photos.encuentra24.com/t_or_fh_m/f_auto/v1/cr/32/29/24/82/32292482_9738463|https://photos.encuentra24.com/t_or_fh_m/f_auto/v1/cr/32/41/68/02/32416802_5d05844b406de7e9234e220a6e978aa8-0bef825|https://photos.encuentra24.com/t_or_fh_m/f_auto/v1/cr/32/15/18/62/32151862_4cb30f13a4ef01c802c91c521bad0d27-0479f33|https://photos.encuentra24.com/t_or_fh_m/f_auto/v1/cr/32/21/25/48/32212548_ce2ccab|https://photos.encuentra24.com/t_or_fh_m/f_auto/v1/cr/32/63/42/84/32634284_f55415ff0c57bcf822c6d1c2218e6332-107a35f|https://photos.encuentra24.com/t_or_fh_m/f_auto/v1/cr/32/62/59/09/32625909_9c894a66c15cd99b3e79a20a39270aa4-3357478|https://photos.encuentra24.com/t_or_fh_m/f_auto/v1/cr/31/41/75/25/31417525_cd7c7c|https://photos.encuentra24.com/t_or_fh_m/f_auto/v1/cr/31/41/85/20/31418520_71a610b|https://photos.encuentra24.com/t_or_fh_m/f_auto/v1/cr/32/21/10/35/32211035_ea0bca31ec033f4f0d4bcb5d340df1bc-2fea68a|https://photos.encuentra24.com/t_or_fh_m/f_auto/v1/cr/32/02/52/68/32025268_8bb10afc4cb1022c387bf4a5da5c4b00-5434d9c
encuentra24,32610044,https://www.encuentra24.com/costa-rica-es/bienes-raices-alquiler-casas/santa-ana-lujosa-4-habitaciones-lounge-oficina-jardin-grande-amenidades/32610044,rent,active,San José provincia,Santa Ana,Río Oro,Santa Ana - Lujosa - 4 habitaciones + Lounge + Oficina - Jardín grande - Amenidades,"Elegante y lujosa casa de 4 recámaras en una prestigiosa comunidad Descubra una excepcional combinación de elegancia, comodidad y funcionalidad en esta impresionante residencia de 4 recámaras y 4.5 baños, ubicada en una esquina privilegiada dentro de una de las comunidades privadas más prestigiosas de la zona. Diseñada para el entretenimiento sofisticado y la vida cotidiana, esta espaciosa casa ofrece amplios espacios habitables, acabados refinados y un espectacular jardín envolvente con espacio suficiente para agregar una piscina privada. Amplios espacios para vivir y recibir - La impresionante sala de estar de doble altura crea una impactante primera impresión con sus techos altos y abundante luz natural. El comedor formal, perfectamente integrado al diseño de concepto abierto, fluye sin esfuerzo hacia los espacios sociales de la casa. - Grandes puertas corredizas conectan el interior con una amplia terraza cubierta, ideal para el entretenimiento durante todo el año. El área de estar al aire libre cuenta con una barbacoa integrada, un amplio comedor y mucho espacio para celebrar reuniones familiares y eventos sociales con vista a los exuberantes jardines. Cocina Gourmet El corazón de la casa es una cocina elegantemente equipada, diseñada para combinar funcionalidad y estilo. Incluye: * Amplia isla central con barra de desayuno * Espacioso comedor informal * Amplios gabinetes y espacio de almacenamiento * Horno empotrado * Lavavajillas * Dos refrigeradores Junto a la cocina, encontrará una espaciosa área de lavandería y un cuarto de servicio independiente con baño completo. Espacios privados y confortables - La lujosa suite principal ofrece un refugio privado con tranquilas vistas al jardín, dos vestidores y un baño privado estilo spa con bañera moderna, ducha independiente, dos lavabos, inodoro independiente y amplio espacio de almacenamiento. - Un segundo dormitorio cuenta con baño privado y armarios empotrados, mientras que otros dos dormitorios tienen vestidores y comparten un amplio baño completo. - Una acogedora sala de televisión se abre directamente a un encantador jardín lateral, creando el espacio perfecto para el descanso familiar. Lounge y oficina exclusivos en el segundo piso - Ubicado en el ala este de la casa, el segundo piso ofrece un espacio único para el entretenimiento y la oficina. Un amplio salón cuenta con un bar empotrado, una cómoda zona de estar y un balcón privado, creando el ambiente perfecto para reuniones o para relajarse. Este espacio se ofrece completamente amueblado, incluyendo una mesa de billar. - Junto al salón se encuentra una amplia oficina privada, cuidadosamente amueblada con un escritorio y una zona de estar, que proporciona un entorno ideal para trabajar desde casa. - Un baño completo en este piso ofrece comodidad y flexibilidad para los invitados. Espacios exteriores Situada en una codiciada esquina, la propiedad cuenta con un extenso jardín que rodea la casa, lo que aumenta la privacidad y permite disfrutar del aire libre. El amplio terreno ofrece espacio suficiente para una futura piscina, a la vez que conserva extensas áreas verdes para recreación y paisajismo. Estacionamiento * Garaje cubierto para 2 vehículos * Estacionamiento en la entrada para al menos 2 vehículos adicionales Amenidades del Condominio Los residentes disfrutan de una excelente selección de servicios estilo resort, que incluyen: * Piscina recreativa * Elegante casa club * Canchas de tenis * Gimnasio totalmente equipado * Área de juegos infantiles * Seguridad con acceso controlado las 24 horas Esta extraordinaria residencia ofrece una oportunidad única para adquirir una lujosa casa familiar en una comunidad exclusiva, que combina amplios espacios, servicios excepcionales y un estilo de vida inigualable.",Condo,4 Bedrooms,5+ Bathrooms,4+ Vehicles,,,"1,000–5,000m²","{""Electricity""}",Riverfront,"{""Steep Slope""}",,,,7000,USD,+50689132121,https://photos.encuentra24.com/t_or_fh_m/f_auto/v1/cr/32/61/00/44/32610044_54b7ef0|https://photos.encuentra24.com/t_or_fh_m/f_auto/v1/cr/32/61/00/44/32610044_5e423a7|https://photos.encuentra24.com/t_or_fh_m/f_auto/v1/cr/32/61/00/44/32610044_e2af9be|https://photos.encuentra24.com/t_or_fh_m/f_auto/v1/cr/32/61/00/44/32610044_cb67578|https://photos.encuentra24.com/t_or_fh_m/f_auto/v1/cr/32/61/00/44/32610044_21cd6eb|https://photos.encuentra24.com/t_or_fh_m/f_auto/v1/cr/32/61/00/44/32610044_272e995|https://photos.encuentra24.com/t_or_fh_m/f_auto/v1/cr/32/61/00/44/32610044_262ae67|https://photos.encuentra24.com/t_or_fh_m/f_auto/v1/cr/32/61/00/44/32610044_3988581|https://photos.encuentra24.com/t_or_fh_m/f_auto/v1/cr/32/61/00/44/32610044_9ff1887|https://photos.encuentra24.com/t_or_fh_m/f_auto/v1/cr/32/61/00/44/32610044_b1ecf1a|https://photos.encuentra24.com/t_or_fh_m/f_auto/v1/cr/32/61/00/44/32610044_7cc8a68|https://photos.encuentra24.com/t_or_fh_m/f_auto/v1/cr/32/61/00/44/32610044_7079777|https://photos.encuentra24.com/t_or_fh_m/f_auto/v1/cr/32/61/00/44/32610044_7f3196d|https://photos.encuentra24.com/t_or_fh_m/f_auto/v1/cr/32/61/00/44/32610044_522f556|https://photos.encuentra24.com/t_or_fh_m/f_auto/v1/cr/32/61/00/44/32610044_4600fb7|https://photos.encuentra24.com/t_or_fh_m/f_auto/v1/cr/32/61/00/44/32610044_0b2dceb|https://photos.encuentra24.com/t_or_fh_m/f_auto/v1/cr/32/61/00/44/32610044_af77eb3|https://photos.encuentra24.com/t_or_fh_m/f_auto/v1/cr/32/61/00/44/32610044_a6befb4|https://photos.encuentra24.com/t_user_logo/v1/users/logo/78/95/27/789527_675514|https://photos.encuentra24.com/t_cnseal/v1594676252/cnseal/5f0cd41c4a555_Bildschirmfotocccbr.png|https://photos.encuentra24.com/t_or_fh_m/f_auto/v1/cr/32/32/74/53/32327453_3212644e5a5f63b01492169851505235-31c5c79|https://photos.encuentra24.com/t_or_fh_m/f_auto/v1/cr/32/38/26/80/32382680_4eb825cbb4b5d51be55844e4e53ea2fc-c8faf32|https://photos.encuentra24.com/t_or_fh_m/f_auto/v1/cr/32/04/28/37/32042837_39ea1dd77a5ce367ee974bb15211073d-ab888bf|https://photos.encuentra24.com/t_or_fh_m/f_auto/v1/cr/31/20/48/36/31204836_3d28d0|https://photos.encuentra24.com/t_or_fh_m/f_auto/v1/cr/32/57/84/26/32578426_102a320a68230e18d023f2a1b9666756-4d31ab8|https://photos.encuentra24.com/t_or_fh_m/f_auto/v1/cr/29/36/47/46/29364746_eb2294|https://photos.encuentra24.com/t_or_fh_m/f_auto/v1/cr/32/35/27/64/32352764_b80b77bf1c549265b727b0aca7b386c7-42c4743|https://photos.encuentra24.com/t_or_fh_m/f_auto/v1/cr/30/74/37/75/30743775_790ad2c|https://photos.encuentra24.com/t_or_fh_m/f_auto/v1/cr/32/48/65/33/32486533_1a153d4bc310b0349695a10b6932ffaa-dd09a75|https://photos.encuentra24.com/t_or_fh_m/f_auto/v1/cr/32/60/73/83/32607383_a280d3e9f674626d98032822c06ec4b2-64ab70a|https://photos.encuentra24.com/t_or_fh_m/f_auto/v1/cr/32/60/74/64/32607464_81200a7f77fc1442722dd4d95b23684b-f95cc1b|https://photos.encuentra24.com/t_or_fh_m/f_auto/v1/cr/32/60/75/67/32607567_90c4a2683ac2b62605f386e83af0126f-7c69a97|https://photos.encuentra24.com/t_or_fh_m/f_auto/v1/cr/32/51/34/35/32513435_fb9bfac|https://photos.encuentra24.com/t_or_fh_m/f_auto/v1/cr/32/61/01/79/32610179_c80d11ce6c901b26886d9a0f6b7b06fd-ef48bd7
encuentra24,32611192,https://www.encuentra24.com/costa-rica-es/bienes-raices-alquiler-apartamentos/venta-de-apartamento-entrega-inmediata/32611192,rent,active,Alajuela provincia,Alajuela,San Rafael,Venta de apartamento - Entrega Inmediata,"Código: 149113 ¿Sueña con tener casa propia, pero aún no está listo para comprar? Esta es su oportunidad de vivir desde hoy en su futuro hogar gracias a nuestro programa de alquiler con opción de compra. Con una prima inicial de tan solo $4,200 y un alquiler mensual de $1,200, podrá dar el primer paso hacia la casa de sus sueños. Además, el 50% de los pagos de alquiler se aplican a la prima de compra de la propiedad. Prima inicial de $4,200 Alquiler mensual de $1,200 50% del alquiler aplicable a la prima Entrega inmediata Últimas unidades disponibles Opción de compra de 6 a 12 meses Las viviendas cuentan con: • 3 habitaciones • 2.5 baños • Sala y comedor integrados • Cocina con isla y sobres de cuarzo • Área de lavandería • Patio privado • Acabados modernos • Construcción 100% en concreto • Cielos en gypsum • Pisos de porcelanato El condominio ofrece: • Piscina • Gimnasio • Coworking • Casa Club • Play para niños • Parque para mascotas • Seguridad 24/7 • Cableado subterráneo • Planta de tratamiento Además, disfrutará de una cuota condominal muy atractiva de aproximadamente 72.000 mensuales.* Una excelente oportunidad para vivir hoy y convertirse en propietario mañana, respaldado por una desarrolladora con más de 15 años de experiencia. Agende su cita hoy mismo y conozca su próximo hogar. *La cuota condominal puede presentar variaciones.",Condo,3 Bedrooms,3 Bathrooms,2 Vehicles,,,<100m²,{},Riverfront,{},,,,165000,USD,+50684574854,https://photos.encuentra24.com/t_or_fh_m/f_auto/v1/cr/32/61/11/92/32611192_7f565c2f0bfe4a0df6f3bef5e42b98b5-8d1a717|https://photos.encuentra24.com/t_or_fh_m/f_auto/v1/cr/32/61/11/92/32611192_7f565c2f0bfe4a0df6f3bef5e42b98b5-6b624af|https://photos.encuentra24.com/t_or_fh_m/f_auto/v1/cr/32/61/11/92/32611192_7f565c2f0bfe4a0df6f3bef5e42b98b5-1539df5|https://photos.encuentra24.com/t_or_fh_m/f_auto/v1/cr/32/61/11/92/32611192_7f565c2f0bfe4a0df6f3bef5e42b98b5-c0e6390|https://photos.encuentra24.com/t_or_fh_m/f_auto/v1/cr/32/61/11/92/32611192_7f565c2f0bfe4a0df6f3bef5e42b98b5-1b3528f|https://photos.encuentra24.com/t_or_fh_m/f_auto/v1/cr/32/61/11/92/32611192_7f565c2f0bfe4a0df6f3bef5e42b98b5-4900553|https://photos.encuentra24.com/t_or_fh_m/f_auto/v1/cr/32/61/11/92/32611192_7f565c2f0bfe4a0df6f3bef5e42b98b5-0c1d194|https://photos.encuentra24.com/t_or_fh_m/f_auto/v1/cr/32/61/11/92/32611192_7f565c2f0bfe4a0df6f3bef5e42b98b5-16417c2|https://photos.encuentra24.com/t_or_fh_m/f_auto/v1/cr/32/61/11/92/32611192_7f565c2f0bfe4a0df6f3bef5e42b98b5-58d3612|https://photos.encuentra24.com/t_or_fh_m/f_auto/v1/cr/32/61/11/92/32611192_7f565c2f0bfe4a0df6f3bef5e42b98b5-3866c10|https://photos.encuentra24.com/t_user_logo/v1/users/logo/32/32/32322_d6228e|https://photos.encuentra24.com/t_cnseal/v1697642511/cnseal/652ff80f42db6_Verified%20badge.png|https://photos.encuentra24.com/t_or_fh_m/f_auto/v1/cr/31/64/03/64/31640364_84df2e|https://photos.encuentra24.com/t_or_fh_m/f_auto/v1/cr/31/46/78/20/31467820_73b6ba|https://photos.encuentra24.com/t_or_fh_m/f_auto/v1/cr/30/22/33/27/30223327_892ae3|https://photos.encuentra24.com/t_or_fh_m/f_auto/v1/cr/31/20/86/35/31208635_8ea820|https://photos.encuentra24.com/t_or_fh_m/f_auto/v1/cr/32/57/65/32/32576532_49873f28330afa3b299c7fc137b20f7d-68cfffb|https://photos.encuentra24.com/t_or_fh_m/f_auto/v1/cr/32/60/74/14/32607414_b6de09307065e1055a6e9fb47c7b0f0e-ec24727|https://photos.encuentra24.com/t_or_fh_m/f_auto/v1/cr/32/39/59/39/32395939_144ff89067a3c8120c20e44dac4c25bc-ad60762
encuentra24,30871624,https://www.encuentra24.com/costa-rica-es/bienes-raices-alquiler-alquiler-de-oficinas/alquiler-de-oficina-ii-multipark/30871624,rent,active,San José provincia,Escazú,Escazú,Alquiler de Oficina II Multipark,"Ubicado en una de las zonas de mayor plusvalía del país, Multipark es el destino ideal para empresas multinacionales y locales que buscan la combinación perfecta entre comodidad, accesibilidad y tecnología. El exclusivo centro corporativo se encuentra en Guachipelín de Escazú, con acceso directo a importantes vías nacionales que conectan con los aeropuertos Juan Santamaría y Tobías Bolaños, así como con las ciudades de San José, Heredia, Alajuela, Escazú, Santa Ana y San Antonio de Belén. Al elegir Multipark como ubicación empresarial, se tiene acceso a un ecosistema vibrante y dinámico capaz de encontrar y atraer al mejor talento para alcanzar las metas de crecimiento futuro.",Commercial Property,,,4+ Vehicles,,,,{},Urban,{},,,,28667,USD,+50688322381,https://photos.encuentra24.com/t_or_fh_m/f_auto/v1/cr/30/87/16/24/30871624_21fe6f|https://photos.encuentra24.com/t_or_fh_m/f_auto/v1/cr/30/87/16/24/30871624_411ae8|https://photos.encuentra24.com/t_or_fh_m/f_auto/v1/cr/30/87/16/24/30871624_c28461|https://photos.encuentra24.com/t_or_fh_m/f_auto/v1/cr/30/87/16/24/30871624_3cb4f8|https://photos.encuentra24.com/t_or_fh_m/f_auto/v1/cr/30/87/16/24/30871624_d72893|https://photos.encuentra24.com/t_or_fh_m/f_auto/v1/cr/30/87/16/24/30871624_0d627e|https://photos.encuentra24.com/t_or_fh_m/f_auto/v1/cr/30/87/16/24/30871624_38097e|https://photos.encuentra24.com/t_or_fh_m/f_auto/v1/cr/30/87/16/24/30871624_b823ba|https://photos.encuentra24.com/t_or_fh_m/f_auto/v1/cr/30/87/16/24/30871624_bcd0d1|https://photos.encuentra24.com/t_cnseal/v1697642511/cnseal/652ff80f42db6_Verified%20badge.png|https://photos.encuentra24.com/t_or_fh_m/f_auto/v1/cr/30/84/04/65/30840465_694016|https://photos.encuentra24.com/t_or_fh_m/f_auto/v1/cr/32/12/21/27/32122127_a85912b|https://photos.encuentra24.com/t_or_fh_m/f_auto/v1/cr/25/57/03/17/25570317_96a6c8|https://photos.encuentra24.com/t_or_fh_m/f_auto/v1/cr/28/39/46/62/28394662_0eb2f3|https://photos.encuentra24.com/t_or_fh_m/f_auto/v1/cr/28/39/47/80/28394780_629836|https://photos.encuentra24.com/t_or_fh_m/f_auto/v1/cr/28/39/80/49/28398049_6e5e32|https://photos.encuentra24.com/t_or_fh_m/f_auto/v1/cr/30/81/96/82/30819682_fd800b8
encuentra24,31742447,https://www.encuentra24.com/costa-rica-es/bienes-raices-alquiler-casas/alquiler-venta-de-casa-moderna-y-amplia-en-lindora/31742447,rent,active,San José provincia,Santa Ana,Lindora,ALQUILER/VENTA DE CASA MODERNA Y AMPLIA EN LINDORA,"ALQUILER/VENTA DE CASA EN CONDOMINIO KUORA – LINDORA Moderna y amplia casa de tres niveles ubicada en el exclusivo Condominio Kuora, en Lindora. Su diseño contemporáneo, excelentes acabados y abundante luz natural la convierten en una opción ideal para familias que buscan confort, seguridad y una ubicación privilegiada en una de las zonas más exclusivas del oeste. Distribución: Primer nivel: • Medio baño de visitas • Sala de TV y cocina integrada • Terraza techada con jacuzzi para 6 personas • Cuarto de servicio con baño completo • Alacena y área de lavado • Jardín Segundo nivel: • Habitación principal con balcón y deck, baño completo y walk-in closet • Dos habitaciones secundarias con clóset (una con baño privado) • Baño completo adicional Tercer nivel: • Oficina • Habitación amplia con clóset • Baño completo • Área BBQ techada y terraza techada Adicionales: • Terraza con jacuzzi (instalado en 2020) • Electrodomésticos empotrados incluidos • Estacionamiento para 3 vehículos y cargador para automóvil eléctrico • Todas las habitaciones con aire acondicionado y ventilador Resumen: • 4 habitaciones + 1 habitación de servicio + 1 oficina o habitación flex • 5.5 baños • Año de construcción: 2017 • Terreno: 254 m² • Construcción: 370 m² • Cuota condominal: 225,490 • Precio de alquiler: $4,200 • Precio de venta: $630,000 ID: 9676379 Para más información contáctenos",Condo,4 Bedrooms,5+ Bathrooms,4+ Vehicles,,,,"{""Electricity""}",,{},2WD Accessible|Walkable,,,4200,USD,+50688339929,https://photos.encuentra24.com/t_or_fh_m/f_auto/v1/cr/31/74/24/47/31742447_4fc13f|https://photos.encuentra24.com/t_or_fh_m/f_auto/v1/cr/31/74/24/47/31742447_94d22c|https://photos.encuentra24.com/t_or_fh_m/f_auto/v1/cr/31/74/24/47/31742447_0d3e84|https://photos.encuentra24.com/t_or_fh_m/f_auto/v1/cr/31/74/24/47/31742447_287dbd|https://photos.encuentra24.com/t_or_fh_m/f_auto/v1/cr/31/74/24/47/31742447_0ea345|https://photos.encuentra24.com/t_or_fh_m/f_auto/v1/cr/31/74/24/47/31742447_8745bb|https://photos.encuentra24.com/t_or_fh_m/f_auto/v1/cr/31/74/24/47/31742447_a46b5b|https://photos.encuentra24.com/t_or_fh_m/f_auto/v1/cr/31/74/24/47/31742447_03840b|https://photos.encuentra24.com/t_or_fh_m/f_auto/v1/cr/31/74/24/47/31742447_f7bd26|https://photos.encuentra24.com/t_or_fh_m/f_auto/v1/cr/31/74/24/47/31742447_dd8f9b|https://photos.encuentra24.com/t_or_fh_m/f_auto/v1/cr/31/74/24/47/31742447_4d5404|https://photos.encuentra24.com/t_or_fh_m/f_auto/v1/cr/31/74/24/47/31742447_50ed3c|https://photos.encuentra24.com/t_or_fh_m/f_auto/v1/cr/31/74/24/47/31742447_a182a6|https://photos.encuentra24.com/t_or_fh_m/f_auto/v1/cr/31/74/24/47/31742447_28fe46|https://photos.encuentra24.com/t_or_fh_m/f_auto/v1/cr/31/74/24/47/31742447_c099ab|https://photos.encuentra24.com/t_or_fh_m/f_auto/v1/cr/31/74/24/47/31742447_c36b0a|https://photos.encuentra24.com/t_or_fh_m/f_auto/v1/cr/31/74/24/47/31742447_e38568|https://photos.encuentra24.com/t_user_logo/v1/users/logo/21/71/70/2171705_905868|https://photos.encuentra24.com/t_cnseal/v1594676252/cnseal/5f0cd41c4a555_Bildschirmfotocccbr.png|https://photos.encuentra24.com/t_cnseal/v1697642511/cnseal/652ff80f42db6_Verified%20badge.png|https://photos.encuentra24.com/t_or_fh_m/f_auto/v1/cr/32/33/99/39/32339939_4aecc0ce989eb5e945eb7ac206355bed-2e5f4ee|https://photos.encuentra24.com/t_or_fh_m/f_auto/v1/cr/30/99/23/59/30992359_b44b2b|https://photos.encuentra24.com/t_or_fh_m/f_auto/v1/cr/31/21/97/79/31219779_6a97cf1|https://photos.encuentra24.com/t_or_fh_m/f_auto/v1/cr/32/46/68/09/32466809_4b04ac080540b80019ff4062d4594a20-35720c8|https://photos.encuentra24.com/t_or_fh_m/f_auto/v1/cr/30/81/42/29/30814229_02604e|https://photos.encuentra24.com/t_or_fh_m/f_auto/v1/cr/31/42/95/08/31429508_91b15a|https://photos.encuentra24.com/t_or_fh_m/f_auto/v1/cr/32/42/44/58/32424458_066438bdeda53d831c681a307e399b88-d92d8ca|https://photos.encuentra24.com/t_or_fh_m/f_auto/v1/cr/32/19/85/07/32198507_297b335|https://photos.encuentra24.com/t_or_fh_m/f_auto/v1/cr/32/31/70/06/32317006_dbb0bc8|https://photos.encuentra24.com/t_or_fh_m/f_auto/v1/cr/32/32/69/01/32326901_bccf3bfbbf0be3f5fbd91e7f37482d03-f76fa72|https://photos.encuentra24.com/t_or_fh_m/f_auto/v1/cr/32/62/03/74/32620374_51844a62263161ab09ac82a1d1620bbb-5cfb8ac|https://photos.encuentra24.com/t_or_fh_m/f_auto/v1/cr/32/46/63/25/32466325_82ffca62f30ce6554a25cf1199fb2220-e5e9189|https://photos.encuentra24.com/t_or_fh_m/f_auto/v1/cr/32/56/64/99/32566499_ff053d0783c8025b4d43a55a37c0ab92-c1d2e0a|https://photos.encuentra24.com/t_or_fh_m/f_auto/v1/cr/31/92/28/30/31922830_56c900
encuentra24,32612504,https://www.encuentra24.com/costa-rica-es/bienes-raices-alquiler-casas/casa-de-lujo-nueva-en-la-guacima-415-m-5-habitaciones-lote-778-m-condominio-exclusivo/32612504,rent,active,Alajuela provincia,Alajuela,Guácima,Casa de Lujo Nueva en La Guácima 415 m² 5 Habitaciones Lote 778 m² Condominio Exclusivo,"RESIDENCIA DE LUJO NUEVA PARA ESTRENAR EN LA GUÁCIMA Descubra una propiedad extraordinaria donde el diseño contemporáneo, la amplitud y la exclusividad se unen en perfecta armonía. Ubicada en un prestigioso condominio en La Guácima, esta espectacular residencia ofrece 415 m² de construcción sobre un impresionante lote de 778 m², rodeada de naturaleza, privacidad y tranquilidad. Características destacadas: 5 habitaciones con baño privado y walk-in closet Habitación de visitas en primer nivel Amplia suite principal con terraza privada y vista a las montañas Cocina Euromobilia línea premium Sala y comedor con impresionantes techos de triple altura Amplia terraza para disfrutar con familia y amigos Garaje para 5 vehículos Finos acabados en madera de teca Iluminación natural y ventilación excepcionales Amenidades del condominio: Piscina Casa Club Cancha de baloncesto Juegos infantiles Seguridad 24/7 Ubicada en una de las zonas de mayor crecimiento y plusvalía de Costa Rica. Alquiler: $4,000 mensuales Una residencia para quienes desean vivir con elegancia, comodidad y exclusividad. Agendá tu visita privada. Susan & Kathia Invictus Real Estate",Condo,5+ Bedrooms,5+ Bathrooms,4+ Vehicles,,,,{},Mountain View,{},Walkable,,,4000,USD,+50688800120,https://photos.encuentra24.com/t_or_fh_m/f_auto/v1/cr/32/61/25/04/32612504_f4f9b6ed9b460a4bfe2dc9eec0928c69-0569088|https://photos.encuentra24.com/t_or_fh_m/f_auto/v1/cr/32/61/25/04/32612504_f4f9b6ed9b460a4bfe2dc9eec0928c69-0c8d7ed|https://photos.encuentra24.com/t_or_fh_m/f_auto/v1/cr/32/61/25/04/32612504_f4f9b6ed9b460a4bfe2dc9eec0928c69-b30f6ee|https://photos.encuentra24.com/t_or_fh_m/f_auto/v1/cr/32/61/25/04/32612504_f4f9b6ed9b460a4bfe2dc9eec0928c69-d80bf27|https://photos.encuentra24.com/t_or_fh_m/f_auto/v1/cr/32/61/25/04/32612504_f4f9b6ed9b460a4bfe2dc9eec0928c69-2cd4b08|https://photos.encuentra24.com/t_or_fh_m/f_auto/v1/cr/32/61/25/04/32612504_f4f9b6ed9b460a4bfe2dc9eec0928c69-e8b01d2|https://photos.encuentra24.com/t_or_fh_m/f_auto/v1/cr/32/61/25/04/32612504_f4f9b6ed9b460a4bfe2dc9eec0928c69-a66b0ad|https://photos.encuentra24.com/t_or_fh_m/f_auto/v1/cr/32/61/25/04/32612504_f4f9b6ed9b460a4bfe2dc9eec0928c69-125c2ea|https://photos.encuentra24.com/t_or_fh_m/f_auto/v1/cr/32/61/25/04/32612504_f4f9b6ed9b460a4bfe2dc9eec0928c69-2d198e8|https://photos.encuentra24.com/t_or_fh_m/f_auto/v1/cr/32/61/25/04/32612504_f4f9b6ed9b460a4bfe2dc9eec0928c69-9793968|https://photos.encuentra24.com/t_or_fh_m/f_auto/v1/cr/32/61/25/04/32612504_f4f9b6ed9b460a4bfe2dc9eec0928c69-1a35181|https://photos.encuentra24.com/t_or_fh_m/f_auto/v1/cr/32/61/25/04/32612504_f4f9b6ed9b460a4bfe2dc9eec0928c69-8061642|https://photos.encuentra24.com/t_or_fh_m/f_auto/v1/cr/32/61/25/04/32612504_f4f9b6ed9b460a4bfe2dc9eec0928c69-290a06d|https://photos.encuentra24.com/t_or_fh_m/f_auto/v1/cr/32/61/25/04/32612504_f4f9b6ed9b460a4bfe2dc9eec0928c69-84929fd|https://photos.encuentra24.com/t_or_fh_m/f_auto/v1/cr/32/61/25/04/32612504_f4f9b6ed9b460a4bfe2dc9eec0928c69-a1a8a61|https://photos.encuentra24.com/t_or_fh_m/f_auto/v1/cr/32/61/25/04/32612504_f4f9b6ed9b460a4bfe2dc9eec0928c69-2a510de|https://photos.encuentra24.com/t_or_fh_m/f_auto/v1/cr/32/61/25/04/32612504_f4f9b6ed9b460a4bfe2dc9eec0928c69-cbaf273|https://photos.encuentra24.com/t_or_fh_m/f_auto/v1/cr/32/61/25/04/32612504_f4f9b6ed9b460a4bfe2dc9eec0928c69-096b335|https://photos.encuentra24.com/t_or_fh_m/f_auto/v1/cr/32/61/25/04/32612504_f4f9b6ed9b460a4bfe2dc9eec0928c69-b777aab|https://photos.encuentra24.com/t_user_logo/v1/users/logo/63/61/82/6361829_9a982c|https://photos.encuentra24.com/t_cnseal/v1697642511/cnseal/652ff80f42db6_Verified%20badge.png|https://photos.encuentra24.com/t_cnseal/v1594676252/cnseal/5f0cd41c4a555_Bildschirmfotocccbr.png|https://photos.encuentra24.com/t_or_fh_m/f_auto/v1/cr/31/54/58/73/31545873_a55247|https://photos.encuentra24.com/t_or_fh_m/f_auto/v1/cr/32/04/29/83/32042983_a2e6de03556c26f9fb3fea7b0a234ea9-8fd2799|https://photos.encuentra24.com/t_or_fh_m/f_auto/v1/cr/32/46/11/22/32461122_ba143b7|https://photos.encuentra24.com/t_or_fh_m/f_auto/v1/cr/32/55/36/82/32553682_5f48bb|https://photos.encuentra24.com/t_or_fh_m/f_auto/v1/cr/30/84/29/42/30842942_094b68|https://photos.encuentra24.com/t_or_fh_m/f_auto/v1/cr/30/44/59/52/30445952_896951|https://photos.encuentra24.com/t_or_fh_m/f_auto/v1/cr/32/44/12/21/32441221_52888374ad028e1a0fb6b2c1c0bc1407-875f305|https://photos.encuentra24.com/t_or_fh_m/f_auto/v1/cr/32/61/22/37/32612237_6dd13df|https://photos.encuentra24.com/t_or_fh_m/f_auto/v1/cr/31/56/35/89/31563589_e87fb9c|https://photos.encuentra24.com/t_or_fh_m/f_auto/v1/cr/30/55/30/91/30553091_7e1991|https://photos.encuentra24.com/t_or_fh_m/f_auto/v1/cr/32/61/26/57/32612657_397d0d9d1223fd1ad704c0931b73127c-30847cf|https://photos.encuentra24.com/t_or_fh_m/f_auto/v1/cr/32/23/61/95/32236195_ad6b701|https://photos.encuentra24.com/t_or_fh_m/f_auto/v1/cr/31/47/29/97/31472997_5c6bce|https://photos.encuentra24.com/t_or_fh_m/f_auto/v1/cr/32/47/99/54/32479954_cf01cefb3bc199f11c582e7b9f0f4422-451ed58
encuentra24,32612615,https://www.encuentra24.com/costa-rica-es/bienes-raices-alquiler-casas/alquiler-en-santa-ana-centro-casa-en-residencial-con-seguridad/32612615,rent,active,San José provincia,Santa Ana,Santa Ana Centro,Alquiler en Santa Ana Centro - Casa en Residencial con Seguridad,"Disfrute de la comodidad de vivir en una exclusiva residencial con seguridad controlada en Santa Ana Centro. Esta propiedad completamente remodelada ofrece espacios renovados listos para estrenar, ideales para quienes buscan tranquilidad y funcionalidad. Cuenta con dos habitaciones, cada una con baño privado, una amplia área social, cocina con sobres de granito, baño para visitas, bodega, terraza y balcón. Además, dispone de un espacio de parqueo y la posibilidad de mantener un segundo vehículo dentro del residencial. Como valor agregado, los residentes pueden disfrutar de un parque privado, brindando un entorno seguro y agradable para toda la familia.",House,2 Bedrooms,2 Bathrooms,1 Vehicle,,,,{},Urban,{},,,,1500,USD,+50688719923,https://photos.encuentra24.com/t_or_fh_m/f_auto/v1/cr/32/61/26/15/32612615_6fe233c|https://photos.encuentra24.com/t_or_fh_m/f_auto/v1/cr/32/61/26/15/32612615_a27e7df|https://photos.encuentra24.com/t_or_fh_m/f_auto/v1/cr/32/61/26/15/32612615_fdeb5e0|https://photos.encuentra24.com/t_or_fh_m/f_auto/v1/cr/32/61/26/15/32612615_f998606|https://photos.encuentra24.com/t_or_fh_m/f_auto/v1/cr/32/61/26/15/32612615_86c6770|https://photos.encuentra24.com/t_or_fh_m/f_auto/v1/cr/32/61/26/15/32612615_c1780f4|https://photos.encuentra24.com/t_or_fh_m/f_auto/v1/cr/32/61/26/15/32612615_eb09e95|https://photos.encuentra24.com/t_or_fh_m/f_auto/v1/cr/32/61/26/15/32612615_d4b1509|https://photos.encuentra24.com/t_or_fh_m/f_auto/v1/cr/32/61/26/15/32612615_fbe8fb0|https://photos.encuentra24.com/t_or_fh_m/f_auto/v1/cr/32/61/26/15/32612615_6c4cabd|https://photos.encuentra24.com/t_or_fh_m/f_auto/v1/cr/32/61/26/15/32612615_efb0267|https://photos.encuentra24.com/t_or_fh_m/f_auto/v1/cr/32/61/26/15/32612615_1745614|https://photos.encuentra24.com/t_or_fh_m/f_auto/v1/cr/32/61/26/15/32612615_71758fa|https://photos.encuentra24.com/t_or_fh_m/f_auto/v1/cr/32/61/26/15/32612615_6d9f5f5|https://photos.encuentra24.com/t_or_fh_m/f_auto/v1/cr/32/61/26/15/32612615_68fbd6d|https://photos.encuentra24.com/t_or_fh_m/f_auto/v1/cr/32/61/26/15/32612615_1098010|https://photos.encuentra24.com/t_or_fh_m/f_auto/v1/cr/32/61/26/15/32612615_2529e3c|https://photos.encuentra24.com/t_or_fh_m/f_auto/v1/cr/32/61/26/15/32612615_f044490|https://photos.encuentra24.com/t_user_logo/v1/users/logo/23/02/96/230296_121b5e|https://photos.encuentra24.com/t_or_fh_m/f_auto/v1/cr/32/10/15/64/32101564_36d5e22|https://photos.encuentra24.com/t_or_fh_m/f_auto/v1/cr/32/66/39/33/32663933_6340105e1019491559ae8142c37247fc-d54fd69|https://photos.encuentra24.com/t_or_fh_m/f_auto/v1/cr/32/65/62/13/32656213_80e14f8e87cd15f07b04e3ce4a6bcd2c-9c4a79a|https://photos.encuentra24.com/t_or_fh_m/f_auto/v1/cr/32/51/33/43/32513343_77aa229|https://photos.encuentra24.com/t_or_fh_m/f_auto/v1/cr/32/16/02/53/32160253_460f967ac044ff4af318fdb9a3986863-2713d6c|https://photos.encuentra24.com/t_or_fh_m/f_auto/v1/cr/32/44/00/91/32440091_3c179cb|https://photos.encuentra24.com/t_or_fh_m/f_auto/v1/cr/32/52/41/51/32524151_4b27840201e0f85dcc7b1e79ca93ce8b-af3a951|https://photos.encuentra24.com/t_or_fh_m/f_auto/v1/cr/32/60/02/96/32600296_30cbea3|https://photos.encuentra24.com/t_or_fh_m/f_auto/v1/cr/32/56/57/37/32565737_db2732c|https://photos.encuentra24.com/t_or_fh_m/f_auto/v1/cr/32/63/56/10/32635610_43baa7aa89f3699e97f4bab113141918-70e9edc|https://photos.encuentra24.com/t_or_fh_m/f_auto/v1/cr/32/53/78/01/32537801_b17f57a|https://photos.encuentra24.com/t_or_fh_m/f_auto/v1/cr/32/40/15/34/32401534_a389423|https://photos.encuentra24.com/t_or_fh_m/f_auto/v1/cr/32/60/03/64/32600364_2c4d8dc|https://photos.encuentra24.com/t_or_fh_m/f_auto/v1/cr/32/31/99/45/32319945_02410a2407733a1ccb4e9ff3a41b9f3d-942e38c
encuentra24,32323995,https://www.encuentra24.com/costa-rica-es/bienes-raices-alquiler-casas/alquiler-de-amplia-casa-en-condominio-en-escazu/32323995,rent,active,San José provincia,Escazú,,Alquiler de amplia casa en condominio en Escazú,"Alquiler de espectacular y amplia casa en Condominio en Bello Horizonte de Escazú. Precio Alquiler: $3000 Construcción: 270 m2 4 habitaciones | 3.5 baños | 4 parqueos | Sala TV. 3 habitaciones con su propio Walk-in Closet. Terraza con área de BBQ. La cuarta habitación se encuentra en el primer nivel por lo que se puede utilizar con habitación de servicio, oficina o habitación para otro integrante de la familia. Esta cuenta con su propio baño. Amenidades: Área social y BBQ | Piscina | Jacuzzi | Playground.",Condo,4 Bedrooms,4 Bathrooms,4+ Vehicles,,200–400m²,,{},,{},Walkable,,,2950,USD,+50688365944,https://photos.encuentra24.com/t_or_fh_m/f_auto/v1/cr/32/32/39/95/32323995_e0a4e71adbac84a5c38711b84197723d-0608592|https://photos.encuentra24.com/t_or_fh_m/f_auto/v1/cr/32/32/39/95/32323995_e0a4e71adbac84a5c38711b84197723d-c132b28|https://photos.encuentra24.com/t_or_fh_m/f_auto/v1/cr/32/32/39/95/32323995_e0a4e71adbac84a5c38711b84197723d-db3511a|https://photos.encuentra24.com/t_or_fh_m/f_auto/v1/cr/32/32/39/95/32323995_e0a4e71adbac84a5c38711b84197723d-e1fe273|https://photos.encuentra24.com/t_or_fh_m/f_auto/v1/cr/32/32/39/95/32323995_e0a4e71adbac84a5c38711b84197723d-2686298|https://photos.encuentra24.com/t_or_fh_m/f_auto/v1/cr/32/32/39/95/32323995_e0a4e71adbac84a5c38711b84197723d-2445541|https://photos.encuentra24.com/t_or_fh_m/f_auto/v1/cr/32/32/39/95/32323995_e0a4e71adbac84a5c38711b84197723d-619bd10|https://photos.encuentra24.com/t_or_fh_m/f_auto/v1/cr/32/32/39/95/32323995_e0a4e71adbac84a5c38711b84197723d-28a7969|https://photos.encuentra24.com/t_or_fh_m/f_auto/v1/cr/32/32/39/95/32323995_e0a4e71adbac84a5c38711b84197723d-9997202|https://photos.encuentra24.com/t_or_fh_m/f_auto/v1/cr/32/32/39/95/32323995_e0a4e71adbac84a5c38711b84197723d-dca6128|https://photos.encuentra24.com/t_user_logo/v1/users/logo/13/01/19/1301190_8da809|https://photos.encuentra24.com/t_cnseal/v1697642511/cnseal/652ff80f42db6_Verified%20badge.png|https://photos.encuentra24.com/t_or_fh_m/f_auto/v1/cr/32/67/04/97/32670497_ffc3c4ea3a6db8573c086b1dac11d282-d97a45f|https://photos.encuentra24.com/t_or_fh_m/f_auto/v1/cr/32/37/91/77/32379177_d1ec1a358bf0d4cfa49901458950b7b8-68a05e4|https://photos.encuentra24.com/t_or_fh_m/f_auto/v1/cr/32/31/79/57/32317957_4f302bdd90512ff71a001cc59392b457-7d680a4|https://photos.encuentra24.com/t_or_fh_m/f_auto/v1/cr/32/35/61/27/32356127_7d47b13ad3b6fccf4fcacc7099bf9c57-8a021f9|https://photos.encuentra24.com/t_or_fh_m/f_auto/v1/cr/32/12/30/37/32123037_dd0a491|https://photos.encuentra24.com/t_or_fh_m/f_auto/v1/cr/32/59/43/97/32594397_044b0e|https://photos.encuentra24.com/t_or_fh_m/f_auto/v1/cr/29/90/79/37/29907937_764c22f|https://photos.encuentra24.com/t_or_fh_m/f_auto/v1/cr/32/02/83/59/32028359_e788943155906d429700d0dccc5cbe0e-a576f68|https://photos.encuentra24.com/t_or_fh_m/f_auto/v1/cr/30/98/38/47/30983847_b26941|https://photos.encuentra24.com/t_or_fh_m/f_auto/v1/cr/31/46/75/39/31467539_e42b3f|https://photos.encuentra24.com/t_or_fh_m/f_auto/v1/cr/32/34/75/48/32347548_3d192500648aaa6965a54eb1c6be95c8-445e4b6|https://photos.encuentra24.com/t_or_fh_m/f_auto/v1/cr/11/98/09/00/11980900_a9a089|https://photos.encuentra24.com/t_or_fh_m/f_auto/v1/cr/32/18/32/23/32183223_de28c3260d928860c5601707de80759e-9ad3d0e|https://photos.encuentra24.com/t_or_fh_m/f_auto/v1/cr/30/64/78/83/30647883_441820
encuentra24,31358432,https://www.encuentra24.com/costa-rica-es/bienes-raices-alquiler-casas/casa-nueva-en-alquiler-condominio-santa-ana-centro/31358432,rent,active,San José provincia,Santa Ana,Pozos,"Casa nueva en alquiler, Condominio, Santa Ana centro","Estrene moderna casa en el Centro de Santa Ana, condominio con cancha multiusos, playground y rancho. Ubicada en un condominio privado de solo 5 residencias, lo que garantiza exclusividad, tranquilidad y una ubicación privilegiada en pleno centro de Santa Ana, a pocos minutos de bancos, supermercados y todos los servicios esenciales. Distribución – Casa de 2 plantas (190 m² de construcción) Primer nivel: Cocina de concepto abierto con sobres de cuarzo e isla, integrada a la sala y comedor Amplia sala – comedor con excelente iluminación natural Medio baño de visitas Cuarto de lavandería independiente, con espacio para lavadora y secadora separadas Jardín con patio amplio, ideal para disfrutar al aire libre Segundo nivel: 3 habitaciones con ventiladores de techo, cortinas de seda y black out Habitación principal con walk-in closet y baño privado 2 habitaciones secundarias con clóset, que comparten baño completo, cortinas black out y seda Acogedora sala de TV o área familiar 2 espacios de parqueo Se acepta mascota pequeña Ventajas del Condominio Construcción 100% en block Electrificación subterránea Fibra óptica Tapia perimetral y cerramiento electrificado Seguridad 24/7 Areas comunes: rancho, cancha multiuso, playground Una propiedad ideal para quienes buscan estrenar casa, vivir con comodidad, seguridad y en una de las zonas más cotizadas del oeste de San José. Contáctenos hoy mismo y agende su visita.",Condo,3 Bedrooms,3 Bathrooms,2 Vehicles,,,,"{""Fiber Internet""}",Urban,"{""Steep Slope""}",Walkable,,,1600,USD,+50641084040,https://photos.encuentra24.com/t_or_fh_m/f_auto/v1/cr/31/35/84/32/31358432_98768ef|https://photos.encuentra24.com/t_or_fh_m/f_auto/v1/cr/31/35/84/32/31358432_525b77f|https://photos.encuentra24.com/t_or_fh_m/f_auto/v1/cr/31/35/84/32/31358432_c55d1df|https://photos.encuentra24.com/t_or_fh_m/f_auto/v1/cr/31/35/84/32/31358432_b993826|https://photos.encuentra24.com/t_or_fh_m/f_auto/v1/cr/31/35/84/32/31358432_4c2d1c3|https://photos.encuentra24.com/t_or_fh_m/f_auto/v1/cr/31/35/84/32/31358432_399b897|https://photos.encuentra24.com/t_or_fh_m/f_auto/v1/cr/31/35/84/32/31358432_2ede959|https://photos.encuentra24.com/t_or_fh_m/f_auto/v1/cr/31/35/84/32/31358432_a9c088e|https://photos.encuentra24.com/t_or_fh_m/f_auto/v1/cr/31/35/84/32/31358432_90168cd|https://photos.encuentra24.com/t_or_fh_m/f_auto/v1/cr/31/35/84/32/31358432_ee80c3a|https://photos.encuentra24.com/t_or_fh_m/f_auto/v1/cr/31/35/84/32/31358432_56139b4|https://photos.encuentra24.com/t_or_fh_m/f_auto/v1/cr/31/35/84/32/31358432_ef33419|https://photos.encuentra24.com/t_or_fh_m/f_auto/v1/cr/31/35/84/32/31358432_f22eaf3|https://photos.encuentra24.com/t_or_fh_m/f_auto/v1/cr/31/35/84/32/31358432_8eb613d|https://photos.encuentra24.com/t_or_fh_m/f_auto/v1/cr/31/35/84/32/31358432_0ac19b0|https://photos.encuentra24.com/t_or_fh_m/f_auto/v1/cr/31/35/84/32/31358432_a3720b4|https://photos.encuentra24.com/t_or_fh_m/f_auto/v1/cr/31/35/84/32/31358432_cde144c|https://photos.encuentra24.com/t_or_fh_m/f_auto/v1/cr/31/35/84/32/31358432_53026ca|https://photos.encuentra24.com/t_user_logo/v1/users/logo/36/93/88/369388_9075ec|https://photos.encuentra24.com/t_cnseal/v1594676252/cnseal/5f0cd41c4a555_Bildschirmfotocccbr.png|https://photos.encuentra24.com/t_cnseal/v1697642511/cnseal/652ff80f42db6_Verified%20badge.png|https://photos.encuentra24.com/t_or_fh_m/f_auto/v1/cr/32/62/90/41/32629041_5adc7b329b91d649afac511ed40d8036-c6a94a4|https://photos.encuentra24.com/t_or_fh_m/f_auto/v1/cr/31/48/77/11/31487711_c8005c|https://photos.encuentra24.com/t_or_fh_m/f_auto/v1/cr/31/64/21/09/31642109_4ed9cc7|https://photos.encuentra24.com/t_or_fh_m/f_auto/v1/cr/32/59/80/19/32598019_0cbf4015007fa950494f4a2748056c16-9befc45|https://photos.encuentra24.com/t_or_fh_m/f_auto/v1/cr/31/62/63/89/31626389_b88000|https://photos.encuentra24.com/t_or_fh_m/f_auto/v1/cr/32/67/09/48/32670948_ef0a5831e48cc1c18adc4873cbab8dfe-2065c5f|https://photos.encuentra24.com/t_or_fh_m/f_auto/v1/cr/31/93/72/28/31937228_5826e93a15c4207386befcbaf8152d26-8e8f01e|https://photos.encuentra24.com/t_or_fh_m/f_auto/v1/cr/29/93/78/32/29937832_528dd52|https://photos.encuentra24.com/t_or_fh_m/f_auto/v1/cr/32/56/08/45/32560845_12ee650|https://photos.encuentra24.com/t_or_fh_m/f_auto/v1/cr/32/57/28/16/32572816_a223e79|https://photos.encuentra24.com/t_or_fh_m/f_auto/v1/cr/24/64/74/81/24647481_703a43a|https://photos.encuentra24.com/t_or_fh_m/f_auto/v1/cr/31/51/20/09/31512009_44ed86f|https://photos.encuentra24.com/t_or_fh_m/f_auto/v1/cr/31/47/16/26/31471626_32e9353|https://photos.encuentra24.com/t_or_fh_m/f_auto/v1/cr/29/25/15/96/29251596_5232648
encuentra24,32518504,https://www.encuentra24.com/costa-rica-es/bienes-raices-alquiler-apartamentos/apartamento-de-1-habitacion-en-rohrmoser-triangulo-vista-al-parque/32518504,rent,active,San José provincia,San José Capital,,Apartamento de 1 habitación en Rohrmoser | Triangulo | Vista al parque,"Se alquila apartamento en Rohrmoser – Excelente ubicación cerca de Plaza El Triángulo. - 1 habitación. - 1 baño. - 1 parqueo bajo techo - 1 amplio balcón con vista al parque Ubicado en una de las zonas más convenientes de Rohrmoser, a pocos pasos de El Triángulo, supermercados, restaurantes, cafés y principales vías de acceso y al Boulevard de Rohrmoser. Características: Vista al parque Sala y comedor integrados Cocina Excelente iluminación y ventilación natural Ubicación segura y céntrica Ideal para una persona o pareja que busque comodidad y fácil acceso a servicios, comercio y transporte. No se admiten mascotas (puede aceptarse 1 gato).",Condo,1 Bedroom,1 Bathroom,1 Vehicle,,,,{},,{},,,,775,USD,+50688195296,https://photos.encuentra24.com/t_or_fh_m/f_auto/v1/cr/32/51/85/04/32518504_ddabf3e|https://photos.encuentra24.com/t_or_fh_m/f_auto/v1/cr/32/51/85/04/32518504_3478080|https://photos.encuentra24.com/t_or_fh_m/f_auto/v1/cr/32/51/85/04/32518504_61d28d4|https://photos.encuentra24.com/t_or_fh_m/f_auto/v1/cr/32/51/85/04/32518504_8bdc724|https://photos.encuentra24.com/t_or_fh_m/f_auto/v1/cr/32/51/85/04/32518504_fca5b48|https://photos.encuentra24.com/t_or_fh_m/f_auto/v1/cr/32/51/85/04/32518504_137d1a8|https://photos.encuentra24.com/t_or_fh_m/f_auto/v1/cr/32/51/85/04/32518504_c5f4a69|https://photos.encuentra24.com/t_or_fh_m/f_auto/v1/cr/32/51/85/04/32518504_106000f|https://photos.encuentra24.com/t_or_fh_m/f_auto/v1/cr/32/51/85/04/32518504_ce723e0|https://photos.encuentra24.com/t_or_fh_m/f_auto/v1/cr/32/51/85/04/32518504_83547d4|https://photos.encuentra24.com/t_or_fh_m/f_auto/v1/cr/32/51/85/04/32518504_6658de6|https://photos.encuentra24.com/t_or_fh_m/f_auto/v1/cr/32/51/85/04/32518504_9970968|https://photos.encuentra24.com/t_or_fh_m/f_auto/v1/cr/32/51/85/04/32518504_3056036|https://photos.encuentra24.com/t_or_fh_m/f_auto/v1/cr/32/61/52/12/32615212_660550b|https://photos.encuentra24.com/t_or_fh_m/f_auto/v1/cr/32/60/48/52/32604852_56c52f1d4b887fb431a2a35087e076a9-3fd3951|https://photos.encuentra24.com/t_or_fh_m/f_auto/v1/cr/32/58/17/52/32581752_312f699695f6d1b5470836e8ea57887e-472ba3c|https://photos.encuentra24.com/t_or_fh_m/f_auto/v1/cr/32/39/23/32/32392332_11bfe7f|https://photos.encuentra24.com/t_or_fh_m/f_auto/v1/cr/32/29/39/62/32293962_9f89cd0c3ef55d469d32f40e2adaed2c-6b7ffb6|https://photos.encuentra24.com/t_or_fh_m/f_auto/v1/cr/32/65/54/61/32655461_2b4b831|https://photos.encuentra24.com/t_or_fh_m/f_auto/v1/cr/29/87/94/11/29879411_b38bfa|https://photos.encuentra24.com/t_or_fh_m/f_auto/v1/cr/32/40/88/48/32408848_a0da9fa|https://photos.encuentra24.com/t_or_fh_m/f_auto/v1/cr/32/60/46/99/32604699_f36052d|https://photos.encuentra24.com/t_or_fh_m/f_auto/v1/cr/32/51/74/38/32517438_111a677|https://photos.encuentra24.com/t_or_fh_m/f_auto/v1/cr/32/52/82/14/32528214_a7d3a68|https://photos.encuentra24.com/t_or_fh_m/f_auto/v1/cr/32/56/55/42/32565542_4ff8357|https://photos.encuentra24.com/t_or_fh_m/f_auto/v1/cr/32/29/57/36/32295736_8a0478b|https://photos.encuentra24.com/t_or_fh_m/f_auto/v1/cr/32/60/05/92/32600592_aa5b4b8
encuentra24,32615930,https://www.encuentra24.com/costa-rica-es/bienes-raices-alquiler-apartamentos/apartamento-en-exclusivo-condominio-en-rio-oro-santa-ana/32615930,rent,active,San José provincia,Santa Ana,Río Oro,"Apartamento en exclusivo condominio en Rio Oro, Santa Ana","Localizado en Santa Ana, Rio Oro. Vista espectacular del Valle Central, Alajuela, Heredia, areas verdes, piscina. Unicamente 5 villas. Totalmente amueblado y recientemente equipado. Una habitacion, aire acondicionado, refrigerador, cocina, microondas, cuarto de baño con ducha, centro de lavado. Cerca de Centros Comerciales, hospitales, farmacias, bancos, restaurantes. Parqueo techado y parqueo de visitas. Seguridad, mantenimiento de la piscina y areas verdes. Servicio de cable e internet por fibra optica. Precio: 550,000 (Incluye el mantenimiento de areas comunes y la piscina) Cliente cancela los servicios. Minimo un año. Dep.de garantia.",Condo,1 Bedroom,1 Bathroom,1 Vehicle,,50–100m²,"1,000–5,000m²","{""Fiber Internet""}",Riverfront|Urban,"{""River Valley""}",,,,1100,USD,+50671976733,https://photos.encuentra24.com/t_or_fh_m/f_auto/v1/cr/32/61/59/30/32615930_f2370dfef7618d751d33ed59bd69bc5b-a1fecf5|https://photos.encuentra24.com/t_or_fh_m/f_auto/v1/cr/32/61/59/30/32615930_57485a4|https://photos.encuentra24.com/t_or_fh_m/f_auto/v1/cr/32/61/59/30/32615930_f2370dfef7618d751d33ed59bd69bc5b-bf10fd9|https://photos.encuentra24.com/t_or_fh_m/f_auto/v1/cr/32/61/59/30/32615930_f2370dfef7618d751d33ed59bd69bc5b-9eaeea4|https://photos.encuentra24.com/t_or_fh_m/f_auto/v1/cr/32/61/59/30/32615930_f2370dfef7618d751d33ed59bd69bc5b-730c27e|https://photos.encuentra24.com/t_or_fh_m/f_auto/v1/cr/32/61/59/30/32615930_f2370dfef7618d751d33ed59bd69bc5b-83c6a30|https://photos.encuentra24.com/t_or_fh_m/f_auto/v1/cr/32/61/59/30/32615930_f2370dfef7618d751d33ed59bd69bc5b-bdadb32|https://photos.encuentra24.com/t_or_fh_m/f_auto/v1/cr/32/61/59/30/32615930_f2370dfef7618d751d33ed59bd69bc5b-c26db46|https://photos.encuentra24.com/t_or_fh_m/f_auto/v1/cr/32/61/59/30/32615930_f2370dfef7618d751d33ed59bd69bc5b-bf4fd82|https://photos.encuentra24.com/t_or_fh_m/f_auto/v1/cr/32/61/59/30/32615930_f2370dfef7618d751d33ed59bd69bc5b-9d77029|https://photos.encuentra24.com/t_or_fh_m/f_auto/v1/cr/32/61/59/30/32615930_f2370dfef7618d751d33ed59bd69bc5b-091b1e0|https://photos.encuentra24.com/t_or_fh_m/f_auto/v1/cr/32/61/59/30/32615930_f2370dfef7618d751d33ed59bd69bc5b-3ca2989|https://photos.encuentra24.com/t_or_fh_m/f_auto/v1/cr/32/61/59/30/32615930_f2370dfef7618d751d33ed59bd69bc5b-52681ee|https://photos.encuentra24.com/t_or_fh_m/f_auto/v1/cr/32/61/59/30/32615930_f2370dfef7618d751d33ed59bd69bc5b-d236efe|https://photos.encuentra24.com/t_or_fh_m/f_auto/v1/cr/32/61/59/30/32615930_f2370dfef7618d751d33ed59bd69bc5b-6b940db|https://photos.encuentra24.com/t_or_fh_m/f_auto/v1/cr/32/61/59/30/32615930_f2370dfef7618d751d33ed59bd69bc5b-23890dc|https://photos.encuentra24.com/t_or_fh_m/f_auto/v1/cr/32/61/59/30/32615930_f2370dfef7618d751d33ed59bd69bc5b-f129eb7|https://photos.encuentra24.com/t_or_fh_m/f_auto/v1/cr/32/41/75/04/32417504_743207b|https://photos.encuentra24.com/t_or_fh_m/f_auto/v1/cr/32/03/53/04/32035304_1e6abee|https://photos.encuentra24.com/t_or_fh_m/f_auto/v1/cr/32/63/99/23/32639923_1915b3d|https://photos.encuentra24.com/t_or_fh_m/f_auto/v1/cr/32/03/52/63/32035263_812030bc5abaab5b584ff907b4533ab1-0766a33|https://photos.encuentra24.com/t_or_fh_m/f_auto/v1/cr/32/38/78/02/32387802_cc500d0a6e1ade9d6d08fb9f38cea011-aa0e44b|https://photos.encuentra24.com/t_or_fh_m/f_auto/v1/cr/31/23/83/02/31238302_0f52a8|https://photos.encuentra24.com/t_or_fh_m/f_auto/v1/cr/31/11/99/52/31119952_9dc959
encuentra24,24207259,https://www.encuentra24.com/costa-rica-es/bienes-raices-alquiler-alquiler-de-oficinas/alquiler-de-oficinas-en-oficentro-dent-san-pedro-de-montes-de-oca/24207259,rent,active,San José provincia,Montes de Oca,San Pedro,ALQUILER DE OFICINAS EN OFICENTRO DENT SAN PEDRO DE MONTES DE OCA,"Espacio para oficinas en el tercer (3) Nivel del Oficentro Dent, San Pedro. A $16 dólares el M2 en obra Gris, se puede dar llave en mano tambien + 3 dólares de mantemiento por m2. Espacio de 855mt2, se puede dividir en 4 espacios. - 1 espacio de 221 mts2, Precio $3536 + mantenimiento - 2 espacio de 220 mts2 Precio $3520 + mantenimiento - 3 espacio de 210 mts2 Precio $3360 + mantenimiento - 4 espacio de 203 mts2 Precio $3248 + mantenimiento El edificio cuenta con un Elegante lobby o recepción * Hermosas vistas a San Pedro de montes de Oca. * 2 Elevadores * Área común para baños (2 baños) * Escaleras de acceso * Escaleras de emergencia * 27 espacios de parqueos * Parqueo de visitas * Electricidad Trifásica * Seguridad 24/7",Commercial Property,,2 Bathrooms,4+ Vehicles,,,,"{""Electricity""}",Urban,{},,,,3248,USD,+50688957887,https://photos.encuentra24.com/t_or_fh_m/f_auto/v1/cr/24/20/72/59/24207259_59a320|https://photos.encuentra24.com/t_or_fh_m/f_auto/v1/cr/24/20/72/59/24207259_688f7e|https://photos.encuentra24.com/t_or_fh_m/f_auto/v1/cr/24/20/72/59/24207259_ec5a3f|https://photos.encuentra24.com/t_or_fh_m/f_auto/v1/cr/24/20/72/59/24207259_fce179|https://photos.encuentra24.com/t_or_fh_m/f_auto/v1/cr/24/20/72/59/24207259_e4a9ec|https://photos.encuentra24.com/t_or_fh_m/f_auto/v1/cr/24/20/72/59/24207259_052fc1|https://photos.encuentra24.com/t_or_fh_m/f_auto/v1/cr/24/20/72/59/24207259_6c8654|https://photos.encuentra24.com/t_or_fh_m/f_auto/v1/cr/24/20/72/59/24207259_ac0b38|https://photos.encuentra24.com/t_or_fh_m/f_auto/v1/cr/24/20/72/59/24207259_2fc3d3|https://photos.encuentra24.com/t_or_fh_m/f_auto/v1/cr/24/20/72/59/24207259_423107|https://photos.encuentra24.com/t_or_fh_m/f_auto/v1/cr/24/20/72/59/24207259_2e8ff8|https://photos.encuentra24.com/t_or_fh_m/f_auto/v1/cr/24/20/72/59/24207259_c9606f|https://photos.encuentra24.com/t_or_fh_m/f_auto/v1/cr/24/20/72/59/24207259_cc58a2|https://photos.encuentra24.com/t_user_logo/v1/users/logo/21/89/26/2189260_b33f53|https://photos.encuentra24.com/t_or_fh_m/f_auto/v1/cr/32/52/41/56/32524156_d000bf0252bedafc7d609b0b625ffa13-283841d|https://photos.encuentra24.com/t_or_fh_m/f_auto/v1/cr/32/64/90/74/32649074_9e8b862a43f79451348d34986eae6c2f-95425b9|https://photos.encuentra24.com/t_or_fh_m/f_auto/v1/cr/32/38/78/10/32387810_feaf163b28a92b1248c182db0f59ef0b-15b41c0|https://photos.encuentra24.com/t_or_fh_m/f_auto/v1/cr/31/71/35/28/31713528_f325f6|https://photos.encuentra24.com/t_or_fh_m/f_auto/v1/cr/32/60/54/04/32605404_2b9a8c9|https://photos.encuentra24.com/t_or_fh_m/f_auto/v1/cr/32/56/11/63/32561163_d2eb165cb127cf774ec022f42469d924-2b16dd2|https://photos.encuentra24.com/t_or_fh_m/f_auto/v1/cr/31/31/70/04/31317004_cdd738
encuentra24,30686219,https://www.encuentra24.com/costa-rica-es/bienes-raices-alquiler-comercios/local-comercial-en-boulevard-los-yoses-ideal-para-oficina-privada-o-comercio/30686219,rent,active,San José provincia,San José Capital,Carmen,Local Comercial en Boulevard Los Yoses. Ideal para oficina privada o comercio,"Lindo y acogedor local comercial esquinero, con mucha luz, en el boulevard de Los Yoses. Ideal para ofiocina privada, consultorio, o tienda de alta gama. Cuenta con terraza de acceso, amplio espacio de recepción y sala de espera.. Tres espacios independientes de oficinas, exhibición y/o consultorio privado. Cuenta con amplio parqueo sobre el boulevard de la Municipalidad de San José. Al precio del alquiler debe agregársele el IVA",Commercial Property,,,,,100–200m²,,"{""Electricity""}",Riverfront,"{""Steep Slope""}",,,,1800,USD,+50689950844,https://photos.encuentra24.com/t_or_fh_m/f_auto/v1/cr/30/68/62/19/30686219_386560|https://photos.encuentra24.com/t_or_fh_m/f_auto/v1/cr/30/68/62/19/30686219_d9c8c6|https://photos.encuentra24.com/t_or_fh_m/f_auto/v1/cr/30/68/62/19/30686219_8f3b8f|https://photos.encuentra24.com/t_or_fh_m/f_auto/v1/cr/30/68/62/19/30686219_31fd7e|https://photos.encuentra24.com/t_or_fh_m/f_auto/v1/cr/30/68/62/19/30686219_b10a2e|https://photos.encuentra24.com/t_or_fh_m/f_auto/v1/cr/30/68/62/19/30686219_697f42|https://photos.encuentra24.com/t_or_fh_m/f_auto/v1/cr/30/68/62/19/30686219_996674|https://photos.encuentra24.com/t_or_fh_m/f_auto/v1/cr/30/68/62/19/30686219_ed57e0|https://photos.encuentra24.com/t_or_fh_m/f_auto/v1/cr/30/68/62/19/30686219_f6782f|https://photos.encuentra24.com/t_or_fh_m/f_auto/v1/cr/30/68/62/19/30686219_6be7aa|https://photos.encuentra24.com/t_or_fh_m/f_auto/v1/cr/30/68/62/19/30686219_d39685|https://photos.encuentra24.com/t_or_fh_m/f_auto/v1/cr/30/68/62/19/30686219_6bcba2|https://photos.encuentra24.com/t_or_fh_m/f_auto/v1/cr/30/68/62/19/30686219_592d1c|https://photos.encuentra24.com/t_user_logo/v1/users/logo/59/92/19/599219_7eda60|https://photos.encuentra24.com/t_cnseal/v1697642511/cnseal/652ff80f42db6_Verified%20badge.png|https://photos.encuentra24.com/t_or_fh_m/f_auto/v1/cr/31/82/50/70/31825070_a8e2c3|https://photos.encuentra24.com/t_or_fh_m/f_auto/v1/cr/32/11/85/64/32118564_20d7eda|https://photos.encuentra24.com/t_or_fh_m/f_auto/v1/cr/30/67/72/97/30677297_809478|https://photos.encuentra24.com/t_or_fh_m/f_auto/v1/cr/28/14/40/38/28144038_bfecbf
encuentra24,32620727,https://www.encuentra24.com/costa-rica-es/bienes-raices-alquiler-apartamentos/apartamento-de-4-dormitorios-en-nunciatura/32620727,rent,active,San José provincia,San José Capital,Pavas,APARTAMENTO DE 4 DORMITORIOS EN NUNCIATURA,"¡LUJOSA CASA INDEPENDIENTE EN CARIARI! Si buscas amplitud, privacidad y confort exclusivo, esta espectacular propiedad no adosada en una de las zonas más prestigiosas de Cariari es para ti. Con un diseño pensado para el disfrute familiar y el bienestar. CARACTERÍSTICAS DE LA PROPIEDAD Terreno: 884M2 Construcción: 600M2 Ubicación: Cariari Precio de venta: $550.000 DISTRIBUCIÓN DEL PRIMER PISO Elegante vestíbulo de entrada. 2 amplias salas de estar independientes. Comedor formal espacioso. Biblioteca / Oficina ideal para teletrabajo. Gran terraza que conecta con el patio. Hermoso patio/jardín. Área de pilas y cuarto de servicio completo (con su propio baño). Medio baño para visitas. DISTRIBUCIÓN DEL SEGUNDO PISO Sala de TV familiar. Terraza en segundo piso con hermosas vistas. 5 Dormitorios en total: 3 habitaciones principales con baño en suite (dos de ellas incluyen vestidores y solarios privados para tomar el sol). 2 habitaciones secundarias que comparten un baño completo adicional. Zona de Bienestar: ¡Sauna y Jacuzzi privados dentro de la casa! MÁS INFORMACIÓN Y CITAS Teléfono y WhatsApp: / Sitio web: Nuestras redes: linktr.ee/inmobiliariajmk Comunidad VIP: Grupo de WhatsApp Airbnb Host: #Cariari #CasaDeLujo #BienesRaicesCR #PropiedadesDeLujo #InmobiliariaJMK #Inversión #CasaIndependiente #Costa Rica",Condo,4 Bedrooms,4 Bathrooms,2 Vehicles,,,,"{""Solar Power""}",,"{""Steep Slope""}",,,,1400,USD,+50688927474,https://photos.encuentra24.com/t_or_fh_m/f_auto/v1/cr/32/62/07/27/32620727_5d70f9e71bfb94ffbd39c8c9daba5126-371df00|https://photos.encuentra24.com/t_or_fh_m/f_auto/v1/cr/32/62/07/27/32620727_5d70f9e71bfb94ffbd39c8c9daba5126-eca61f0|https://photos.encuentra24.com/t_or_fh_m/f_auto/v1/cr/32/62/07/27/32620727_5d70f9e71bfb94ffbd39c8c9daba5126-1821f90|https://photos.encuentra24.com/t_or_fh_m/f_auto/v1/cr/32/62/07/27/32620727_5d70f9e71bfb94ffbd39c8c9daba5126-996143e|https://photos.encuentra24.com/t_or_fh_m/f_auto/v1/cr/32/62/07/27/32620727_5d70f9e71bfb94ffbd39c8c9daba5126-73b0911|https://photos.encuentra24.com/t_or_fh_m/f_auto/v1/cr/32/62/07/27/32620727_5d70f9e71bfb94ffbd39c8c9daba5126-fc50614|https://photos.encuentra24.com/t_or_fh_m/f_auto/v1/cr/32/62/07/27/32620727_5d70f9e71bfb94ffbd39c8c9daba5126-b69da69|https://photos.encuentra24.com/t_or_fh_m/f_auto/v1/cr/32/62/07/27/32620727_5d70f9e71bfb94ffbd39c8c9daba5126-8c0492e|https://photos.encuentra24.com/t_or_fh_m/f_auto/v1/cr/32/62/07/27/32620727_5d70f9e71bfb94ffbd39c8c9daba5126-b95a572|https://photos.encuentra24.com/t_or_fh_m/f_auto/v1/cr/32/62/07/27/32620727_5d70f9e71bfb94ffbd39c8c9daba5126-6058ace|https://photos.encuentra24.com/t_or_fh_m/f_auto/v1/cr/32/62/07/27/32620727_5d70f9e71bfb94ffbd39c8c9daba5126-7361925|https://photos.encuentra24.com/t_or_fh_m/f_auto/v1/cr/32/62/07/27/32620727_5d70f9e71bfb94ffbd39c8c9daba5126-8c261c6|https://photos.encuentra24.com/t_or_fh_m/f_auto/v1/cr/32/62/07/27/32620727_5d70f9e71bfb94ffbd39c8c9daba5126-3598a0b|https://photos.encuentra24.com/t_or_fh_m/f_auto/v1/cr/32/62/07/27/32620727_5d70f9e71bfb94ffbd39c8c9daba5126-a381582|https://photos.encuentra24.com/t_or_fh_m/f_auto/v1/cr/32/62/07/27/32620727_5d70f9e71bfb94ffbd39c8c9daba5126-2bfcf91|https://photos.encuentra24.com/t_or_fh_m/f_auto/v1/cr/32/62/07/27/32620727_5d70f9e71bfb94ffbd39c8c9daba5126-9cc0fd8|https://photos.encuentra24.com/t_or_fh_m/f_auto/v1/cr/32/62/07/27/32620727_5d70f9e71bfb94ffbd39c8c9daba5126-7cc2dff|https://photos.encuentra24.com/t_or_fh_m/f_auto/v1/cr/32/62/07/27/32620727_5d70f9e71bfb94ffbd39c8c9daba5126-8d338ea|https://photos.encuentra24.com/t_user_logo/v1/users/logo/13/45/48/27/13454827_5d10a7|https://photos.encuentra24.com/t_or_fh_m/f_auto/v1/cr/32/64/54/22/32645422_e283fd6|https://photos.encuentra24.com/t_or_fh_m/f_auto/v1/cr/31/58/73/50/31587350_95f813|https://photos.encuentra24.com/t_or_fh_m/f_auto/v1/cr/31/68/33/08/31683308_e3a3a71|https://photos.encuentra24.com/t_or_fh_m/f_auto/v1/cr/29/71/82/98/29718298_e252c3|https://photos.encuentra24.com/t_or_fh_m/f_auto/v1/cr/32/53/63/37/32536337_3686028d66cc1d3eaa6c3f2c7fbbbef9-1adac93|https://photos.encuentra24.com/t_or_fh_m/f_auto/v1/cr/32/65/56/65/32655665_c1219cbce3f99bbaf5ad62dfb9db3210-1f03309|https://photos.encuentra24.com/t_or_fh_m/f_auto/v1/cr/32/65/56/14/32655614_5a89ec1e16a9b1652421ab186c66bcbf-ea41f29|https://photos.encuentra24.com/t_or_fh_m/f_auto/v1/cr/31/99/99/02/31999902_d3117599a51aa2589d57755e6df9285a-3cdbecc|https://photos.encuentra24.com/t_or_fh_m/f_auto/v1/cr/32/31/09/35/32310935_fa3de6e17372cb804806a2e27661ca20-45cc199|https://photos.encuentra24.com/t_or_fh_m/f_auto/v1/cr/32/60/83/78/32608378_d685e6ed329ae84bd3066dfd9dcb2b0c-5756f2a|https://photos.encuentra24.com/t_or_fh_m/f_auto/v1/cr/31/93/53/38/31935338_4487bf0b6830d895273db0c550961fe6-6bcfa5f|https://photos.encuentra24.com/t_or_fh_m/f_auto/v1/cr/32/62/05/83/32620583_8ed24860092e8176ec887c99be9ba57b-e7a36e7|https://photos.encuentra24.com/t_or_fh_m/f_auto/v1/cr/32/63/99/17/32639917_d864f32fa9ceb6cf684c6a49f430ca4a-a6c0cbe|https://photos.encuentra24.com/t_or_fh_m/f_auto/v1/cr/31/87/92/64/31879264_a883b3
encuentra24,32428232,https://www.encuentra24.com/costa-rica-es/bienes-raices-alquiler-apartamentos-amueblados/apartamento-amueblado-exclusivo-en-nunciatura/32428232,rent,active,San José provincia,San José Capital,Rohrmoser,APARTAMENTO AMUEBLADO EXCLUSIVO EN NUNCIATURA,"Alquiler de hermoso apartamento amoblado y con línea blanca en Vía 74 Nunciatura (a 50m del Parque El Perú). ¡Torre boutique de solo 40 unidades! Área: 70 m² habitables (ventanales de cielo a techo). Distribución: 1 Habitación / 1 Baño / 1 Parqueo. Mascotas: Se aceptan hasta 2 (aplica depósito extra por mobiliario). Disponibilidad: 11 de junio. AMENIDADES: Piscina | Gym | Terraza con Fire-pit | Co-Work Space | Jardín de lectura CONDICIONES: Precio: $1,450 (Muebles y línea blanca incluidos). Contrato mínimo de 12 meses + 1 mes de depósito. (Servicios por separado). ¡AGENDE SU CITA HOY MISMO! Patri Cabrera - Braico Bienes Raíces y Construcción",Condo,1 Bedroom,1 Bathroom,1 Vehicle,,,,{},,{},,,,1450,USD,+50683421910,https://photos.encuentra24.com/t_or_fh_m/f_auto/v1/cr/32/42/82/32/32428232_774719d|https://photos.encuentra24.com/t_or_fh_m/f_auto/v1/cr/32/42/82/32/32428232_24d5a57|https://photos.encuentra24.com/t_or_fh_m/f_auto/v1/cr/32/42/82/32/32428232_2053b89|https://photos.encuentra24.com/t_or_fh_m/f_auto/v1/cr/32/42/82/32/32428232_cad76c6|https://photos.encuentra24.com/t_or_fh_m/f_auto/v1/cr/32/42/82/32/32428232_e479a99|https://photos.encuentra24.com/t_or_fh_m/f_auto/v1/cr/32/42/82/32/32428232_2cdd74f|https://photos.encuentra24.com/t_or_fh_m/f_auto/v1/cr/32/42/82/32/32428232_802d074|https://photos.encuentra24.com/t_or_fh_m/f_auto/v1/cr/32/42/82/32/32428232_de2f703|https://photos.encuentra24.com/t_or_fh_m/f_auto/v1/cr/32/42/82/32/32428232_ef06bc9|https://photos.encuentra24.com/t_or_fh_m/f_auto/v1/cr/32/42/82/32/32428232_86b57f3|https://photos.encuentra24.com/t_or_fh_m/f_auto/v1/cr/32/42/82/32/32428232_7c771d6|https://photos.encuentra24.com/t_or_fh_m/f_auto/v1/cr/32/42/82/32/32428232_78fa046|https://photos.encuentra24.com/t_or_fh_m/f_auto/v1/cr/32/42/82/32/32428232_a9b1a0a|https://photos.encuentra24.com/t_or_fh_m/f_auto/v1/cr/32/42/82/32/32428232_9f61e1a|https://photos.encuentra24.com/t_user_logo/v1/users/logo/13/12/20/1312204_fee0c9|https://photos.encuentra24.com/t_or_fh_m/f_auto/v1/cr/32/66/87/21/32668721_e0aa4c71361aca3d8509b0a518a076d5-318264b|https://photos.encuentra24.com/t_or_fh_m/f_auto/v1/cr/32/49/37/91/32493791_6553a46|https://photos.encuentra24.com/t_or_fh_m/f_auto/v1/cr/32/61/78/41/32617841_9ba8127f67f9ec3269767e20ccdd4d90-71c53e1|https://photos.encuentra24.com/t_or_fh_m/f_auto/v1/cr/32/51/71/40/32517140_e80a26e|https://photos.encuentra24.com/t_or_fh_m/f_auto/v1/cr/32/55/74/90/32557490_17f98ca22112e18268cd84c11a5104a0-02d73c7|https://photos.encuentra24.com/t_or_fh_m/f_auto/v1/cr/32/44/48/90/32444890_b5116879048d33f0a70e442923721aac-c011b0b|https://photos.encuentra24.com/t_or_fh_m/f_auto/v1/cr/32/19/58/40/32195840_dd8b67215cf207a7086933635c3f6dd6-0d1e8cf|https://photos.encuentra24.com/t_or_fh_m/f_auto/v1/cr/32/43/03/46/32430346_6fb8215|https://photos.encuentra24.com/t_or_fh_m/f_auto/v1/cr/32/53/86/49/32538649_f3667a8aff0046eafaebed329aa9df7f-d3d25e5|https://photos.encuentra24.com/t_or_fh_m/f_auto/v1/cr/32/65/00/07/32650007_04a24c2739e80121499f7db639805724-621aa6f|https://photos.encuentra24.com/t_or_fh_m/f_auto/v1/cr/32/59/71/47/32597147_876a810|https://photos.encuentra24.com/t_or_fh_m/f_auto/v1/cr/32/44/70/17/32447017_fcede3e|https://photos.encuentra24.com/t_or_fh_m/f_auto/v1/cr/32/45/55/48/32455548_109700c
encuentra24,32622598,https://www.encuentra24.com/costa-rica-es/bienes-raices-alquiler-apartamentos/ideal-para-teletrabajo-2-hab-oficina-amplio-y-muy-iluminado-sabanilla-montes-de-oca/32622598,rent,active,San José provincia,Montes de Oca,Sabanilla,"Ideal para teletrabajo. 2 hab. + Oficina. Amplio y muy iluminado. Sabanilla, Montes de Oca","Amplios espacios, iluminación natural, ideal para teletrabajar. 2 habitaciones / oficina / 2 baños / 1 parqueo techado / 115 m2 Alquiler de moderno apartamento de 2 hab. + oficina. Condominio Roraima. Sabanilla. Este amplio apartamento consta de: · Sala - comedor · Cocina con muebles y sobre de cuarzo (incluye plantilla empotrada y horno microondas con extractor nuevos) · 2 habitaciones con modernos closets (principal con baño) · 2 baños completos · 1 oficina (o tercera habitación) · Balcón con salida desde la sala · Segundo balcón con salidas desde las habitaciones · 1 parqueo bajo techo · Cuarto de pilas (para torre de lavado o lavaseca) · Área: 115 m2 (sin contar parqueo) Cuota de mantenimiento incluida. Mismo monto de depósito. Se permite 1 mascota. Este es un condominio de solo 21 unidades y ofrece: · Área de coworking y lounge con espacio para BBQ · Zona verde para mascotas · Gimnasio · Área de juegos para niños · Seguridad 24/7 · Elevador A an solo 150 m de las instalaciones deportivas de la UCR, con fácil acceso a Sabanilla, San Pedro, Moravia y Guadalupe.",Condo,2 Bedrooms,2 Bathrooms,1 Vehicle,,,,{},,{},,,,1300,USD,+50686559703,https://photos.encuentra24.com/t_or_fh_m/f_auto/v1/cr/32/62/25/98/32622598_6fbba47|https://photos.encuentra24.com/t_or_fh_m/f_auto/v1/cr/32/62/25/98/32622598_a22a549|https://photos.encuentra24.com/t_or_fh_m/f_auto/v1/cr/32/62/25/98/32622598_410889a|https://photos.encuentra24.com/t_or_fh_m/f_auto/v1/cr/32/62/25/98/32622598_c9b5442|https://photos.encuentra24.com/t_or_fh_m/f_auto/v1/cr/32/62/25/98/32622598_411e3bf|https://photos.encuentra24.com/t_or_fh_m/f_auto/v1/cr/32/62/25/98/32622598_9e42cd9|https://photos.encuentra24.com/t_or_fh_m/f_auto/v1/cr/32/62/25/98/32622598_d8f553c|https://photos.encuentra24.com/t_or_fh_m/f_auto/v1/cr/32/62/25/98/32622598_f0109d4|https://photos.encuentra24.com/t_or_fh_m/f_auto/v1/cr/32/62/25/98/32622598_e8093ed|https://photos.encuentra24.com/t_or_fh_m/f_auto/v1/cr/32/62/25/98/32622598_868f5b0|https://photos.encuentra24.com/t_or_fh_m/f_auto/v1/cr/32/62/25/98/32622598_c1cd2f0|https://photos.encuentra24.com/t_or_fh_m/f_auto/v1/cr/32/62/25/98/32622598_4b0dc7f|https://photos.encuentra24.com/t_or_fh_m/f_auto/v1/cr/32/62/25/98/32622598_900d4c0|https://photos.encuentra24.com/t_or_fh_m/f_auto/v1/cr/32/62/25/98/32622598_1f7f0d2|https://photos.encuentra24.com/t_or_fh_m/f_auto/v1/cr/32/62/25/98/32622598_ac15a2f|https://photos.encuentra24.com/t_or_fh_m/f_auto/v1/cr/32/62/25/98/32622598_f766a59|https://photos.encuentra24.com/t_or_fh_m/f_auto/v1/cr/32/62/25/98/32622598_01ede5e|https://photos.encuentra24.com/t_or_fh_m/f_auto/v1/cr/32/62/25/98/32622598_098f097|https://photos.encuentra24.com/t_or_fh_m/f_auto/v1/cr/32/62/25/98/32622598_0970a93|https://photos.encuentra24.com/t_or_fh_m/f_auto/v1/cr/32/62/25/98/32622598_efb9293|https://photos.encuentra24.com/t_user_logo/v1/users/logo/12/83/75/88/12837588_c9ea1f|https://photos.encuentra24.com/t_cnseal/v1697642511/cnseal/652ff80f42db6_Verified%20badge.png|https://photos.encuentra24.com/t_cnseal/v1594676252/cnseal/5f0cd41c4a555_Bildschirmfotocccbr.png|https://photos.encuentra24.com/t_or_fh_m/f_auto/v1/cr/32/40/37/69/32403769_62cdc2c|https://photos.encuentra24.com/t_or_fh_m/f_auto/v1/cr/32/51/84/77/32518477_fd51023|https://photos.encuentra24.com/t_or_fh_m/f_auto/v1/cr/32/42/35/54/32423554_28c07b4|https://photos.encuentra24.com/t_or_fh_m/f_auto/v1/cr/32/54/36/60/32543660_571a88686ee3c9a898454a7c17d5ad3f-e4ef3cc|https://photos.encuentra24.com/t_or_fh_m/f_auto/v1/cr/32/42/42/19/32424219_027c1c581d3ba71ac4f7f954508e7865-0025c70|https://photos.encuentra24.com/t_or_fh_m/f_auto/v1/cr/32/23/00/37/32230037_e893020|https://photos.encuentra24.com/t_or_fh_m/f_auto/v1/cr/32/43/49/87/32434987_08da276|https://photos.encuentra24.com/t_or_fh_m/f_auto/v1/cr/31/55/52/20/31555220_1fe858|https://photos.encuentra24.com/t_or_fh_m/f_auto/v1/cr/32/24/84/19/32248419_9ee50c4|https://photos.encuentra24.com/t_or_fh_m/f_auto/v1/cr/31/67/94/36/31679436_af1bc7|https://photos.encuentra24.com/t_or_fh_m/f_auto/v1/cr/32/06/92/51/32069251_66455148789a26ceb4ad553a530c4d01-e59358a|https://photos.encuentra24.com/t_or_fh_m/f_auto/v1/cr/31/97/76/31/31977631_92100da0fe1b66828dad54a3e8758c65-879299c|https://photos.encuentra24.com/t_or_fh_m/f_auto/v1/cr/32/07/91/98/32079198_e274b97b7b93e8714657a138359a52e3-5f0da3f|https://photos.encuentra24.com/t_or_fh_m/f_auto/v1/cr/32/37/80/24/32378024_09ea9f0e5fc6139d4b90a1bb2cefc2a9-811ac20
encuentra24,32430737,https://www.encuentra24.com/costa-rica-es/bienes-raices-alquiler-apartamentos/se-alquila-apartamento-de-2-habitaciones-en-la-sabana/32430737,rent,active,San José provincia,San José Capital,Mata Redonda,SE ALQUILA APARTAMENTO DE 2 HABITACIONES EN LA SABANA,"Apartamento 2 Habitaciones: 575,000 sin parqueo / 50,000 adicional de parqueo Área habitable: 100 m² Patio: 25 m² Con línea blanca: 600,000 Amoblado: 625,000 Adicional bodega de 25 m²: 25,000 *Contrato mínimo: 1 año **Servicios públicos son responsabilidad del inquilino.",Condo,2 Bedrooms,2 Bathrooms,1 Vehicle,,100–200m²,100–500m²,{},,{},,,,575000,CRC,+50688873883,https://photos.encuentra24.com/t_or_fh_m/f_auto/v1/cr/32/43/07/37/32430737_9f777df|https://photos.encuentra24.com/t_or_fh_m/f_auto/v1/cr/32/43/07/37/32430737_4e00689|https://photos.encuentra24.com/t_or_fh_m/f_auto/v1/cr/32/43/07/37/32430737_a563e8a|https://photos.encuentra24.com/t_or_fh_m/f_auto/v1/cr/32/43/07/37/32430737_7653063|https://photos.encuentra24.com/t_or_fh_m/f_auto/v1/cr/32/43/07/37/32430737_2018d3c|https://photos.encuentra24.com/t_or_fh_m/f_auto/v1/cr/32/43/07/37/32430737_b6fa0ac|https://photos.encuentra24.com/t_or_fh_m/f_auto/v1/cr/32/43/07/37/32430737_c046581|https://photos.encuentra24.com/t_or_fh_m/f_auto/v1/cr/32/43/07/37/32430737_d6b267e|https://photos.encuentra24.com/t_or_fh_m/f_auto/v1/cr/32/43/07/37/32430737_e1ab703|https://photos.encuentra24.com/t_or_fh_m/f_auto/v1/cr/32/43/07/37/32430737_32d55f2|https://photos.encuentra24.com/t_or_fh_m/f_auto/v1/cr/32/43/07/37/32430737_29fd2be|https://photos.encuentra24.com/t_or_fh_m/f_auto/v1/cr/32/43/07/37/32430737_b35512b|https://photos.encuentra24.com/t_or_fh_m/f_auto/v1/cr/32/43/07/37/32430737_38cf636|https://photos.encuentra24.com/t_or_fh_m/f_auto/v1/cr/32/67/30/27/32673027_c18b1af47b710b971702947d899e73d0-8bbe94a|https://photos.encuentra24.com/t_or_fh_m/f_auto/v1/cr/32/63/53/27/32635327_77a5a2d6b81116f8ee39848484b5ddbf-e137821|https://photos.encuentra24.com/t_or_fh_m/f_auto/v1/cr/30/86/97/97/30869797_dbc139|https://photos.encuentra24.com/t_or_fh_m/f_auto/v1/cr/32/64/99/77/32649977_31445535b9cdda1cdd1ca0eeeb3f0734-ba1c803|https://photos.encuentra24.com/t_or_fh_m/f_auto/v1/cr/32/63/94/87/32639487_ee3be0d8c34dacb99d93ea0a06096625-7e8e112|https://photos.encuentra24.com/t_or_fh_m/f_auto/v1/cr/32/57/70/87/32577087_9674802|https://photos.encuentra24.com/t_or_fh_m/f_auto/v1/cr/32/62/08/87/32620887_b64e8495ece7b5698ff9a0366ad9f3f7-8ddd584|https://photos.encuentra24.com/t_or_fh_m/f_auto/v1/cr/29/87/94/11/29879411_b38bfa|https://photos.encuentra24.com/t_or_fh_m/f_auto/v1/cr/32/43/07/68/32430768_e4ce85d1e84338cc659650576bf0ab36-993fe22|https://photos.encuentra24.com/t_or_fh_m/f_auto/v1/cr/32/43/07/84/32430784_d81221f
encuentra24,31367670,https://www.encuentra24.com/costa-rica-es/bienes-raices-alquiler-apartamentos/alquiler-de-apartamento-en-condominio-altamira-san-pablo-de-heredia-crc-550-000-linea-blanca/31367670,rent,active,Heredia provincia,Heredia,,"Alquiler de apartamento en Condominio Altamira, San Pablo de Heredia, CRC 550,000 LINEA BLANCA","Apartamento en Condominio Altamira, San Pablo de Heredia, ubicación con gran plusvalía. A 500 metros del Paseo de las Flores, Automercado, servicio de buses Alajuela-Heredia-San José, muy cerca de servicios de tren Alajuela-Heredia-San José y universidades. Ubicado en la Torre B Cuenta con: Dos habitaciones. Dos baños completos. Sala. Comedor. Cocina. Cuarto de lavado. 1 espacio de parqueo. Amenidades: Seguridad las 24 horas del día con circuito cerrado de cámaras. Dos piscinas recreativas, piscina semi olímpica. Sala de eventos. Cancha de tenis, de Squash, y cancha multiusos. Gimnasio totalmente equipado. Sala de reuniones. Sala co-working. Parque de mascotas. Senderos para correr o caminar. Sala de juegos. Cine. Rancho de fiestas con piscina, rancho BBQ. Costo CRC 550,000 mensuales y CRC 550,000 de depósito.",Condo,1 Bedroom,1 Bathroom,1 Vehicle,,,,{},,{},,,,500000,USD,+50688339929,https://photos.encuentra24.com/t_or_fh_m/f_auto/v1/cr/31/36/76/70/31367670_1e7e15|https://photos.encuentra24.com/t_or_fh_m/f_auto/v1/cr/31/36/76/70/31367670_2b03dbd|https://photos.encuentra24.com/t_or_fh_m/f_auto/v1/cr/31/36/76/70/31367670_9a057aa|https://photos.encuentra24.com/t_or_fh_m/f_auto/v1/cr/31/36/76/70/31367670_3b3e808|https://photos.encuentra24.com/t_or_fh_m/f_auto/v1/cr/31/36/76/70/31367670_0bf5fc6|https://photos.encuentra24.com/t_or_fh_m/f_auto/v1/cr/31/36/76/70/31367670_a6c898|https://photos.encuentra24.com/t_or_fh_m/f_auto/v1/cr/31/36/76/70/31367670_5bff2aa|https://photos.encuentra24.com/t_or_fh_m/f_auto/v1/cr/31/36/76/70/31367670_c8658c2|https://photos.encuentra24.com/t_or_fh_m/f_auto/v1/cr/31/36/76/70/31367670_260f766|https://photos.encuentra24.com/t_or_fh_m/f_auto/v1/cr/31/36/76/70/31367670_2f5ab3f|https://photos.encuentra24.com/t_or_fh_m/f_auto/v1/cr/31/36/76/70/31367670_de4469|https://photos.encuentra24.com/t_or_fh_m/f_auto/v1/cr/31/36/76/70/31367670_a2ea64|https://photos.encuentra24.com/t_or_fh_m/f_auto/v1/cr/31/57/79/13/31577913_21e54f|https://photos.encuentra24.com/t_or_fh_m/f_auto/v1/cr/32/66/00/23/32660023_52e4829a3197b9bda1618e45099d7c81-a2786e2|https://photos.encuentra24.com/t_or_fh_m/f_auto/v1/cr/32/32/18/73/32321873_9c51ac9|https://photos.encuentra24.com/t_or_fh_m/f_auto/v1/cr/32/62/53/73/32625373_3c6ff57|https://photos.encuentra24.com/t_or_fh_m/f_auto/v1/cr/31/37/69/13/31376913_7baa4f|https://photos.encuentra24.com/t_or_fh_m/f_auto/v1/cr/31/34/56/23/31345623_ec0660|https://photos.encuentra24.com/t_or_fh_m/f_auto/v1/cr/32/60/65/63/32606563_7d690516b2257d9ecdae35546e71702e-64dc2c5|https://photos.encuentra24.com/t_or_fh_m/f_auto/v1/cr/31/72/37/32/31723732_d06e939|https://photos.encuentra24.com/t_or_fh_m/f_auto/v1/cr/31/39/95/64/31399564_ad79a76|https://photos.encuentra24.com/t_or_fh_m/f_auto/v1/cr/32/56/65/41/32566541_698ccd7a4e98e541ef39b76a8635ac9f-3261c86|https://photos.encuentra24.com/t_or_fh_m/f_auto/v1/cr/32/56/72/95/32567295_077b995419d26aa61e5eba66441f107d-69dad74|https://photos.encuentra24.com/t_or_fh_m/f_auto/v1/cr/29/00/36/47/29003647_ac6506|https://photos.encuentra24.com/t_or_fh_m/f_auto/v1/cr/31/53/47/33/31534733_e8bce6|https://photos.encuentra24.com/t_or_fh_m/f_auto/v1/cr/25/93/44/29/25934429_cfa3a6
encuentra24,32625969,https://www.encuentra24.com/costa-rica-es/bienes-raices-alquiler-casas/se-alquila-bella-casa-esquinera-en-guachipelin-norte-de-escazu/32625969,rent,active,San José provincia,Escazú,San Rafael,¡Se alquila bella casa esquinera en Guachipelín Norte de Escazú!,"¡Se alquila bella casa esquinera en Guachipelín Norte de Escazú! Condominio 3-10 – Espacio, comodidad y lujo en un solo lugar 183m² de construcción | 3 habitaciones | 2 parqueos bajo techo | Jardín privado Diseño pensado para la mejor experiencia familiar Habitación principal con baño completo, walk-in closet, balcón y aire acondicionado 2 habitaciones secundarias con aire acondicionado y closet integrado Baño compartido Sala de TV con ventilador y oficina para mayor confort Ático para bodega y almacenamiento adicional Sala, Comedor con Cocina moderna con sobres de cuarzo y muebles italianos Área de lavandería, jardín y baño de visita Bodega de almacenamiento Extras que marcan la diferencia: Terraza privada para disfrutar al aire libre Jardín estilizado, su propio oasis verde Conectividad tecnológica avanzada ideal para teletrabajo Disfruta de un estilo de vida exclusivo con múltiples amenidades Piscina recreativa | Cancha de tenis | Gimnasio completamente equipado | Spa con sauna, turco y jacuzzi Rooftop social con firepit y pantalla | Parque de mascotas | Terraza BBQ | Salón de juegos Espacios diseñados para niños | Cancha multiusos | Área de crossfit Ubicación privilegiada A solo 2.2 km de Construplaza sobre la ruta 310, rodeado de centros de salud, entretenimiento y gastronomía A 35 min del Aeropuerto Juan Santa María y Tobías Bolaños Precio de alquiler: US$2,800.00 (incluye cuota de mantenimiento) Incluye línea blanca completa, dos pantallas, mueble y silla de oficina, Alexa con varias funciones y un BBQ. Pet Friendly – Tu mascota también es bienvenida! Contáctanos para más información y agenda tu visita ¡Haz de este increíble condominio tu nuevo hogar hoy mismo!",Condo,3 Bedrooms,3 Bathrooms,2 Vehicles,,,,{},Urban,{},Walkable,,,2800,USD,+50688591936,https://photos.encuentra24.com/t_or_fh_m/f_auto/v1/cr/32/62/59/69/32625969_8a5ca767dbdc7821a782d2689ce0530d-2a03829|https://photos.encuentra24.com/t_or_fh_m/f_auto/v1/cr/32/62/59/69/32625969_8a5ca767dbdc7821a782d2689ce0530d-0ff0061|https://photos.encuentra24.com/t_or_fh_m/f_auto/v1/cr/32/62/59/69/32625969_8a5ca767dbdc7821a782d2689ce0530d-215e406|https://photos.encuentra24.com/t_or_fh_m/f_auto/v1/cr/32/62/59/69/32625969_8a5ca767dbdc7821a782d2689ce0530d-74f7dce|https://photos.encuentra24.com/t_or_fh_m/f_auto/v1/cr/32/62/59/69/32625969_8a5ca767dbdc7821a782d2689ce0530d-a2f5f7a|https://photos.encuentra24.com/t_or_fh_m/f_auto/v1/cr/32/62/59/69/32625969_8a5ca767dbdc7821a782d2689ce0530d-1c7177c|https://photos.encuentra24.com/t_or_fh_m/f_auto/v1/cr/32/62/59/69/32625969_8a5ca767dbdc7821a782d2689ce0530d-31a780d|https://photos.encuentra24.com/t_or_fh_m/f_auto/v1/cr/32/62/59/69/32625969_8a5ca767dbdc7821a782d2689ce0530d-c62bea8|https://photos.encuentra24.com/t_or_fh_m/f_auto/v1/cr/32/62/59/69/32625969_8a5ca767dbdc7821a782d2689ce0530d-e047c1a|https://photos.encuentra24.com/t_or_fh_m/f_auto/v1/cr/32/62/59/69/32625969_8a5ca767dbdc7821a782d2689ce0530d-16868b6|https://photos.encuentra24.com/t_or_fh_m/f_auto/v1/cr/32/62/59/69/32625969_8a5ca767dbdc7821a782d2689ce0530d-853af0c|https://photos.encuentra24.com/t_or_fh_m/f_auto/v1/cr/32/62/59/69/32625969_8a5ca767dbdc7821a782d2689ce0530d-9071e3a|https://photos.encuentra24.com/t_or_fh_m/f_auto/v1/cr/32/62/59/69/32625969_8a5ca767dbdc7821a782d2689ce0530d-4d8344a|https://photos.encuentra24.com/t_or_fh_m/f_auto/v1/cr/32/62/59/69/32625969_8a5ca767dbdc7821a782d2689ce0530d-f7fcdae|https://photos.encuentra24.com/t_or_fh_m/f_auto/v1/cr/32/62/59/69/32625969_8a5ca767dbdc7821a782d2689ce0530d-58d2f33|https://photos.encuentra24.com/t_or_fh_m/f_auto/v1/cr/32/62/59/69/32625969_8a5ca767dbdc7821a782d2689ce0530d-ae4fe37|https://photos.encuentra24.com/t_or_fh_m/f_auto/v1/cr/32/62/59/69/32625969_8a5ca767dbdc7821a782d2689ce0530d-9b11738|https://photos.encuentra24.com/t_or_fh_m/f_auto/v1/cr/32/62/59/69/32625969_8a5ca767dbdc7821a782d2689ce0530d-ec8e47f|https://photos.encuentra24.com/t_or_fh_m/f_auto/v1/cr/32/62/59/69/32625969_8a5ca767dbdc7821a782d2689ce0530d-4d04150|https://photos.encuentra24.com/t_user_logo/v1/users/logo/99/93/47/999347_2b7bf7|https://photos.encuentra24.com/t_or_fh_m/f_auto/v1/cr/32/62/70/14/32627014_c94a091ec329da67a852e7b35f5a96f4-9b7c3ed|https://photos.encuentra24.com/t_or_fh_m/f_auto/v1/cr/32/08/90/84/32089084_71ce95928446c82383422f5b2d9ac7d3-b7ce178|https://photos.encuentra24.com/t_or_fh_m/f_auto/v1/cr/32/58/81/84/32588184_bd06392|https://photos.encuentra24.com/t_or_fh_m/f_auto/v1/cr/32/64/88/74/32648874_1091f77|https://photos.encuentra24.com/t_or_fh_m/f_auto/v1/cr/32/55/24/04/32552404_3d0b3b5|https://photos.encuentra24.com/t_or_fh_m/f_auto/v1/cr/32/28/72/14/32287214_0272e04|https://photos.encuentra24.com/t_or_fh_m/f_auto/v1/cr/32/09/53/44/32095344_1b1ed507fb1957306aac67ab4fb9b535-cc70058|https://photos.encuentra24.com/t_or_fh_m/f_auto/v1/cr/32/27/41/89/32274189_8067249ad74a7c7b9cf632ae3d291100-be2e04c|https://photos.encuentra24.com/t_or_fh_m/f_auto/v1/cr/31/80/22/24/31802224_f754b7|https://photos.encuentra24.com/t_or_fh_m/f_auto/v1/cr/31/84/66/08/31846608_fae2c4e|https://photos.encuentra24.com/t_or_fh_m/f_auto/v1/cr/32/32/10/02/32321002_63fad924d9c13c129104fb5619b18e57-24c97eb|https://photos.encuentra24.com/t_or_fh_m/f_auto/v1/cr/32/43/56/08/32435608_579580a8025836730520a1be72df39dd-719d638|https://photos.encuentra24.com/t_or_fh_m/f_auto/v1/cr/31/80/27/28/31802728_57e4c8|https://photos.encuentra24.com/t_or_fh_m/f_auto/v1/cr/31/80/27/42/31802742_5ad4d7
encuentra24,32626530,https://www.encuentra24.com/costa-rica-es/bienes-raices-alquiler-alquiler-de-oficinas/torre-paseo-colon-alquiler-oficina/32626530,rent,active,San José provincia,San José Capital,,Torre Paseo Colon | Alquiler oficina,"Ubique su empresa o consultorio en una de las zonas más estratégicas y de mayor prestigio de San José. Características: 42 m² Aire acondicionado Cocineta 1 parqueo privado Sala de espera compartida Baños compartidos 15 espacios de parqueo para visitas Ideal para consultorios médicos, odontológicos, psicológicos, bufetes de abogados, contadores y oficinas administrativas. Alquiler: $1,000 mensuales ¡Contáctenos para más información o para agendar su visita!",Commercial Property,,1 Bathroom,1 Vehicle,,,,{},Riverfront,{},,,,1000,USD,+50684722020,https://photos.encuentra24.com/t_or_fh_m/f_auto/v1/cr/32/62/65/30/32626530_eecedac|https://photos.encuentra24.com/t_or_fh_m/f_auto/v1/cr/32/62/65/30/32626530_c23a0dd|https://photos.encuentra24.com/t_or_fh_m/f_auto/v1/cr/32/62/65/30/32626530_2d72c0b|https://photos.encuentra24.com/t_or_fh_m/f_auto/v1/cr/32/62/65/30/32626530_78ff7cb|https://photos.encuentra24.com/t_or_fh_m/f_auto/v1/cr/32/62/65/30/32626530_03ddfa0|https://photos.encuentra24.com/t_or_fh_m/f_auto/v1/cr/32/62/65/30/32626530_f98eda3|https://photos.encuentra24.com/t_or_fh_m/f_auto/v1/cr/32/62/65/30/32626530_8e10533|https://photos.encuentra24.com/t_or_fh_m/f_auto/v1/cr/32/62/65/30/32626530_c236a11|https://photos.encuentra24.com/t_or_fh_m/f_auto/v1/cr/32/62/65/30/32626530_dd69a3b|https://photos.encuentra24.com/t_or_fh_m/f_auto/v1/cr/32/62/65/30/32626530_fcf3511|https://photos.encuentra24.com/t_or_fh_m/f_auto/v1/cr/32/62/65/30/32626530_516fac3|https://photos.encuentra24.com/t_user_logo/v1/users/logo/23/65/86/2365864_b32db4|https://photos.encuentra24.com/t_or_fh_m/f_auto/v1/cr/32/63/00/49/32630049_637f9306d3204f24e103ba28ebff4a55-a892cfe|https://photos.encuentra24.com/t_or_fh_m/f_auto/v1/cr/32/63/27/14/32632714_6df1193|https://photos.encuentra24.com/t_or_fh_m/f_auto/v1/cr/32/63/27/51/32632751_98b159d|https://photos.encuentra24.com/t_or_fh_m/f_auto/v1/cr/32/63/27/84/32632784_d441a55|https://photos.encuentra24.com/t_or_fh_m/f_auto/v1/cr/32/02/14/47/32021447_7520526|https://photos.encuentra24.com/t_or_fh_m/f_auto/v1/cr/32/51/31/34/32513134_5e661a9|https://photos.encuentra24.com/t_or_fh_m/f_auto/v1/cr/32/06/48/63/32064863_acb1bb3|https://photos.encuentra24.com/t_or_fh_m/f_auto/v1/cr/32/12/65/55/32126555_91ca22a
encuentra24,25570317,https://www.encuentra24.com/costa-rica-es/bienes-raices-alquiler-alquiler-de-oficinas/alquiler-de-oficina-ii-el-tobogan/25570317,rent,active,San José provincia,Goicoechea,Calle Blancos,Alquiler de Oficina II El Tobogán,"En el Centro Corporativo Tobogán, entendemos que el entorno laboral tiene un impacto directo en el bienestar y la productividad de los colaboradores. Por ello, hemos diseñado nuestras oficinas para que no solo sean un espacio de trabajo, sino una experiencia integral que estimule los sentidos y fomente un ambiente de concentración y creatividad. Cada elemento dentro de nuestras instalaciones está cuidadosamente seleccionado para promover la armonía entre confort y eficiencia, creando un entorno dinámico que inspira a los equipos a alcanzar su máximo potencial. Desde la distribución de los espacios, pasando por la iluminación natural y el uso de materiales de alta calidad, hasta las zonas comunes pensadas para el descanso y la interacción, todo está orientado a mejorar la calidad de vida de quienes eligen el Centro Corporativo Tobogán como su lugar de trabajo. Aquí, la productividad no solo es un objetivo, sino un resultado natural de un entorno que favorece el equilibrio, la innovación y el bienestar integral de cada individuo. Las oficinas del Centro Corporativo Tobogán se encuentran ubicadas en una de las zonas más estratégicas y cotizadas del país. Su ubicación céntrica ofrece una conexión inmejorable con diversas facilidades y servicios esenciales para las empresas y sus colaboradores. A tan solo unos minutos, se encuentran supermercados, Universidades y otros puntos de interés clave, lo que proporciona una comodidad adicional tanto para los profesionales que laboran en el complejo como para aquellos que requieren acceso frecuente a estos servicios",Commercial Property,,5+ Bathrooms,4+ Vehicles,,,,{},Urban,{},,,,9805,USD,+50688322381,https://photos.encuentra24.com/t_or_fh_m/f_auto/v1/cr/25/57/03/17/25570317_96a6c8|https://photos.encuentra24.com/t_or_fh_m/f_auto/v1/cr/25/57/03/17/25570317_29bf94|https://photos.encuentra24.com/t_or_fh_m/f_auto/v1/cr/25/57/03/17/25570317_b514f7|https://photos.encuentra24.com/t_or_fh_m/f_auto/v1/cr/25/57/03/17/25570317_5ad54b|https://photos.encuentra24.com/t_or_fh_m/f_auto/v1/cr/25/57/03/17/25570317_0165ee|https://photos.encuentra24.com/t_or_fh_m/f_auto/v1/cr/25/57/03/17/25570317_a0464a|https://photos.encuentra24.com/t_or_fh_m/f_auto/v1/cr/25/57/03/17/25570317_e82989|https://photos.encuentra24.com/t_or_fh_m/f_auto/v1/cr/25/57/03/17/25570317_90ddf3|https://photos.encuentra24.com/t_or_fh_m/f_auto/v1/cr/25/57/03/17/25570317_408a3d|https://photos.encuentra24.com/t_or_fh_m/f_auto/v1/cr/25/57/03/17/25570317_339547|https://photos.encuentra24.com/t_or_fh_m/f_auto/v1/cr/25/57/03/17/25570317_3b145d|https://photos.encuentra24.com/t_or_fh_m/f_auto/v1/cr/25/57/03/17/25570317_e6eeba|https://photos.encuentra24.com/t_or_fh_m/f_auto/v1/cr/25/57/03/17/25570317_2654ce|https://photos.encuentra24.com/t_or_fh_m/f_auto/v1/cr/25/57/03/17/25570317_b4117c|https://photos.encuentra24.com/t_or_fh_m/f_auto/v1/cr/25/57/03/17/25570317_162e79|https://photos.encuentra24.com/t_or_fh_m/f_auto/v1/cr/25/57/03/17/25570317_f78745|https://photos.encuentra24.com/t_or_fh_m/f_auto/v1/cr/25/57/03/17/25570317_70e184|https://photos.encuentra24.com/t_or_fh_m/f_auto/v1/cr/25/57/03/17/25570317_03ef1c|https://photos.encuentra24.com/t_cnseal/v1697642511/cnseal/652ff80f42db6_Verified%20badge.png|https://photos.encuentra24.com/t_or_fh_m/f_auto/v1/cr/30/84/04/65/30840465_694016|https://photos.encuentra24.com/t_or_fh_m/f_auto/v1/cr/32/12/21/27/32122127_a85912b|https://photos.encuentra24.com/t_or_fh_m/f_auto/v1/cr/30/87/16/24/30871624_21fe6f|https://photos.encuentra24.com/t_or_fh_m/f_auto/v1/cr/28/39/46/62/28394662_0eb2f3|https://photos.encuentra24.com/t_or_fh_m/f_auto/v1/cr/28/39/47/80/28394780_629836|https://photos.encuentra24.com/t_or_fh_m/f_auto/v1/cr/28/39/80/49/28398049_6e5e32|https://photos.encuentra24.com/t_or_fh_m/f_auto/v1/cr/30/81/96/82/30819682_fd800b8
encuentra24,30983847,https://www.encuentra24.com/costa-rica-es/bienes-raices-alquiler-casas/alquiler-de-moderna-casa-ubicada-en-escazu/30983847,rent,active,San José provincia,Escazú,Escazú,Alquiler de moderna casa ubicada en Escazú,"Alquiler de moderna casa en condominio ubicado en Guachipelín Escazú. Precio de alquiler: $2.350 3 habitaciones | 2.5 baños | 2 parqueos | Sala de TV. Se alquila con línea blanca. Sala, comedor y cocina en concepto abierto. Amplio jardín. Habitación principal con su baño, walk-in closet y mezzanine. Increíbles áreas sociales. Amenidades: Piscina | Gimnasio | Casa Club | Área de Co-Working | Cancha Multiuso | Cancha sintética | Cancha de Tennis | Parque de mascotas | Área de BBQ | Juegos infantiles.",Condo,3 Bedrooms,3 Bathrooms,2 Vehicles,,,,{},,{},Walkable,,,2350,USD,+50688365944,https://photos.encuentra24.com/t_or_fh_m/f_auto/v1/cr/30/98/38/47/30983847_b26941|https://photos.encuentra24.com/t_or_fh_m/f_auto/v1/cr/30/98/38/47/30983847_cd2414|https://photos.encuentra24.com/t_or_fh_m/f_auto/v1/cr/30/98/38/47/30983847_98ebb5|https://photos.encuentra24.com/t_or_fh_m/f_auto/v1/cr/30/98/38/47/30983847_c8aed9|https://photos.encuentra24.com/t_or_fh_m/f_auto/v1/cr/30/98/38/47/30983847_e8dfcf|https://photos.encuentra24.com/t_or_fh_m/f_auto/v1/cr/30/98/38/47/30983847_bdb3b7|https://photos.encuentra24.com/t_or_fh_m/f_auto/v1/cr/30/98/38/47/30983847_6d377b|https://photos.encuentra24.com/t_or_fh_m/f_auto/v1/cr/30/98/38/47/30983847_0d39cc|https://photos.encuentra24.com/t_or_fh_m/f_auto/v1/cr/30/98/38/47/30983847_1547a6|https://photos.encuentra24.com/t_or_fh_m/f_auto/v1/cr/30/98/38/47/30983847_4d58e0|https://photos.encuentra24.com/t_or_fh_m/f_auto/v1/cr/30/98/38/47/30983847_337532|https://photos.encuentra24.com/t_or_fh_m/f_auto/v1/cr/30/98/38/47/30983847_bee952|https://photos.encuentra24.com/t_or_fh_m/f_auto/v1/cr/30/98/38/47/30983847_8d5904|https://photos.encuentra24.com/t_or_fh_m/f_auto/v1/cr/30/98/38/47/30983847_a1eee5|https://photos.encuentra24.com/t_or_fh_m/f_auto/v1/cr/30/98/38/47/30983847_38f82e|https://photos.encuentra24.com/t_user_logo/v1/users/logo/13/01/19/1301190_8da809|https://photos.encuentra24.com/t_cnseal/v1697642511/cnseal/652ff80f42db6_Verified%20badge.png|https://photos.encuentra24.com/t_or_fh_m/f_auto/v1/cr/31/84/53/09/31845309_cefc3f|https://photos.encuentra24.com/t_or_fh_m/f_auto/v1/cr/31/84/54/59/31845459_366b02e|https://photos.encuentra24.com/t_or_fh_m/f_auto/v1/cr/32/46/18/99/32461899_ec2b27bddd6ba1b14c037fca53db5486-3445b65|https://photos.encuentra24.com/t_or_fh_m/f_auto/v1/cr/31/02/89/79/31028979_830c51|https://photos.encuentra24.com/t_or_fh_m/f_auto/v1/cr/30/84/03/49/30840349_924727|https://photos.encuentra24.com/t_or_fh_m/f_auto/v1/cr/30/82/02/19/30820219_8d1118|https://photos.encuentra24.com/t_or_fh_m/f_auto/v1/cr/30/62/56/99/30625699_e411c6|https://photos.encuentra24.com/t_or_fh_m/f_auto/v1/cr/32/02/83/59/32028359_e788943155906d429700d0dccc5cbe0e-a576f68|https://photos.encuentra24.com/t_or_fh_m/f_auto/v1/cr/32/32/39/95/32323995_e0a4e71adbac84a5c38711b84197723d-0608592|https://photos.encuentra24.com/t_or_fh_m/f_auto/v1/cr/31/46/75/39/31467539_e42b3f|https://photos.encuentra24.com/t_or_fh_m/f_auto/v1/cr/32/34/75/48/32347548_3d192500648aaa6965a54eb1c6be95c8-445e4b6|https://photos.encuentra24.com/t_or_fh_m/f_auto/v1/cr/11/98/09/00/11980900_a9a089|https://photos.encuentra24.com/t_or_fh_m/f_auto/v1/cr/32/18/32/23/32183223_de28c3260d928860c5601707de80759e-9ad3d0e|https://photos.encuentra24.com/t_or_fh_m/f_auto/v1/cr/30/64/78/83/30647883_441820
encuentra24,31661839,https://www.encuentra24.com/costa-rica-es/bienes-raices-alquiler-apartamentos-amueblados/escazu-apart-amueblado-220-g-de-vista-inc-agua-internet-cable/31661839,rent,active,San José provincia,Escazú,San Rafael,ESCAZÚ APART AMUEBLADO 220 G DE VISTA INC/AGUA/INTERNET/ CABLE,"PRECIO C600.000 APARTAMENTO EJECUTIVO EN ALQUILER totalmente AMUEBLADO– SAN RAFAEL DE ESCAZÚ-TERCER PISO -VISTA IMPRESIONANTE 600.000 por mes Descubra la combinación perfecta entre comodidad, ubicación y vistas espectaculares en 114 Calle María Fe, un exclusivo proyecto ubicado en San Rafael de Escazú, una de las zonas más privilegiadas y cotizadas del país, a tan solo 5 minutos de comercios, restaurantes, centros corporativos, supermercados, hospitales y todos los servicios esenciales. Este hermoso apartamento de 75 m² ha sido diseñado para quienes valoran la calidad de vida, la tranquilidad y un entorno ideal para trabajar desde casa. Características del apartamento: • Amplia sala y comedor integrados, con una distribución moderna y funcional. • Grandes ventanales que permiten abundante entrada de luz natural durante todo el día. • Impresionantes vistas a las montañas y a la ciudad. • Cocina completamente nueva, equipada con electrodomésticos a estrenar y elegantes muebles de Euromobilia. • Dormitorio principal de gran tamaño con sistema de iluminación cálida que crea un ambiente acogedor y relajante. • Escritorio ejecutivo especialmente acondicionado para trabajo remoto, ideal para profesionales que requieren un espacio cómodo para videoconferencias y jornadas de teletrabajo. • Amplio walking closet. • Balcón privado con una espectacular vista panorámica de aproximadamente 220°, desde donde podrá admirar San José y los volcanes Poás, Irazú, Turrialba y Barva. • Parqueo para dos vehículos. Un lugar único para vivir La tranquilidad del entorno, la espectacular vista y la excelente ubicación hacen de este apartamento una opción ideal para ejecutivos, profesionales, parejas o personas que trabajan de manera virtual y buscan un espacio inspirador, cómodo y seguro. Ubicación privilegiada: San Rafael de Escazú A solo 5 minutos de todo Alquiler mensual: 600.000 No se aceptan mascotas 114 Calle María Fe le ofrece la oportunidad de vivir rodeado de comodidad, elegancia y algunas de las mejores vistas del Valle Central. Contáctenos para más información o para coordinar una visita.",Condo,1 Bedroom,1 Bathroom,2 Vehicles,,,,"{""Water"",""Electricity""}",Riverfront|Urban,"{""River Valley""}",Walkable,,,600000,CRC,+50661829482,https://photos.encuentra24.com/t_or_fh_m/f_auto/v1/cr/31/66/18/39/31661839_aa33d1b|https://photos.encuentra24.com/t_or_fh_m/f_auto/v1/cr/31/66/18/39/31661839_ef8047e|https://photos.encuentra24.com/t_or_fh_m/f_auto/v1/cr/31/66/18/39/31661839_0bdb42b|https://photos.encuentra24.com/t_or_fh_m/f_auto/v1/cr/31/66/18/39/31661839_3602011|https://photos.encuentra24.com/t_or_fh_m/f_auto/v1/cr/31/66/18/39/31661839_40502e2|https://photos.encuentra24.com/t_or_fh_m/f_auto/v1/cr/31/66/18/39/31661839_307904d|https://photos.encuentra24.com/t_or_fh_m/f_auto/v1/cr/31/66/18/39/31661839_0289b4b|https://photos.encuentra24.com/t_or_fh_m/f_auto/v1/cr/31/66/18/39/31661839_1bdba7b|https://photos.encuentra24.com/t_or_fh_m/f_auto/v1/cr/31/66/18/39/31661839_28812ee|https://photos.encuentra24.com/t_or_fh_m/f_auto/v1/cr/31/66/18/39/31661839_5a71757|https://photos.encuentra24.com/t_or_fh_m/f_auto/v1/cr/31/66/18/39/31661839_0a1322b|https://photos.encuentra24.com/t_or_fh_m/f_auto/v1/cr/31/66/18/39/31661839_ffb74db|https://photos.encuentra24.com/t_or_fh_m/f_auto/v1/cr/31/66/18/39/31661839_2f1e993|https://photos.encuentra24.com/t_or_fh_m/f_auto/v1/cr/31/66/18/39/31661839_117ce9a|https://photos.encuentra24.com/t_or_fh_m/f_auto/v1/cr/31/66/18/39/31661839_cbd2779|https://photos.encuentra24.com/t_or_fh_m/f_auto/v1/cr/31/66/18/39/31661839_14c8cc5|https://photos.encuentra24.com/t_or_fh_m/f_auto/v1/cr/31/66/18/39/31661839_9282db1|https://photos.encuentra24.com/t_or_fh_m/f_auto/v1/cr/31/66/18/39/31661839_0da76c8|https://photos.encuentra24.com/t_or_fh_m/f_auto/v1/cr/31/66/18/39/31661839_c425416|https://photos.encuentra24.com/t_or_fh_m/f_auto/v1/cr/31/66/18/39/31661839_a5629bc|https://photos.encuentra24.com/t_user_logo/v1/users/logo/59/29/59/592959_0a067a|https://photos.encuentra24.com/t_cnseal/v1697642511/cnseal/652ff80f42db6_Verified%20badge.png|https://photos.encuentra24.com/t_or_fh_m/f_auto/v1/cr/32/63/44/84/32634484_04622f178ffe0704cd6f375e433bdb59-625e0b0|https://photos.encuentra24.com/t_or_fh_m/f_auto/v1/cr/32/64/70/34/32647034_602da2fb1fda5a7d5618cc8c13219ee7-bf03f62|https://photos.encuentra24.com/t_or_fh_m/f_auto/v1/cr/32/62/70/54/32627054_7a5a62770df50e36156ec1fafb33b574-932dac8|https://photos.encuentra24.com/t_or_fh_m/f_auto/v1/cr/32/41/05/94/32410594_5e595f5|https://photos.encuentra24.com/t_or_fh_m/f_auto/v1/cr/31/74/52/24/31745224_ce7c15|https://photos.encuentra24.com/t_or_fh_m/f_auto/v1/cr/32/45/54/93/32455493_fea7c8b|https://photos.encuentra24.com/t_or_fh_m/f_auto/v1/cr/32/41/02/33/32410233_5ab705c978297ec5c252cbc8c0c7f3c5-0dfc158|https://photos.encuentra24.com/t_or_fh_m/f_auto/v1/cr/32/58/11/69/32581169_d2a5647|https://photos.encuentra24.com/t_or_fh_m/f_auto/v1/cr/30/19/26/05/30192605_e3aed2|https://photos.encuentra24.com/t_or_fh_m/f_auto/v1/cr/31/85/64/07/31856407_d1416a|https://photos.encuentra24.com/t_or_fh_m/f_auto/v1/cr/32/44/64/40/32446440_45d637d|https://photos.encuentra24.com/t_or_fh_m/f_auto/v1/cr/31/68/86/57/31688657_5a3db4|https://photos.encuentra24.com/t_or_fh_m/f_auto/v1/cr/31/99/24/10/31992410_3f0c199|https://photos.encuentra24.com/t_or_fh_m/f_auto/v1/cr/32/22/67/03/32226703_fbe60f4
encuentra24,32628939,https://www.encuentra24.com/costa-rica-es/bienes-raices-alquiler-apartamentos-amueblados/full-amueblado-escazu-village/32628939,rent,active,San José provincia,Escazú,Escazú,FULL AMUEBLADO ESCAZU VILLAGE,"Alquiler de apartamento totalmente amueblado en Escazú – $1800 Este moderno apartamento está completamente amueblado y listo para habitar. Ubicado en una de las zonas más cotizadas de Escazú. Características: • 2 habitaciones amuebladas, cada una con pantalla de TV • 2 baños completos (uno en habitación principal) • Sala y comedor amplios • Cocina equipada con electrodomésticos • Aire acondicionado • Zona de lavado • Terraza privada Amenidades del condominio: • Sala recreativa • Ping pong y billar • Parque infantil • Piscina Agende su visita!",Condo,2 Bedrooms,2 Bathrooms,2 Vehicles,,,,{},,{},,,,1800,USD,+50683780635,https://photos.encuentra24.com/t_or_fh_m/f_auto/v1/cr/32/62/89/39/32628939_1294ab5|https://photos.encuentra24.com/t_or_fh_m/f_auto/v1/cr/32/62/89/39/32628939_06b2157|https://photos.encuentra24.com/t_or_fh_m/f_auto/v1/cr/32/62/89/39/32628939_88ad891|https://photos.encuentra24.com/t_or_fh_m/f_auto/v1/cr/32/62/89/39/32628939_09f3cd0|https://photos.encuentra24.com/t_or_fh_m/f_auto/v1/cr/32/62/89/39/32628939_efd837b|https://photos.encuentra24.com/t_or_fh_m/f_auto/v1/cr/32/62/89/39/32628939_6490a5c|https://photos.encuentra24.com/t_or_fh_m/f_auto/v1/cr/32/62/89/39/32628939_90ae148|https://photos.encuentra24.com/t_or_fh_m/f_auto/v1/cr/32/62/89/39/32628939_c9de63d|https://photos.encuentra24.com/t_or_fh_m/f_auto/v1/cr/32/62/89/39/32628939_b049361|https://photos.encuentra24.com/t_or_fh_m/f_auto/v1/cr/32/62/89/39/32628939_0b67e23|https://photos.encuentra24.com/t_or_fh_m/f_auto/v1/cr/32/62/89/39/32628939_e7549fe|https://photos.encuentra24.com/t_or_fh_m/f_auto/v1/cr/32/62/89/39/32628939_bc0399b|https://photos.encuentra24.com/t_or_fh_m/f_auto/v1/cr/32/62/89/39/32628939_e7d39ce|https://photos.encuentra24.com/t_user_logo/v1/users/logo/13/67/89/17/13678917_b953e2|https://photos.encuentra24.com/t_or_fh_m/f_auto/v1/cr/32/66/34/37/32663437_9e5ec02118007fbef2aa3a9be3f22acc-d488260|https://photos.encuentra24.com/t_or_fh_m/f_auto/v1/cr/32/55/82/16/32558216_2441056|https://photos.encuentra24.com/t_or_fh_m/f_auto/v1/cr/32/60/07/46/32600746_f1aee1a|https://photos.encuentra24.com/t_or_fh_m/f_auto/v1/cr/31/84/49/46/31844946_3d2d5a9|https://photos.encuentra24.com/t_or_fh_m/f_auto/v1/cr/23/07/54/85/23075485_9b6c243|https://photos.encuentra24.com/t_or_fh_m/f_auto/v1/cr/31/86/42/45/31864245_a31e5b|https://photos.encuentra24.com/t_or_fh_m/f_auto/v1/cr/32/58/94/92/32589492_63114e3|https://photos.encuentra24.com/t_or_fh_m/f_auto/v1/cr/32/62/89/46/32628946_51894b9|https://photos.encuentra24.com/t_or_fh_m/f_auto/v1/cr/32/64/35/56/32643556_3102f6e|https://photos.encuentra24.com/t_or_fh_m/f_auto/v1/cr/32/60/44/18/32604418_2e231c9ca17b994703f3f88e386330cf-b672cf9|https://photos.encuentra24.com/t_or_fh_m/f_auto/v1/cr/32/63/01/20/32630120_2e0f648|https://photos.encuentra24.com/t_or_fh_m/f_auto/v1/cr/32/64/29/46/32642946_0f67d2d15e2b8735fa2e0634c97ac909-e192256|https://photos.encuentra24.com/t_or_fh_m/f_auto/v1/cr/32/64/32/71/32643271_698ac43|https://photos.encuentra24.com/t_or_fh_m/f_auto/v1/cr/32/64/34/70/32643470_343e4e1258bc412742b172acccc0e374-b94aeec
encuentra24,32628946,https://www.encuentra24.com/costa-rica-es/bienes-raices-alquiler-apartamentos/hermosa-casa-con-jardin-en-santa-ana/32628946,rent,active,San José provincia,Santa Ana,Piedades,HERMOSA CASA CON JARDÍN EN SANTA ANA,lquiler $1400 mensuales Distribución: 2 plantas 2 habitaciones 2.5 baños 2 parqueos Cocina Área de lavandería Habitación principal con Walking Closeth Terraza Amenidades del condominio: Piscina Casa club Gimnasio Áreas infantiles Parque para mascotas Espacio de co–working Senderos naturales Seguridad 24/7 Excelente ubicación.,Condo,2 Bedrooms,3 Bathrooms,2 Vehicles,,,,{},,{},Walkable,,,1400,USD,+50688482668,https://photos.encuentra24.com/t_or_fh_m/f_auto/v1/cr/32/62/89/46/32628946_51894b9|https://photos.encuentra24.com/t_or_fh_m/f_auto/v1/cr/32/62/89/46/32628946_49d01f1|https://photos.encuentra24.com/t_or_fh_m/f_auto/v1/cr/32/62/89/46/32628946_3606c73|https://photos.encuentra24.com/t_or_fh_m/f_auto/v1/cr/32/62/89/46/32628946_2a4736d|https://photos.encuentra24.com/t_or_fh_m/f_auto/v1/cr/32/62/89/46/32628946_fcd706a|https://photos.encuentra24.com/t_or_fh_m/f_auto/v1/cr/32/62/89/46/32628946_f125733|https://photos.encuentra24.com/t_or_fh_m/f_auto/v1/cr/32/62/89/46/32628946_b77a6bd|https://photos.encuentra24.com/t_or_fh_m/f_auto/v1/cr/32/62/89/46/32628946_b292d48|https://photos.encuentra24.com/t_or_fh_m/f_auto/v1/cr/32/62/89/46/32628946_e41297e|https://photos.encuentra24.com/t_or_fh_m/f_auto/v1/cr/32/62/89/46/32628946_5db87e9|https://photos.encuentra24.com/t_or_fh_m/f_auto/v1/cr/32/62/89/46/32628946_c8f2932|https://photos.encuentra24.com/t_or_fh_m/f_auto/v1/cr/32/62/89/46/32628946_fcc5551|https://photos.encuentra24.com/t_or_fh_m/f_auto/v1/cr/32/62/89/46/32628946_07c4310|https://photos.encuentra24.com/t_or_fh_m/f_auto/v1/cr/32/62/89/46/32628946_599d92c|https://photos.encuentra24.com/t_or_fh_m/f_auto/v1/cr/32/62/89/46/32628946_ed83dd6|https://photos.encuentra24.com/t_or_fh_m/f_auto/v1/cr/32/62/89/46/32628946_e975187|https://photos.encuentra24.com/t_or_fh_m/f_auto/v1/cr/32/62/89/46/32628946_ef24fb7|https://photos.encuentra24.com/t_or_fh_m/f_auto/v1/cr/32/62/89/46/32628946_6185cce|https://photos.encuentra24.com/t_user_logo/v1/users/logo/13/67/89/17/13678917_b953e2|https://photos.encuentra24.com/t_or_fh_m/f_auto/v1/cr/32/47/89/89/32478989_06eaa7c9903fbee4c6ab4f55c88d7791-fa6bf77|https://photos.encuentra24.com/t_or_fh_m/f_auto/v1/cr/32/57/85/87/32578587_ffbc8e76f5805603b555e59d2de9c09e-a260268|https://photos.encuentra24.com/t_or_fh_m/f_auto/v1/cr/32/45/74/36/32457436_97e6cb0c4bd70bcb142a936712b8852d-881123b|https://photos.encuentra24.com/t_or_fh_m/f_auto/v1/cr/32/57/13/71/32571371_e3f95877cb8b1f9a7fd4c48183bdf6f7-2d34fd5|https://photos.encuentra24.com/t_or_fh_m/f_auto/v1/cr/30/26/22/94/30262294_01e3bc|https://photos.encuentra24.com/t_or_fh_m/f_auto/v1/cr/32/50/88/62/32508862_e7db5298021633780866ccd21aad95ea-86d4714|https://photos.encuentra24.com/t_or_fh_m/f_auto/v1/cr/32/57/27/04/32572704_a3b96e4|https://photos.encuentra24.com/t_or_fh_m/f_auto/v1/cr/32/62/89/39/32628939_1294ab5|https://photos.encuentra24.com/t_or_fh_m/f_auto/v1/cr/32/64/35/56/32643556_3102f6e|https://photos.encuentra24.com/t_or_fh_m/f_auto/v1/cr/32/60/44/18/32604418_2e231c9ca17b994703f3f88e386330cf-b672cf9|https://photos.encuentra24.com/t_or_fh_m/f_auto/v1/cr/32/63/01/20/32630120_2e0f648|https://photos.encuentra24.com/t_or_fh_m/f_auto/v1/cr/32/64/29/46/32642946_0f67d2d15e2b8735fa2e0634c97ac909-e192256|https://photos.encuentra24.com/t_or_fh_m/f_auto/v1/cr/32/64/32/71/32643271_698ac43|https://photos.encuentra24.com/t_or_fh_m/f_auto/v1/cr/32/64/34/70/32643470_343e4e1258bc412742b172acccc0e374-b94aeec
encuentra24,32435658,https://www.encuentra24.com/costa-rica-es/bienes-raices-alquiler-apartamentos-amueblados/pen-house-en-paradisus-vista-al-rio/32435658,rent,active,San José provincia,San José Capital,Pavas,PEN HOUSE EN PARADISUS VISTA AL RIO,"Hermoso apartamento de 3 habitaciones (se removió una habitación para ampliar la sala) 2 baños Completos, parqueos tandem, bodega, excelentes amenidades, Gym, piscina, salón multiuso, seguridad 24/7 San jose Costa Rica Rohrmoser, Geroma 104 m2 habitables",Condo,2 Bedrooms,2 Bathrooms,2 Vehicles,,,100–500m²,{},Riverfront,{},,,,1900,USD,+50671680988,https://photos.encuentra24.com/t_or_fh_m/f_auto/v1/cr/32/43/56/58/32435658_c9729f4|https://photos.encuentra24.com/t_or_fh_m/f_auto/v1/cr/32/43/56/58/32435658_9bfe274|https://photos.encuentra24.com/t_or_fh_m/f_auto/v1/cr/32/43/56/58/32435658_107ab2c|https://photos.encuentra24.com/t_or_fh_m/f_auto/v1/cr/32/43/56/58/32435658_a77fcdc|https://photos.encuentra24.com/t_or_fh_m/f_auto/v1/cr/32/43/56/58/32435658_18b4138|https://photos.encuentra24.com/t_or_fh_m/f_auto/v1/cr/32/43/56/58/32435658_6a1a5c0|https://photos.encuentra24.com/t_or_fh_m/f_auto/v1/cr/32/43/56/58/32435658_2809e5e|https://photos.encuentra24.com/t_or_fh_m/f_auto/v1/cr/32/43/56/58/32435658_c3a637d|https://photos.encuentra24.com/t_or_fh_m/f_auto/v1/cr/32/43/56/58/32435658_6eaf0ca|https://photos.encuentra24.com/t_or_fh_m/f_auto/v1/cr/32/43/56/58/32435658_7c48d0a|https://photos.encuentra24.com/t_or_fh_m/f_auto/v1/cr/32/43/56/58/32435658_511496e|https://photos.encuentra24.com/t_or_fh_m/f_auto/v1/cr/32/43/56/58/32435658_95de10b|https://photos.encuentra24.com/t_or_fh_m/f_auto/v1/cr/32/43/56/58/32435658_9e61f4c|https://photos.encuentra24.com/t_or_fh_m/f_auto/v1/cr/32/43/56/58/32435658_7891f7b|https://photos.encuentra24.com/t_or_fh_m/f_auto/v1/cr/32/43/56/58/32435658_f9996bb|https://photos.encuentra24.com/t_or_fh_m/f_auto/v1/cr/32/43/56/58/32435658_e9927dd|https://photos.encuentra24.com/t_user_logo/v1/users/logo/24/58/49/2458499_18f899|https://photos.encuentra24.com/t_cnseal/v1697642511/cnseal/652ff80f42db6_Verified%20badge.png|https://photos.encuentra24.com/t_or_fh_m/f_auto/v1/cr/32/59/91/97/32599197_b386fc|https://photos.encuentra24.com/t_or_fh_m/f_auto/v1/cr/25/25/41/19/25254119_45d702|https://photos.encuentra24.com/t_or_fh_m/f_auto/v1/cr/32/51/94/35/32519435_d94dfa600a89b9a102fdd5b138c8a616-3ebaede|https://photos.encuentra24.com/t_or_fh_m/f_auto/v1/cr/32/64/65/83/32646583_094fbb|https://photos.encuentra24.com/t_or_fh_m/f_auto/v1/cr/32/44/05/93/32440593_521f578|https://photos.encuentra24.com/t_or_fh_m/f_auto/v1/cr/32/64/54/22/32645422_e283fd6|https://photos.encuentra24.com/t_or_fh_m/f_auto/v1/cr/32/18/40/48/32184048_c373def|https://photos.encuentra24.com/t_or_fh_m/f_auto/v1/cr/32/58/77/60/32587760_3fe46f7|https://photos.encuentra24.com/t_or_fh_m/f_auto/v1/cr/32/64/07/90/32640790_021d394|https://photos.encuentra24.com/t_or_fh_m/f_auto/v1/cr/32/48/00/15/32480015_317b45f|https://photos.encuentra24.com/t_or_fh_m/f_auto/v1/cr/31/99/98/45/31999845_a7ce65f
encuentra24,32243065,https://www.encuentra24.com/costa-rica-es/bienes-raices-alquiler-casas/alquiler-y-venta-de-casa-oficinas-o-comercio-heredia-centro/32243065,rent,active,Heredia provincia,Heredia,Heredia,"Alquiler y venta de casa, oficinas o comercio Heredia Centro","MA Asesorías alquila y vende casa. ideal para familia numerosa, oficinas privadas o de gobieno. En el primer piso posee: - Habitacon principal con baño y closets muy cómodos. - Medio Baño. - Oficina. - Amplio espacio de hall comedor. - Antecomedor. - Cocina. - Cuarto de pilas. - Solar. - Patio. - Cuarto de servicio. - Bodega. - Dos espacios de estacionamiento con posibilidad de habilitar mas espacios. En el segundo piso se disfruta de dos balcones con vista a la ciudad, zona de lectura, 4 cuartos de tamaño muy conveniente con sus closet, dos baños completos y una oficina. La electricidad está entubada. Esta infraestructura es ideal para casa de habitación, comercio, servicios públicos y privados y para oficinas. Cuenta con una ubicacion estrategina, en el centro de Heredia, en zona de tránsito fluido y con parqueos públicos y parquimetros, con cercanía a todo tipo de comercios, servicios y transportes. Posee facilidad para la instalación de un ascensor. Su precio de alquiler es de $3000. También se vende en $650.000. Negociable. Llámenos y con gusto le atenderemos.",House,5+ Bedrooms,5+ Bathrooms,2 Vehicles,,400–800m²,100–500m²,"{""Electricity"",""Solar Power""}",Urban,{},,,,3000,USD,+50684166371,https://photos.encuentra24.com/t_or_fh_m/f_auto/v1/cr/32/24/30/65/32243065_5116154f2fc5e72e2a40cef0641ac5dd-0d15ff4|https://photos.encuentra24.com/t_or_fh_m/f_auto/v1/cr/32/24/30/65/32243065_5116154f2fc5e72e2a40cef0641ac5dd-93dee4d|https://photos.encuentra24.com/t_or_fh_m/f_auto/v1/cr/32/24/30/65/32243065_5d7043f|https://photos.encuentra24.com/t_or_fh_m/f_auto/v1/cr/32/24/30/65/32243065_d5a9227|https://photos.encuentra24.com/t_or_fh_m/f_auto/v1/cr/32/24/30/65/32243065_5f13d99|https://photos.encuentra24.com/t_or_fh_m/f_auto/v1/cr/32/24/30/65/32243065_29b2a8e|https://photos.encuentra24.com/t_or_fh_m/f_auto/v1/cr/32/24/30/65/32243065_107655a|https://photos.encuentra24.com/t_or_fh_m/f_auto/v1/cr/32/24/30/65/32243065_adbed9b|https://photos.encuentra24.com/t_or_fh_m/f_auto/v1/cr/32/24/30/65/32243065_7d7cae4|https://photos.encuentra24.com/t_or_fh_m/f_auto/v1/cr/32/24/30/65/32243065_693f3e7|https://photos.encuentra24.com/t_or_fh_m/f_auto/v1/cr/32/24/30/65/32243065_0ea29aa|https://photos.encuentra24.com/t_or_fh_m/f_auto/v1/cr/32/24/30/65/32243065_628098f|https://photos.encuentra24.com/t_or_fh_m/f_auto/v1/cr/32/24/30/65/32243065_4a7d609|https://photos.encuentra24.com/t_or_fh_m/f_auto/v1/cr/32/24/30/65/32243065_79940f0|https://photos.encuentra24.com/t_or_fh_m/f_auto/v1/cr/32/24/30/65/32243065_b703b7f|https://photos.encuentra24.com/t_or_fh_m/f_auto/v1/cr/32/24/30/65/32243065_315c59d|https://photos.encuentra24.com/t_or_fh_m/f_auto/v1/cr/32/24/30/65/32243065_15fb9a0|https://photos.encuentra24.com/t_or_fh_m/f_auto/v1/cr/32/24/30/65/32243065_f01c28d|https://photos.encuentra24.com/t_or_fh_m/f_auto/v1/cr/32/24/30/65/32243065_152941e|https://photos.encuentra24.com/t_or_fh_m/f_auto/v1/cr/32/24/30/65/32243065_5116154f2fc5e72e2a40cef0641ac5dd-6f7ac38|https://photos.encuentra24.com/t_user_logo/v1/users/logo/10/74/85/1074855_c147d1|https://photos.encuentra24.com/t_or_fh_m/f_auto/v1/cr/31/92/13/33/31921333_23c7536|https://photos.encuentra24.com/t_or_fh_m/f_auto/v1/cr/32/27/52/87/32275287_4df5902a79601fbe284a7a9400428458-a7a5a5b|https://photos.encuentra24.com/t_or_fh_m/f_auto/v1/cr/32/25/97/66/32259766_873fcdf9b229a8fc1d71884f6a6ca9c0-524ab8c|https://photos.encuentra24.com/t_or_fh_m/f_auto/v1/cr/32/67/47/04/32674704_577786ae64f74b53a498e64b8f34611a-5fcdc71|https://photos.encuentra24.com/t_or_fh_m/f_auto/v1/cr/32/63/61/41/32636141_4627bea595fb43e41bee4f6385208c4c-ce08911|https://photos.encuentra24.com/t_or_fh_m/f_auto/v1/cr/32/07/83/77/32078377_4daff4c37ddc100dbef01adba29b01b8-a9c73e4|https://photos.encuentra24.com/t_or_fh_m/f_auto/v1/cr/32/60/11/40/32601140_e14602815cdc4184c926b411bb4945ef-62c57b9|https://photos.encuentra24.com/t_or_fh_m/f_auto/v1/cr/32/56/52/54/32565254_5a97d83904b822eb5b5e82196d574961-c249ec4|https://photos.encuentra24.com/t_or_fh_m/f_auto/v1/cr/32/56/58/62/32565862_0e6ae326d6ed255f302e1c6a76c946ed-06ece46
encuentra24,32629961,https://www.encuentra24.com/costa-rica-es/bienes-raices-alquiler-casas/heredia-bonita-casa-amplia-y-comoda-en-condominio/32629961,rent,active,Heredia provincia,Heredia,San Francisco,"Heredia, bonita casa, amplia y cómoda en condominio.","Amplia casa de dos plantas y de 3 habitaciones, ubicación estratégica, en condominio con su amenidades. PRIMER PLANTA: * 1/2 baño * Sala * Comedor *Cuarto de pila techado * Bodega * Jardín * Terraza techada * Garaje techado para 2 autos SEGUNDA PLANTA: * Habitación principal con baño completo y Walk-in-Closet * Habitación segundaria con closet * Tercera habitación con closet * Baños completos * Habitable: 120 m2 * Área total: 150 m2 * Alquiler $1.925 con IVA incluido AMANEDADES: - Piscina - Gimnasio - Parque infantil - Rancho - Sala de eventos - Parque de perros *Año construcción:* 2020 * Electrodomésticos: Nevera, lavaplatos, horno microondas, estufa con horno, extractor de humo, 2 pantallas de televisión. * Muebles incluidos: Cama tamaño Queen, tocador con espejo, mesa de noche color negro, muebles recibidor (banca, mesa y espejo), 2 espejos de baño.",Condo,3 Bedrooms,3 Bathrooms,2 Vehicles,,,,{},,{},Walkable,,,1925,USD,+50687841249,https://photos.encuentra24.com/t_or_fh_m/f_auto/v1/cr/32/62/99/61/32629961_0c5be2e|https://photos.encuentra24.com/t_or_fh_m/f_auto/v1/cr/32/62/99/61/32629961_d1ccf71|https://photos.encuentra24.com/t_or_fh_m/f_auto/v1/cr/32/62/99/61/32629961_4aadff0|https://photos.encuentra24.com/t_or_fh_m/f_auto/v1/cr/32/62/99/61/32629961_f6be789|https://photos.encuentra24.com/t_or_fh_m/f_auto/v1/cr/32/62/99/61/32629961_35c1f85|https://photos.encuentra24.com/t_or_fh_m/f_auto/v1/cr/32/62/99/61/32629961_31efed2|https://photos.encuentra24.com/t_or_fh_m/f_auto/v1/cr/32/62/99/61/32629961_153444a|https://photos.encuentra24.com/t_or_fh_m/f_auto/v1/cr/32/62/99/61/32629961_3c82d5d|https://photos.encuentra24.com/t_or_fh_m/f_auto/v1/cr/32/62/99/61/32629961_1fd3388|https://photos.encuentra24.com/t_or_fh_m/f_auto/v1/cr/32/62/99/61/32629961_53330db|https://photos.encuentra24.com/t_or_fh_m/f_auto/v1/cr/32/62/99/61/32629961_fb06b7e|https://photos.encuentra24.com/t_or_fh_m/f_auto/v1/cr/32/62/99/61/32629961_f5efb74|https://photos.encuentra24.com/t_or_fh_m/f_auto/v1/cr/32/62/99/61/32629961_5d6c719|https://photos.encuentra24.com/t_or_fh_m/f_auto/v1/cr/32/62/99/61/32629961_fcc77f4|https://photos.encuentra24.com/t_or_fh_m/f_auto/v1/cr/32/62/99/61/32629961_9611e24|https://photos.encuentra24.com/t_or_fh_m/f_auto/v1/cr/32/62/99/61/32629961_1445521|https://photos.encuentra24.com/t_or_fh_m/f_auto/v1/cr/32/62/99/61/32629961_06fccc0|https://photos.encuentra24.com/t_or_fh_m/f_auto/v1/cr/32/62/99/61/32629961_9a4e9a6|https://photos.encuentra24.com/t_or_fh_m/f_auto/v1/cr/32/62/99/61/32629961_ce0feef|https://photos.encuentra24.com/t_or_fh_m/f_auto/v1/cr/32/62/99/61/32629961_7cd7a83|https://photos.encuentra24.com/t_user_logo/v1/users/logo/11/13/16/1113164_1b2f5e|https://photos.encuentra24.com/t_or_fh_m/f_auto/v1/cr/32/30/15/75/32301575_92fcc36ff5dcb640f5f47c96be4443fe-27f8693|https://photos.encuentra24.com/t_or_fh_m/f_auto/v1/cr/32/20/18/55/32201855_049244b|https://photos.encuentra24.com/t_or_fh_m/f_auto/v1/cr/31/89/22/93/31892293_b3eb5e7|https://photos.encuentra24.com/t_or_fh_m/f_auto/v1/cr/32/13/38/13/32133813_88e1746b387e714201a3fb50e36b5733-c34273e|https://photos.encuentra24.com/t_or_fh_m/f_auto/v1/cr/32/58/94/21/32589421_63dc16e|https://photos.encuentra24.com/t_or_fh_m/f_auto/v1/cr/32/58/77/71/32587771_3898bfe|https://photos.encuentra24.com/t_or_fh_m/f_auto/v1/cr/32/66/88/09/32668809_e08aaec7caccf6eaeca2a0a658aab2b7-af06d6f|https://photos.encuentra24.com/t_or_fh_m/f_auto/v1/cr/32/00/58/61/32005861_76869c0|https://photos.encuentra24.com/t_or_fh_m/f_auto/v1/cr/32/12/30/37/32123037_dd0a491|https://photos.encuentra24.com/t_or_fh_m/f_auto/v1/cr/32/37/82/15/32378215_b2a9619|https://photos.encuentra24.com/t_or_fh_m/f_auto/v1/cr/32/43/91/46/32439146_9609d55|https://photos.encuentra24.com/t_or_fh_m/f_auto/v1/cr/32/28/77/47/32287747_0040a4a|https://photos.encuentra24.com/t_or_fh_m/f_auto/v1/cr/32/29/81/00/32298100_ed6e9f5|https://photos.encuentra24.com/t_or_fh_m/f_auto/v1/cr/32/11/84/23/32118423_114b1be
encuentra24,32053066,https://www.encuentra24.com/costa-rica-es/bienes-raices-alquiler-apartamentos/alquiler-de-apartamento-en-freses-curridabat-con-l-b/32053066,rent,active,San José provincia,Curridabat,Ciudad Curridabat,"Alquiler de apartamento en Freses, Curridabat (con L/B)","Apartamento disponible con Linea Blanca ubicado en condominio IFreses. Viva en una ubicación espectacular, el entorno correcto importa. Este apartamento se encuentra a solo pasos de Plaza del Sol donde hay un 'Automercado' y esta el Hospital Metropolitano, además de restaurantes como 'Spoon' y 'Pizza Hut', y tan solo al frente de cafeterías como 'Cakes & Bakes' o 'Starbucks' y rodeado de hermosos parques con naturaleza para caminar o reconectar durante los dias laborales. Amenidades: Lobby, área de lavandería en común, biblioteca de objetos, art room, gimnasio full equipado, área de calistenia, parqueo de bicicletas, rooftop con piscina semi-olimpica temperada, área BBQ, music room, cowork y cine. Distribución: Studio de 1 dormitorio, 1 baños, 1 parqueo. Tiene balcón con vista al norte/montañas y es la distribución más amplia de este tipo en el edificio. Acabados semi-industriales, sobres en cuarzo y pisos en porcelanato. Tiene doble lavamanos con vidrios temperados en el baño, 6 muebles modulares, plantilla en vitrocerámica de 2 discos, espejo y mampara de baño, refrigeradora y mesa de comedor. Tambien cuenta con blackouts y prevista para una torre de lavado. Perfil que buscamos: 1-2 personas. Se acepta 1 mascota pequeña y educada. Precio incluye mantenimiento.",Condo,1 Bedroom,1 Bathroom,1 Vehicle,,,,{},,{},,,,900,USD,+50687101286,https://photos.encuentra24.com/t_or_fh_m/f_auto/v1/cr/32/05/30/66/32053066_3d47bf42c7a939578bc97863fe821abe-6432ed6|https://photos.encuentra24.com/t_or_fh_m/f_auto/v1/cr/32/05/30/66/32053066_3d47bf42c7a939578bc97863fe821abe-e879dba|https://photos.encuentra24.com/t_or_fh_m/f_auto/v1/cr/32/05/30/66/32053066_3d47bf42c7a939578bc97863fe821abe-df6833a|https://photos.encuentra24.com/t_or_fh_m/f_auto/v1/cr/32/05/30/66/32053066_3d47bf42c7a939578bc97863fe821abe-2732e63|https://photos.encuentra24.com/t_or_fh_m/f_auto/v1/cr/32/05/30/66/32053066_3d47bf42c7a939578bc97863fe821abe-44dca2f|https://photos.encuentra24.com/t_or_fh_m/f_auto/v1/cr/32/05/30/66/32053066_3d47bf42c7a939578bc97863fe821abe-deda3a1|https://photos.encuentra24.com/t_or_fh_m/f_auto/v1/cr/32/05/30/66/32053066_3d47bf42c7a939578bc97863fe821abe-f92e14f|https://photos.encuentra24.com/t_or_fh_m/f_auto/v1/cr/32/05/30/66/32053066_3d47bf42c7a939578bc97863fe821abe-15cb45b|https://photos.encuentra24.com/t_or_fh_m/f_auto/v1/cr/32/05/30/66/32053066_3d47bf42c7a939578bc97863fe821abe-9f4caf6|https://photos.encuentra24.com/t_or_fh_m/f_auto/v1/cr/32/05/30/66/32053066_3d47bf42c7a939578bc97863fe821abe-22f60bf|https://photos.encuentra24.com/t_or_fh_m/f_auto/v1/cr/32/05/30/66/32053066_3d47bf42c7a939578bc97863fe821abe-5dade7f|https://photos.encuentra24.com/t_or_fh_m/f_auto/v1/cr/32/05/30/66/32053066_3d47bf42c7a939578bc97863fe821abe-fe67b13|https://photos.encuentra24.com/t_or_fh_m/f_auto/v1/cr/32/05/30/66/32053066_3d47bf42c7a939578bc97863fe821abe-1031276|https://photos.encuentra24.com/t_or_fh_m/f_auto/v1/cr/32/05/30/66/32053066_3d47bf42c7a939578bc97863fe821abe-79a5bfa|https://photos.encuentra24.com/t_or_fh_m/f_auto/v1/cr/32/05/30/66/32053066_3d47bf42c7a939578bc97863fe821abe-4824e48|https://photos.encuentra24.com/t_or_fh_m/f_auto/v1/cr/32/05/30/66/32053066_3d47bf42c7a939578bc97863fe821abe-bb2c7e1|https://photos.encuentra24.com/t_or_fh_m/f_auto/v1/cr/32/05/30/66/32053066_3d47bf42c7a939578bc97863fe821abe-12ea538|https://photos.encuentra24.com/t_or_fh_m/f_auto/v1/cr/32/05/30/66/32053066_3d47bf42c7a939578bc97863fe821abe-db008ed|https://photos.encuentra24.com/t_or_fh_m/f_auto/v1/cr/32/05/30/66/32053066_3d47bf42c7a939578bc97863fe821abe-a579c3c|https://photos.encuentra24.com/t_user_logo/v1/users/logo/28/14/40/2814400_bb32a0|https://photos.encuentra24.com/t_cnseal/v1594676252/cnseal/5f0cd41c4a555_Bildschirmfotocccbr.png|https://photos.encuentra24.com/t_or_fh_m/f_auto/v1/cr/32/66/38/47/32663847_3b583a2|https://photos.encuentra24.com/t_or_fh_m/f_auto/v1/cr/32/59/12/46/32591246_4621048f69049fc580878d5ce019ea15-dcfe47f|https://photos.encuentra24.com/t_or_fh_m/f_auto/v1/cr/29/92/99/96/29929996_b8ba40|https://photos.encuentra24.com/t_or_fh_m/f_auto/v1/cr/32/63/20/55/32632055_86c0cab546a9b7a21acb610511576879-0d58ca7|https://photos.encuentra24.com/t_or_fh_m/f_auto/v1/cr/32/65/52/95/32655295_4716f34|https://photos.encuentra24.com/t_or_fh_m/f_auto/v1/cr/32/19/36/25/32193625_d6c6461f9c14ee117866719aca245655-e3026fa|https://photos.encuentra24.com/t_or_fh_m/f_auto/v1/cr/31/82/60/55/31826055_303614|https://photos.encuentra24.com/t_or_fh_m/f_auto/v1/cr/31/73/25/87/31732587_e6c1b5|https://photos.encuentra24.com/t_or_fh_m/f_auto/v1/cr/31/19/03/76/31190376_dcb326|https://photos.encuentra24.com/t_or_fh_m/f_auto/v1/cr/32/65/50/46/32655046_e30f7e04ea4a26f8395911a057e9bb53-e7723b1|https://photos.encuentra24.com/t_or_fh_m/f_auto/v1/cr/32/65/50/67/32655067_8b275af34564e8da799965999cbadd46-7d39d73|https://photos.encuentra24.com/t_or_fh_m/f_auto/v1/cr/32/01/96/82/32019682_96855314639a1d35ded3d68257a4a847-f73796a|https://photos.encuentra24.com/t_or_fh_m/f_auto/v1/cr/31/95/06/40/31950640_9ec9228652e68b6e2edcc0bc6c485311-73eee10|https://photos.encuentra24.com/t_or_fh_m/f_auto/v1/cr/31/47/32/61/31473261_d7cc77
encuentra24,32440593,https://www.encuentra24.com/costa-rica-es/bienes-raices-alquiler-apartamentos-amueblados/apartamento-en-qbo-q-bo-rohrmoser-san-jose-costa/32440593,rent,active,San José provincia,San José Capital,Rohrmoser,Apartamento en QBO Q-BO Rohrmoser San José Costa,"Apartamento de 2 habitaciones, 2 baños, 1 parqueo, amueblado, excelentes amenidades, Gym, piscina, salón multiuso, seguridad 24/7 Nunciatura Rohrmoser San José Costa Rica",Condo,2 Bedrooms,2 Bathrooms,1 Vehicle,,,100–500m²,{},,{},,,,1350,USD,+50671418343,https://photos.encuentra24.com/t_or_fh_m/f_auto/v1/cr/32/44/05/93/32440593_521f578|https://photos.encuentra24.com/t_or_fh_m/f_auto/v1/cr/32/44/05/93/32440593_2a36ed1|https://photos.encuentra24.com/t_or_fh_m/f_auto/v1/cr/32/44/05/93/32440593_d1819ed|https://photos.encuentra24.com/t_or_fh_m/f_auto/v1/cr/32/44/05/93/32440593_8de1579|https://photos.encuentra24.com/t_or_fh_m/f_auto/v1/cr/32/44/05/93/32440593_cf4a309|https://photos.encuentra24.com/t_or_fh_m/f_auto/v1/cr/32/44/05/93/32440593_a5f4993|https://photos.encuentra24.com/t_or_fh_m/f_auto/v1/cr/32/44/05/93/32440593_6af7911|https://photos.encuentra24.com/t_or_fh_m/f_auto/v1/cr/32/44/05/93/32440593_68218e1|https://photos.encuentra24.com/t_or_fh_m/f_auto/v1/cr/32/44/05/93/32440593_5f2861a|https://photos.encuentra24.com/t_or_fh_m/f_auto/v1/cr/32/44/05/93/32440593_3c38e2b|https://photos.encuentra24.com/t_or_fh_m/f_auto/v1/cr/32/44/05/93/32440593_71d29bf|https://photos.encuentra24.com/t_or_fh_m/f_auto/v1/cr/32/44/05/93/32440593_e878844|https://photos.encuentra24.com/t_or_fh_m/f_auto/v1/cr/32/44/05/93/32440593_178fb0e|https://photos.encuentra24.com/t_or_fh_m/f_auto/v1/cr/32/44/05/93/32440593_ebad96d|https://photos.encuentra24.com/t_or_fh_m/f_auto/v1/cr/32/44/05/93/32440593_a5fd367|https://photos.encuentra24.com/t_or_fh_m/f_auto/v1/cr/32/44/05/93/32440593_8b0a465|https://photos.encuentra24.com/t_or_fh_m/f_auto/v1/cr/32/44/05/93/32440593_4d35a01|https://photos.encuentra24.com/t_or_fh_m/f_auto/v1/cr/32/44/05/93/32440593_e9e696c|https://photos.encuentra24.com/t_user_logo/v1/users/logo/24/58/49/2458499_18f899|https://photos.encuentra24.com/t_cnseal/v1697642511/cnseal/652ff80f42db6_Verified%20badge.png|https://photos.encuentra24.com/t_or_fh_m/f_auto/v1/cr/32/50/49/93/32504993_cbfbfb3f4f32e2d05986e4701d232a7f-56d4b5f|https://photos.encuentra24.com/t_or_fh_m/f_auto/v1/cr/31/40/81/43/31408143_a852dc|https://photos.encuentra24.com/t_or_fh_m/f_auto/v1/cr/32/60/17/73/32601773_21135df|https://photos.encuentra24.com/t_or_fh_m/f_auto/v1/cr/32/51/18/33/32511833_f07f6a00ecdaf1d427d4907b215367a3-83fa7b5|https://photos.encuentra24.com/t_or_fh_m/f_auto/v1/cr/32/47/49/43/32474943_7022269fd462b356f63c125ea6ec96ff-e301de9|https://photos.encuentra24.com/t_or_fh_m/f_auto/v1/cr/32/19/34/53/32193453_7f2c0262688f4da44b5d7f3595445693-d00d5ae|https://photos.encuentra24.com/t_or_fh_m/f_auto/v1/cr/31/90/58/33/31905833_8a1008|https://photos.encuentra24.com/t_or_fh_m/f_auto/v1/cr/32/43/56/58/32435658_c9729f4|https://photos.encuentra24.com/t_or_fh_m/f_auto/v1/cr/32/64/54/22/32645422_e283fd6|https://photos.encuentra24.com/t_or_fh_m/f_auto/v1/cr/32/18/40/48/32184048_c373def|https://photos.encuentra24.com/t_or_fh_m/f_auto/v1/cr/32/58/77/60/32587760_3fe46f7|https://photos.encuentra24.com/t_or_fh_m/f_auto/v1/cr/32/64/07/90/32640790_021d394|https://photos.encuentra24.com/t_or_fh_m/f_auto/v1/cr/32/48/00/15/32480015_317b45f|https://photos.encuentra24.com/t_or_fh_m/f_auto/v1/cr/31/99/98/45/31999845_a7ce65f
encuentra24,32441314,https://www.encuentra24.com/costa-rica-es/bienes-raices-alquiler-casas/se-alquila-amplia-en-escazu-esta-casa-lo-tiene-todo/32441314,rent,active,San José provincia,Escazú,Escazú,Se alquila amplia en Escazú… esta casa lo tiene TODO.,"No todas las casas en Escazú ofrecen este nivel de privacidad, amplitud y ubicación. Esta residencia en Guachipelín redefine el concepto de vivir bien: espacios generosos, independencia total al no estar en condominio y una ubicación estratégica para quienes desean estar cerca de todo… sin perder exclusividad. 3 habitaciones + cuarto de servicio Sala de TV Áreas sociales amplias e integradas Terraza perfecta para disfrutar y compartir Cochera para 4 vehículos A pocos minutos de Multiplaza, Avenida Escazú, Distrito 4 y Ruta 27, en una de las zonas más exclusivas y de mayor plusvalía del país. Ideal para quienes buscan más que una casa: un estilo de vida elegante, cómodo y con presencia. Agende su visita privada. Alquiler: $2.400 Síganos en: Instagram Q Bienes Raíces Facebook Q Bienes Raíces #QBienesRaíces #Escazú #Guachipelín #AlquilerEscazú #LuxuryLiving #CostaRicaRealEstate",Condo,3 Bedrooms,3 Bathrooms,3 Vehicles,,,,{},,{},,,,2400,USD,+50688296053,https://photos.encuentra24.com/t_or_fh_m/f_auto/v1/cr/32/44/13/14/32441314_9398c5b|https://photos.encuentra24.com/t_or_fh_m/f_auto/v1/cr/32/44/13/14/32441314_22be069a1e8c446b74f1a3b8b5528543-d829deb|https://photos.encuentra24.com/t_or_fh_m/f_auto/v1/cr/32/44/13/14/32441314_6031ea2|https://photos.encuentra24.com/t_or_fh_m/f_auto/v1/cr/32/44/13/14/32441314_22be069a1e8c446b74f1a3b8b5528543-b4607ea|https://photos.encuentra24.com/t_or_fh_m/f_auto/v1/cr/32/44/13/14/32441314_22be069a1e8c446b74f1a3b8b5528543-c369e2c|https://photos.encuentra24.com/t_or_fh_m/f_auto/v1/cr/32/44/13/14/32441314_22be069a1e8c446b74f1a3b8b5528543-5886249|https://photos.encuentra24.com/t_or_fh_m/f_auto/v1/cr/32/44/13/14/32441314_22be069a1e8c446b74f1a3b8b5528543-03d8e88|https://photos.encuentra24.com/t_or_fh_m/f_auto/v1/cr/32/44/13/14/32441314_fdee484|https://photos.encuentra24.com/t_or_fh_m/f_auto/v1/cr/32/44/13/14/32441314_7598dd9|https://photos.encuentra24.com/t_or_fh_m/f_auto/v1/cr/32/44/13/14/32441314_817df23|https://photos.encuentra24.com/t_or_fh_m/f_auto/v1/cr/32/44/13/14/32441314_4d2a8e3|https://photos.encuentra24.com/t_or_fh_m/f_auto/v1/cr/32/44/13/14/32441314_8f3cabb|https://photos.encuentra24.com/t_or_fh_m/f_auto/v1/cr/32/44/13/14/32441314_22be069a1e8c446b74f1a3b8b5528543-f7fd8d3|https://photos.encuentra24.com/t_or_fh_m/f_auto/v1/cr/32/44/13/14/32441314_22be069a1e8c446b74f1a3b8b5528543-079181e|https://photos.encuentra24.com/t_or_fh_m/f_auto/v1/cr/32/44/13/14/32441314_50f0160|https://photos.encuentra24.com/t_or_fh_m/f_auto/v1/cr/32/44/13/14/32441314_4fd4c5c|https://photos.encuentra24.com/t_or_fh_m/f_auto/v1/cr/32/44/13/14/32441314_36ca281|https://photos.encuentra24.com/t_or_fh_m/f_auto/v1/cr/32/44/13/14/32441314_22be069a1e8c446b74f1a3b8b5528543-55fc2d3|https://photos.encuentra24.com/t_or_fh_m/f_auto/v1/cr/32/44/13/14/32441314_22be069a1e8c446b74f1a3b8b5528543-b87422e|https://photos.encuentra24.com/t_or_fh_m/f_auto/v1/cr/32/44/13/14/32441314_39d8385|https://photos.encuentra24.com/t_user_logo/v1/users/logo/23/61/33/236133_44e82a|https://photos.encuentra24.com/t_cnseal/v1697642511/cnseal/652ff80f42db6_Verified%20badge.png|https://photos.encuentra24.com/t_cnseal/v1594676252/cnseal/5f0cd41c4a555_Bildschirmfotocccbr.png|https://photos.encuentra24.com/t_or_fh_m/f_auto/v1/cr/32/67/10/90/32671090_5fe6c446e39541c5d7d7812b6bbcc277-bf6872e|https://photos.encuentra24.com/t_or_fh_m/f_auto/v1/cr/32/47/17/70/32471770_7dcb332|https://photos.encuentra24.com/t_or_fh_m/f_auto/v1/cr/32/57/69/50/32576950_1aaa3b54831f51e066086a74afec24a4-978b7a3|https://photos.encuentra24.com/t_or_fh_m/f_auto/v1/cr/31/97/70/40/31977040_33f10f588a733f3c0c1adc6fca113702-39120d8|https://photos.encuentra24.com/t_or_fh_m/f_auto/v1/cr/30/81/44/60/30814460_f460cc|https://photos.encuentra24.com/t_or_fh_m/f_auto/v1/cr/31/84/53/09/31845309_cefc3f|https://photos.encuentra24.com/t_or_fh_m/f_auto/v1/cr/31/84/54/59/31845459_366b02e|https://photos.encuentra24.com/t_or_fh_m/f_auto/v1/cr/32/63/54/50/32635450_1ceafb624fd37499fe6eededca9acaa0-16d19f4|https://photos.encuentra24.com/t_or_fh_m/f_auto/v1/cr/32/25/76/41/32257641_ea7c2f8|https://photos.encuentra24.com/t_or_fh_m/f_auto/v1/cr/32/54/15/44/32541544_646901dc8fa46a746f503f7abbd58e86-5c88852|https://photos.encuentra24.com/t_or_fh_m/f_auto/v1/cr/30/04/14/17/30041417_ef8f90|https://photos.encuentra24.com/t_or_fh_m/f_auto/v1/cr/31/60/21/31/31602131_47a8131|https://photos.encuentra24.com/t_or_fh_m/f_auto/v1/cr/31/60/24/56/31602456_e83583|https://photos.encuentra24.com/t_or_fh_m/f_auto/v1/cr/32/30/46/99/32304699_7ec7734c9b85fd7d095ab742a7d53753-05dab57
encuentra24,32635195,https://www.encuentra24.com/costa-rica-es/bienes-raices-alquiler-casas/alquiler-casa-de-3-dormitorios-en-condominio-los-arcos-heredia/32635195,rent,active,Heredia provincia,Belén,La Asunción,"ALQUILER Casa de 3 Dormitorios en Condominio, Los Arcos, Heredia","Casa moderna pet friendly ubicada en un super condominio con 25 amenidades. El condominio está cerca de múltiples zonas francas y diversos servicios cercanos. La casa incluye la línea blanca y el alquiler la cuota condominal. La casa dispone de: • 3 habitaciones. Habitación principal con baño completo y walk-in closet. • 2.5 baños. • 2 cocheras bajo techo con conexión para vehículo eléctrico. • Sala, cocina y comedor integrados y con finos acabados. • Cuarto de pilas. • Jardín posterior con zacate natural. 25 amenidades para disfrutar en el condominio: • Gimnasio equipado y cancha de tenis. • Piscina con carril de nado e infantil. • Casa club y sala de coworking. • Área de BBQ y juegos. • Sala de masajes, área de hidromasaje y de yoga. • Sala de cine. • parque de mascotas… y más. Ubicación es estratégica, cerca de: • Mall Real y Plaza Cariari, Oxigeno. • Country Club Cariari y American International School. • Centros de negocios: El Cafetal, AFZ, Global Park, Ultrapark. Luis Oscanoa Teléfono: OSCANOA & GUERRERO Real Estate Confianza y experiencia para el logro tus proyectos Asesoría profesional para el alquiler o venta de su propiedad, contáctenos al .",Condo,3 Bedrooms,3 Bathrooms,2 Vehicles,,,,{},Urban,{},Walkable,,,1650,USD,+50670473214,https://photos.encuentra24.com/t_or_fh_m/f_auto/v1/cr/32/63/51/95/32635195_48c56c542d10f189030c03d2c15d317c-0f6a51d|https://photos.encuentra24.com/t_or_fh_m/f_auto/v1/cr/32/63/51/95/32635195_48c56c542d10f189030c03d2c15d317c-68258f8|https://photos.encuentra24.com/t_or_fh_m/f_auto/v1/cr/32/63/51/95/32635195_48c56c542d10f189030c03d2c15d317c-cef9dd3|https://photos.encuentra24.com/t_or_fh_m/f_auto/v1/cr/32/63/51/95/32635195_48c56c542d10f189030c03d2c15d317c-8fdb534|https://photos.encuentra24.com/t_or_fh_m/f_auto/v1/cr/32/63/51/95/32635195_48c56c542d10f189030c03d2c15d317c-b196426|https://photos.encuentra24.com/t_or_fh_m/f_auto/v1/cr/32/63/51/95/32635195_48c56c542d10f189030c03d2c15d317c-22f2c8b|https://photos.encuentra24.com/t_or_fh_m/f_auto/v1/cr/32/63/51/95/32635195_48c56c542d10f189030c03d2c15d317c-af20cc9|https://photos.encuentra24.com/t_or_fh_m/f_auto/v1/cr/32/63/51/95/32635195_48c56c542d10f189030c03d2c15d317c-d4637a0|https://photos.encuentra24.com/t_or_fh_m/f_auto/v1/cr/32/63/51/95/32635195_48c56c542d10f189030c03d2c15d317c-2fe86cf|https://photos.encuentra24.com/t_or_fh_m/f_auto/v1/cr/32/63/51/95/32635195_48c56c542d10f189030c03d2c15d317c-92be3c0|https://photos.encuentra24.com/t_or_fh_m/f_auto/v1/cr/32/63/51/95/32635195_48c56c542d10f189030c03d2c15d317c-e268e80|https://photos.encuentra24.com/t_or_fh_m/f_auto/v1/cr/32/63/51/95/32635195_48c56c542d10f189030c03d2c15d317c-5e60a06|https://photos.encuentra24.com/t_user_logo/v1/users/logo/20/11/44/2011440_a30fce|https://photos.encuentra24.com/t_or_fh_m/f_auto/v1/cr/32/62/13/21/32621321_7793cb8|https://photos.encuentra24.com/t_or_fh_m/f_auto/v1/cr/32/48/71/60/32487160_652b719|https://photos.encuentra24.com/t_or_fh_m/f_auto/v1/cr/32/47/97/90/32479790_566fe81efe3767afc5b0699f93b71ea8-1a5a906|https://photos.encuentra24.com/t_or_fh_m/f_auto/v1/cr/32/67/04/28/32670428_fd2e222|https://photos.encuentra24.com/t_or_fh_m/f_auto/v1/cr/32/63/15/58/32631558_d0a369f2c2ba8809e74aad9726885106-6cc30a4|https://photos.encuentra24.com/t_or_fh_m/f_auto/v1/cr/32/47/36/47/32473647_274f5c66caeab3e020ca4f9f64e0609c-2c3981b|https://photos.encuentra24.com/t_or_fh_m/f_auto/v1/cr/32/50/87/17/32508717_2d072444c9600efb5f2db84bca42ac44-b61be78|https://photos.encuentra24.com/t_or_fh_m/f_auto/v1/cr/32/65/37/64/32653764_0d7f4d192d3bf101d39be405dde35488-961382d|https://photos.encuentra24.com/t_or_fh_m/f_auto/v1/cr/32/60/78/04/32607804_2fbc8b20501ebaf78573a21c58c43f59-b3d8b30|https://photos.encuentra24.com/t_or_fh_m/f_auto/v1/cr/32/61/03/67/32610367_6442219fcf7c8e918ef61a15d86be0f4-d828831|https://photos.encuentra24.com/t_or_fh_m/f_auto/v1/cr/32/25/89/65/32258965_291ae6228d5b43acc58f4af24d7a4540-8ed92a5|https://photos.encuentra24.com/t_or_fh_m/f_auto/v1/cr/32/27/19/49/32271949_3eda1858c0b857fd8e2d168fb5668f37-fae0411|https://photos.encuentra24.com/t_or_fh_m/f_auto/v1/cr/32/37/26/29/32372629_aac4942da46c18f16b7434a02129848d-8ef9d0c|https://photos.encuentra24.com/t_or_fh_m/f_auto/v1/cr/31/90/08/99/31900899_6e00fe