source_name,source_listing_id,source_url,transaction_type,listing_status,province,canton,district,title,description,property_type,bedrooms,bathrooms,parking,year_built_range,construction_area,property_area,utility,environment,terrain,accessibility,legal_status,current_price,monthly_price,currency,whatsapp,images
encuentra24,32566541,https://www.encuentra24.com/costa-rica-es/bienes-raices-alquiler-apartamentos/apartamento-amueblado-en-alquiler-condominio-altamira-san-pablo-de-heredia/32566541,rent,active,Heredia provincia,Belén,San Antonio,"Apartamento amueblado en alquiler - Condominio Altamira, San Pablo de Heredia","Hermoso apartamento totalmente amueblado en alquiler en el exclusivo Condominio Altamira, San Pablo de Heredia. Unidad de 75 m² con 1 amplia habitación, 2 baños completos y 1 parqueo subterráneo, ideal para profesionales o parejas que buscan comodidad y excelente ubicación. La cocina viene completamente amoblada e incluye línea blanca completa: refrigeradora, microondas, estufa, lavadora y secadora, lista para habitar. El condominio ofrece amenidades de primer nivel: piscina, gimnasio equipado, sala de cine, espacio de coworking, áreas sociales y seguridad 24 horas para su total tranquilidad. Excelente conectividad: a pocos minutos del centro de Heredia, rutas de buses hacia San José y acceso al tren rápido. No se permiten mascotas. Disponibilidad inmediata. Alquiler: 500.000 por mes. ¡Agende su cita hoy!",Condo,,,,,,,{},Urban,{},,,,,CRC,,https://photos.encuentra24.com/t_or_fh_m/f_auto/v1/cr/32/56/65/41/32566541_698ccd7a4e98e541ef39b76a8635ac9f-3261c86|https://photos.encuentra24.com/t_or_fh_m/f_auto/v1/cr/32/56/65/41/32566541_698ccd7a4e98e541ef39b76a8635ac9f-59ea683|https://photos.encuentra24.com/t_or_fh_m/f_auto/v1/cr/32/56/65/41/32566541_698ccd7a4e98e541ef39b76a8635ac9f-984802d|https://photos.encuentra24.com/t_or_fh_m/f_auto/v1/cr/32/56/65/41/32566541_698ccd7a4e98e541ef39b76a8635ac9f-d720092|https://photos.encuentra24.com/t_or_fh_m/f_auto/v1/cr/32/56/65/41/32566541_698ccd7a4e98e541ef39b76a8635ac9f-e2f9370|https://photos.encuentra24.com/t_or_fh_m/f_auto/v1/cr/32/56/65/41/32566541_698ccd7a4e98e541ef39b76a8635ac9f-3563112|https://photos.encuentra24.com/t_or_fh_m/f_auto/v1/cr/32/56/65/41/32566541_698ccd7a4e98e541ef39b76a8635ac9f-afd8376|https://photos.encuentra24.com/t_or_fh_m/f_auto/v1/cr/32/56/65/41/32566541_698ccd7a4e98e541ef39b76a8635ac9f-a21de0a|https://photos.encuentra24.com/t_or_fh_m/f_auto/v1/cr/32/56/65/41/32566541_a9df71b|https://photos.encuentra24.com/t_or_fh_m/f_auto/v1/cr/32/56/65/41/32566541_cf091d0|https://photos.encuentra24.com/t_or_fh_m/f_auto/v1/cr/32/56/65/41/32566541_aa1f15f|https://photos.encuentra24.com/t_or_fh_m/f_auto/v1/cr/32/56/65/41/32566541_2e45ca1|https://photos.encuentra24.com/t_or_fh_m/f_auto/v1/cr/32/28/27/24/32282724_07039e33c46356d1de15f71fa1c6420b-9bf1e03|https://photos.encuentra24.com/t_or_fh_m/f_auto/v1/cr/32/08/15/41/32081541_b681ff04273125a9274cf3ab9a21fde9-17a0711|https://photos.encuentra24.com/t_or_fh_m/f_auto/v1/cr/31/72/37/32/31723732_d06e939|https://photos.encuentra24.com/t_or_fh_m/f_auto/v1/cr/31/36/76/70/31367670_1e7e15|https://photos.encuentra24.com/t_or_fh_m/f_auto/v1/cr/32/56/72/95/32567295_077b995419d26aa61e5eba66441f107d-69dad74|https://photos.encuentra24.com/t_or_fh_m/f_auto/v1/cr/31/39/95/64/31399564_ad79a76|https://photos.encuentra24.com/t_or_fh_m/f_auto/v1/cr/32/56/73/95/32567395_3825cfb|https://photos.encuentra24.com/t_or_fh_m/f_auto/v1/cr/31/53/47/33/31534733_e8bce6|https://photos.encuentra24.com/t_or_fh_m/f_auto/v1/cr/31/37/69/13/31376913_7baa4f
encuentra24,31765056,https://www.encuentra24.com/costa-rica-es/bienes-raices-alquiler-alquiler-de-oficinas/centricas-oficinas-para-alquilar-en-heredia/31765056,rent,active,Heredia provincia,Heredia,Heredia,Céntricas Oficinas para Alquilar en Heredia,"¿Buscas un lugar estratégico para tu negocio en Heredia? ¡Estas oficinas en pleno centro son justo lo que necesitas! Ubicadas a solo unos pasos de los Tribunales de Justicia, el Parque Central y la Parroquia, en un edificio histórico con un diseño que impresiona, te permitirán estar en el corazón de la ciudad, rodeado de movimiento y oportunidades. Con un flujo constante de personas y comercio en la zona, tendrás la exposición perfecta para atraer clientes y hacer crecer tu negocio sin complicaciones. Las oficinas de 22 m², tienen una tarifa accesible que incluye agua, servicios municipales, alumbrado, recolección de basura y la limpieza diaria de las áreas comunes, incluidos los baños que son compartidos entre los inquilinos de las oficinas (uno de ellos habilitado según ley 7600) Y lo mejor, ¡todo esto con fácil acceso a varios parqueos públicos y paradas de bus en un radio de 100 metros! No dejes pasar esta oportunidad de establecerte en un lugar privilegiado que impulsa tu negocio al siguiente nivel. Para más información, contacta a Luigi Quesada. Oficina de 22 metros cuadrados ¢220 mil + 13% IVA = ¢248,600",Commercial Property,,,,,,,"{""Water""}",Urban,{},,,,,CRC,,https://photos.encuentra24.com/t_or_fh_m/f_auto/v1/cr/31/76/50/56/31765056_433e20|https://photos.encuentra24.com/t_or_fh_m/f_auto/v1/cr/31/76/50/56/31765056_df21e4|https://photos.encuentra24.com/t_or_fh_m/f_auto/v1/cr/31/76/50/56/31765056_db3477|https://photos.encuentra24.com/t_or_fh_m/f_auto/v1/cr/31/76/50/56/31765056_9e584e|https://photos.encuentra24.com/t_or_fh_m/f_auto/v1/cr/31/76/50/56/31765056_abffd3|https://photos.encuentra24.com/t_or_fh_m/f_auto/v1/cr/31/76/50/56/31765056_744964|https://photos.encuentra24.com/t_or_fh_m/f_auto/v1/cr/31/76/50/56/31765056_5f5e2a|https://photos.encuentra24.com/t_or_fh_m/f_auto/v1/cr/31/76/50/56/31765056_598e0a|https://photos.encuentra24.com/t_user_logo/v1/users/logo/88/37/93/883793_5eee82|https://photos.encuentra24.com/t_cnseal/v1594676252/cnseal/5f0cd41c4a555_Bildschirmfotocccbr.png|https://photos.encuentra24.com/t_cnseal/v1697642511/cnseal/652ff80f42db6_Verified%20badge.png|https://photos.encuentra24.com/t_or_fh_m/f_auto/v1/cr/31/76/49/97/31764997_4c0145b|https://photos.encuentra24.com/t_or_fh_m/f_auto/v1/cr/29/37/01/98/29370198_626af2|https://photos.encuentra24.com/t_or_fh_m/f_auto/v1/cr/29/80/07/34/29800734_ef77e7e|https://photos.encuentra24.com/t_or_fh_m/f_auto/v1/cr/32/58/70/16/32587016_c3ec2b3|https://photos.encuentra24.com/t_or_fh_m/f_auto/v1/cr/31/93/87/65/31938765_98d76225479d9ee912dc4bc016a94801-6bda74a|https://photos.encuentra24.com/t_or_fh_m/f_auto/v1/cr/31/76/47/98/31764798_28722d|https://photos.encuentra24.com/t_or_fh_m/f_auto/v1/cr/29/47/98/63/29479863_2e86b6
encuentra24,24207259,https://www.encuentra24.com/costa-rica-es/bienes-raices-alquiler-alquiler-de-oficinas/alquiler-de-oficinas-en-oficentro-dent-san-pedro-de-montes-de-oca/24207259,rent,active,San José provincia,Montes de Oca,San Pedro,ALQUILER DE OFICINAS EN OFICENTRO DENT SAN PEDRO DE MONTES DE OCA,"Espacio para oficinas en el tercer (3) Nivel del Oficentro Dent, San Pedro. A $16 dólares el M2 en obra Gris, se puede dar llave en mano tambien + 3 dólares de mantemiento por m2. Espacio de 855mt2, se puede dividir en 4 espacios. - 1 espacio de 221 mts2, Precio $3536 + mantenimiento - 2 espacio de 220 mts2 Precio $3520 + mantenimiento - 3 espacio de 210 mts2 Precio $3360 + mantenimiento - 4 espacio de 203 mts2 Precio $3248 + mantenimiento El edificio cuenta con un Elegante lobby o recepción * Hermosas vistas a San Pedro de montes de Oca. * 2 Elevadores * Área común para baños (2 baños) * Escaleras de acceso * Escaleras de emergencia * 27 espacios de parqueos * Parqueo de visitas * Electricidad Trifásica * Seguridad 24/7",Commercial Property,,,,,,,"{""Electricity""}",Urban,{},,,,16,USD,,https://photos.encuentra24.com/t_or_fh_m/f_auto/v1/cr/24/20/72/59/24207259_59a320|https://photos.encuentra24.com/t_or_fh_m/f_auto/v1/cr/24/20/72/59/24207259_688f7e|https://photos.encuentra24.com/t_or_fh_m/f_auto/v1/cr/24/20/72/59/24207259_ec5a3f|https://photos.encuentra24.com/t_or_fh_m/f_auto/v1/cr/24/20/72/59/24207259_fce179|https://photos.encuentra24.com/t_or_fh_m/f_auto/v1/cr/24/20/72/59/24207259_e4a9ec|https://photos.encuentra24.com/t_or_fh_m/f_auto/v1/cr/24/20/72/59/24207259_052fc1|https://photos.encuentra24.com/t_or_fh_m/f_auto/v1/cr/24/20/72/59/24207259_6c8654|https://photos.encuentra24.com/t_or_fh_m/f_auto/v1/cr/24/20/72/59/24207259_ac0b38|https://photos.encuentra24.com/t_or_fh_m/f_auto/v1/cr/24/20/72/59/24207259_2fc3d3|https://photos.encuentra24.com/t_or_fh_m/f_auto/v1/cr/24/20/72/59/24207259_423107|https://photos.encuentra24.com/t_or_fh_m/f_auto/v1/cr/24/20/72/59/24207259_2e8ff8|https://photos.encuentra24.com/t_or_fh_m/f_auto/v1/cr/24/20/72/59/24207259_c9606f|https://photos.encuentra24.com/t_or_fh_m/f_auto/v1/cr/24/20/72/59/24207259_cc58a2|https://photos.encuentra24.com/t_user_logo/v1/users/logo/21/89/26/2189260_b33f53|https://photos.encuentra24.com/t_or_fh_m/f_auto/v1/cr/32/52/41/56/32524156_d000bf0252bedafc7d609b0b625ffa13-283841d|https://photos.encuentra24.com/t_or_fh_m/f_auto/v1/cr/32/64/90/74/32649074_9e8b862a43f79451348d34986eae6c2f-95425b9|https://photos.encuentra24.com/t_or_fh_m/f_auto/v1/cr/32/38/78/10/32387810_feaf163b28a92b1248c182db0f59ef0b-15b41c0|https://photos.encuentra24.com/t_or_fh_m/f_auto/v1/cr/31/71/35/28/31713528_f325f6|https://photos.encuentra24.com/t_or_fh_m/f_auto/v1/cr/32/56/11/63/32561163_d2eb165cb127cf774ec022f42469d924-2b16dd2|https://photos.encuentra24.com/t_or_fh_m/f_auto/v1/cr/31/31/70/04/31317004_cdd738|https://photos.encuentra24.com/t_or_fh_m/f_auto/v1/cr/32/60/54/04/32605404_2b9a8c9
encuentra24,32529606,https://www.encuentra24.com/costa-rica-es/bienes-raices-alquiler-apartamentos/alquiler-de-apartamento-en-alterego/32529606,rent,active,San José provincia,San José Capital,Rohrmoser,Alquiler de apartamento en Alterego,"Cuenta con 98m2 habitables. Ubicación en el piso 10 con bellas vistas, distribuido de la siguiente manera: 2 habitaciones, principal con Balcón y Walk-in-closet Baños: 2 Sala, con balcón Comedor Cocina Área de lavado Incluye Amenidades como: Piscina Jacuzzi Spa Gimnasio Lounge Apartamento incluye extras como: ventiladores eléctricos Pet Friendly Precio de oportunidad $2250 Se valoran ofertas Agende su cita hoy mismo",Condo,,,,,,,{},,{},Walkable,,,2250,USD,,https://photos.encuentra24.com/t_or_fh_m/f_auto/v1/cr/32/52/96/06/32529606_4751357|https://photos.encuentra24.com/t_or_fh_m/f_auto/v1/cr/32/52/96/06/32529606_dda8243|https://photos.encuentra24.com/t_or_fh_m/f_auto/v1/cr/32/52/96/06/32529606_56181ae|https://photos.encuentra24.com/t_or_fh_m/f_auto/v1/cr/32/52/96/06/32529606_d7b36b8|https://photos.encuentra24.com/t_or_fh_m/f_auto/v1/cr/32/52/96/06/32529606_362de1d|https://photos.encuentra24.com/t_or_fh_m/f_auto/v1/cr/32/52/96/06/32529606_34fef16|https://photos.encuentra24.com/t_user_logo/v1/users/logo/29/18/52/2918523_07410d|https://photos.encuentra24.com/t_cnseal/v1697642511/cnseal/652ff80f42db6_Verified%20badge.png|https://photos.encuentra24.com/t_or_fh_m/f_auto/v1/cr/32/11/84/23/32118423_114b1be|https://photos.encuentra24.com/t_or_fh_m/f_auto/v1/cr/32/41/71/43/32417143_57f3b90fc30ad7d045a263a40a66b691-ce517a4|https://photos.encuentra24.com/t_or_fh_m/f_auto/v1/cr/32/09/62/63/32096263_4a81ba2e6aa7dfcb8b6342086d276197-c382740|https://photos.encuentra24.com/t_or_fh_m/f_auto/v1/cr/32/42/15/83/32421583_a9f1df9fbf132701a16ff8fd6941ab3a-45ebe5f|https://photos.encuentra24.com/t_or_fh_m/f_auto/v1/cr/32/39/22/33/32392233_1d5084840b3c020ef382d04c071cf04d-88d2190|https://photos.encuentra24.com/t_or_fh_m/f_auto/v1/cr/31/54/59/02/31545902_999c62|https://photos.encuentra24.com/t_or_fh_m/f_auto/v1/cr/32/53/65/21/32536521_03014cd2fed3a2d99cbc467d6b277f9b-a688c41|https://photos.encuentra24.com/t_or_fh_m/f_auto/v1/cr/32/58/14/16/32581416_30a4cb4285965f03eb2c0c90e7682c89-bc56ad2|https://photos.encuentra24.com/t_or_fh_m/f_auto/v1/cr/32/59/51/35/32595135_33438f0|https://photos.encuentra24.com/t_or_fh_m/f_auto/v1/cr/32/58/16/21/32581621_5deaf3c2d961868913af42be90c59cb8-c545af4|https://photos.encuentra24.com/t_or_fh_m/f_auto/v1/cr/32/60/64/66/32606466_ede0b2f7db6efe5f50630336d7c4e185-5df7295|https://photos.encuentra24.com/t_or_fh_m/f_auto/v1/cr/32/28/51/81/32285181_cf0786883d6f5ace0141a80ca54bced3-8147f32|https://photos.encuentra24.com/t_or_fh_m/f_auto/v1/cr/32/38/89/60/32388960_070403d|https://photos.encuentra24.com/t_or_fh_m/f_auto/v1/cr/32/29/68/91/32296891_a6cbe2a35c4d71ef599db632d9852f54-269a204
encuentra24,32606370,https://www.encuentra24.com/costa-rica-es/bienes-raices-alquiler-alquiler-de-oficinas/se-alquila-propiedad-grande-para-oficinas-negocio-o-vivienda-en-curridabat/32606370,rent,active,San José provincia,Curridabat,Granadilla,"Se alquila propiedad grande para Oficinas, negocio o vivienda en Curridabat","Se alquila propiedad grande para vivienda, negocio, oficinas o comercio. Se alquila propiedad en Curridabat para Oficinas, o habitacional . De 500mts aproximadamente de 5 baños completos y 2 medios baños . Tiene 6 cuartos grandes , 2 salas , ante comedor , cocina con mesa interna , terraza de 120 mts , patio y espacio para 6 carros . Acabados de lujo y con silla ascensor. Tiene 5 bodegas. Ubicación privilegiada para embajadas o negocios. Cerca de Universidades, supermercados, centros comerciales y bancos. En zona tipo AAA. Excelente plusvalía. Precio negociable . Se puede alquilar con opción de compra tanto a nivel comercial como a nivel habitacional. Precio más IVA. Ubicación en Urbanización El Prado. NEGOCIABLE",Commercial Property,,,,,,,{},Urban,{},,,,,USD,,https://photos.encuentra24.com/t_or_fh_m/f_auto/v1/cr/32/60/63/70/32606370_bb2d5fd|https://photos.encuentra24.com/t_or_fh_m/f_auto/v1/cr/32/60/63/70/32606370_57d46c8|https://photos.encuentra24.com/t_or_fh_m/f_auto/v1/cr/32/60/63/70/32606370_db9f712|https://photos.encuentra24.com/t_or_fh_m/f_auto/v1/cr/32/60/63/70/32606370_297019f|https://photos.encuentra24.com/t_or_fh_m/f_auto/v1/cr/32/60/63/70/32606370_d7ce84a|https://photos.encuentra24.com/t_or_fh_m/f_auto/v1/cr/32/60/63/70/32606370_86edaae|https://photos.encuentra24.com/t_or_fh_m/f_auto/v1/cr/32/60/63/70/32606370_5bf6317|https://photos.encuentra24.com/t_or_fh_m/f_auto/v1/cr/32/60/63/70/32606370_aae0289|https://photos.encuentra24.com/t_or_fh_m/f_auto/v1/cr/32/60/63/70/32606370_b1cda73|https://photos.encuentra24.com/t_or_fh_m/f_auto/v1/cr/32/60/63/70/32606370_c60899a|https://photos.encuentra24.com/t_or_fh_m/f_auto/v1/cr/32/60/63/70/32606370_30e0007|https://photos.encuentra24.com/t_or_fh_m/f_auto/v1/cr/32/60/63/70/32606370_c75393b|https://photos.encuentra24.com/t_or_fh_m/f_auto/v1/cr/32/60/63/70/32606370_9b4d6d4|https://photos.encuentra24.com/t_or_fh_m/f_auto/v1/cr/32/60/63/70/32606370_a64f121|https://photos.encuentra24.com/t_or_fh_m/f_auto/v1/cr/32/60/63/70/32606370_9aa577d|https://photos.encuentra24.com/t_or_fh_m/f_auto/v1/cr/32/60/63/70/32606370_2225a41|https://photos.encuentra24.com/t_or_fh_m/f_auto/v1/cr/32/60/63/70/32606370_a7b4853|https://photos.encuentra24.com/t_user_logo/v1/users/logo/12/26/20/84/12262084_06d0d7|https://photos.encuentra24.com/t_cnseal/v1594676252/cnseal/5f0cd41c4a555_Bildschirmfotocccbr.png|https://photos.encuentra24.com/t_or_fh_m/f_auto/v1/cr/31/94/82/92/31948292_b3ee43d|https://photos.encuentra24.com/t_or_fh_m/f_auto/v1/cr/31/18/85/35/31188535_3f9595|https://photos.encuentra24.com/t_or_fh_m/f_auto/v1/cr/32/57/60/21/32576021_65d8720|https://photos.encuentra24.com/t_or_fh_m/f_auto/v1/cr/32/40/02/60/32400260_75a67d7|https://photos.encuentra24.com/t_or_fh_m/f_auto/v1/cr/31/20/99/51/31209951_e36527|https://photos.encuentra24.com/t_or_fh_m/f_auto/v1/cr/31/28/82/47/31288247_dcdf1b7|https://photos.encuentra24.com/t_or_fh_m/f_auto/v1/cr/31/24/14/86/31241486_826cae8
encuentra24,31716374,https://www.encuentra24.com/costa-rica-es/bienes-raices-alquiler-apartamentos/alquiler-apartamento-amueblado-de-2-habitacion-en-distrito-cuatro-escazu/31716374,rent,active,San José provincia,Escazú,Escazú,"Alquiler apartamento amueblado de 2 habitación en Distrito Cuatro, Escazu","Cómodo y amplio apartamento en alquiler de 2 habitaciones con 2 baños, full amueblado. Cama King en habitación principal y cama Queen en 2a habitación. TV en la sala. A/C en habitación principal y en la sala. Cocina full equipada con refri, lavaplatos, centro de lavado, cocina, horno, microondas. 95 mts2 de área habitable. 2 parqueos tandem. Piso 3 Piscina semi olímpica, gimnasio, area social, caminerias. Detrás de Distrito 4. Seguridad 24/7. Supermecado, farmacia, restaurantes, hospital, librería a 1 min caminando. Precio incluye condominio.",Condo,,,,,,,{},Urban,{},Walkable,,,,USD,,https://photos.encuentra24.com/t_or_fh_m/f_auto/v1/cr/31/71/63/74/31716374_901eed1|https://photos.encuentra24.com/t_or_fh_m/f_auto/v1/cr/31/71/63/74/31716374_058af54|https://photos.encuentra24.com/t_or_fh_m/f_auto/v1/cr/31/71/63/74/31716374_3d4d644|https://photos.encuentra24.com/t_or_fh_m/f_auto/v1/cr/31/71/63/74/31716374_2b12aa7|https://photos.encuentra24.com/t_or_fh_m/f_auto/v1/cr/31/71/63/74/31716374_c823b18|https://photos.encuentra24.com/t_or_fh_m/f_auto/v1/cr/31/71/63/74/31716374_a3a5ff4|https://photos.encuentra24.com/t_or_fh_m/f_auto/v1/cr/31/71/63/74/31716374_aaf23a9|https://photos.encuentra24.com/t_or_fh_m/f_auto/v1/cr/31/71/63/74/31716374_ce6a201|https://photos.encuentra24.com/t_or_fh_m/f_auto/v1/cr/31/71/63/74/31716374_9914edd|https://photos.encuentra24.com/t_or_fh_m/f_auto/v1/cr/31/71/63/74/31716374_289cc91|https://photos.encuentra24.com/t_or_fh_m/f_auto/v1/cr/31/71/63/74/31716374_750e289|https://photos.encuentra24.com/t_or_fh_m/f_auto/v1/cr/31/71/63/74/31716374_5de5b66|https://photos.encuentra24.com/t_or_fh_m/f_auto/v1/cr/31/71/63/74/31716374_4ff464b|https://photos.encuentra24.com/t_or_fh_m/f_auto/v1/cr/31/71/63/74/31716374_c3ad548|https://photos.encuentra24.com/t_or_fh_m/f_auto/v1/cr/31/71/63/74/31716374_1ce9ba4|https://photos.encuentra24.com/t_or_fh_m/f_auto/v1/cr/31/71/63/74/31716374_a5455bf|https://photos.encuentra24.com/t_or_fh_m/f_auto/v1/cr/31/71/63/74/31716374_6512625|https://photos.encuentra24.com/t_or_fh_m/f_auto/v1/cr/31/71/63/74/31716374_6501da5|https://photos.encuentra24.com/t_cnseal/v1697642511/cnseal/652ff80f42db6_Verified%20badge.png|https://photos.encuentra24.com/t_or_fh_m/f_auto/v1/cr/32/64/63/36/32646336_99e49c|https://photos.encuentra24.com/t_or_fh_m/f_auto/v1/cr/32/63/99/86/32639986_78e2af7|https://photos.encuentra24.com/t_or_fh_m/f_auto/v1/cr/31/97/47/06/31974706_1953ad3|https://photos.encuentra24.com/t_or_fh_m/f_auto/v1/cr/32/35/75/86/32357586_f5fceb8|https://photos.encuentra24.com/t_or_fh_m/f_auto/v1/cr/32/36/64/86/32366486_80321483b82d8384115b0c3bb844e27a-4b0071f|https://photos.encuentra24.com/t_or_fh_m/f_auto/v1/cr/31/72/33/76/31723376_d9808c|https://photos.encuentra24.com/t_or_fh_m/f_auto/v1/cr/31/68/32/56/31683256_fbca60|https://photos.encuentra24.com/t_or_fh_m/f_auto/v1/cr/25/56/38/27/25563827_7802a0a|https://photos.encuentra24.com/t_or_fh_m/f_auto/v1/cr/32/17/48/89/32174889_9c2dffd|https://photos.encuentra24.com/t_or_fh_m/f_auto/v1/cr/31/20/65/26/31206526_023d3f8|https://photos.encuentra24.com/t_or_fh_m/f_auto/v1/cr/32/43/18/00/32431800_efad905|https://photos.encuentra24.com/t_or_fh_m/f_auto/v1/cr/31/71/63/67/31716367_627286f|https://photos.encuentra24.com/t_or_fh_m/f_auto/v1/cr/31/38/66/78/31386678_7130b1f|https://photos.encuentra24.com/t_or_fh_m/f_auto/v1/cr/30/43/24/23/30432423_d44c6e
encuentra24,32311908,https://www.encuentra24.com/costa-rica-es/bienes-raices-alquiler-casas/preciosa-casa-americana-en-alquiler-en-escazu/32311908,rent,active,San José provincia,Escazú,San Rafael,Preciosa casa Americana en alquiler en Escazú.,"Buscamos una linda familia Ubicada en en condominio en Guachipelín Norte. Cuenta con 2 niveles y 350 m2 construcción. Sistema inteligente de sonido, luces y seguridad. 4 habitaciones (principal en primer nivel con walk-in closet y doble ducha). 3.5 baños 3 salas Balcones en ambos niveles Cuarto lavado. No cuenta con cuarto de servicio habilitado. Solo está prevista y espacio. Precio de alquiler: $4.000 con línea blanca. La casa cuenta con sistema de alarma. Garaje para 4 vehículos. Condominio con mucha naturaleza. Casas separadas. Full seguridad 24/7. Preciosa oportunidad en el mercado.",Condo,,,,,,,{},,{},Walkable,,,4000,USD,,https://photos.encuentra24.com/t_or_fh_m/f_auto/v1/cr/32/31/19/08/32311908_f305d1dafb9f519505c105cd3ea67938-7fd0c0d|https://photos.encuentra24.com/t_or_fh_m/f_auto/v1/cr/32/31/19/08/32311908_f305d1dafb9f519505c105cd3ea67938-09ad4c4|https://photos.encuentra24.com/t_or_fh_m/f_auto/v1/cr/32/31/19/08/32311908_f305d1dafb9f519505c105cd3ea67938-ea1f1bd|https://photos.encuentra24.com/t_or_fh_m/f_auto/v1/cr/32/31/19/08/32311908_f305d1dafb9f519505c105cd3ea67938-46f371c|https://photos.encuentra24.com/t_or_fh_m/f_auto/v1/cr/32/31/19/08/32311908_f305d1dafb9f519505c105cd3ea67938-446a90a|https://photos.encuentra24.com/t_or_fh_m/f_auto/v1/cr/32/31/19/08/32311908_f305d1dafb9f519505c105cd3ea67938-16732c2|https://photos.encuentra24.com/t_or_fh_m/f_auto/v1/cr/32/31/19/08/32311908_f305d1dafb9f519505c105cd3ea67938-023b0d3|https://photos.encuentra24.com/t_or_fh_m/f_auto/v1/cr/32/31/19/08/32311908_f305d1dafb9f519505c105cd3ea67938-d4a78e4|https://photos.encuentra24.com/t_or_fh_m/f_auto/v1/cr/32/31/19/08/32311908_f305d1dafb9f519505c105cd3ea67938-36eec3e|https://photos.encuentra24.com/t_or_fh_m/f_auto/v1/cr/32/31/19/08/32311908_f305d1dafb9f519505c105cd3ea67938-c63190c|https://photos.encuentra24.com/t_or_fh_m/f_auto/v1/cr/32/31/19/08/32311908_f305d1dafb9f519505c105cd3ea67938-8c9fec4|https://photos.encuentra24.com/t_or_fh_m/f_auto/v1/cr/32/31/19/08/32311908_f305d1dafb9f519505c105cd3ea67938-2722c60|https://photos.encuentra24.com/t_or_fh_m/f_auto/v1/cr/32/31/19/08/32311908_f305d1dafb9f519505c105cd3ea67938-c6dcd78|https://photos.encuentra24.com/t_or_fh_m/f_auto/v1/cr/32/31/19/08/32311908_f305d1dafb9f519505c105cd3ea67938-df30b70|https://photos.encuentra24.com/t_or_fh_m/f_auto/v1/cr/32/31/19/08/32311908_f305d1dafb9f519505c105cd3ea67938-d5dc2d7|https://photos.encuentra24.com/t_or_fh_m/f_auto/v1/cr/32/31/19/08/32311908_f305d1dafb9f519505c105cd3ea67938-502964c|https://photos.encuentra24.com/t_or_fh_m/f_auto/v1/cr/32/31/19/08/32311908_f305d1dafb9f519505c105cd3ea67938-f4bb24a|https://photos.encuentra24.com/t_or_fh_m/f_auto/v1/cr/32/57/60/02/32576002_cc315c46d8e3089d88ec7ace0c23e7fd-a88171e|https://photos.encuentra24.com/t_or_fh_m/f_auto/v1/cr/32/56/73/72/32567372_4ff0bf2|https://photos.encuentra24.com/t_or_fh_m/f_auto/v1/cr/32/45/74/72/32457472_e36485e|https://photos.encuentra24.com/t_or_fh_m/f_auto/v1/cr/31/85/91/32/31859132_9ea3ed|https://photos.encuentra24.com/t_or_fh_m/f_auto/v1/cr/31/63/83/62/31638362_a73778|https://photos.encuentra24.com/t_or_fh_m/f_auto/v1/cr/29/63/92/52/29639252_44d1b1|https://photos.encuentra24.com/t_or_fh_m/f_auto/v1/cr/32/23/10/21/32231021_b23a67d65e5c5e921a985bdab3b8e8d4-6a42860|https://photos.encuentra24.com/t_or_fh_m/f_auto/v1/cr/32/21/17/49/32211749_e192085dd1aa5063a644b1c8d4fbd85c-48d5243|https://photos.encuentra24.com/t_or_fh_m/f_auto/v1/cr/31/45/98/70/31459870_684198c|https://photos.encuentra24.com/t_or_fh_m/f_auto/v1/cr/31/46/28/84/31462884_0d86ce|https://photos.encuentra24.com/t_or_fh_m/f_auto/v1/cr/31/82/88/76/31828876_65329b|https://photos.encuentra24.com/t_or_fh_m/f_auto/v1/cr/32/52/88/23/32528823_e36fd64bf25c9963321873162c9c814c-2920b62|https://photos.encuentra24.com/t_or_fh_m/f_auto/v1/cr/31/45/92/31/31459231_0d9964|https://photos.encuentra24.com/t_or_fh_m/f_auto/v1/cr/31/82/09/75/31820975_91999d
encuentra24,31723732,https://www.encuentra24.com/costa-rica-es/bienes-raices-alquiler-apartamentos/alquiler-en-escalante-studio-1-habitacion-desde-499-parqueo/31723732,rent,active,San José provincia,San José Capital,Barrio Escalante,ALQUILER EN ESCALANTE STUDIO-1 HABITACION- DESDE $499- PARQUEO,Apartamento tipo estudio $499 Depósito del mismo monto Cerca de universidades y centros comerciales Ubicación privilegiada Espacios de parqueos disponibles! CERCA DE UNIVERSIDADES Y SUPERMERCADOS SEGUIRDAD 24/7 LAVANDERIA DENTRO DEL EDIFICO Solo WhatsApp,Condo,,,,,,,{},Urban,{},,,,499,USD,,https://photos.encuentra24.com/t_or_fh_m/f_auto/v1/cr/31/72/37/32/31723732_d06e939|https://photos.encuentra24.com/t_or_fh_m/f_auto/v1/cr/31/72/37/32/31723732_d1871ea|https://photos.encuentra24.com/t_or_fh_m/f_auto/v1/cr/31/72/37/32/31723732_bfef8b3|https://photos.encuentra24.com/t_or_fh_m/f_auto/v1/cr/31/72/37/32/31723732_a44d148|https://photos.encuentra24.com/t_or_fh_m/f_auto/v1/cr/31/72/37/32/31723732_036c4ab|https://photos.encuentra24.com/t_or_fh_m/f_auto/v1/cr/31/72/37/32/31723732_01d45a4|https://photos.encuentra24.com/t_or_fh_m/f_auto/v1/cr/31/72/37/32/31723732_990061b|https://photos.encuentra24.com/t_or_fh_m/f_auto/v1/cr/31/72/37/32/31723732_7d6770b|https://photos.encuentra24.com/t_or_fh_m/f_auto/v1/cr/31/72/37/32/31723732_c7edd6|https://photos.encuentra24.com/t_or_fh_m/f_auto/v1/cr/31/72/37/32/31723732_69e65b8|https://photos.encuentra24.com/t_or_fh_m/f_auto/v1/cr/31/72/37/32/31723732_d13dba0|https://photos.encuentra24.com/t_or_fh_m/f_auto/v1/cr/31/72/37/32/31723732_11770d|https://photos.encuentra24.com/t_or_fh_m/f_auto/v1/cr/31/72/37/32/31723732_51245ba|https://photos.encuentra24.com/t_or_fh_m/f_auto/v1/cr/31/72/37/32/31723732_b8dc2c|https://photos.encuentra24.com/t_or_fh_m/f_auto/v1/cr/31/72/37/32/31723732_c9a57ae|https://photos.encuentra24.com/t_or_fh_m/f_auto/v1/cr/31/72/37/32/31723732_250b246|https://photos.encuentra24.com/t_or_fh_m/f_auto/v1/cr/31/72/37/32/31723732_a6e0b97|https://photos.encuentra24.com/t_or_fh_m/f_auto/v1/cr/32/34/47/33/32344733_f0fda5a27650a7f14b5ec6f81db20f0d-0db75fe|https://photos.encuentra24.com/t_or_fh_m/f_auto/v1/cr/32/58/21/03/32582103_2a527339e5f5a1d09eb0224317d968e1-20e5e19|https://photos.encuentra24.com/t_or_fh_m/f_auto/v1/cr/32/56/65/41/32566541_698ccd7a4e98e541ef39b76a8635ac9f-3261c86|https://photos.encuentra24.com/t_or_fh_m/f_auto/v1/cr/31/36/76/70/31367670_1e7e15|https://photos.encuentra24.com/t_or_fh_m/f_auto/v1/cr/32/56/72/95/32567295_077b995419d26aa61e5eba66441f107d-69dad74|https://photos.encuentra24.com/t_or_fh_m/f_auto/v1/cr/31/39/95/64/31399564_ad79a76|https://photos.encuentra24.com/t_or_fh_m/f_auto/v1/cr/32/56/73/95/32567395_3825cfb|https://photos.encuentra24.com/t_or_fh_m/f_auto/v1/cr/31/53/47/33/31534733_e8bce6|https://photos.encuentra24.com/t_or_fh_m/f_auto/v1/cr/31/37/69/13/31376913_7baa4f
encuentra24,31367670,https://www.encuentra24.com/costa-rica-es/bienes-raices-alquiler-apartamentos/alquiler-de-apartamento-en-condominio-altamira-san-pablo-de-heredia-crc-550-000-linea-blanca/31367670,rent,active,Heredia provincia,Heredia,,"Alquiler de apartamento en Condominio Altamira, San Pablo de Heredia, CRC 550,000 LINEA BLANCA","Apartamento en Condominio Altamira, San Pablo de Heredia, ubicación con gran plusvalía. A 500 metros del Paseo de las Flores, Automercado, servicio de buses Alajuela-Heredia-San José, muy cerca de servicios de tren Alajuela-Heredia-San José y universidades. Ubicado en la Torre B Cuenta con: Dos habitaciones. Dos baños completos. Sala. Comedor. Cocina. Cuarto de lavado. 1 espacio de parqueo. Amenidades: Seguridad las 24 horas del día con circuito cerrado de cámaras. Dos piscinas recreativas, piscina semi olímpica. Sala de eventos. Cancha de tenis, de Squash, y cancha multiusos. Gimnasio totalmente equipado. Sala de reuniones. Sala co-working. Parque de mascotas. Senderos para correr o caminar. Sala de juegos. Cine. Rancho de fiestas con piscina, rancho BBQ. Costo CRC 550,000 mensuales y CRC 550,000 de depósito.",Condo,,,,,,,{},,{},,,,550000,CRC,,https://photos.encuentra24.com/t_or_fh_m/f_auto/v1/cr/31/36/76/70/31367670_1e7e15|https://photos.encuentra24.com/t_or_fh_m/f_auto/v1/cr/31/36/76/70/31367670_2b03dbd|https://photos.encuentra24.com/t_or_fh_m/f_auto/v1/cr/31/36/76/70/31367670_9a057aa|https://photos.encuentra24.com/t_or_fh_m/f_auto/v1/cr/31/36/76/70/31367670_3b3e808|https://photos.encuentra24.com/t_or_fh_m/f_auto/v1/cr/31/36/76/70/31367670_0bf5fc6|https://photos.encuentra24.com/t_or_fh_m/f_auto/v1/cr/31/36/76/70/31367670_a6c898|https://photos.encuentra24.com/t_or_fh_m/f_auto/v1/cr/31/36/76/70/31367670_5bff2aa|https://photos.encuentra24.com/t_or_fh_m/f_auto/v1/cr/31/36/76/70/31367670_c8658c2|https://photos.encuentra24.com/t_or_fh_m/f_auto/v1/cr/31/36/76/70/31367670_260f766|https://photos.encuentra24.com/t_or_fh_m/f_auto/v1/cr/31/36/76/70/31367670_2f5ab3f|https://photos.encuentra24.com/t_or_fh_m/f_auto/v1/cr/31/36/76/70/31367670_de4469|https://photos.encuentra24.com/t_or_fh_m/f_auto/v1/cr/31/36/76/70/31367670_a2ea64|https://photos.encuentra24.com/t_or_fh_m/f_auto/v1/cr/32/64/03/59/32640359_e85ed61|https://photos.encuentra24.com/t_or_fh_m/f_auto/v1/cr/32/63/00/19/32630019_4bed9bc4186328f4ce859eea81f25bf7-f766ac5|https://photos.encuentra24.com/t_or_fh_m/f_auto/v1/cr/32/62/77/79/32627779_35a9ebe|https://photos.encuentra24.com/t_or_fh_m/f_auto/v1/cr/32/43/22/09/32432209_6296191|https://photos.encuentra24.com/t_or_fh_m/f_auto/v1/cr/32/59/35/39/32593539_fc13bab8396ee648256ab7040fe60149-1e99c90|https://photos.encuentra24.com/t_or_fh_m/f_auto/v1/cr/31/85/83/09/31858309_46da94|https://photos.encuentra24.com/t_or_fh_m/f_auto/v1/cr/32/21/67/19/32216719_b873d1|https://photos.encuentra24.com/t_or_fh_m/f_auto/v1/cr/32/56/65/41/32566541_698ccd7a4e98e541ef39b76a8635ac9f-3261c86|https://photos.encuentra24.com/t_or_fh_m/f_auto/v1/cr/31/72/37/32/31723732_d06e939|https://photos.encuentra24.com/t_or_fh_m/f_auto/v1/cr/32/56/72/95/32567295_077b995419d26aa61e5eba66441f107d-69dad74|https://photos.encuentra24.com/t_or_fh_m/f_auto/v1/cr/31/39/95/64/31399564_ad79a76|https://photos.encuentra24.com/t_or_fh_m/f_auto/v1/cr/32/56/73/95/32567395_3825cfb|https://photos.encuentra24.com/t_or_fh_m/f_auto/v1/cr/31/53/47/33/31534733_e8bce6|https://photos.encuentra24.com/t_or_fh_m/f_auto/v1/cr/31/37/69/13/31376913_7baa4f
encuentra24,32565775,https://www.encuentra24.com/costa-rica-es/bienes-raices-alquiler-comercios/local-comercial-casa-comercial-en-alquiler-barrio-escalante/32565775,rent,active,San José provincia,Curridabat,Granadilla,LOCAL COMERCIAL / CASA COMERCIAL EN ALQUILER – BARRIO ESCALANTE,"LOCAL COMERCIAL / CASA COMERCIAL EN ALQUILER – BARRIO ESCALANTE Ubicada en una de las zonas de mayor crecimiento comercial y gastronómico de San José, esta propiedad ofrece una combinación ideal de amplitud, funcionalidad y adaptaciones listas para operar diversos tipos de negocios. Barrio Escalante, San José Terreno: 210 m² Construcción: 200 m² CARACTERÍSTICAS: • 11 estancias o espacios multifuncionales. • 2 habitaciones amplias. • Oficina privada. • 2 baños completos, uno de ellos adaptado según Ley 7600 con barras de apoyo y extractor. • Cuarto de pilas. • Cocina equipada con campana de acero inoxidable y extractor eléctrico. • Instalación de gas LP certificada con dos cilindros de 150 libras. • Tres terrazas: * Terraza frontal techada. * Terraza posterior con jardín adoquinado. * Terraza contigua a la cocina. * Dos accesos independientes (principal y cocina). * Dos áreas verdes. * Rampas de acceso y adecuaciones de accesibilidad. ESPECIFICACIONES TÉCNICAS: Instalación eléctrica certificada y entubada conforme a normativa y planos CFIA. Instalación de gas LP certificada por CFIA. Sistema de agua en tubería PVC sobre cielo raso para fácil mantenimiento. Techo completo en zinc industrial esmaltado de alta durabilidad. IDEAL PARA: • Oficinas corporativas • Consultorios médicos o dentales • Centro de estética o bienestar • Clínica especializada • Academia o centro educativo • Bufete profesional • Showroom o comercio especializado Una propiedad lista para operar, con excelentes condiciones constructivas y ubicada en uno de los sectores más atractivos y dinámicos de la capital. Contáctenos para coordinar una visita y conocer todo su potencial.",House,,,,,,,"{""Water""}",Riverfront|Urban,"{""Flat"",""Steep Slope""}",,,,,CRC,,https://photos.encuentra24.com/t_or_fh_m/f_auto/v1/cr/32/56/57/75/32565775_cea1fc4|https://photos.encuentra24.com/t_or_fh_m/f_auto/v1/cr/32/56/57/75/32565775_757e43d|https://photos.encuentra24.com/t_or_fh_m/f_auto/v1/cr/32/56/57/75/32565775_905f048|https://photos.encuentra24.com/t_or_fh_m/f_auto/v1/cr/32/56/57/75/32565775_3caff3b|https://photos.encuentra24.com/t_or_fh_m/f_auto/v1/cr/32/56/57/75/32565775_293d7d4|https://photos.encuentra24.com/t_or_fh_m/f_auto/v1/cr/32/56/57/75/32565775_37bf901|https://photos.encuentra24.com/t_or_fh_m/f_auto/v1/cr/32/56/57/75/32565775_f7880a9|https://photos.encuentra24.com/t_or_fh_m/f_auto/v1/cr/32/56/57/75/32565775_ddac24d|https://photos.encuentra24.com/t_or_fh_m/f_auto/v1/cr/32/56/57/75/32565775_4d5f110|https://photos.encuentra24.com/t_or_fh_m/f_auto/v1/cr/32/56/57/75/32565775_aa38eb9|https://photos.encuentra24.com/t_user_logo/v1/users/logo/10/67/91/1067911_e267e5|https://photos.encuentra24.com/t_cnseal/v1594676252/cnseal/5f0cd41c4a555_Bildschirmfotocccbr.png|https://photos.encuentra24.com/t_or_fh_m/f_auto/v1/cr/32/47/80/07/32478007_3f799b3|https://photos.encuentra24.com/t_or_fh_m/f_auto/v1/cr/31/97/07/08/31970708_adcf933dc4c74ea3dc376aea186fb97f-4d42882|https://photos.encuentra24.com/t_or_fh_m/f_auto/v1/cr/32/64/96/66/32649666_db36c34|https://photos.encuentra24.com/t_or_fh_m/f_auto/v1/cr/31/91/50/45/31915045_a6758c|https://photos.encuentra24.com/t_or_fh_m/f_auto/v1/cr/31/72/31/40/31723140_ec1562|https://photos.encuentra24.com/t_or_fh_m/f_auto/v1/cr/32/41/65/57/32416557_6ae2734|https://photos.encuentra24.com/t_or_fh_m/f_auto/v1/cr/30/93/56/83/30935683_a9be19f
encuentra24,32631636,https://www.encuentra24.com/costa-rica-es/bienes-raices-alquiler-apartamentos-amueblados/alto-de-las-palomas-increible-vista-2-habitaciones-amueblado-amenidades/32631636,rent,active,San José provincia,Santa Ana,Santa Ana Centro,Alto de las Palomas - Increíble Vista - 2 habitaciones - Amueblado - Amenidades,"¡Bienvenido a tu nuevo hogar en vibrante y moderno condominio! Ubicado en la codiciada zona de Santa Ana, Santa Ana, este espectacular departamento te ofrece todo lo que necesitas para vivir con estilo y comodidad. Con solo 2 años de antigüedad, este espacio refleja lo mejor de la arquitectura contemporánea y el diseño de interiores. Al ingresar, serás recibido por un ambiente lleno de luz y calidez. El departamento cuenta con 2 habitaciones, cada una diseñada para ofrecerte el máximo confort. Imagínate despertar en una habitación con increíble vista a la ciudad y a la naturaleza, perfecta para tus necesidades diarias. Además, con 2 baños modernos, nunca tendrás que esperar para refrescarte y comenzar tu día. La cocina es un verdadero sueño para cualquier amante de la gastronomía, con espacio suficiente para cocinar y disfrutar de tus creaciones culinarias. Acompañada de una práctica lavandería y una despensa, todo está al alcance de tu mano. Y eso no es todo, el departamento está completamente amueblado, con aire acondicionado individual para esos días calurosos, y techos altos que amplifican la sensación de espacio. ¿Te gusta socializar o necesitas un lugar para trabajar desde casa? Disfruta de la sala de juegos, el coworking, y un Club House que te permitirá conectar y compartir con otros. En cuanto a seguridad, puedes estar tranquilo. El edificio cuenta con control de acceso, seguridad digital, y escaleras de emergencia, garantizando tu bienestar y el de tu familia. Para los amantes del deporte y la naturaleza, hay una alberca comunitaria y extensas zonas verdes. Además, con el beneficio adicional de tener 2 estacionamientos 1 cubierto y otro sin techar. No esperes más para hacer de este departamento tu hogar. ¡Una oportunidad que no querrás dejar pasar en uno de los barrios más prometedores de San José!",Condo,,,,,,,"{""Electricity""}",Urban,{},,,,,USD,,https://photos.encuentra24.com/t_or_fh_m/f_auto/v1/cr/32/63/16/36/32631636_dda335f|https://photos.encuentra24.com/t_or_fh_m/f_auto/v1/cr/32/63/16/36/32631636_84426693efa4f6f14e3e3ef38fab311f-2b5e7e7|https://photos.encuentra24.com/t_or_fh_m/f_auto/v1/cr/32/63/16/36/32631636_84426693efa4f6f14e3e3ef38fab311f-653cec0|https://photos.encuentra24.com/t_or_fh_m/f_auto/v1/cr/32/63/16/36/32631636_84426693efa4f6f14e3e3ef38fab311f-54e11f2|https://photos.encuentra24.com/t_or_fh_m/f_auto/v1/cr/32/63/16/36/32631636_84426693efa4f6f14e3e3ef38fab311f-fee4868|https://photos.encuentra24.com/t_or_fh_m/f_auto/v1/cr/32/63/16/36/32631636_84426693efa4f6f14e3e3ef38fab311f-921d6fc|https://photos.encuentra24.com/t_or_fh_m/f_auto/v1/cr/32/63/16/36/32631636_84426693efa4f6f14e3e3ef38fab311f-25db655|https://photos.encuentra24.com/t_or_fh_m/f_auto/v1/cr/32/63/16/36/32631636_84426693efa4f6f14e3e3ef38fab311f-d18a4bd|https://photos.encuentra24.com/t_or_fh_m/f_auto/v1/cr/32/63/16/36/32631636_84426693efa4f6f14e3e3ef38fab311f-a104c67|https://photos.encuentra24.com/t_or_fh_m/f_auto/v1/cr/32/63/16/36/32631636_84426693efa4f6f14e3e3ef38fab311f-c716e57|https://photos.encuentra24.com/t_or_fh_m/f_auto/v1/cr/32/63/16/36/32631636_84426693efa4f6f14e3e3ef38fab311f-e8d36cc|https://photos.encuentra24.com/t_or_fh_m/f_auto/v1/cr/32/63/16/36/32631636_84426693efa4f6f14e3e3ef38fab311f-3544fa6|https://photos.encuentra24.com/t_or_fh_m/f_auto/v1/cr/32/63/16/36/32631636_84426693efa4f6f14e3e3ef38fab311f-d7d1f27|https://photos.encuentra24.com/t_or_fh_m/f_auto/v1/cr/32/63/16/36/32631636_84426693efa4f6f14e3e3ef38fab311f-dc98544|https://photos.encuentra24.com/t_or_fh_m/f_auto/v1/cr/32/63/16/36/32631636_84426693efa4f6f14e3e3ef38fab311f-857e679|https://photos.encuentra24.com/t_or_fh_m/f_auto/v1/cr/32/63/16/36/32631636_84426693efa4f6f14e3e3ef38fab311f-cb47b20|https://photos.encuentra24.com/t_or_fh_m/f_auto/v1/cr/32/63/16/36/32631636_84426693efa4f6f14e3e3ef38fab311f-a008299|https://photos.encuentra24.com/t_or_fh_m/f_auto/v1/cr/32/63/16/36/32631636_84426693efa4f6f14e3e3ef38fab311f-fa0a11e|https://photos.encuentra24.com/t_or_fh_m/f_auto/v1/cr/32/63/16/36/32631636_84426693efa4f6f14e3e3ef38fab311f-8a30487|https://photos.encuentra24.com/t_or_fh_m/f_auto/v1/cr/32/63/16/36/32631636_84426693efa4f6f14e3e3e|https://photos.encuentra24.com/t_user_logo/v1/users/logo/78/95/27/789527_675514|https://photos.encuentra24.com/t_cnseal/v1594676252/cnseal/5f0cd41c4a555_Bildschirmfotocccbr.png|https://photos.encuentra24.com/t_or_fh_m/f_auto/v1/cr/32/61/69/08/32616908_bf18c5e|https://photos.encuentra24.com/t_or_fh_m/f_auto/v1/cr/32/53/29/78/32532978_ddb5d7304cefbd56131be2e0aa477f6c-7f9e4ff|https://photos.encuentra24.com/t_or_fh_m/f_auto/v1/cr/32/05/84/67/32058467_cc51c1e|https://photos.encuentra24.com/t_or_fh_m/f_auto/v1/cr/25/24/80/46/25248046_e617de7|https://photos.encuentra24.com/t_or_fh_m/f_auto/v1/cr/32/05/85/36/32058536_331b8b1|https://photos.encuentra24.com/t_or_fh_m/f_auto/v1/cr/32/06/99/35/32069935_d58d86ee84c08ecc5f555bb75d9390f9-878e809|https://photos.encuentra24.com/t_or_fh_m/f_auto/v1/cr/30/06/42/24/30064224_b6ed8d|https://photos.encuentra24.com/t_or_fh_m/f_auto/v1/cr/32/55/32/40/32553240_812d056|https://photos.encuentra24.com/t_or_fh_m/f_auto/v1/cr/31/58/40/62/31584062_5fcefc|https://photos.encuentra24.com/t_or_fh_m/f_auto/v1/cr/32/47/09/16/32470916_791aeb0|https://photos.encuentra24.com/t_or_fh_m/f_auto/v1/cr/32/61/00/44/32610044_54b7ef0|https://photos.encuentra24.com/t_or_fh_m/f_auto/v1/cr/32/61/01/79/32610179_c80d11ce6c901b26886d9a0f6b7b06fd-ef48bd7|https://photos.encuentra24.com/t_or_fh_m/f_auto/v1/cr/32/51/34/35/32513435_fb9bfac|https://photos.encuentra24.com/t_or_fh_m/f_auto/v1/cr/32/48/65/33/32486533_1a153d4bc310b0349695a10b6932ffaa-dd09a75
encuentra24,32024156,https://www.encuentra24.com/costa-rica-es/bienes-raices-alquiler-apartamentos/se-alquila-aparta-hotel-babylon/32024156,rent,active,San José provincia,San José Capital,Rohrmoser,Se alquila Aparta Hotel Babylon,"Ubicación: Torre Babylon, San José, Costa Rica. Características del apartamento: Apartamento completamente nuevo para estrenar 2 habitaciones con closet 2 baños completos y puertas de vidrio Aire acondicionado en todo el apto Horno y plantilla empotadra Centro de lavado Refrigeradora Sala – comedor Cortinas blackout No tiene parqueo interno solo alrededor de la zona Amenidades del condominio: Seguridad 24/7 Áreas sociales: restaurante, gimnasio, jardin Zen, terraza con vistas preciosas y una piscina increible en el ultimo piso, area co-working Control de acceso Una ubicación centrica, rodeado de restaurantes, cafeterias, supermercado Estrenelo Usted",Condo,,,,,,,{},Riverfront|Urban,{},,,,,USD,,https://photos.encuentra24.com/t_or_fh_m/f_auto/v1/cr/32/02/41/56/32024156_b09242c|https://photos.encuentra24.com/t_or_fh_m/f_auto/v1/cr/32/02/41/56/32024156_876d589|https://photos.encuentra24.com/t_or_fh_m/f_auto/v1/cr/32/02/41/56/32024156_59d4b14|https://photos.encuentra24.com/t_or_fh_m/f_auto/v1/cr/32/02/41/56/32024156_04c7447|https://photos.encuentra24.com/t_or_fh_m/f_auto/v1/cr/32/02/41/56/32024156_2fc7808|https://photos.encuentra24.com/t_or_fh_m/f_auto/v1/cr/32/02/41/56/32024156_84104b9|https://photos.encuentra24.com/t_or_fh_m/f_auto/v1/cr/32/02/41/56/32024156_0831c59|https://photos.encuentra24.com/t_or_fh_m/f_auto/v1/cr/32/02/41/56/32024156_b193710|https://photos.encuentra24.com/t_or_fh_m/f_auto/v1/cr/32/02/41/56/32024156_c21fc2d|https://photos.encuentra24.com/t_or_fh_m/f_auto/v1/cr/32/02/41/56/32024156_09aa4d2|https://photos.encuentra24.com/t_or_fh_m/f_auto/v1/cr/32/02/41/56/32024156_5fa7ab3|https://photos.encuentra24.com/t_or_fh_m/f_auto/v1/cr/32/02/41/56/32024156_a2fece6|https://photos.encuentra24.com/t_or_fh_m/f_auto/v1/cr/32/02/41/56/32024156_838d4c2|https://photos.encuentra24.com/t_or_fh_m/f_auto/v1/cr/32/02/41/56/32024156_4a59866|https://photos.encuentra24.com/t_or_fh_m/f_auto/v1/cr/32/02/41/56/32024156_d9118c5|https://photos.encuentra24.com/t_or_fh_m/f_auto/v1/cr/32/02/41/56/32024156_071a7aa|https://photos.encuentra24.com/t_or_fh_m/f_auto/v1/cr/32/02/41/56/32024156_5cfee22|https://photos.encuentra24.com/t_or_fh_m/f_auto/v1/cr/32/02/41/56/32024156_4ee3b04|https://photos.encuentra24.com/t_or_fh_m/f_auto/v1/cr/32/02/41/56/32024156_88e51a9|https://photos.encuentra24.com/t_or_fh_m/f_auto/v1/cr/32/02/41/56/32024156_e2cf621|https://photos.encuentra24.com/t_or_fh_m/f_auto/v1/cr/32/64/37/88/32643788_3f9d7946161cc6a1bb49e2792c0e5513-9ce76c2|https://photos.encuentra24.com/t_or_fh_m/f_auto/v1/cr/32/13/31/08/32133108_e4560e6|https://photos.encuentra24.com/t_or_fh_m/f_auto/v1/cr/29/16/64/18/29166418_a1ad3c|https://photos.encuentra24.com/t_or_fh_m/f_auto/v1/cr/32/23/46/08/32234608_ec7a6dad65a4c55d9fc856513212f040-fe97380|https://photos.encuentra24.com/t_or_fh_m/f_auto/v1/cr/24/93/75/98/24937598_16d84a|https://photos.encuentra24.com/t_or_fh_m/f_auto/v1/cr/32/51/27/58/32512758_afb4c0e07687530d3f45fd8bd502dc51-ca02c80|https://photos.encuentra24.com/t_or_fh_m/f_auto/v1/cr/32/52/63/18/32526318_6fc03f9587306f99e8a90cfac28208b6-c68f090|https://photos.encuentra24.com/t_or_fh_m/f_auto/v1/cr/32/55/69/94/32556994_4583acda985a569293784bdb06f8fc6b-1bf1e30|https://photos.encuentra24.com/t_or_fh_m/f_auto/v1/cr/32/55/73/18/32557318_73afb1e1e7811b227c23f64c3dbc839c-e42c0a6|https://photos.encuentra24.com/t_or_fh_m/f_auto/v1/cr/32/45/77/56/32457756_04aabc2|https://photos.encuentra24.com/t_or_fh_m/f_auto/v1/cr/32/53/58/42/32535842_ca268e95325118c4a215dda06ed233fa-456bc11|https://photos.encuentra24.com/t_or_fh_m/f_auto/v1/cr/32/06/76/56/32067656_bcf9854|https://photos.encuentra24.com/t_or_fh_m/f_auto/v1/cr/32/38/94/36/32389436_204069b39cecf4c6edb862df67ade7b7-39d7a3b|https://photos.encuentra24.com/t_or_fh_m/f_auto/v1/cr/32/59/18/47/32591847_22d172f422eb1d6f5f6ec9598943a3fc-d9fc091
encuentra24,31594690,https://www.encuentra24.com/costa-rica-es/bienes-raices-alquiler-comercios/amplio-local-comercial-en-centro-comercial-cerca-a-multiplaza/31594690,rent,active,San José provincia,Escazú,San Rafael,Amplio local comercial en Centro Comercial cerca a Multiplaza,"Ubicación Privilegiada En un centro comercial consolidado, cercano q Multiplaza Escazú. 219.88 m² distribuidos en 2 plantas. 75 m2 en planta baja y 144.31 en segunda planta. Accesibilidad: Cuenta con silla eléctrica (elevador), cumpliendo con la Ley 7600 para acceso universal. Parqueo Amplio y Gratuito: Un beneficio crucial para atraer y retener clientes. Baterías de Baños Privadas: Baños independientes para hombres y mujeres dentro del mismo local. Alquiler mensual: $3957.84 + IVA. Depósito del mismo monto (no lleva IVA). Plazo de contrato 3 años. Aumento anual 5%. Perfecto para su giro de negocio gracias a su versatilidad, tienda de ropa, oficina, showroom, servicios. Local 2. ID 42850",Commercial Property,,,,,,,{},Urban,"{""Steep Slope""}",,,,3958,USD,,https://photos.encuentra24.com/t_or_fh_m/f_auto/v1/cr/31/59/46/90/31594690_6267a3d|https://photos.encuentra24.com/t_or_fh_m/f_auto/v1/cr/31/59/46/90/31594690_9aec6fb|https://photos.encuentra24.com/t_or_fh_m/f_auto/v1/cr/31/59/46/90/31594690_a68f076|https://photos.encuentra24.com/t_or_fh_m/f_auto/v1/cr/31/59/46/90/31594690_d75840c|https://photos.encuentra24.com/t_or_fh_m/f_auto/v1/cr/31/59/46/90/31594690_a21047f|https://photos.encuentra24.com/t_user_logo/v1/users/logo/15/96/02/13/15960213_26b887|https://photos.encuentra24.com/t_or_fh_m/f_auto/v1/cr/32/62/98/81/32629881_4c850ae86b179ff6ec3ae7397ad25c38-a089e6a|https://photos.encuentra24.com/t_or_fh_m/f_auto/v1/cr/30/54/34/26/30543426_80535c|https://photos.encuentra24.com/t_or_fh_m/f_auto/v1/cr/32/59/65/95/32596595_2c21cb683f1a2de37065a4758c31a4c0-41cd2e3|https://photos.encuentra24.com/t_or_fh_m/f_auto/v1/cr/32/61/26/83/32612683_c63ea7c40f96d8597cb2c7264ad88eea-df61c71|https://photos.encuentra24.com/t_or_fh_m/f_auto/v1/cr/32/61/67/49/32616749_ae145463798b0bce1bbcf1fd4f0d0095-2ab92ee|https://photos.encuentra24.com/t_or_fh_m/f_auto/v1/cr/31/99/82/65/31998265_8a96d460d214d7e1d3b4452a11921946-f646d8d|https://photos.encuentra24.com/t_or_fh_m/f_auto/v1/cr/31/40/53/29/31405329_e0eef6
encuentra24,32175230,https://www.encuentra24.com/costa-rica-es/bienes-raices-alquiler-apartamentos/apto-grande-2-cuartos-y-2-banos-cerca-de-escazu-y-rohrmoser/32175230,rent,active,San José provincia,Escazú,San Antonio,Apto grande 2 cuartos y 2 baños cerca de Escazú y Rohrmoser,"Apto grande 2 cuartos y 2 baños cerca de Escazú y Rohrmoser Se alquila moderno apartamento en Altos del Horizonte de 2 cuartos, 2 baños, sala, comedor, amplia cocina con finos muebles de madera, patio de pilas con área de tendido, y cochera con portón eléctrico. Este exclusivo residencial se ubica muy cerca de Escazú y de Rohrmoser. Altos del Horizonte es un residencial privado de muy buen nivel, con caseta de seguridad con control de agujas y sistema de ingreso automatizado, mediante el uso de la calcomanía electrónica en su carro, que el inquilino puede adquirir si así lo desea. Es un lugar muy tranquilo y seguro. Tiene grandes áreas verdes, parques con bancas y mesas para sentarse más cerca de los árboles, y bellos jardines que la Asociación de Residentes se encarga de plantar y cuidar durante todo el año. Hay dos playgrounds bien equipados y un parque para mascotas, y para los deportistas, hay una cancha de tenis cercada de dimensiones oficiales y una de mini fútbol. Aquí los residentes se conocen y se saludan amenamente, y celebran juntos y muy bien organizados, las diferentes fiestas patrias y demás fechas tradicionales, como el Día del Niño, Halloween, el Día de la Independencia y el tradicional Desfile de Faroles, la salida a vacaciones de los chicos, la Navidad y el Año Nuevo, entre muchas otras. Hay mucha camaradería y solidaridad entre los vecinos, y todos en general se preocupan por tener sus jardines y sus casas siempre luciendo de la mejor manera. Es hermoso y muy saludable caminar por todo el residencial. Vivir aquí le permitirá mantenerse estratégicamente muy cerca de Rohrmoser y Escazú. Tiene fácil acceso a la ruta 27 y a la circunvalación, está muy cerca del Parque Metropolitano La Sabana, la universidad privada de medicina UNIBE, la Embajada Americana, Plaza Mayor, Plaza Rohrmoser, y del Estadio Nacional, y está a 6 km del centro de San José. El Centro Comercial Multiplaza de Escazú y el hospital CIMA, igualmente se ubican muy cerca a tan solo 5 km de aquí. Hay bancos, muchísima oferta de buenos restaurantes, y muchos otros centros comerciales también muy cerca de este residencial. Llame ya y aproveche para pueda empezar a disfrutar viviendo aqui.",Condo,,,,,,,{},Urban,{},,,,,CRC,,https://photos.encuentra24.com/t_or_fh_m/f_auto/v1/cr/32/17/52/30/32175230_5cecd90|https://photos.encuentra24.com/t_or_fh_m/f_auto/v1/cr/32/17/52/30/32175230_addabd4|https://photos.encuentra24.com/t_or_fh_m/f_auto/v1/cr/32/17/52/30/32175230_d241734|https://photos.encuentra24.com/t_or_fh_m/f_auto/v1/cr/32/17/52/30/32175230_97f3130|https://photos.encuentra24.com/t_or_fh_m/f_auto/v1/cr/32/17/52/30/32175230_8729c83|https://photos.encuentra24.com/t_or_fh_m/f_auto/v1/cr/32/17/52/30/32175230_0c08741|https://photos.encuentra24.com/t_or_fh_m/f_auto/v1/cr/32/17/52/30/32175230_487cd72|https://photos.encuentra24.com/t_or_fh_m/f_auto/v1/cr/32/17/52/30/32175230_0523f85|https://photos.encuentra24.com/t_or_fh_m/f_auto/v1/cr/32/17/52/30/32175230_2dee2e6|https://photos.encuentra24.com/t_or_fh_m/f_auto/v1/cr/32/17/52/30/32175230_f95c76a|https://photos.encuentra24.com/t_or_fh_m/f_auto/v1/cr/32/17/52/30/32175230_cc69c1f|https://photos.encuentra24.com/t_or_fh_m/f_auto/v1/cr/32/17/52/30/32175230_a21aae2|https://photos.encuentra24.com/t_or_fh_m/f_auto/v1/cr/32/17/52/30/32175230_a24c664|https://photos.encuentra24.com/t_or_fh_m/f_auto/v1/cr/32/17/52/30/32175230_4f4f260|https://photos.encuentra24.com/t_or_fh_m/f_auto/v1/cr/32/17/52/30/32175230_86a1904|https://photos.encuentra24.com/t_or_fh_m/f_auto/v1/cr/32/17/52/30/32175230_3f3530a|https://photos.encuentra24.com/t_or_fh_m/f_auto/v1/cr/32/17/52/30/32175230_2536163|https://photos.encuentra24.com/t_or_fh_m/f_auto/v1/cr/32/17/52/30/32175230_cb88c89|https://photos.encuentra24.com/t_or_fh_m/f_auto/v1/cr/32/17/52/30/32175230_97e6362|https://photos.encuentra24.com/t_or_fh_m/f_auto/v1/cr/32/17/52/30/32175230_c86e983|https://photos.encuentra24.com/t_or_fh_m/f_auto/v1/cr/32/22/57/49/32225749_522e913961b906e746fd71d14503ed49-4ee8716|https://photos.encuentra24.com/t_or_fh_m/f_auto/v1/cr/32/35/41/78/32354178_2c8eba9|https://photos.encuentra24.com/t_or_fh_m/f_auto/v1/cr/32/61/80/98/32618098_6ce3f8f2d7a42b97600c060a04725703-8c32092|https://photos.encuentra24.com/t_or_fh_m/f_auto/v1/cr/32/64/19/56/32641956_c5641132833f29bc66cd8c9789cf91d9-ae4f0dd|https://photos.encuentra24.com/t_or_fh_m/f_auto/v1/cr/32/35/66/96/32356696_5bc3ab8|https://photos.encuentra24.com/t_or_fh_m/f_auto/v1/cr/32/45/15/75/32451575_dac73f7|https://photos.encuentra24.com/t_or_fh_m/f_auto/v1/cr/32/53/79/24/32537924_507f443532f1c5476d3914c900760377-2cb1d24|https://photos.encuentra24.com/t_or_fh_m/f_auto/v1/cr/29/94/98/46/29949846_39323b|https://photos.encuentra24.com/t_or_fh_m/f_auto/v1/cr/32/37/44/23/32374423_d5d4447|https://photos.encuentra24.com/t_or_fh_m/f_auto/v1/cr/32/00/17/88/32001788_00f7817|https://photos.encuentra24.com/t_or_fh_m/f_auto/v1/cr/32/01/02/20/32010220_cb6c1bb6d235fc4c690a111ddd0109b7-2ae8d48|https://photos.encuentra24.com/t_or_fh_m/f_auto/v1/cr/29/93/48/74/29934874_225c16|https://photos.encuentra24.com/t_or_fh_m/f_auto/v1/cr/32/00/06/34/32000634_9d4e3dd0027dc7bbba9717150506f307-53027e8|https://photos.encuentra24.com/t_or_fh_m/f_auto/v1/cr/30/68/95/62/30689562_252430
encuentra24,32010220,https://www.encuentra24.com/costa-rica-es/bienes-raices-alquiler-apartamentos/moderno-apartamento-en-lourdes-san-pedro-muy-cerca-de-u-fidelitas-u-latina-y-ucr/32010220,rent,active,San José provincia,Curridabat,Granadilla,"MODERNO apartamento en Lourdes (San Pedro) muy cerca de U. Fidelitas, U Latina y UCR","MODERNO apartamento en Lourdes (San Pedro) muy cerca de U. Fidelitas, U Latina y UCR Nuevo apartamento construido en 2024 en Lourdes de Montes de Oca (San Pedro) en la primera planta, de 2 cuartos y 1 baño, sala, cocina, pilas y amplio patio privado. Incluye el Agua, y se les permite el uso gratuito de la red de internet Wi-Fi del edificio. El mueble de cocina es de madera sólida y tiene una moderna plantilla de vitrocerámica para cocinar, empotrada en su elegante sobre de granito. Se incluye tambien un extractor de grasa de acero inoxidable sobre la plantilla. Ubicado en un residencial de mucha tradición, que ofrece seguridad, tranquilidad, y buenos vecinos, muy cercano a importantes centros universitarios como la U. Fidelitas, U. Latina, UCR, y muchos otros. El apartamento fue concebido utilizando contenedores y conforma, junto a los otros contenedores, un atractivo edificio que atrae las miradas de todos los transeúntes. Es un edificio moderno de tan solo 6 unidades, que se ajusta a las necesidades actuales y al uso inteligente de los espacios. El cuarto posterior tiene puertas de vidrio que se abren hacia el patio trasero, que es de uso privado y se encuentra delimitado por una bella cerca de bambú. Este espacio, que le pertenece exclusivamente a este apartamento, está parcialmente techado y se encuentra rodeado por altos bambúes de más de 12m de altura, que le agregan un toque muy especial. Los contenedores son especiales y vienen completamente insulados, lo cual permite un ambiente agradable por dentro. El concepto arquitectónico con el que este edificio se desarrolló, dio como resultado espacios modernos, cómodos y minimalistas. La ventanería del edificio es toda de aluminio, con ventanas y puertas corredizas que garantizan un flujo de ventilación contínua y una iluminación natural, que fluye constantemente por todos los espacios. Agende su cita y venga a conocerlo, para que empiece a estrenar su nuevo hogar ya.",Condo,,,,,,,"{""Water""}",Riverfront|Urban,{},,,,,CRC,,https://photos.encuentra24.com/t_or_fh_m/f_auto/v1/cr/32/01/02/20/32010220_cb6c1bb6d235fc4c690a111ddd0109b7-2ae8d48|https://photos.encuentra24.com/t_or_fh_m/f_auto/v1/cr/32/01/02/20/32010220_cb6c1bb6d235fc4c690a111ddd0109b7-2052fe7|https://photos.encuentra24.com/t_or_fh_m/f_auto/v1/cr/32/01/02/20/32010220_cb6c1bb6d235fc4c690a111ddd0109b7-6761865|https://photos.encuentra24.com/t_or_fh_m/f_auto/v1/cr/32/01/02/20/32010220_cb6c1bb6d235fc4c690a111ddd0109b7-3a6d8c8|https://photos.encuentra24.com/t_or_fh_m/f_auto/v1/cr/32/01/02/20/32010220_cb6c1bb6d235fc4c690a111ddd0109b7-379ddcf|https://photos.encuentra24.com/t_or_fh_m/f_auto/v1/cr/32/01/02/20/32010220_cb6c1bb6d235fc4c690a111ddd0109b7-35b254a|https://photos.encuentra24.com/t_or_fh_m/f_auto/v1/cr/32/01/02/20/32010220_cb6c1bb6d235fc4c690a111ddd0109b7-1bcf309|https://photos.encuentra24.com/t_or_fh_m/f_auto/v1/cr/32/01/02/20/32010220_cb6c1bb6d235fc4c690a111ddd0109b7-9ad66a4|https://photos.encuentra24.com/t_or_fh_m/f_auto/v1/cr/32/01/02/20/32010220_cb6c1bb6d235fc4c690a111ddd0109b7-9ff69a0|https://photos.encuentra24.com/t_or_fh_m/f_auto/v1/cr/32/01/02/20/32010220_cb6c1bb6d235fc4c690a111ddd0109b7-e16e62c|https://photos.encuentra24.com/t_or_fh_m/f_auto/v1/cr/32/01/02/20/32010220_cb6c1bb6d235fc4c690a111ddd0109b7-b4feae2|https://photos.encuentra24.com/t_or_fh_m/f_auto/v1/cr/32/01/02/20/32010220_cb6c1bb6d235fc4c690a111ddd0109b7-4db17c1|https://photos.encuentra24.com/t_or_fh_m/f_auto/v1/cr/32/01/02/20/32010220_cb6c1bb6d235fc4c690a111ddd0109b7-f6629f4|https://photos.encuentra24.com/t_or_fh_m/f_auto/v1/cr/32/01/02/20/32010220_cb6c1bb6d235fc4c690a111ddd0109b7-2286304|https://photos.encuentra24.com/t_or_fh_m/f_auto/v1/cr/32/01/02/20/32010220_cb6c1bb6d235fc4c690a111ddd0109b7-21b94a6|https://photos.encuentra24.com/t_or_fh_m/f_auto/v1/cr/32/01/02/20/32010220_cb6c1bb6d235fc4c690a111ddd0109b7-b119e18|https://photos.encuentra24.com/t_or_fh_m/f_auto/v1/cr/32/01/02/20/32010220_cb6c1bb6d235fc4c690a111ddd0109b7-6757f1c|https://photos.encuentra24.com/t_or_fh_m/f_auto/v1/cr/32/01/02/20/32010220_cb6c1bb6d235fc4c690a111ddd0109b7-80cd8f8|https://photos.encuentra24.com/t_or_fh_m/f_auto/v1/cr/32/01/02/20/32010220_cb6c1bb6d235fc4c690a111ddd0109b7-7ec5d70|https://photos.encuentra24.com/t_or_fh_m/f_auto/v1/cr/32/36/85/36/32368536_144cf20|https://photos.encuentra24.com/t_or_fh_m/f_auto/v1/cr/32/54/70/75/32547075_47e6670ee917acd49f01fbf9ff00a25a-75ba619|https://photos.encuentra24.com/t_or_fh_m/f_auto/v1/cr/32/43/24/84/32432484_ac89d3a|https://photos.encuentra24.com/t_or_fh_m/f_auto/v1/cr/32/51/48/24/32514824_8d0909692ccc486ec37570709da92b82-89c492e|https://photos.encuentra24.com/t_or_fh_m/f_auto/v1/cr/32/51/48/03/32514803_6ffdc93f6508e4d06933c37bd99f2d79-bf345ee|https://photos.encuentra24.com/t_or_fh_m/f_auto/v1/cr/32/62/52/99/32625299_321e765ba805df9c2198edd74ff3335c-54ccfcc|https://photos.encuentra24.com/t_or_fh_m/f_auto/v1/cr/32/58/64/59/32586459_c754a8440ce0e82397b782d75b510e43-aa6d67a|https://photos.encuentra24.com/t_or_fh_m/f_auto/v1/cr/29/94/98/46/29949846_39323b|https://photos.encuentra24.com/t_or_fh_m/f_auto/v1/cr/32/37/44/23/32374423_d5d4447|https://photos.encuentra24.com/t_or_fh_m/f_auto/v1/cr/32/00/17/88/32001788_00f7817|https://photos.encuentra24.com/t_or_fh_m/f_auto/v1/cr/32/17/52/30/32175230_5cecd90|https://photos.encuentra24.com/t_or_fh_m/f_auto/v1/cr/29/93/48/74/29934874_225c16|https://photos.encuentra24.com/t_or_fh_m/f_auto/v1/cr/32/00/06/34/32000634_9d4e3dd0027dc7bbba9717150506f307-53027e8|https://photos.encuentra24.com/t_or_fh_m/f_auto/v1/cr/30/68/95/62/30689562_252430
encuentra24,32519886,https://www.encuentra24.com/costa-rica-es/bienes-raices-alquiler-alquiler-de-oficinas/alquiler-para-oficina-en-san-juan-de-tibas/32519886,rent,active,San José provincia,Tibás,San Juan,Alquiler para oficina en San Juan de Tibás,"Oficina Comercial en Alquiler en Las Rosas de Tibás | Amplio Espacio para Empresas, Clínicas o Call Center Ubique su empresa en una de las zonas más estratégicas y de mayor crecimiento de Tibás. Esta amplia oficina de 350 m² ofrece el espacio ideal para empresas que buscan comodidad, accesibilidad y una excelente ubicación. Perfecta para clínicas médicas, consultorios odontológicos, call centers, centros de capacitación, academias, oficinas corporativas o centros de servicio al cliente. Características destacadas: 350 m² de construcción 3 baños Amplias áreas para estaciones de trabajo Espacios versátiles para oficinas privadas y salas de reuniones Excelente iluminación y ventilación natural Fácil acceso a transporte público y principales rutas de acceso Zona de alto desarrollo comercial y empresarial Ubicación privilegiada Situada en Las Rosas de Tibás, una ubicación estratégica que facilita el acceso desde San José, Moravia, Santo Domingo y Heredia, ideal para colaboradores y clientes. Si busca un espacio amplio, funcional y con excelente ubicación para hacer crecer su negocio, esta propiedad es una oportunidad que no puede dejar pasar.",Commercial Property,,,,,,,{},Urban,{},,,,,CRC,,https://photos.encuentra24.com/t_or_fh_m/f_auto/v1/cr/32/51/98/86/32519886_c178c1f5a81ea355c6a8d917dfc90016-db72758|https://photos.encuentra24.com/t_or_fh_m/f_auto/v1/cr/32/51/98/86/32519886_c178c1f5a81ea355c6a8d917dfc90016-831c8a9|https://photos.encuentra24.com/t_or_fh_m/f_auto/v1/cr/32/51/98/86/32519886_c178c1f5a81ea355c6a8d917dfc90016-920240a|https://photos.encuentra24.com/t_or_fh_m/f_auto/v1/cr/32/51/98/86/32519886_c178c1f5a81ea355c6a8d917dfc90016-ba47c35|https://photos.encuentra24.com/t_or_fh_m/f_auto/v1/cr/32/51/98/86/32519886_c178c1f5a81ea355c6a8d917dfc90016-2c805c1|https://photos.encuentra24.com/t_or_fh_m/f_auto/v1/cr/32/51/98/86/32519886_c178c1f5a81ea355c6a8d917dfc90016-e8da823|https://photos.encuentra24.com/t_or_fh_m/f_auto/v1/cr/32/51/98/86/32519886_c178c1f5a81ea355c6a8d917dfc90016-0551caa|https://photos.encuentra24.com/t_or_fh_m/f_auto/v1/cr/32/51/98/86/32519886_c178c1f5a81ea355c6a8d917dfc90016-58d4eca|https://photos.encuentra24.com/t_or_fh_m/f_auto/v1/cr/32/51/98/86/32519886_c178c1f5a81ea355c6a8d917dfc90016-f5ad123|https://photos.encuentra24.com/t_or_fh_m/f_auto/v1/cr/32/51/98/86/32519886_c178c1f5a81ea355c6a8d917dfc90016-9e70042|https://photos.encuentra24.com/t_or_fh_m/f_auto/v1/cr/32/51/98/86/32519886_c178c1f5a81ea355c6a8d917dfc90016-2aa8e16|https://photos.encuentra24.com/t_or_fh_m/f_auto/v1/cr/32/51/98/86/32519886_c178c1f5a81ea355c6a8d917dfc90016-e2e9ca3|https://photos.encuentra24.com/t_or_fh_m/f_auto/v1/cr/32/51/98/86/32519886_c178c1f5a81ea355c6a8d917dfc90016-dfc8560|https://photos.encuentra24.com/t_or_fh_m/f_auto/v1/cr/32/51/98/86/32519886_c178c1f5a81ea355c6a8d917dfc90016-4edd223|https://photos.encuentra24.com/t_or_fh_m/f_auto/v1/cr/32/51/98/51/32519851_8af1d8cbc36d52bd38b4db80888a260e-3eba161|https://photos.encuentra24.com/t_or_fh_m/f_auto/v1/cr/32/51/99/74/32519974_a9fc2fd
encuentra24,32518504,https://www.encuentra24.com/costa-rica-es/bienes-raices-alquiler-apartamentos/apartamento-de-1-habitacion-en-rohrmoser-triangulo-vista-al-parque/32518504,rent,active,San José provincia,San José Capital,,Apartamento de 1 habitación en Rohrmoser | Triangulo | Vista al parque,"Se alquila apartamento en Rohrmoser – Excelente ubicación cerca de Plaza El Triángulo. - 1 habitación. - 1 baño. - 1 parqueo bajo techo - 1 amplio balcón con vista al parque Ubicado en una de las zonas más convenientes de Rohrmoser, a pocos pasos de El Triángulo, supermercados, restaurantes, cafés y principales vías de acceso y al Boulevard de Rohrmoser. Características: Vista al parque Sala y comedor integrados Cocina Excelente iluminación y ventilación natural Ubicación segura y céntrica Ideal para una persona o pareja que busque comodidad y fácil acceso a servicios, comercio y transporte. No se admiten mascotas (puede aceptarse 1 gato).",Condo,,,,,,,{},,{},,,,,USD,,https://photos.encuentra24.com/t_or_fh_m/f_auto/v1/cr/32/51/85/04/32518504_ddabf3e|https://photos.encuentra24.com/t_or_fh_m/f_auto/v1/cr/32/51/85/04/32518504_3478080|https://photos.encuentra24.com/t_or_fh_m/f_auto/v1/cr/32/51/85/04/32518504_61d28d4|https://photos.encuentra24.com/t_or_fh_m/f_auto/v1/cr/32/51/85/04/32518504_8bdc724|https://photos.encuentra24.com/t_or_fh_m/f_auto/v1/cr/32/51/85/04/32518504_fca5b48|https://photos.encuentra24.com/t_or_fh_m/f_auto/v1/cr/32/51/85/04/32518504_137d1a8|https://photos.encuentra24.com/t_or_fh_m/f_auto/v1/cr/32/51/85/04/32518504_c5f4a69|https://photos.encuentra24.com/t_or_fh_m/f_auto/v1/cr/32/51/85/04/32518504_106000f|https://photos.encuentra24.com/t_or_fh_m/f_auto/v1/cr/32/51/85/04/32518504_ce723e0|https://photos.encuentra24.com/t_or_fh_m/f_auto/v1/cr/32/51/85/04/32518504_83547d4|https://photos.encuentra24.com/t_or_fh_m/f_auto/v1/cr/32/51/85/04/32518504_6658de6|https://photos.encuentra24.com/t_or_fh_m/f_auto/v1/cr/32/51/85/04/32518504_9970968|https://photos.encuentra24.com/t_or_fh_m/f_auto/v1/cr/32/51/85/04/32518504_3056036|https://photos.encuentra24.com/t_or_fh_m/f_auto/v1/cr/32/63/58/06/32635806_51e5dad9471ca0d865bf4b8635059dec-c902cb8|https://photos.encuentra24.com/t_or_fh_m/f_auto/v1/cr/32/32/38/66/32323866_d0c1965|https://photos.encuentra24.com/t_or_fh_m/f_auto/v1/cr/32/45/34/26/32453426_1011b61|https://photos.encuentra24.com/t_or_fh_m/f_auto/v1/cr/31/27/66/46/31276646_057106|https://photos.encuentra24.com/t_or_fh_m/f_auto/v1/cr/32/06/76/95/32067695_b246a14|https://photos.encuentra24.com/t_or_fh_m/f_auto/v1/cr/32/41/83/55/32418355_6a32a6710cc52e1b90f29d62bc619026-ed10f3e|https://photos.encuentra24.com/t_or_fh_m/f_auto/v1/cr/32/34/57/65/32345765_a9cfa5f|https://photos.encuentra24.com/t_or_fh_m/f_auto/v1/cr/32/40/88/48/32408848_085ef8f|https://photos.encuentra24.com/t_or_fh_m/f_auto/v1/cr/32/52/82/14/32528214_a7d3a68|https://photos.encuentra24.com/t_or_fh_m/f_auto/v1/cr/32/51/74/38/32517438_111a677|https://photos.encuentra24.com/t_or_fh_m/f_auto/v1/cr/32/60/46/99/32604699_8a611f2ffe6f2a4f5a67f3a258436c82-f1b70f5|https://photos.encuentra24.com/t_or_fh_m/f_auto/v1/cr/32/56/55/42/32565542_5194367|https://photos.encuentra24.com/t_or_fh_m/f_auto/v1/cr/32/56/62/66/32566266_240c84f0c2431430908c5ca846f56fbc-66000f9|https://photos.encuentra24.com/t_or_fh_m/f_auto/v1/cr/32/51/10/20/32511020_6aaa05c
encuentra24,32527777,https://www.encuentra24.com/costa-rica-es/bienes-raices-alquiler-alquiler-de-oficinas/espacio-de-oficina-en-renta-para-1-persona-en-costa-rica-san-jose-escazu-corporate-center/32527777,rent,active,San José provincia,Escazú,Escazú,"Espacio de oficina en renta para 1 persona en COSTA RICA, San Jose, Escazu Corporate Center","Impulsa tu negocio con un espacio profesional en renta solo para ti. Haz de tu oficina un hogar para tu negocio en COSTA RICA, San Jose, Escazu Corporate Center, ideal para 1 empleado. Nuestras oficinas pequeñas están completamente equipadas con WiFi de alta velocidad y tecnología empresarial. Ofrecemos opciones de oficina a corto y largo plazo para adaptarnos a las necesidades de tu equipo. Establezca su negocio en un estratégico centro entre San José y el aeropuerto. Elija una base exclusiva para su empresa con nuestro Escazú Corporate Center. A solo 10 minutos en coche desde la central San José y a 20 minutos desde el aeropuerto, este moderno edificio se ubica de manera estratégica en la próspera zona de San Rafael de Escazú. Concéntrese con facilidad en nuestras oficinas con ventanas de piso a techo que llenan el espacio de luz natural, lo que le ofrece vistas directas del Valle Central. Invite a los clientes que lo visiten a disfrutar de una deliciosa comida en uno de los restaurantes cercanos o vaya a la Zona 400 para dar un tranquilo paseo. Oficinas privadas de Regus incluyen: • Acceso a nuestra red global de centros de negocios • Equipo de recepción y soporte altamente capacitado • Tecnología segura de nivel empresarial y WiFi • Impresoras y soporte administrativo • Limpieza, servicios públicos y seguridad • Espacios disponibles por hora, día o mes • Eventos regulares de networking y comunidad • Reserva y gestión de cuenta fácil vía app • Diseños personalizables y flexibles • Escalabilidad o traslado según tus necesidades • Mobiliario ergonómico de alta calidad • Programa de beneficios con descuentos exclusivos y soporte de compras personalizado • Acceso adicional a 50 m² de espacio compartido • Precios desde 439 USD La oferta y el precio mostrados en este anuncio son aproximados y están sujetos a disponibilidad. Todas las imágenes mostradas pertenecen a nuestras ubicaciones, pero pueden no corresponder a este centro específico. Consulta ahora",Commercial Property,,,,,,,"{""Municipal Water"",""Electricity""}",Riverfront|Urban,"{""River Valley""}",,,,439,USD,,https://photos.encuentra24.com/t_or_fh_m/f_auto/v1/cr/32/52/77/77/32527777_909cde|https://photos.encuentra24.com/t_or_fh_m/f_auto/v1/cr/32/52/77/77/32527777_9dc476|https://photos.encuentra24.com/t_or_fh_m/f_auto/v1/cr/32/52/77/77/32527777_1167ff|https://photos.encuentra24.com/t_or_fh_m/f_auto/v1/cr/32/52/77/77/32527777_b7bde4|https://photos.encuentra24.com/t_or_fh_m/f_auto/v1/cr/32/52/77/77/32527777_9bb7ba|https://photos.encuentra24.com/t_or_fh_m/f_auto/v1/cr/32/52/77/77/32527777_9f65ea|https://photos.encuentra24.com/t_or_fh_m/f_auto/v1/cr/32/52/77/77/32527777_bc413d|https://photos.encuentra24.com/t_or_fh_m/f_auto/v1/cr/32/52/77/77/32527777_45d9b9|https://photos.encuentra24.com/t_or_fh_m/f_auto/v1/cr/32/52/77/77/32527777_f5ea45|https://photos.encuentra24.com/t_cnseal/v1697642511/cnseal/652ff80f42db6_Verified%20badge.png|https://photos.encuentra24.com/t_or_fh_m/f_auto/v1/cr/32/23/72/49/32237249_e80eae|https://photos.encuentra24.com/t_or_fh_m/f_auto/v1/cr/32/23/72/50/32237250_24bfa3|https://photos.encuentra24.com/t_or_fh_m/f_auto/v1/cr/32/23/72/51/32237251_6b19d5|https://photos.encuentra24.com/t_or_fh_m/f_auto/v1/cr/24/50/15/63/24501563_e8ab57|https://photos.encuentra24.com/t_or_fh_m/f_auto/v1/cr/24/50/16/20/24501620_174fcf|https://photos.encuentra24.com/t_or_fh_m/f_auto/v1/cr/24/50/16/57/24501657_c12ed6|https://photos.encuentra24.com/t_or_fh_m/f_auto/v1/cr/29/89/98/76/29899876_448deb
encuentra24,32237249,https://www.encuentra24.com/costa-rica-es/bienes-raices-alquiler-alquiler-de-oficinas/espacio-de-oficina-en-renta-para-1-persona-en-heredia-eurocenter/32237249,rent,active,Heredia provincia,Heredia,,"Espacio de oficina en renta para 1 persona en Heredia, Eurocenter","Impulsa tu negocio con un espacio profesional en renta solo para ti. Haz de tu oficina un hogar para tu negocio en Heredia, Eurocenter, ideal para 1 empleado. Nuestras oficinas pequeñas están completamente equipadas con WiFi de alta velocidad y tecnología empresarial. Ofrecemos opciones de oficina a corto y largo plazo para adaptarnos a las necesidades de tu equipo. Ubicadas cerca de los prósperos centros comerciales de San José’s, como Escazú y Santa Ana, las empresas en Electriona se benefician de la proximidad a las industrias tecnológicas y de servicios financieros de Costa Rica’s. Con acceso fluido a Juan Santamaría International Airport y una creciente reserva de talento, Electriona es una elección estratégica para quienes buscan Alquiler de oficinas, oficinas con todos los servicios, o Coworking. Oficinas privadas de Regus incluyen: • Acceso a nuestra red global de centros de negocios • Equipo de recepción y soporte altamente capacitado • Tecnología segura de nivel empresarial y WiFi • Impresoras y soporte administrativo • Limpieza, servicios públicos y seguridad • Espacios disponibles por hora, día o mes • Eventos regulares de networking y comunidad • Reserva y gestión de cuenta fácil vía app • Diseños personalizables y flexibles • Escalabilidad o traslado según tus necesidades • Mobiliario ergonómico de alta calidad • Programa de beneficios con descuentos exclusivos y soporte de compras personalizado • Acceso adicional a 50 m² de espacio compartido • Precios desde 469 USD La oferta y el precio mostrados en este anuncio son aproximados y están sujetos a disponibilidad. Todas las imágenes mostradas pertenecen a nuestras ubicaciones, pero pueden no corresponder a este centro específico. Consulta ahora",Commercial Property,,,,,,,{},Riverfront|Urban,{},,,,469,USD,,https://photos.encuentra24.com/t_or_fh_m/f_auto/v1/cr/32/23/72/49/32237249_e80eae|https://photos.encuentra24.com/t_or_fh_m/f_auto/v1/cr/32/23/72/49/32237249_b1af7c|https://photos.encuentra24.com/t_or_fh_m/f_auto/v1/cr/32/23/72/49/32237249_32b776|https://photos.encuentra24.com/t_or_fh_m/f_auto/v1/cr/32/23/72/49/32237249_4a1a89|https://photos.encuentra24.com/t_or_fh_m/f_auto/v1/cr/32/23/72/49/32237249_06638c|https://photos.encuentra24.com/t_or_fh_m/f_auto/v1/cr/32/23/72/49/32237249_57c8d0|https://photos.encuentra24.com/t_or_fh_m/f_auto/v1/cr/32/23/72/49/32237249_601e98|https://photos.encuentra24.com/t_or_fh_m/f_auto/v1/cr/32/23/72/49/32237249_2e0a50|https://photos.encuentra24.com/t_or_fh_m/f_auto/v1/cr/32/23/72/49/32237249_fb965f|https://photos.encuentra24.com/t_cnseal/v1697642511/cnseal/652ff80f42db6_Verified%20badge.png|https://photos.encuentra24.com/t_or_fh_m/f_auto/v1/cr/32/52/77/77/32527777_909cde|https://photos.encuentra24.com/t_or_fh_m/f_auto/v1/cr/32/23/72/50/32237250_24bfa3|https://photos.encuentra24.com/t_or_fh_m/f_auto/v1/cr/32/23/72/51/32237251_6b19d5|https://photos.encuentra24.com/t_or_fh_m/f_auto/v1/cr/24/50/15/63/24501563_e8ab57|https://photos.encuentra24.com/t_or_fh_m/f_auto/v1/cr/24/50/16/20/24501620_174fcf|https://photos.encuentra24.com/t_or_fh_m/f_auto/v1/cr/24/50/16/57/24501657_c12ed6|https://photos.encuentra24.com/t_or_fh_m/f_auto/v1/cr/29/89/98/76/29899876_448deb
encuentra24,32237250,https://www.encuentra24.com/costa-rica-es/bienes-raices-alquiler-alquiler-de-oficinas/espacio-de-oficina-en-renta-para-3-personas-en-heredia-eurocenter/32237250,rent,active,Heredia provincia,Heredia,,"Espacio de oficina en renta para 3 personas en Heredia, Eurocenter","Espacio productivo para tres con todo incluido. Haz de tu oficina un hogar para tu negocio en Heredia, Eurocenter, ideal para 3 empleados. Nuestras oficinas medianas están completamente equipadas con WiFi de alta velocidad y tecnología empresarial. Ofrecemos opciones de oficina a corto y largo plazo para adaptarnos a las necesidades de tu equipo. Ubicadas cerca de los prósperos centros comerciales de San José’s, como Escazú y Santa Ana, las empresas en Electriona se benefician de la proximidad a las industrias tecnológicas y de servicios financieros de Costa Rica’s. Con acceso fluido a Juan Santamaría International Airport y una creciente reserva de talento, Electriona es una elección estratégica para quienes buscan Alquiler de oficinas, oficinas con todos los servicios, o Coworking. Oficinas privadas de Regus incluyen: • Acceso a nuestra red global de centros de negocios • Equipo de recepción y soporte altamente capacitado • Tecnología segura de nivel empresarial y WiFi • Impresoras y soporte administrativo • Limpieza, servicios públicos y seguridad • Espacios disponibles por hora, día o mes • Eventos regulares de networking y comunidad • Reserva y gestión de cuenta fácil vía app • Diseños personalizables y flexibles • Escalabilidad o traslado según tus necesidades • Mobiliario ergonómico de alta calidad • Programa de beneficios con descuentos exclusivos y soporte de compras personalizado • Acceso adicional a 60 m² de espacio compartido • Precios desde 729 USD La oferta y el precio mostrados en este anuncio son aproximados y están sujetos a disponibilidad. Todas las imágenes mostradas pertenecen a nuestras ubicaciones, pero pueden no corresponder a este centro específico. Consulta ahora",Commercial Property,,,,,,,{},Riverfront|Urban,{},,,,729,USD,,https://photos.encuentra24.com/t_or_fh_m/f_auto/v1/cr/32/23/72/50/32237250_24bfa3|https://photos.encuentra24.com/t_or_fh_m/f_auto/v1/cr/32/23/72/50/32237250_ef0aa3|https://photos.encuentra24.com/t_or_fh_m/f_auto/v1/cr/32/23/72/50/32237250_9969ab|https://photos.encuentra24.com/t_or_fh_m/f_auto/v1/cr/32/23/72/50/32237250_debb76|https://photos.encuentra24.com/t_or_fh_m/f_auto/v1/cr/32/23/72/50/32237250_f7ab6c|https://photos.encuentra24.com/t_or_fh_m/f_auto/v1/cr/32/23/72/50/32237250_1dd443|https://photos.encuentra24.com/t_or_fh_m/f_auto/v1/cr/32/23/72/50/32237250_f71a42|https://photos.encuentra24.com/t_or_fh_m/f_auto/v1/cr/32/23/72/50/32237250_d0ce13|https://photos.encuentra24.com/t_or_fh_m/f_auto/v1/cr/32/23/72/50/32237250_78a24e|https://photos.encuentra24.com/t_cnseal/v1697642511/cnseal/652ff80f42db6_Verified%20badge.png|https://photos.encuentra24.com/t_or_fh_m/f_auto/v1/cr/32/52/77/77/32527777_909cde|https://photos.encuentra24.com/t_or_fh_m/f_auto/v1/cr/32/23/72/49/32237249_e80eae|https://photos.encuentra24.com/t_or_fh_m/f_auto/v1/cr/32/23/72/51/32237251_6b19d5|https://photos.encuentra24.com/t_or_fh_m/f_auto/v1/cr/24/50/15/63/24501563_e8ab57|https://photos.encuentra24.com/t_or_fh_m/f_auto/v1/cr/24/50/16/20/24501620_174fcf|https://photos.encuentra24.com/t_or_fh_m/f_auto/v1/cr/24/50/16/57/24501657_c12ed6|https://photos.encuentra24.com/t_or_fh_m/f_auto/v1/cr/29/89/98/76/29899876_448deb
encuentra24,32237251,https://www.encuentra24.com/costa-rica-es/bienes-raices-alquiler-alquiler-de-oficinas/espacio-de-oficina-en-renta-para-5-personas-en-heredia-eurocenter/32237251,rent,active,Heredia provincia,Heredia,,"Espacio de oficina en renta para 5 personas en Heredia, Eurocenter","Accede a un espacio luminoso e inspirador diseñado para ayudar a equipos de cinco a rendir al máximo. Haz de tu oficina un hogar para tu negocio en Heredia, Eurocenter, ideal para 5 empleados. Nuestras oficinas grandes están completamente equipadas con WiFi de alta velocidad y tecnología empresarial. Ofrecemos opciones de oficina a corto y largo plazo para adaptarnos a las necesidades de tu equipo. Ubicadas cerca de los prósperos centros comerciales de San José’s, como Escazú y Santa Ana, las empresas en Electriona se benefician de la proximidad a las industrias tecnológicas y de servicios financieros de Costa Rica’s. Con acceso fluido a Juan Santamaría International Airport y una creciente reserva de talento, Electriona es una elección estratégica para quienes buscan Alquiler de oficinas, oficinas con todos los servicios, o Coworking. Oficinas privadas de Regus incluyen: • Acceso a nuestra red global de centros de negocios • Equipo de recepción y soporte altamente capacitado • Tecnología segura de nivel empresarial y WiFi • Impresoras y soporte administrativo • Limpieza, servicios públicos y seguridad • Espacios disponibles por hora, día o mes • Eventos regulares de networking y comunidad • Reserva y gestión de cuenta fácil vía app • Diseños personalizables y flexibles • Escalabilidad o traslado según tus necesidades • Mobiliario ergonómico de alta calidad • Programa de beneficios con descuentos exclusivos y soporte de compras personalizado • Acceso adicional a 75 m² de espacio compartido • Precios desde 1.218 USD La oferta y el precio mostrados en este anuncio son aproximados y están sujetos a disponibilidad. Todas las imágenes mostradas pertenecen a nuestras ubicaciones, pero pueden no corresponder a este centro específico. Consulta ahora",Commercial Property,,,,,,,{},Riverfront|Urban,{},,,,1218,USD,,https://photos.encuentra24.com/t_or_fh_m/f_auto/v1/cr/32/23/72/51/32237251_6b19d5|https://photos.encuentra24.com/t_or_fh_m/f_auto/v1/cr/32/23/72/51/32237251_42188b|https://photos.encuentra24.com/t_or_fh_m/f_auto/v1/cr/32/23/72/51/32237251_cfddd1|https://photos.encuentra24.com/t_or_fh_m/f_auto/v1/cr/32/23/72/51/32237251_1c9f53|https://photos.encuentra24.com/t_or_fh_m/f_auto/v1/cr/32/23/72/51/32237251_2dbd29|https://photos.encuentra24.com/t_or_fh_m/f_auto/v1/cr/32/23/72/51/32237251_aef1e5|https://photos.encuentra24.com/t_or_fh_m/f_auto/v1/cr/32/23/72/51/32237251_c575dc|https://photos.encuentra24.com/t_or_fh_m/f_auto/v1/cr/32/23/72/51/32237251_e535d3|https://photos.encuentra24.com/t_or_fh_m/f_auto/v1/cr/32/23/72/51/32237251_a31986|https://photos.encuentra24.com/t_cnseal/v1697642511/cnseal/652ff80f42db6_Verified%20badge.png|https://photos.encuentra24.com/t_or_fh_m/f_auto/v1/cr/32/52/77/77/32527777_909cde|https://photos.encuentra24.com/t_or_fh_m/f_auto/v1/cr/32/23/72/49/32237249_e80eae|https://photos.encuentra24.com/t_or_fh_m/f_auto/v1/cr/32/23/72/50/32237250_24bfa3|https://photos.encuentra24.com/t_or_fh_m/f_auto/v1/cr/24/50/15/63/24501563_e8ab57|https://photos.encuentra24.com/t_or_fh_m/f_auto/v1/cr/24/50/16/20/24501620_174fcf|https://photos.encuentra24.com/t_or_fh_m/f_auto/v1/cr/24/50/16/57/24501657_c12ed6|https://photos.encuentra24.com/t_or_fh_m/f_auto/v1/cr/29/89/98/76/29899876_448deb
encuentra24,32123037,https://www.encuentra24.com/costa-rica-es/bienes-raices-alquiler-casas/escazu-bello-horizonte-casa-amplia-y-recien-en-condominio/32123037,rent,active,San José provincia,Escazú,San Rafael,"Escazú, Bello Horizonte, casa amplia y recién, en condominio.","Se Alquila una amplia casa de 227m2 de construcción, con linea blanca, ubicación estratégica en Escazú, Bello Horizonte. Cerca de todo comercios, restaurantes, Walmart, escuela, etc.. Escazú, Bello Horizonte Lote: 346m2 Construcción: 227m2 Línea blanca Alquiler: $3000 LA CASA: -Dormitorios principal con Wall king closet y baño privado. -Dormitorios segundario con amplio balcón con una agradable vista. -Tercer dormitorio. Todas las habitaciones cuentan con aire acondicionado espaciosas y luminosas. -Cuarto de servicio con su baño completo. -Una cómoda sala de televisión. -En total 3.5 baños. -Sala comedor se integran con cocina moderna en concepto abierto. -Oficina privad. -Cuarto de pila. -4 Estacionamientos. -Terraza trasera y patio de zacate natural. AMENIDADES: -Piscina temperada. -Rancho para eventos. -Parque infantil. -Parque para mascotas ANZAHOME Inmobiliaria",Condo,,,,,,,{},Riverfront,{},,,,3000,USD,,https://photos.encuentra24.com/t_or_fh_m/f_auto/v1/cr/32/12/30/37/32123037_dd0a491|https://photos.encuentra24.com/t_or_fh_m/f_auto/v1/cr/32/12/30/37/32123037_8ffdac6|https://photos.encuentra24.com/t_or_fh_m/f_auto/v1/cr/32/12/30/37/32123037_e539e4d|https://photos.encuentra24.com/t_or_fh_m/f_auto/v1/cr/32/12/30/37/32123037_bd3f1b6|https://photos.encuentra24.com/t_or_fh_m/f_auto/v1/cr/32/12/30/37/32123037_d681f9e|https://photos.encuentra24.com/t_or_fh_m/f_auto/v1/cr/32/12/30/37/32123037_088f73f|https://photos.encuentra24.com/t_or_fh_m/f_auto/v1/cr/32/12/30/37/32123037_686a028|https://photos.encuentra24.com/t_or_fh_m/f_auto/v1/cr/32/12/30/37/32123037_5636a1f|https://photos.encuentra24.com/t_or_fh_m/f_auto/v1/cr/32/12/30/37/32123037_e360a36|https://photos.encuentra24.com/t_or_fh_m/f_auto/v1/cr/32/12/30/37/32123037_745b758|https://photos.encuentra24.com/t_or_fh_m/f_auto/v1/cr/32/12/30/37/32123037_4902882|https://photos.encuentra24.com/t_or_fh_m/f_auto/v1/cr/32/12/30/37/32123037_ebef0dc|https://photos.encuentra24.com/t_or_fh_m/f_auto/v1/cr/32/12/30/37/32123037_2793c20|https://photos.encuentra24.com/t_or_fh_m/f_auto/v1/cr/32/12/30/37/32123037_a009879|https://photos.encuentra24.com/t_or_fh_m/f_auto/v1/cr/32/12/30/37/32123037_72bd253|https://photos.encuentra24.com/t_or_fh_m/f_auto/v1/cr/32/12/30/37/32123037_a59170e|https://photos.encuentra24.com/t_or_fh_m/f_auto/v1/cr/32/12/30/37/32123037_d88ef3c|https://photos.encuentra24.com/t_user_logo/v1/users/logo/11/13/16/1113164_1b2f5e|https://photos.encuentra24.com/t_or_fh_m/f_auto/v1/cr/31/68/85/33/31688533_15fa97|https://photos.encuentra24.com/t_or_fh_m/f_auto/v1/cr/32/62/50/83/32625083_66a7700eada39a033d1d028e6ce2a8e1-3fab798|https://photos.encuentra24.com/t_or_fh_m/f_auto/v1/cr/32/61/77/13/32617713_83839869b50ece25d3527078b7803286-34cc6b8|https://photos.encuentra24.com/t_or_fh_m/f_auto/v1/cr/32/55/71/13/32557113_d966eb8e8ac0a86f45570e9b637c9162-032a884|https://photos.encuentra24.com/t_or_fh_m/f_auto/v1/cr/31/97/07/13/31970713_f828cedc237d1ed1952bd6c1469389af-a356f4c|https://photos.encuentra24.com/t_or_fh_m/f_auto/v1/cr/32/22/70/53/32227053_f88cbac|https://photos.encuentra24.com/t_or_fh_m/f_auto/v1/cr/31/67/21/53/31672153_89959e|https://photos.encuentra24.com/t_or_fh_m/f_auto/v1/cr/32/37/82/15/32378215_b2a9619|https://photos.encuentra24.com/t_or_fh_m/f_auto/v1/cr/32/53/12/62/32531262_aae84d9|https://photos.encuentra24.com/t_or_fh_m/f_auto/v1/cr/32/00/58/61/32005861_76869c0|https://photos.encuentra24.com/t_or_fh_m/f_auto/v1/cr/32/51/85/89/32518589_99fe0b9|https://photos.encuentra24.com/t_or_fh_m/f_auto/v1/cr/32/62/99/61/32629961_0c5be2e|https://photos.encuentra24.com/t_or_fh_m/f_auto/v1/cr/32/43/91/46/32439146_9609d55|https://photos.encuentra24.com/t_or_fh_m/f_auto/v1/cr/31/95/71/86/31957186_c54bd7f
encuentra24,32531262,https://www.encuentra24.com/costa-rica-es/bienes-raices-alquiler-casas/linda-casa-contemporanea-de-2-piso/32531262,rent,active,San José provincia,Santa Ana,Río Oro,Linda casa contemporánea de 2 piso,"Se alquila en Santa Ana, Rio Oro, esta linda casa contemporánea de 2 pisos, seguridad 24/7, zona muy tranquila. - Diseño moderno por reconocido arquitecto. – Luminosa, con amplios vidrios y puertas corredizas. – Amplio jardín. - El frente de la casa da a un parque. Vistas al parque, montañas y arboles - Acabados modernos PRIMERA PLANTA: - Garaje con puerta eléctrica. – Baño de visitas. - Cuarto de pilas. – Cocina abierta. – Sala y comedor. SEGUNDA PLANTA: – Habitación principal con walk-in closet y baño completo. – Habitación secundaria con balcon. – Baño completo – Sala de TV o Oficina. 212 m2 de lote 134 m2 de construcción – Cerca de todas las comodidades: restaurantes, supermercados, (Automarcado, PriceSmart, Walmart), centros comerciales, escuelas, con acceso fácil a la ruta 27. Alquiler sin mueble $1.600 Alquiler amueblado $1.750",House,,,,,,,{},Riverfront|Urban,{},Walkable,,,1600,USD,,https://photos.encuentra24.com/t_or_fh_m/f_auto/v1/cr/32/53/12/62/32531262_aae84d9|https://photos.encuentra24.com/t_or_fh_m/f_auto/v1/cr/32/53/12/62/32531262_e823a42|https://photos.encuentra24.com/t_or_fh_m/f_auto/v1/cr/32/53/12/62/32531262_f90dbbf|https://photos.encuentra24.com/t_or_fh_m/f_auto/v1/cr/32/53/12/62/32531262_fa9d8cd|https://photos.encuentra24.com/t_or_fh_m/f_auto/v1/cr/32/53/12/62/32531262_b023f57|https://photos.encuentra24.com/t_or_fh_m/f_auto/v1/cr/32/53/12/62/32531262_5a9661e|https://photos.encuentra24.com/t_or_fh_m/f_auto/v1/cr/32/53/12/62/32531262_27ed8f9|https://photos.encuentra24.com/t_or_fh_m/f_auto/v1/cr/32/53/12/62/32531262_4a7af96|https://photos.encuentra24.com/t_or_fh_m/f_auto/v1/cr/32/53/12/62/32531262_97ebdd9|https://photos.encuentra24.com/t_or_fh_m/f_auto/v1/cr/32/53/12/62/32531262_0021458|https://photos.encuentra24.com/t_or_fh_m/f_auto/v1/cr/32/53/12/62/32531262_04cec52|https://photos.encuentra24.com/t_or_fh_m/f_auto/v1/cr/32/53/12/62/32531262_f3233a7|https://photos.encuentra24.com/t_or_fh_m/f_auto/v1/cr/32/53/12/62/32531262_7ff2977|https://photos.encuentra24.com/t_or_fh_m/f_auto/v1/cr/32/53/12/62/32531262_9b451d8|https://photos.encuentra24.com/t_user_logo/v1/users/logo/11/13/16/1113164_1b2f5e|https://photos.encuentra24.com/t_or_fh_m/f_auto/v1/cr/32/44/49/38/32444938_fbc6560c2d66320e45e081c289b14f15-c1cf68f|https://photos.encuentra24.com/t_or_fh_m/f_auto/v1/cr/31/09/48/47/31094847_519299|https://photos.encuentra24.com/t_or_fh_m/f_auto/v1/cr/31/08/87/67/31088767_9069b9|https://photos.encuentra24.com/t_or_fh_m/f_auto/v1/cr/30/98/11/67/30981167_22e9f0|https://photos.encuentra24.com/t_or_fh_m/f_auto/v1/cr/32/64/99/05/32649905_aadf7dbe179e32d995962d18ee6a2750-1d0df4a|https://photos.encuentra24.com/t_or_fh_m/f_auto/v1/cr/31/55/73/05/31557305_d419dc|https://photos.encuentra24.com/t_or_fh_m/f_auto/v1/cr/32/63/44/24/32634424_d2812f795362d1f7a9bb9056b95efc4e-71f5053|https://photos.encuentra24.com/t_or_fh_m/f_auto/v1/cr/32/12/30/37/32123037_dd0a491|https://photos.encuentra24.com/t_or_fh_m/f_auto/v1/cr/32/37/82/15/32378215_b2a9619|https://photos.encuentra24.com/t_or_fh_m/f_auto/v1/cr/32/00/58/61/32005861_76869c0|https://photos.encuentra24.com/t_or_fh_m/f_auto/v1/cr/32/51/85/89/32518589_99fe0b9|https://photos.encuentra24.com/t_or_fh_m/f_auto/v1/cr/32/62/99/61/32629961_0c5be2e|https://photos.encuentra24.com/t_or_fh_m/f_auto/v1/cr/32/43/91/46/32439146_9609d55|https://photos.encuentra24.com/t_or_fh_m/f_auto/v1/cr/31/95/71/86/31957186_c54bd7f
encuentra24,32629961,https://www.encuentra24.com/costa-rica-es/bienes-raices-alquiler-casas/heredia-bonita-casa-amplia-y-comoda-en-condominio/32629961,rent,active,Heredia provincia,Heredia,San Francisco,"Heredia, bonita casa, amplia y cómoda en condominio.","Amplia casa de dos plantas y de 3 habitaciones, ubicación estratégica, en condominio con su amenidades. PRIMER PLANTA: * 1/2 baño * Sala * Comedor *Cuarto de pila techado * Bodega * Jardín * Terraza techada * Garaje techado para 2 autos SEGUNDA PLANTA: * Habitación principal con baño completo y Walk-in-Closet * Habitación segundaria con closet * Tercera habitación con closet * Baños completos * Habitable: 120 m2 * Área total: 150 m2 * Alquiler $1.925 con IVA incluido AMANEDADES: - Piscina - Gimnasio - Parque infantil - Rancho - Sala de eventos - Parque de perros *Año construcción:* 2020 * Electrodomésticos: Nevera, lavaplatos, horno microondas, estufa con horno, extractor de humo, 2 pantallas de televisión. * Muebles incluidos: Cama tamaño Queen, tocador con espejo, mesa de noche color negro, muebles recibidor (banca, mesa y espejo), 2 espejos de baño.",Condo,,,,,,,{},,{},Walkable,,,1925,USD,,https://photos.encuentra24.com/t_or_fh_m/f_auto/v1/cr/32/62/99/61/32629961_0c5be2e|https://photos.encuentra24.com/t_or_fh_m/f_auto/v1/cr/32/62/99/61/32629961_d1ccf71|https://photos.encuentra24.com/t_or_fh_m/f_auto/v1/cr/32/62/99/61/32629961_4aadff0|https://photos.encuentra24.com/t_or_fh_m/f_auto/v1/cr/32/62/99/61/32629961_f6be789|https://photos.encuentra24.com/t_or_fh_m/f_auto/v1/cr/32/62/99/61/32629961_35c1f85|https://photos.encuentra24.com/t_or_fh_m/f_auto/v1/cr/32/62/99/61/32629961_31efed2|https://photos.encuentra24.com/t_or_fh_m/f_auto/v1/cr/32/62/99/61/32629961_153444a|https://photos.encuentra24.com/t_or_fh_m/f_auto/v1/cr/32/62/99/61/32629961_3c82d5d|https://photos.encuentra24.com/t_or_fh_m/f_auto/v1/cr/32/62/99/61/32629961_1fd3388|https://photos.encuentra24.com/t_or_fh_m/f_auto/v1/cr/32/62/99/61/32629961_53330db|https://photos.encuentra24.com/t_or_fh_m/f_auto/v1/cr/32/62/99/61/32629961_fb06b7e|https://photos.encuentra24.com/t_or_fh_m/f_auto/v1/cr/32/62/99/61/32629961_f5efb74|https://photos.encuentra24.com/t_or_fh_m/f_auto/v1/cr/32/62/99/61/32629961_5d6c719|https://photos.encuentra24.com/t_or_fh_m/f_auto/v1/cr/32/62/99/61/32629961_fcc77f4|https://photos.encuentra24.com/t_or_fh_m/f_auto/v1/cr/32/62/99/61/32629961_9611e24|https://photos.encuentra24.com/t_or_fh_m/f_auto/v1/cr/32/62/99/61/32629961_1445521|https://photos.encuentra24.com/t_or_fh_m/f_auto/v1/cr/32/62/99/61/32629961_06fccc0|https://photos.encuentra24.com/t_or_fh_m/f_auto/v1/cr/32/62/99/61/32629961_9a4e9a6|https://photos.encuentra24.com/t_or_fh_m/f_auto/v1/cr/32/62/99/61/32629961_ce0feef|https://photos.encuentra24.com/t_or_fh_m/f_auto/v1/cr/32/62/99/61/32629961_7cd7a83|https://photos.encuentra24.com/t_user_logo/v1/users/logo/11/13/16/1113164_1b2f5e|https://photos.encuentra24.com/t_or_fh_m/f_auto/v1/cr/31/89/22/93/31892293_b3eb5e7|https://photos.encuentra24.com/t_or_fh_m/f_auto/v1/cr/32/13/38/13/32133813_88e1746b387e714201a3fb50e36b5733-c34273e|https://photos.encuentra24.com/t_or_fh_m/f_auto/v1/cr/32/30/15/75/32301575_92fcc36ff5dcb640f5f47c96be4443fe-27f8693|https://photos.encuentra24.com/t_or_fh_m/f_auto/v1/cr/32/20/18/55/32201855_049244b|https://photos.encuentra24.com/t_or_fh_m/f_auto/v1/cr/29/71/84/08/29718408_726524|https://photos.encuentra24.com/t_or_fh_m/f_auto/v1/cr/32/63/99/17/32639917_d864f32fa9ceb6cf684c6a49f430ca4a-a6c0cbe|https://photos.encuentra24.com/t_or_fh_m/f_auto/v1/cr/32/36/26/87/32362687_30a9d11517e19e6ac95796aadc80f140-755f23f|https://photos.encuentra24.com/t_or_fh_m/f_auto/v1/cr/32/12/30/37/32123037_dd0a491|https://photos.encuentra24.com/t_or_fh_m/f_auto/v1/cr/32/37/82/15/32378215_b2a9619|https://photos.encuentra24.com/t_or_fh_m/f_auto/v1/cr/32/53/12/62/32531262_aae84d9|https://photos.encuentra24.com/t_or_fh_m/f_auto/v1/cr/32/00/58/61/32005861_76869c0|https://photos.encuentra24.com/t_or_fh_m/f_auto/v1/cr/32/51/85/89/32518589_99fe0b9|https://photos.encuentra24.com/t_or_fh_m/f_auto/v1/cr/32/43/91/46/32439146_9609d55|https://photos.encuentra24.com/t_or_fh_m/f_auto/v1/cr/31/95/71/86/31957186_c54bd7f
encuentra24,31602421,https://www.encuentra24.com/costa-rica-es/bienes-raices-alquiler-apartamentos/apartamento-en-escazu-condominio-senderos-de-chirca-con-linea-blanca/31602421,rent,active,San José provincia,Escazú,Escazú,"Apartamento en Escazú, Condominio Senderos de Chircá, con Línea Blanca","Condominio con todas las amenidades Parqueos: 2 espacios (aprox. 25 m²) Área total aproximada: 223 m² Distribución: Recibidor elegante Amplia sala-comedor integrada (aprox. 35 m²) Cocina de lujo con desayunador y despensa tipo walk-in, línea blanca incluida Área de lavado independiente y espaciosa Cuarto de servicio con baño completo Sala de TV Walk-in closet de sábanas 2 dormitorios secundarios, ambos con closet y espacio para cama king size; uno cuenta con balcón Baño completo para dormitorios secundarios Dormitorio principal amplio con balcón, walk-in closet (aprox. 6 m²) y baño principal con doble lavatorio Características destacadas: Ventanas de seguridad y con aislamiento acústico Aire acondicionado en varios aposentos Cuota de mantenimiento incluida Entorno natural que combina tranquilidad y conveniencia urbana A pocos minutos de oficentros, bancos, colegios, restaurantes, Multiplaza, Hospital CIMA y Country Club Amenidades del condominio: Senderos con vegetación tropical Piscina semiolímpica de 18 m (aprox.) con deck Área social para eventos Zona de co-working Gimnasio totalmente equipado Rancho BBQ Jardín infantil Jardín para mascotas Seguridad 24/7 Política de mascotas: Se acepta una mascota pequeña (ejemplo: perro salchicha, pomeranian, etc.) Precio de alquiler: $2500 mensuales con línea blanca Apartamento en Condominio Senderos de Chircá – Escazú Área total: Apartamento: 190 m² (aprox.) Bodega: 8 m² (aprox.)",Condo,,,,,,,{},Riverfront|Urban,"{""Steep Slope""}",Walkable,,,2500,USD,,https://photos.encuentra24.com/t_or_fh_m/f_auto/v1/cr/31/60/24/21/31602421_a5b4da|https://photos.encuentra24.com/t_or_fh_m/f_auto/v1/cr/31/60/24/21/31602421_b3e683|https://photos.encuentra24.com/t_or_fh_m/f_auto/v1/cr/31/60/24/21/31602421_7796e9|https://photos.encuentra24.com/t_or_fh_m/f_auto/v1/cr/31/60/24/21/31602421_5b6317|https://photos.encuentra24.com/t_or_fh_m/f_auto/v1/cr/31/60/24/21/31602421_56ba7e|https://photos.encuentra24.com/t_or_fh_m/f_auto/v1/cr/31/60/24/21/31602421_86d70c|https://photos.encuentra24.com/t_or_fh_m/f_auto/v1/cr/31/60/24/21/31602421_6f83d7|https://photos.encuentra24.com/t_or_fh_m/f_auto/v1/cr/31/60/24/21/31602421_d7728c|https://photos.encuentra24.com/t_or_fh_m/f_auto/v1/cr/31/60/24/21/31602421_babfcc|https://photos.encuentra24.com/t_or_fh_m/f_auto/v1/cr/31/60/24/21/31602421_17521a|https://photos.encuentra24.com/t_or_fh_m/f_auto/v1/cr/31/60/24/21/31602421_6dd3c7|https://photos.encuentra24.com/t_or_fh_m/f_auto/v1/cr/31/60/24/21/31602421_05e566|https://photos.encuentra24.com/t_or_fh_m/f_auto/v1/cr/31/60/24/21/31602421_80e4c8|https://photos.encuentra24.com/t_or_fh_m/f_auto/v1/cr/31/60/24/21/31602421_18c5d1|https://photos.encuentra24.com/t_or_fh_m/f_auto/v1/cr/31/60/24/21/31602421_c40376|https://photos.encuentra24.com/t_or_fh_m/f_auto/v1/cr/31/60/24/21/31602421_7296ad|https://photos.encuentra24.com/t_or_fh_m/f_auto/v1/cr/31/60/24/21/31602421_f3f5ec|https://photos.encuentra24.com/t_or_fh_m/f_auto/v1/cr/31/60/24/21/31602421_80d62a|https://photos.encuentra24.com/t_or_fh_m/f_auto/v1/cr/32/64/81/89/32648189_7f41c06648aa5ce2157158fa81ee5344-033b26f|https://photos.encuentra24.com/t_or_fh_m/f_auto/v1/cr/32/64/59/79/32645979_ab78283246b03ef42c6adb324ed06855-ea55ef9|https://photos.encuentra24.com/t_or_fh_m/f_auto/v1/cr/30/17/80/19/30178019_bcd09d|https://photos.encuentra24.com/t_or_fh_m/f_auto/v1/cr/32/23/18/09/32231809_115821e|https://photos.encuentra24.com/t_or_fh_m/f_auto/v1/cr/31/42/41/89/31424189_07d55a|https://photos.encuentra24.com/t_or_fh_m/f_auto/v1/cr/31/53/77/98/31537798_a005de|https://photos.encuentra24.com/t_or_fh_m/f_auto/v1/cr/32/63/39/88/32633988_4d12921235b3e0970bddd49af80a69e5-0abd677|https://photos.encuentra24.com/t_or_fh_m/f_auto/v1/cr/32/35/84/81/32358481_455852fbe91aa80e3e30206265e41d7c-8475e1b|https://photos.encuentra24.com/t_or_fh_m/f_auto/v1/cr/32/35/87/11/32358711_fe2ac2a|https://photos.encuentra24.com/t_or_fh_m/f_auto/v1/cr/32/29/32/83/32293283_25ac5491c502d8644b293c747f02e4ff-ae0e7c4|https://photos.encuentra24.com/t_or_fh_m/f_auto/v1/cr/32/19/97/69/32199769_8a884dd|https://photos.encuentra24.com/t_or_fh_m/f_auto/v1/cr/32/18/84/61/32188461_effe1f5b9118ba847233472fe6e6bfd7-ee6a7d7|https://photos.encuentra24.com/t_or_fh_m/f_auto/v1/cr/31/47/41/48/31474148_e63631|https://photos.encuentra24.com/t_or_fh_m/f_auto/v1/cr/32/41/84/90/32418490_d93ff1dd96e8775d1232124a50ccddb6-cfa118f
encuentra24,32607849,https://www.encuentra24.com/costa-rica-es/bienes-raices-alquiler-casas/alquiler-de-casa-en-condominio-barlovento-curridabat-san-jose/32607849,rent,active,San José provincia,Curridabat,Granadilla,"Alquiler de Casa en Condominio Barlovento, Curridabat, San José","Viva con la comodidad, seguridad y tranquilidad que su familia merece en uno de los condominios más atractivos de la zona. Esta hermosa casa de dos niveles ofrece espacios amplios, funcionales y un jardín privado ideal para disfrutar en familia o con sus mascotas. Características principales: 150 m² de construcción 136 m² de terreno 3 dormitorios 2.5 baños Sala, comedor y cocina integrados Terraza y jardín con zacate artificial Cuarto de servicio Bodega Parqueo para 3 vehículos Alquiler: $1,350 mensuales o 675,000 Una excelente oportunidad para quienes buscan una casa lista para habitar, con una distribución práctica y espacios pensados para el confort diario. Contáctenos para agendar su visita y conocer esta propiedad. ¡Será un gusto atenderle!",Condo,,,,,,,{},,{},,,,1350,USD,,https://photos.encuentra24.com/t_or_fh_m/f_auto/v1/cr/32/60/78/49/32607849_a06dcf433d596cf8977bd38cb324180f-b20db6e|https://photos.encuentra24.com/t_or_fh_m/f_auto/v1/cr/32/60/78/49/32607849_a06dcf433d596cf8977bd38cb324180f-284da83|https://photos.encuentra24.com/t_or_fh_m/f_auto/v1/cr/32/60/78/49/32607849_a06dcf433d596cf8977bd38cb324180f-23ab47e|https://photos.encuentra24.com/t_or_fh_m/f_auto/v1/cr/32/60/78/49/32607849_a06dcf433d596cf8977bd38cb324180f-74ae2c2|https://photos.encuentra24.com/t_or_fh_m/f_auto/v1/cr/32/60/78/49/32607849_a06dcf433d596cf8977bd38cb324180f-ea14ef2|https://photos.encuentra24.com/t_or_fh_m/f_auto/v1/cr/32/60/78/49/32607849_a06dcf433d596cf8977bd38cb324180f-c494aa8|https://photos.encuentra24.com/t_or_fh_m/f_auto/v1/cr/32/60/78/49/32607849_a06dcf433d596cf8977bd38cb324180f-f7ff60d|https://photos.encuentra24.com/t_or_fh_m/f_auto/v1/cr/32/60/78/49/32607849_a06dcf433d596cf8977bd38cb324180f-8d6ca2a|https://photos.encuentra24.com/t_or_fh_m/f_auto/v1/cr/32/60/78/49/32607849_a06dcf433d596cf8977bd38cb324180f-17b7c85|https://photos.encuentra24.com/t_or_fh_m/f_auto/v1/cr/32/60/78/49/32607849_a06dcf433d596cf8977bd38cb324180f-517f8d6|https://photos.encuentra24.com/t_or_fh_m/f_auto/v1/cr/32/60/78/49/32607849_a06dcf433d596cf8977bd38cb324180f-d1c8e7f|https://photos.encuentra24.com/t_or_fh_m/f_auto/v1/cr/32/54/56/20/32545620_990dd850631c89af3878d6a11d497638-57b6fe2|https://photos.encuentra24.com/t_or_fh_m/f_auto/v1/cr/32/48/36/48/32483648_216cdb63e6a15881080ebd3e6195d197-8c124e2|https://photos.encuentra24.com/t_or_fh_m/f_auto/v1/cr/32/61/16/97/32611697_efcd92edf452910d277f642826162a64-d315900|https://photos.encuentra24.com/t_or_fh_m/f_auto/v1/cr/32/57/57/23/32575723_1a8ad4c|https://photos.encuentra24.com/t_or_fh_m/f_auto/v1/cr/32/63/96/09/32639609_922bfb15a5b6e15484ae6bc67f9de893-687d7df|https://photos.encuentra24.com/t_or_fh_m/f_auto/v1/cr/32/33/98/67/32339867_76a7d04|https://photos.encuentra24.com/t_or_fh_m/f_auto/v1/cr/32/28/06/56/32280656_10e5cb4|https://photos.encuentra24.com/t_or_fh_m/f_auto/v1/cr/32/60/81/26/32608126_fd9116b248ac6b8e4ec8f3f69ab4986b-4351761|https://photos.encuentra24.com/t_or_fh_m/f_auto/v1/cr/32/60/79/95/32607995_9589ab8b79d84fdad4e2c850216c27bb-80861b7|https://photos.encuentra24.com/t_or_fh_m/f_auto/v1/cr/32/60/80/93/32608093_ca8c35cb4551431f6bb542e13bb3c3d7-f9a77ae|https://photos.encuentra24.com/t_or_fh_m/f_auto/v1/cr/32/60/78/61/32607861_dac2711031db76c54c27a0e6135bbf05-2f36e3f|https://photos.encuentra24.com/t_or_fh_m/f_auto/v1/cr/32/48/91/56/32489156_b2ed593b343317674f358d7c44098e54-523f346|https://photos.encuentra24.com/t_or_fh_m/f_auto/v1/cr/32/60/79/33/32607933_1498d3bfbe41aa010e48637b15ede290-76bbd53|https://photos.encuentra24.com/t_or_fh_m/f_auto/v1/cr/32/48/73/54/32487354_92420a9974aee7eb2cb60180d0a90b04-0b54a1c
encuentra24,32331056,https://www.encuentra24.com/costa-rica-es/bienes-raices-alquiler-apartamentos/venta-alquiler-terraza-amplia-y-vista-al-parque-linea-blanca-torre-boutique-en-nunciatura/32331056,rent,active,San José provincia,San José Capital,Rohrmoser,VENTA/ALQUILER TERRAZA AMPLIA Y VISTA AL PARQUE LINEA BLANCA / TORRE BOUTIQUE EN NUNCIATURA,"Vivir en Nunciatura es entrar a uno de los entornos más sofisticados y deseados del oeste de la ciudad. Una zona caminable, elegante y vibrante, rodeada de parques, restaurantes de alto nivel, cafeterías, comercio, clínicas y espacios lifestyle que elevan la calidad de vida a otro nivel. En este escenario privilegiado se levanta una torre boutique de pocas unidades, completamente nueva, donde cada detalle ha sido pensado para un estilo de vida exclusivo. Importante: no se permite Airbnb, lo que garantiza privacidad, tranquilidad y perfil residencial de alto nivel. El apartamento Ubicado en piso alto, este apartamento para estrenar destaca por su diseño contemporáneo, excelente distribución y una iluminación natural impecable gracias a sus amplios ventanales y condición esquinera. * Metraje: 140 m² habitables + 2 parqueos 14.30m2 y bodega 3.62m2. TOTAL: 158.M2 * Vista: panorámica hacia el parque * Altura de techos: generosa, aportando amplitud y elegancia La zona social integra sala, comedor y una cocina moderna de concepto abierto, que se fusiona con el gran protagonista del apartamento: Terraza amplia (no balcón) Un verdadero diferencial. Totalmente techada, con acabados finos y espacio suficiente para crear un ambiente completo de exterior: sala, comedor, lounge… ideal para recibir o simplemente disfrutar. Distribución: * 3 habitaciones * Principal esquinera, con ventanales, balcón privado, walk-in closet y baño con doble lavabo * 2 habitaciones secundarias con excelente iluminación y amplios ventanales LINEA BLANCA COMPKLETA CON LAVA PLATOS 3 aires condicionados cortinas * 2.5 baños (incluye baño de visitas) * Espacio adicional flexible: ideal como oficina, sala de TV o área multiuso * Cocina integrada * Área de lavandería * 2 parqueos *Bodega Amenidades de la torre: * Piscina * Gimnasio * Lounge social * Área de coworking * Salas de reuniones * Cuarto de vapor * Área infantil. Condiciones: * Cuota de mantenimiento: 213.070 colones * Alquiler: $3.500 * Venta: $580.00 Una propiedad que combina ubicación, diseño y un concepto boutique difícil de encontrar en el mercado actual. Ideal para quienes buscan vivir o invertir en un entorno exclusivo, moderno y totalmente funcional. AGENDA TU VISTA !",Condo,,,,,,,{},Riverfront|Urban,{},Walkable,,,3500,USD,,https://photos.encuentra24.com/t_or_fh_m/f_auto/v1/cr/32/33/10/56/32331056_14e42d0|https://photos.encuentra24.com/t_or_fh_m/f_auto/v1/cr/32/33/10/56/32331056_5868b35|https://photos.encuentra24.com/t_or_fh_m/f_auto/v1/cr/32/33/10/56/32331056_fb08d2f|https://photos.encuentra24.com/t_or_fh_m/f_auto/v1/cr/32/33/10/56/32331056_e825246|https://photos.encuentra24.com/t_or_fh_m/f_auto/v1/cr/32/33/10/56/32331056_af0cd72|https://photos.encuentra24.com/t_or_fh_m/f_auto/v1/cr/32/33/10/56/32331056_8dcf307|https://photos.encuentra24.com/t_or_fh_m/f_auto/v1/cr/32/33/10/56/32331056_a6d8902|https://photos.encuentra24.com/t_or_fh_m/f_auto/v1/cr/32/33/10/56/32331056_a367311|https://photos.encuentra24.com/t_or_fh_m/f_auto/v1/cr/32/33/10/56/32331056_b7d800b|https://photos.encuentra24.com/t_or_fh_m/f_auto/v1/cr/32/33/10/56/32331056_82f17e4|https://photos.encuentra24.com/t_or_fh_m/f_auto/v1/cr/32/33/10/56/32331056_82bf7c9|https://photos.encuentra24.com/t_or_fh_m/f_auto/v1/cr/32/33/10/56/32331056_db4fb70|https://photos.encuentra24.com/t_or_fh_m/f_auto/v1/cr/32/33/10/56/32331056_38021a4|https://photos.encuentra24.com/t_or_fh_m/f_auto/v1/cr/32/33/10/56/32331056_c08c83e|https://photos.encuentra24.com/t_or_fh_m/f_auto/v1/cr/32/33/10/56/32331056_ff83995|https://photos.encuentra24.com/t_or_fh_m/f_auto/v1/cr/32/33/10/56/32331056_091fe55|https://photos.encuentra24.com/t_cnseal/v1594676252/cnseal/5f0cd41c4a555_Bildschirmfotocccbr.png|https://photos.encuentra24.com/t_cnseal/v1697642511/cnseal/652ff80f42db6_Verified%20badge.png|https://photos.encuentra24.com/t_or_fh_m/f_auto/v1/cr/32/19/39/88/32193988_d7a80746b316f58031b5d6a67c596f8a-bc105b9|https://photos.encuentra24.com/t_or_fh_m/f_auto/v1/cr/32/34/31/08/32343108_5bd026e|https://photos.encuentra24.com/t_or_fh_m/f_auto/v1/cr/32/42/88/18/32428818_0f8dc08|https://photos.encuentra24.com/t_or_fh_m/f_auto/v1/cr/32/35/18/68/32351868_e879fa8054e6758fe7695e664357f10d-5c2e1f0|https://photos.encuentra24.com/t_or_fh_m/f_auto/v1/cr/32/45/35/97/32453597_ca1105916cd3cdbf5abe390bfa09d1db-013a6c8|https://photos.encuentra24.com/t_or_fh_m/f_auto/v1/cr/32/19/22/77/32192277_00d7195|https://photos.encuentra24.com/t_or_fh_m/f_auto/v1/cr/31/82/21/77/31822177_1eab7d|https://photos.encuentra24.com/t_or_fh_m/f_auto/v1/cr/32/19/90/05/32199005_0d59925|https://photos.encuentra24.com/t_or_fh_m/f_auto/v1/cr/31/02/34/85/31023485_7cb5f63|https://photos.encuentra24.com/t_or_fh_m/f_auto/v1/cr/31/34/58/98/31345898_45b297|https://photos.encuentra24.com/t_or_fh_m/f_auto/v1/cr/32/10/85/50/32108550_6434636|https://photos.encuentra24.com/t_or_fh_m/f_auto/v1/cr/32/44/36/87/32443687_b049e13|https://photos.encuentra24.com/t_or_fh_m/f_auto/v1/cr/32/48/87/64/32488764_d07bbe0|https://photos.encuentra24.com/t_or_fh_m/f_auto/v1/cr/32/53/30/44/32533044_e08b19f
encuentra24,32608126,https://www.encuentra24.com/costa-rica-es/bienes-raices-alquiler-apartamentos/apartamento-premium-en-alquiler-nunciatura-rohrmoser-san-jose/32608126,rent,active,San José provincia,San José Capital,Rohrmoser,"Apartamento Premium en Alquiler | Nunciatura, Rohrmoser, San José","Viva con estilo en una de las ubicaciones más exclusivas y cotizadas de San José. Ubicado en el corazón de Nunciatura, este moderno apartamento ofrece la combinación perfecta entre confort, diseño y una ubicación privilegiada. A solo minutos del Parque Metropolitano La Sabana y rodeado de restaurantes, cafeterías, supermercados y todos los servicios esenciales para disfrutar de un estilo de vida urbano. El apartamento se alquila sin muebles e incluye únicamente línea blanca. Características de la propiedad: 1 amplia habitación Walking closet 1 baño completo 1 espacio de parqueo (con opción de alquilar un segundo) Cocina equipada con línea blanca: Refrigeradora Plantilla de cocina Horno Extractor Lavaplatos Torre de lavado y secadora Amenidades del edificio: Piscina Jacuzzi Sauna Gimnasio totalmente equipado Área de BBQ Áreas sociales diseñadas para el descanso, la recreación y el entretenimiento Alquiler mensual: $1,450 USD Ideal para profesionales, ejecutivos o parejas que buscan vivir en una de las zonas de mayor plusvalía de la capital, con todas las comodidades y excelente conectividad. Contáctenos para más información o agendar una visita. GO Real Estate Encuentre el espacio ideal para vivir con comodidad, exclusividad y una excelente ubicación.",Condo,,,,,,,{},Urban,{},Walkable,,,1450,USD,,https://photos.encuentra24.com/t_or_fh_m/f_auto/v1/cr/32/60/81/26/32608126_fd9116b248ac6b8e4ec8f3f69ab4986b-4351761|https://photos.encuentra24.com/t_or_fh_m/f_auto/v1/cr/32/60/81/26/32608126_fd9116b248ac6b8e4ec8f3f69ab4986b-f8ecf00|https://photos.encuentra24.com/t_or_fh_m/f_auto/v1/cr/32/60/81/26/32608126_fd9116b248ac6b8e4ec8f3f69ab4986b-52e5af6|https://photos.encuentra24.com/t_or_fh_m/f_auto/v1/cr/32/60/81/26/32608126_fd9116b248ac6b8e4ec8f3f69ab4986b-0ad4374|https://photos.encuentra24.com/t_or_fh_m/f_auto/v1/cr/32/60/81/26/32608126_fd9116b248ac6b8e4ec8f3f69ab4986b-3c51dd0|https://photos.encuentra24.com/t_or_fh_m/f_auto/v1/cr/32/60/81/26/32608126_fd9116b248ac6b8e4ec8f3f69ab4986b-0ee111f|https://photos.encuentra24.com/t_or_fh_m/f_auto/v1/cr/32/60/81/26/32608126_fd9116b248ac6b8e4ec8f3f69ab4986b-de8cc02|https://photos.encuentra24.com/t_or_fh_m/f_auto/v1/cr/32/60/81/26/32608126_fd9116b248ac6b8e4ec8f3f69ab4986b-8a950ea|https://photos.encuentra24.com/t_or_fh_m/f_auto/v1/cr/32/60/81/26/32608126_fd9116b248ac6b8e4ec8f3f69ab4986b-95fc957|https://photos.encuentra24.com/t_or_fh_m/f_auto/v1/cr/32/60/81/26/32608126_fd9116b248ac6b8e4ec8f3f69ab4986b-201dd9d|https://photos.encuentra24.com/t_or_fh_m/f_auto/v1/cr/32/60/81/26/32608126_fd9116b248ac6b8e4ec8f3f69ab4986b-d62dd42|https://photos.encuentra24.com/t_or_fh_m/f_auto/v1/cr/31/84/47/99/31844799_51f1a6|https://photos.encuentra24.com/t_or_fh_m/f_auto/v1/cr/32/17/48/89/32174889_9c2dffd|https://photos.encuentra24.com/t_or_fh_m/f_auto/v1/cr/32/62/96/09/32629609_9f8dc4145327cca820b554c9b5ef7b00-6d07b61|https://photos.encuentra24.com/t_or_fh_m/f_auto/v1/cr/31/42/10/49/31421049_b90f04|https://photos.encuentra24.com/t_or_fh_m/f_auto/v1/cr/32/59/29/19/32592919_ba19203a7369872966fdf246af4d60d6-3bc866d|https://photos.encuentra24.com/t_or_fh_m/f_auto/v1/cr/32/05/34/29/32053429_46b84f6c098317d3c291d3f1c5b1ff68-1396f2d|https://photos.encuentra24.com/t_or_fh_m/f_auto/v1/cr/32/53/92/89/32539289_8413b09774f1ea175d348574e274a298-588e751|https://photos.encuentra24.com/t_or_fh_m/f_auto/v1/cr/32/60/78/49/32607849_a06dcf433d596cf8977bd38cb324180f-b20db6e|https://photos.encuentra24.com/t_or_fh_m/f_auto/v1/cr/32/60/79/95/32607995_9589ab8b79d84fdad4e2c850216c27bb-80861b7|https://photos.encuentra24.com/t_or_fh_m/f_auto/v1/cr/32/60/80/93/32608093_ca8c35cb4551431f6bb542e13bb3c3d7-f9a77ae|https://photos.encuentra24.com/t_or_fh_m/f_auto/v1/cr/32/60/78/61/32607861_dac2711031db76c54c27a0e6135bbf05-2f36e3f|https://photos.encuentra24.com/t_or_fh_m/f_auto/v1/cr/32/48/91/56/32489156_b2ed593b343317674f358d7c44098e54-523f346|https://photos.encuentra24.com/t_or_fh_m/f_auto/v1/cr/32/60/79/33/32607933_1498d3bfbe41aa010e48637b15ede290-76bbd53|https://photos.encuentra24.com/t_or_fh_m/f_auto/v1/cr/32/48/73/54/32487354_92420a9974aee7eb2cb60180d0a90b04-0b54a1c
encuentra24,32552753,https://www.encuentra24.com/costa-rica-es/bienes-raices-alquiler-apartamentos/apartamento-en-alquiler-en-residencias-paradisus-rohrmoser/32552753,rent,active,San José provincia,San José Capital,Rohrmoser,"Apartamento en Alquiler en Residencias Paradisus, Rohrmoser","Disponible completamente amueblado. Espectacular vista! Disfrute de la comodidad, seguridad y ubicación privilegiada que ofrece Residencias Paradisus, uno de los condominios más exclusivos de Rohrmoser. Este hermoso apartamento se encuentra en el sexto piso, con amplios espacios, excelente iluminación natural y espectaculares vistas. Ubicado estratégicamente cerca de La Sabana, bancos, restaurantes, supermercados, centros comerciales y oficentros, le permite vivir con todo al alcance de la mano. Amenidades del Condominio Seguridad 24/7 con acceso controlado y cámaras de vigilancia. Casa club. Piscina. Gimnasio completamente equipado. Parqueo para visitas. Amplias áreas verdes, jardines y senderos para caminar. Ambiente tranquilo y familiar. Características del Apartamento 130 m² de construcción en un solo nivel. Cocina moderna con sobres de granito y desayunador. Amplia sala y comedor con acceso a balcón privado. Hermosa vista panorámica desde sala y dormitorios. Dormitorio principal con walk-in closet y baño privado de excelentes acabados. Dos dormitorios secundarios que comparten un baño completo. Ventanales de piso a techo que brindan abundante luz natural. Área de lavandería interna con torre de lavado. Sistema de agua caliente mediante paneles solares. 2 espacios de parqueo bajo techo. Opciones de Alquiler Viva con todo en un solo lugar Este apartamento combina una ubicación privilegiada, excelentes amenidades y espacios diseñados para brindar confort y calidad de vida. Ideal para ejecutivos, parejas o familias que buscan un estilo de vida moderno en una de las zonas más cotizadas del oeste de San José. Contáctenos para coordinar una visita y conocer su próximo hogar.",Condo,,,,,,,"{""Water"",""Electricity"",""Solar Power""}",Riverfront|Urban,{},Walkable,,,,USD,,https://photos.encuentra24.com/t_or_fh_m/f_auto/v1/cr/32/55/27/53/32552753_6af8fa44f64c049f8494ba757ae9176e-18240d7|https://photos.encuentra24.com/t_or_fh_m/f_auto/v1/cr/32/55/27/53/32552753_6af8fa44f64c049f8494ba757ae9176e-6da6a5a|https://photos.encuentra24.com/t_or_fh_m/f_auto/v1/cr/32/55/27/53/32552753_6af8fa44f64c049f8494ba757ae9176e-ada5fe5|https://photos.encuentra24.com/t_or_fh_m/f_auto/v1/cr/32/55/27/53/32552753_6af8fa44f64c049f8494ba757ae9176e-1cdb553|https://photos.encuentra24.com/t_or_fh_m/f_auto/v1/cr/32/55/27/53/32552753_6af8fa44f64c049f8494ba757ae9176e-0ae8ba0|https://photos.encuentra24.com/t_or_fh_m/f_auto/v1/cr/32/55/27/53/32552753_6af8fa44f64c049f8494ba757ae9176e-6d54482|https://photos.encuentra24.com/t_or_fh_m/f_auto/v1/cr/32/55/27/53/32552753_6af8fa44f64c049f8494ba757ae9176e-5083604|https://photos.encuentra24.com/t_or_fh_m/f_auto/v1/cr/32/55/27/53/32552753_6af8fa44f64c049f8494ba757ae9176e-59d2bd2|https://photos.encuentra24.com/t_or_fh_m/f_auto/v1/cr/32/55/27/53/32552753_6af8fa44f64c049f8494ba757ae9176e-598e413|https://photos.encuentra24.com/t_or_fh_m/f_auto/v1/cr/32/55/27/53/32552753_ecdd9c8|https://photos.encuentra24.com/t_or_fh_m/f_auto/v1/cr/32/55/27/53/32552753_6af8fa44f64c049f8494ba757ae9176e-c19a652|https://photos.encuentra24.com/t_or_fh_m/f_auto/v1/cr/32/55/27/53/32552753_6af8fa44f64c049f8494ba757ae9176e-bea3e0c|https://photos.encuentra24.com/t_or_fh_m/f_auto/v1/cr/32/55/27/53/32552753_78899b6|https://photos.encuentra24.com/t_or_fh_m/f_auto/v1/cr/32/55/27/53/32552753_6af8fa44f64c049f8494ba757ae9176e-766aba2|https://photos.encuentra24.com/t_or_fh_m/f_auto/v1/cr/32/55/27/53/32552753_5158bb0|https://photos.encuentra24.com/t_or_fh_m/f_auto/v1/cr/32/55/27/53/32552753_6af8fa44f64c049f8494ba757ae9176e-642d516|https://photos.encuentra24.com/t_or_fh_m/f_auto/v1/cr/32/55/27/53/32552753_6af8fa44f64c049f8494ba757ae9176e-a67fc9f|https://photos.encuentra24.com/t_or_fh_m/f_auto/v1/cr/32/55/27/53/32552753_52936be|https://photos.encuentra24.com/t_or_fh_m/f_auto/v1/cr/32/55/27/53/32552753_d87705a|https://photos.encuentra24.com/t_user_logo/v1/users/logo/36/93/88/369388_9075ec|https://photos.encuentra24.com/t_cnseal/v1594676252/cnseal/5f0cd41c4a555_Bildschirmfotocccbr.png|https://photos.encuentra24.com/t_cnseal/v1697642511/cnseal/652ff80f42db6_Verified%20badge.png|https://photos.encuentra24.com/t_or_fh_m/f_auto/v1/cr/32/60/80/23/32608023_a70e165f32936c820f43732ff9e5bcda-cac3b1b|https://photos.encuentra24.com/t_or_fh_m/f_auto/v1/cr/32/55/70/73/32557073_da1cb5c|https://photos.encuentra24.com/t_or_fh_m/f_auto/v1/cr/32/45/13/63/32451363_a444a278df4fe749b87de1c4748dcb6f-3bae122|https://photos.encuentra24.com/t_or_fh_m/f_auto/v1/cr/32/60/51/82/32605182_957833a|https://photos.encuentra24.com/t_or_fh_m/f_auto/v1/cr/32/62/64/52/32626452_3d5f0a3c65ab30cf3a2b0ff0e856baee-ce5e014|https://photos.encuentra24.com/t_or_fh_m/f_auto/v1/cr/32/47/95/02/32479502_db8d452|https://photos.encuentra24.com/t_or_fh_m/f_auto/v1/cr/32/09/11/72/32091172_d9260e4|https://photos.encuentra24.com/t_or_fh_m/f_auto/v1/cr/29/93/78/32/29937832_528dd52|https://photos.encuentra24.com/t_or_fh_m/f_auto/v1/cr/32/57/28/16/32572816_a223e79|https://photos.encuentra24.com/t_or_fh_m/f_auto/v1/cr/30/81/49/69/30814969_31f016|https://photos.encuentra24.com/t_or_fh_m/f_auto/v1/cr/32/56/08/45/32560845_12ee650|https://photos.encuentra24.com/t_or_fh_m/f_auto/v1/cr/29/25/15/96/29251596_5232648|https://photos.encuentra24.com/t_or_fh_m/f_auto/v1/cr/31/31/55/76/31315576_cd684de|https://photos.encuentra24.com/t_or_fh_m/f_auto/v1/cr/32/53/64/25/32536425_af4f2ed
encuentra24,32428232,https://www.encuentra24.com/costa-rica-es/bienes-raices-alquiler-apartamentos-amueblados/apartamento-amueblado-exclusivo-en-nunciatura/32428232,rent,active,San José provincia,San José Capital,Rohrmoser,APARTAMENTO AMUEBLADO EXCLUSIVO EN NUNCIATURA,"Alquiler de hermoso apartamento amoblado y con línea blanca en Vía 74 Nunciatura (a 50m del Parque El Perú). ¡Torre boutique de solo 40 unidades! Área: 70 m² habitables (ventanales de cielo a techo). Distribución: 1 Habitación / 1 Baño / 1 Parqueo. Mascotas: Se aceptan hasta 2 (aplica depósito extra por mobiliario). Disponibilidad: 11 de junio. AMENIDADES: Piscina | Gym | Terraza con Fire-pit | Co-Work Space | Jardín de lectura CONDICIONES: Precio: $1,450 (Muebles y línea blanca incluidos). Contrato mínimo de 12 meses + 1 mes de depósito. (Servicios por separado). ¡AGENDE SU CITA HOY MISMO! Patri Cabrera - Braico Bienes Raíces y Construcción",Condo,,,,,,,{},,{},,,,1450,USD,,https://photos.encuentra24.com/t_or_fh_m/f_auto/v1/cr/32/42/82/32/32428232_774719d|https://photos.encuentra24.com/t_or_fh_m/f_auto/v1/cr/32/42/82/32/32428232_24d5a57|https://photos.encuentra24.com/t_or_fh_m/f_auto/v1/cr/32/42/82/32/32428232_2053b89|https://photos.encuentra24.com/t_or_fh_m/f_auto/v1/cr/32/42/82/32/32428232_cad76c6|https://photos.encuentra24.com/t_or_fh_m/f_auto/v1/cr/32/42/82/32/32428232_e479a99|https://photos.encuentra24.com/t_or_fh_m/f_auto/v1/cr/32/42/82/32/32428232_2cdd74f|https://photos.encuentra24.com/t_or_fh_m/f_auto/v1/cr/32/42/82/32/32428232_802d074|https://photos.encuentra24.com/t_or_fh_m/f_auto/v1/cr/32/42/82/32/32428232_de2f703|https://photos.encuentra24.com/t_or_fh_m/f_auto/v1/cr/32/42/82/32/32428232_ef06bc9|https://photos.encuentra24.com/t_or_fh_m/f_auto/v1/cr/32/42/82/32/32428232_86b57f3|https://photos.encuentra24.com/t_or_fh_m/f_auto/v1/cr/32/42/82/32/32428232_7c771d6|https://photos.encuentra24.com/t_or_fh_m/f_auto/v1/cr/32/42/82/32/32428232_78fa046|https://photos.encuentra24.com/t_or_fh_m/f_auto/v1/cr/32/42/82/32/32428232_a9b1a0a|https://photos.encuentra24.com/t_or_fh_m/f_auto/v1/cr/32/42/82/32/32428232_9f61e1a|https://photos.encuentra24.com/t_user_logo/v1/users/logo/13/12/20/1312204_fee0c9|https://photos.encuentra24.com/t_or_fh_m/f_auto/v1/cr/32/30/76/25/32307625_e5c8a25|https://photos.encuentra24.com/t_or_fh_m/f_auto/v1/cr/32/25/44/75/32254475_cde456|https://photos.encuentra24.com/t_or_fh_m/f_auto/v1/cr/32/58/22/75/32582275_15052b784be96724e27d51eb9a6e77df-3de727c|https://photos.encuentra24.com/t_or_fh_m/f_auto/v1/cr/31/99/98/45/31999845_a7ce65f|https://photos.encuentra24.com/t_or_fh_m/f_auto/v1/cr/22/22/12/55/22221255_904c91|https://photos.encuentra24.com/t_or_fh_m/f_auto/v1/cr/32/44/17/84/32441784_0feb8b65b5d4f9e9647840fbd59eb12b-b8b70a3|https://photos.encuentra24.com/t_or_fh_m/f_auto/v1/cr/31/39/44/14/31394414_6dd2ce8|https://photos.encuentra24.com/t_or_fh_m/f_auto/v1/cr/32/43/03/46/32430346_6fb8215|https://photos.encuentra24.com/t_or_fh_m/f_auto/v1/cr/32/53/86/49/32538649_f3667a8aff0046eafaebed329aa9df7f-d3d25e5|https://photos.encuentra24.com/t_or_fh_m/f_auto/v1/cr/32/59/71/47/32597147_876a810|https://photos.encuentra24.com/t_or_fh_m/f_auto/v1/cr/32/45/55/48/32455548_109700c|https://photos.encuentra24.com/t_or_fh_m/f_auto/v1/cr/32/44/70/17/32447017_fcede3e
encuentra24,32608370,https://www.encuentra24.com/costa-rica-es/bienes-raices-alquiler-apartamentos/apartamento-alquiler-santa-ana-quintas-don-lalo/32608370,rent,active,San José provincia,Santa Ana,Santa Ana Centro,APARTAMENTO ALQUILER SANTA ANA - QUINTAS DON LALO,"Apartamento en alquiler - Santa Ana, Quintas Don Lalo Apartamento de dos habitaciones ubicado en el residencial Quintas Don Lalo, Santa Ana, en una de las zonas con mayor acceso a servicios de la Gran Área Metropolitana. Su ubicación permite llegar en pocos minutos a supermercados, centros comerciales, bancos, restaurantes y vías principales de acceso. La unidad cuenta con sala y comedor integrados en un espacio amplio y funcional, cocina independiente de buen tamaño con área de pila, y balcón. Incluye un espacio de parqueo asignado. - 2 habitaciones - Sala comedor amplia - Balcón - Cocina amplia - Área de pila - 1 parqueo incluido Ubicación: Quintas Don Lalo, Santa Ana Precio de alquiler: 425.000 colones mensuales Contáctame, soy Jesús Abreu MLS: 26-2231",Condo,,,,,,,{},Urban,"{""Steep Slope""}",,,,,CRC,,https://photos.encuentra24.com/t_or_fh_m/f_auto/v1/cr/32/60/83/70/32608370_9eb2acb581a05130be01e4bf5b9b625d-f9b020c|https://photos.encuentra24.com/t_or_fh_m/f_auto/v1/cr/32/60/83/70/32608370_9eb2acb581a05130be01e4bf5b9b625d-a325a5f|https://photos.encuentra24.com/t_or_fh_m/f_auto/v1/cr/32/60/83/70/32608370_9eb2acb581a05130be01e4bf5b9b625d-033f71a|https://photos.encuentra24.com/t_or_fh_m/f_auto/v1/cr/32/60/83/70/32608370_9eb2acb581a05130be01e4bf5b9b625d-892506d|https://photos.encuentra24.com/t_or_fh_m/f_auto/v1/cr/32/60/83/70/32608370_9eb2acb581a05130be01e4bf5b9b625d-0c0b7f4|https://photos.encuentra24.com/t_or_fh_m/f_auto/v1/cr/32/60/83/70/32608370_9eb2acb581a05130be01e4bf5b9b625d-bbb1880|https://photos.encuentra24.com/t_or_fh_m/f_auto/v1/cr/32/60/83/70/32608370_9eb2acb581a05130be01e4bf5b9b625d-de592a8|https://photos.encuentra24.com/t_or_fh_m/f_auto/v1/cr/32/60/83/70/32608370_9eb2acb581a05130be01e4bf5b9b625d-aa58ba9|https://photos.encuentra24.com/t_or_fh_m/f_auto/v1/cr/32/60/83/70/32608370_9eb2acb581a05130be01e4bf5b9b625d-6880449|https://photos.encuentra24.com/t_or_fh_m/f_auto/v1/cr/32/60/83/70/32608370_9eb2acb581a05130be01e4bf5b9b625d-409e5db|https://photos.encuentra24.com/t_or_fh_m/f_auto/v1/cr/32/60/83/70/32608370_9eb2acb581a05130be01e4bf5b9b625d-c8c0d2e|https://photos.encuentra24.com/t_or_fh_m/f_auto/v1/cr/32/60/83/70/32608370_9eb2acb581a05130be01e4bf5b9b625d-adf8c5d|https://photos.encuentra24.com/t_or_fh_m/f_auto/v1/cr/32/60/83/70/32608370_9eb2acb581a05130be01e4bf5b9b625d-22aa522|https://photos.encuentra24.com/t_or_fh_m/f_auto/v1/cr/32/60/83/70/32608370_9eb2acb581a05130be01e4bf5b9b625d-f6cd0b1|https://photos.encuentra24.com/t_or_fh_m/f_auto/v1/cr/32/60/83/70/32608370_9eb2acb581a05130be01e4bf5b9b625d-a109085|https://photos.encuentra24.com/t_or_fh_m/f_auto/v1/cr/32/60/83/70/32608370_9eb2acb581a05130be01e4bf5b9b625d-5d436b5|https://photos.encuentra24.com/t_or_fh_m/f_auto/v1/cr/32/60/83/70/32608370_9eb2acb581a05130be01e4bf5b9b625d-48b2a24|https://photos.encuentra24.com/t_or_fh_m/f_auto/v1/cr/32/60/83/70/32608370_9eb2acb581a05130be01e4bf5b9b625d-6796339|https://photos.encuentra24.com/t_or_fh_m/f_auto/v1/cr/32/60/83/70/32608370_9eb2acb581a05130be01e4bf5b9b625d-538bdcb|https://photos.encuentra24.com/t_or_fh_m/f_auto/v1/cr/32/62/72/95/32627295_b6d0bfbbbff168cf3ce783785c620d82-4e43d97|https://photos.encuentra24.com/t_or_fh_m/f_auto/v1/cr/32/40/16/75/32401675_cae3a8d|https://photos.encuentra24.com/t_or_fh_m/f_auto/v1/cr/31/98/32/94/31983294_1cbe624|https://photos.encuentra24.com/t_or_fh_m/f_auto/v1/cr/32/60/76/52/32607652_194c2f13d3d4073f56d86bc28e896363-7ca1420|https://photos.encuentra24.com/t_or_fh_m/f_auto/v1/cr/32/52/35/42/32523542_aa8b14236c140a2cfb88361548f505be-c7e8b15|https://photos.encuentra24.com/t_or_fh_m/f_auto/v1/cr/32/61/32/21/32613221_8a3da83|https://photos.encuentra24.com/t_or_fh_m/f_auto/v1/cr/31/31/14/81/31311481_b96bd1|https://photos.encuentra24.com/t_or_fh_m/f_auto/v1/cr/32/11/03/49/32110349_46a670b690e82f3f6a835a7c4903e8ba-8c1ed5c|https://photos.encuentra24.com/t_or_fh_m/f_auto/v1/cr/32/63/59/10/32635910_d8292b0793d7c72d29ef0662d2330f5a-746d15f|https://photos.encuentra24.com/t_or_fh_m/f_auto/v1/cr/32/53/61/25/32536125_842b455|https://photos.encuentra24.com/t_or_fh_m/f_auto/v1/cr/31/90/23/69/31902369_fe8b6b6|https://photos.encuentra24.com/t_or_fh_m/f_auto/v1/cr/32/12/42/48/32124248_ed5c93e|https://photos.encuentra24.com/t_or_fh_m/f_auto/v1/cr/32/22/63/61/32226361_5dc24ee36ad539f5c1cd4909c416f7eb-3d61406|https://photos.encuentra24.com/t_or_fh_m/f_auto/v1/cr/32/24/20/11/32242011_7985148
encuentra24,32497689,https://www.encuentra24.com/costa-rica-es/bienes-raices-alquiler-casas/alquiler-de-casa-con-uso-mixto-residencial-comercial-en-la-sabana-recien-remodelada/32497689,rent,active,San José provincia,San José Capital,Mata Redonda,Alquiler de Casa con Uso Mixto (Residencial - Comercial) en La Sabana. ¡Recién remodelada!,"La Sabana, Mata Redonda, San José. Alquiler de Casa - Uso de Suelo Mixto (Residencial - Comercial). 5 Habitaciones / 3.5 Baños / 2 Parqueos / Jardín inmenso. ¡Recién remodelada! Con jardín y lista para entrar. Ideal para oficinas. Ubicación inmejorable a pasos de todo, muy cerca de Torre Universal. PRECIO: $3,500 + IVA al mes. DISTRIBUCIÓN: - NIVEL 1: 1 habitación u oficina, ½ baño, sala, comedor, terraza, cocina con antecomedor, cuarto de servicio con baño completo (que puede ser utilizado como una oficina), cuarto de pilas, patio de luz o tendido, un jardín inmenso, rancho, y cochera para 2 vehículos (uno en garage cerrado y otro en cochera exterior). Adicionalmente, otros vehículos pueden parquear en la acera. - NIVEL 2: 3 habitaciones: Habitación principal (con walk-in-closet y baño completo) y 2 habitaciones secundarias (con baño completo compartido), sala de TV y un hermoso balcón. MEDIDAS: Construcción: 325 m2 / Lote: 498 m2 CARACTERÍSTICAS: - Impecable y en excelente estado. - Completamente remodelada en su totalidad. - Tiene tanque de almacenamiento de agua con bomba. - No apta / No acondicionada a la Ley 7600. - No tiene aire acondicionado (De requerirse, el inquilino debe instalarlo). UBICACIÓN (LUGARES CERCANOS DE REFERENCIA): Parque Metropolitano La Sabana, Estadio Nacional, Paseo Colón, Nunciatura, Rohrmoser, Ruta 27, Microsoft, etc. * LISTING EN EXCLUSIVA * © Derechos reservados en cada fotografía, texto y video. * Su uso por terceros únicamente con autorización previa de LuxSphere Realty Group - Costa Rica. * LuxSphere Realty Group - Costa Rica se reserva el derecho de interponer las acciones administrativas y/o judiciales que correspondan por los daños y perjuicios que su difusión no autorizada ocasione. * La utilización y/o divulgación de las fotografías o videos sin consentimiento previo, o la eliminación de su marca de agua por un tercero, mediante el recorte o modificación de la imagen en cualquier forma, resultará violatorio de los Derechos de Autor y se procederá a las medidas legales correspondientes. —",House,,,,,,,"{""Water"",""Electricity""}",Riverfront,{},Walkable,,,3500,USD,,https://photos.encuentra24.com/t_or_fh_m/f_auto/v1/cr/32/49/76/89/32497689_1f0cdcf|https://photos.encuentra24.com/t_or_fh_m/f_auto/v1/cr/32/49/76/89/32497689_5879505|https://photos.encuentra24.com/t_or_fh_m/f_auto/v1/cr/32/49/76/89/32497689_217016c|https://photos.encuentra24.com/t_or_fh_m/f_auto/v1/cr/32/49/76/89/32497689_50cb117|https://photos.encuentra24.com/t_or_fh_m/f_auto/v1/cr/32/49/76/89/32497689_acfab47|https://photos.encuentra24.com/t_or_fh_m/f_auto/v1/cr/32/49/76/89/32497689_a01d520|https://photos.encuentra24.com/t_or_fh_m/f_auto/v1/cr/32/49/76/89/32497689_7abe054|https://photos.encuentra24.com/t_or_fh_m/f_auto/v1/cr/32/49/76/89/32497689_44fa828|https://photos.encuentra24.com/t_or_fh_m/f_auto/v1/cr/32/49/76/89/32497689_ef986fe|https://photos.encuentra24.com/t_or_fh_m/f_auto/v1/cr/32/49/76/89/32497689_cd6cc88|https://photos.encuentra24.com/t_or_fh_m/f_auto/v1/cr/32/49/76/89/32497689_35b12ca|https://photos.encuentra24.com/t_or_fh_m/f_auto/v1/cr/32/49/76/89/32497689_603b875|https://photos.encuentra24.com/t_or_fh_m/f_auto/v1/cr/32/49/76/89/32497689_d1bd94f|https://photos.encuentra24.com/t_or_fh_m/f_auto/v1/cr/32/49/76/89/32497689_59e60f0|https://photos.encuentra24.com/t_or_fh_m/f_auto/v1/cr/32/49/76/89/32497689_8af28b9|https://photos.encuentra24.com/t_or_fh_m/f_auto/v1/cr/32/49/76/89/32497689_83d7aa4|https://photos.encuentra24.com/t_or_fh_m/f_auto/v1/cr/32/49/76/89/32497689_baa5bac|https://photos.encuentra24.com/t_or_fh_m/f_auto/v1/cr/32/49/76/89/32497689_1b04aaa|https://photos.encuentra24.com/t_or_fh_m/f_auto/v1/cr/32/49/76/89/32497689_886fd89|https://photos.encuentra24.com/t_or_fh_m/f_auto/v1/cr/32/49/76/89/32497689_9ac8583|https://photos.encuentra24.com/t_user_logo/v1/users/logo/12/11/89/91/12118991_9015fc|https://photos.encuentra24.com/t_cnseal/v1594676252/cnseal/5f0cd41c4a555_Bildschirmfotocccbr.png|https://photos.encuentra24.com/t_cnseal/v1697642511/cnseal/652ff80f42db6_Verified%20badge.png|https://photos.encuentra24.com/t_or_fh_m/f_auto/v1/cr/31/16/31/67/31163167_9ce22b|https://photos.encuentra24.com/t_or_fh_m/f_auto/v1/cr/32/59/85/24/32598524_61b5830056fb249ff0b4a09e14c733ad-12ad4f2|https://photos.encuentra24.com/t_or_fh_m/f_auto/v1/cr/32/56/28/84/32562884_72c5895dbffb8cb7e10bf3b810358ee8-38752ef|https://photos.encuentra24.com/t_or_fh_m/f_auto/v1/cr/32/38/32/94/32383294_a3a7759b3485b867045f70e22ce9d36e-d8b659d|https://photos.encuentra24.com/t_or_fh_m/f_auto/v1/cr/32/38/77/03/32387703_6f7acf8|https://photos.encuentra24.com/t_or_fh_m/f_auto/v1/cr/32/59/62/33/32596233_98b998d63aa1d281f1dc32a7228dff6e-a6b6210|https://photos.encuentra24.com/t_or_fh_m/f_auto/v1/cr/28/58/73/11/28587311_7eeb0b|https://photos.encuentra24.com/t_or_fh_m/f_auto/v1/cr/32/50/20/55/32502055_10141d8|https://photos.encuentra24.com/t_or_fh_m/f_auto/v1/cr/32/51/96/25/32519625_3fee466547afb07737ed5d1e7bd3f89b-6ef480e|https://photos.encuentra24.com/t_or_fh_m/f_auto/v1/cr/32/51/22/45/32512245_7f84152ca03b9d9785748eb67c5a16e7-2afa544|https://photos.encuentra24.com/t_or_fh_m/f_auto/v1/cr/32/51/34/48/32513448_2ea2cf182856fb2a6dd8d489e9859f41-56d8e6f|https://photos.encuentra24.com/t_or_fh_m/f_auto/v1/cr/32/50/17/95/32501795_f53c733|https://photos.encuentra24.com/t_or_fh_m/f_auto/v1/cr/31/68/96/12/31689612_289fe9|https://photos.encuentra24.com/t_or_fh_m/f_auto/v1/cr/32/35/52/77/32355277_25a3c0b3314d29e3965ff67d90a9a7d5-1cb4419
encuentra24,32539476,https://www.encuentra24.com/costa-rica-es/bienes-raices-alquiler-apartamentos/alquilo-apartamento-tipo-estudio-en-escazu-nuevo-y-economico/32539476,rent,active,San José provincia,Escazú,San Rafael,Alquilo apartamento tipo estudio en Escazu. Nuevo y Económico,"Se alquila apartamento tipo estudio, con cocina con muebles y baño completo, en San Rafael de Escazú. Cerca de La Paco, Grupo Roble, Multiplaza Escazu, Hospital Cima, Avenida Escazu, Escazú Village y más. Disponible apartamento, es del tipo estudio, cómodo y funcional. Características: - Excelente ubicación - Acabados de lujo - Cocina con mueble - Muy buena iluminación y ventilación - Patio de pilas techado y con lavadora y secadora incluido (común) - Apartamentos cómodos - Precio super económico - No incluye cochera. Podemos incluir un garage por 30.000 colones adicionales. *El precio del alquiler incluye todos los serivcios: agua, luz, cable e internet y seguridad 24/7 Por lo que usted no tendrá que pagar ningún servicio adicional Aproveche y no deje pasar esta oportunidad de estrenar un apartamento SUPER ECONÓMICO y NUEVO en excelente ubicación en Escazu!! No se aceptan mascotas. Es para 1 o 2 personas máximo. Precio: ¢285.000 por mes, incluye los servicios y todo lo mencionado anteriormente.",Condo,,,,,,,"{""Water"",""Electricity""}",,{},,,,,CRC,,https://photos.encuentra24.com/t_or_fh_m/f_auto/v1/cr/32/53/94/76/32539476_8ae983|https://photos.encuentra24.com/t_or_fh_m/f_auto/v1/cr/32/53/94/76/32539476_e275ae|https://photos.encuentra24.com/t_or_fh_m/f_auto/v1/cr/32/53/94/76/32539476_ccfa04|https://photos.encuentra24.com/t_or_fh_m/f_auto/v1/cr/32/53/94/76/32539476_b4e2b0|https://photos.encuentra24.com/t_or_fh_m/f_auto/v1/cr/32/53/94/76/32539476_075b61|https://photos.encuentra24.com/t_or_fh_m/f_auto/v1/cr/32/53/94/76/32539476_3a6e07|https://photos.encuentra24.com/t_or_fh_m/f_auto/v1/cr/32/53/94/76/32539476_7f3f98|https://photos.encuentra24.com/t_or_fh_m/f_auto/v1/cr/32/53/94/76/32539476_bc813a|https://photos.encuentra24.com/t_or_fh_m/f_auto/v1/cr/32/53/94/76/32539476_82e34e|https://photos.encuentra24.com/t_or_fh_m/f_auto/v1/cr/32/53/94/76/32539476_5eddb4|https://photos.encuentra24.com/t_cnseal/v1594676252/cnseal/5f0cd41c4a555_Bildschirmfotocccbr.png|https://photos.encuentra24.com/t_or_fh_m/f_auto/v1/cr/32/64/35/08/32643508_5cfecf72b09d78f64442f48b630b95aa-d3d9220|https://photos.encuentra24.com/t_or_fh_m/f_auto/v1/cr/32/55/66/28/32556628_38c7c8d|https://photos.encuentra24.com/t_or_fh_m/f_auto/v1/cr/32/55/29/94/32552994_5680c7a|https://photos.encuentra24.com/t_or_fh_m/f_auto/v1/cr/31/79/95/54/31799554_e52c74|https://photos.encuentra24.com/t_or_fh_m/f_auto/v1/cr/28/61/05/92/28610592_00a5a9|https://photos.encuentra24.com/t_or_fh_m/f_auto/v1/cr/32/53/29/91/32532991_9230449|https://photos.encuentra24.com/t_or_fh_m/f_auto/v1/cr/32/39/52/01/32395201_27d5e87|https://photos.encuentra24.com/t_or_fh_m/f_auto/v1/cr/30/86/29/01/30862901_3897a2|https://photos.encuentra24.com/t_or_fh_m/f_auto/v1/cr/31/70/92/80/31709280_d4376f|https://photos.encuentra24.com/t_or_fh_m/f_auto/v1/cr/28/24/01/71/28240171_7d9b41|https://photos.encuentra24.com/t_or_fh_m/f_auto/v1/cr/32/28/35/84/32283584_e8bb46|https://photos.encuentra24.com/t_or_fh_m/f_auto/v1/cr/32/54/85/31/32548531_1a66b3|https://photos.encuentra24.com/t_or_fh_m/f_auto/v1/cr/31/23/61/47/31236147_8393bf
encuentra24,32622598,https://www.encuentra24.com/costa-rica-es/bienes-raices-alquiler-apartamentos/ideal-para-teletrabajo-2-hab-oficina-amplio-y-muy-iluminado-sabanilla-montes-de-oca/32622598,rent,active,San José provincia,Montes de Oca,Sabanilla,"Ideal para teletrabajo. 2 hab. + Oficina. Amplio y muy iluminado. Sabanilla, Montes de Oca","Amplios espacios, iluminación natural, ideal para teletrabajar. 2 habitaciones / oficina / 2 baños / 1 parqueo techado / 115 m2 Alquiler de moderno apartamento de 2 hab. + oficina. Condominio Roraima. Sabanilla. Este amplio apartamento consta de: · Sala - comedor · Cocina con muebles y sobre de cuarzo (incluye plantilla empotrada y horno microondas con extractor nuevos) · 2 habitaciones con modernos closets (principal con baño) · 2 baños completos · 1 oficina (o tercera habitación) · Balcón con salida desde la sala · Segundo balcón con salidas desde las habitaciones · 1 parqueo bajo techo · Cuarto de pilas (para torre de lavado o lavaseca) · Área: 115 m2 (sin contar parqueo) Cuota de mantenimiento incluida. Mismo monto de depósito. Se permite 1 mascota. Este es un condominio de solo 21 unidades y ofrece: · Área de coworking y lounge con espacio para BBQ · Zona verde para mascotas · Gimnasio · Área de juegos para niños · Seguridad 24/7 · Elevador A an solo 150 m de las instalaciones deportivas de la UCR, con fácil acceso a Sabanilla, San Pedro, Moravia y Guadalupe.",Condo,,,,,,,{},,{},,,,,USD,,https://photos.encuentra24.com/t_or_fh_m/f_auto/v1/cr/32/62/25/98/32622598_6fbba47|https://photos.encuentra24.com/t_or_fh_m/f_auto/v1/cr/32/62/25/98/32622598_a22a549|https://photos.encuentra24.com/t_or_fh_m/f_auto/v1/cr/32/62/25/98/32622598_410889a|https://photos.encuentra24.com/t_or_fh_m/f_auto/v1/cr/32/62/25/98/32622598_c9b5442|https://photos.encuentra24.com/t_or_fh_m/f_auto/v1/cr/32/62/25/98/32622598_411e3bf|https://photos.encuentra24.com/t_or_fh_m/f_auto/v1/cr/32/62/25/98/32622598_9e42cd9|https://photos.encuentra24.com/t_or_fh_m/f_auto/v1/cr/32/62/25/98/32622598_d8f553c|https://photos.encuentra24.com/t_or_fh_m/f_auto/v1/cr/32/62/25/98/32622598_f0109d4|https://photos.encuentra24.com/t_or_fh_m/f_auto/v1/cr/32/62/25/98/32622598_e8093ed|https://photos.encuentra24.com/t_or_fh_m/f_auto/v1/cr/32/62/25/98/32622598_868f5b0|https://photos.encuentra24.com/t_or_fh_m/f_auto/v1/cr/32/62/25/98/32622598_c1cd2f0|https://photos.encuentra24.com/t_or_fh_m/f_auto/v1/cr/32/62/25/98/32622598_4b0dc7f|https://photos.encuentra24.com/t_or_fh_m/f_auto/v1/cr/32/62/25/98/32622598_900d4c0|https://photos.encuentra24.com/t_or_fh_m/f_auto/v1/cr/32/62/25/98/32622598_1f7f0d2|https://photos.encuentra24.com/t_or_fh_m/f_auto/v1/cr/32/62/25/98/32622598_ac15a2f|https://photos.encuentra24.com/t_or_fh_m/f_auto/v1/cr/32/62/25/98/32622598_f766a59|https://photos.encuentra24.com/t_or_fh_m/f_auto/v1/cr/32/62/25/98/32622598_01ede5e|https://photos.encuentra24.com/t_or_fh_m/f_auto/v1/cr/32/62/25/98/32622598_098f097|https://photos.encuentra24.com/t_or_fh_m/f_auto/v1/cr/32/62/25/98/32622598_0970a93|https://photos.encuentra24.com/t_or_fh_m/f_auto/v1/cr/32/62/25/98/32622598_efb9293|https://photos.encuentra24.com/t_user_logo/v1/users/logo/12/83/75/88/12837588_c9ea1f|https://photos.encuentra24.com/t_cnseal/v1697642511/cnseal/652ff80f42db6_Verified%20badge.png|https://photos.encuentra24.com/t_cnseal/v1594676252/cnseal/5f0cd41c4a555_Bildschirmfotocccbr.png|https://photos.encuentra24.com/t_or_fh_m/f_auto/v1/cr/32/40/37/69/32403769_62cdc2c|https://photos.encuentra24.com/t_or_fh_m/f_auto/v1/cr/32/51/84/77/32518477_fd51023|https://photos.encuentra24.com/t_or_fh_m/f_auto/v1/cr/32/42/35/54/32423554_28c07b4|https://photos.encuentra24.com/t_or_fh_m/f_auto/v1/cr/32/54/36/60/32543660_571a88686ee3c9a898454a7c17d5ad3f-e4ef3cc|https://photos.encuentra24.com/t_or_fh_m/f_auto/v1/cr/32/42/42/19/32424219_027c1c581d3ba71ac4f7f954508e7865-0025c70|https://photos.encuentra24.com/t_or_fh_m/f_auto/v1/cr/32/23/00/37/32230037_e893020|https://photos.encuentra24.com/t_or_fh_m/f_auto/v1/cr/32/55/57/22/32555722_0efd7e7|https://photos.encuentra24.com/t_or_fh_m/f_auto/v1/cr/32/24/84/19/32248419_9ee50c4|https://photos.encuentra24.com/t_or_fh_m/f_auto/v1/cr/32/06/92/51/32069251_66455148789a26ceb4ad553a530c4d01-e59358a|https://photos.encuentra24.com/t_or_fh_m/f_auto/v1/cr/32/37/80/24/32378024_09ea9f0e5fc6139d4b90a1bb2cefc2a9-811ac20|https://photos.encuentra24.com/t_or_fh_m/f_auto/v1/cr/31/97/76/31/31977631_92100da0fe1b66828dad54a3e8758c65-879299c|https://photos.encuentra24.com/t_or_fh_m/f_auto/v1/cr/31/48/22/28/31482228_51abda|https://photos.encuentra24.com/t_or_fh_m/f_auto/v1/cr/32/52/30/27/32523027_298511310856cc7520b79d915ccc4015-a12b961|https://photos.encuentra24.com/t_or_fh_m/f_auto/v1/cr/31/55/52/20/31555220_1fe858
encuentra24,32331821,https://www.encuentra24.com/costa-rica-es/bienes-raices-alquiler-comercios/centro-de-bienestar-y-negocios/32331821,rent,active,Cartago provincia,Cartago,Oriental,Centro de bienestar y negocios,"Versatilidad en el mejor punto de la ciudad! De Cartago. Primer mes de renta de gracia Alquilo propiedad ideal para proyectos multiconsultorio o corporativos (Estéticas, Clínicas, Bufetes). Múltiples espacios privados. Áreas comunes funcionales. Ubicación de alto tránsito/exclusividad. ¡Deje de buscar y empiece a operar! Contáctenos para una visita. Se alquilan consultorios u oficinas a pocos metros del Hospital Max Peralta Edificio de un piso que cumple con la Ley 7600 Cuenta con. 6 oficinas o consultorios Recepción de 16 m2 Pequeña área de cocina Servicio sanitario para discapacitados Dos Servicios sanitarios adicionales Jardín Parqueos uno privado y hay permiso de parquear sobre la calle Deje de buscar y empiece a operar Contáctenos para una visita",Commercial Property,,,,,,,{},Riverfront|Urban,{},,,,,CRC,,https://photos.encuentra24.com/t_or_fh_m/f_auto/v1/cr/32/33/18/21/32331821_6096f2d|https://photos.encuentra24.com/t_or_fh_m/f_auto/v1/cr/32/33/18/21/32331821_8f5f36e|https://photos.encuentra24.com/t_or_fh_m/f_auto/v1/cr/32/33/18/21/32331821_dc2c49d|https://photos.encuentra24.com/t_or_fh_m/f_auto/v1/cr/32/33/18/21/32331821_81fdb33|https://photos.encuentra24.com/t_or_fh_m/f_auto/v1/cr/32/33/18/21/32331821_5df12c9|https://photos.encuentra24.com/t_or_fh_m/f_auto/v1/cr/32/33/18/21/32331821_3c0c082|https://photos.encuentra24.com/t_or_fh_m/f_auto/v1/cr/32/33/18/21/32331821_9b7ed7b|https://photos.encuentra24.com/t_or_fh_m/f_auto/v1/cr/32/33/18/21/32331821_c6faceb|https://photos.encuentra24.com/t_or_fh_m/f_auto/v1/cr/32/33/18/21/32331821_c3d83cd|https://photos.encuentra24.com/t_or_fh_m/f_auto/v1/cr/32/33/18/21/32331821_fd21957|https://photos.encuentra24.com/t_or_fh_m/f_auto/v1/cr/32/33/18/21/32331821_740fa6b|https://photos.encuentra24.com/t_user_logo/v1/users/logo/21/84/32/218432_e5dcf3|https://photos.encuentra24.com/t_or_fh_m/f_auto/v1/cr/31/83/74/55/31837455_cd73a38|https://photos.encuentra24.com/t_or_fh_m/f_auto/v1/cr/32/12/15/27/32121527_f524968|https://photos.encuentra24.com/t_or_fh_m/f_auto/v1/cr/32/46/09/74/32460974_734f1d6|https://photos.encuentra24.com/t_or_fh_m/f_auto/v1/cr/31/97/24/83/31972483_8181944|https://photos.encuentra24.com/t_or_fh_m/f_auto/v1/cr/32/41/29/39/32412939_a64aa80|https://photos.encuentra24.com/t_or_fh_m/f_auto/v1/cr/31/86/75/10/31867510_bf967a|https://photos.encuentra24.com/t_or_fh_m/f_auto/v1/cr/31/19/15/68/31191568_7e9bca
encuentra24,32581169,https://www.encuentra24.com/costa-rica-es/bienes-raices-alquiler-apartamentos-amueblados/escazu-apart-amueblado-220-g-de-vista-escazu-c-560-000-serv-incluidos-no-electricidad/32581169,rent,active,San José provincia,Escazú,San Rafael,ESCAZU-APART AMUEBLADO 220 G DE VISTA ESCAZU-C.560.000 SERV INCLUIDOS-NO ELECTRICIDAD,"APARTAMENTO EJECUTIVO EN ALQUILER totalmente AMUEBLADO– SAN RAFAEL DE ESCAZÚ C560.000 por mes Descubra la combinación perfecta entre comodidad, ubicación y vistas espectaculares en 114 Calle María Fe, un exclusivo proyecto ubicado en San Rafael de Escazú, una de las zonas más privilegiadas y cotizadas del país, a tan solo 5 minutos de comercios, restaurantes, centros corporativos, supermercados, hospitales y todos los servicios esenciales. Este hermoso apartamento de 75 m² ha sido diseñado para quienes valoran la calidad de vida, la tranquilidad y un entorno ideal para trabajar desde casa. Características del apartamento: • Amplia sala y comedor integrados, con una distribución moderna y funcional. • Grandes ventanales que permiten abundante entrada de luz natural durante todo el día. • Impresionantes vistas a las montañas y a la ciudad. • Cocina completamente nueva, equipada con electrodomésticos a estrenar y elegantes muebles de Euromobilia. • Dormitorio principal de gran tamaño con sistema de iluminación cálida que crea un ambiente acogedor y relajante. • Escritorio ejecutivo especialmente acondicionado para trabajo remoto, ideal para profesionales que requieren un espacio cómodo para videoconferencias y jornadas de teletrabajo. • Amplio walking closet. • Balcón privado con una espectacular vista panorámica de aproximadamente 220°, desde donde podrá admirar San José y los volcanes Poás, Irazú, Turrialba y Barva. • Parqueo para dos vehículos. Un lugar único para vivir La tranquilidad del entorno, la espectacular vista y la excelente ubicación hacen de este apartamento una opción ideal para ejecutivos, profesionales, parejas o personas que trabajan de manera virtual y buscan un espacio inspirador, cómodo y seguro. Ubicación privilegiada: San Rafael de Escazú A solo 5 minutos de todo Alquiler mensual: 600.000 No se aceptan mascotas 114 Calle María Fe le ofrece la oportunidad de vivir rodeado de comodidad, elegancia y algunas de las mejores vistas del Valle Central. Contáctenos para más información o para coordinar una visita.",Condo,,,,,,,"{""Electricity""}",Riverfront|Urban,"{""River Valley""}",Walkable,,,560000,CRC,,https://photos.encuentra24.com/t_or_fh_m/f_auto/v1/cr/32/58/11/69/32581169_d2a5647|https://photos.encuentra24.com/t_or_fh_m/f_auto/v1/cr/32/58/11/69/32581169_431f080|https://photos.encuentra24.com/t_or_fh_m/f_auto/v1/cr/32/58/11/69/32581169_f541a1c|https://photos.encuentra24.com/t_or_fh_m/f_auto/v1/cr/32/58/11/69/32581169_13ba64a|https://photos.encuentra24.com/t_or_fh_m/f_auto/v1/cr/32/58/11/69/32581169_f92c73e|https://photos.encuentra24.com/t_or_fh_m/f_auto/v1/cr/32/58/11/69/32581169_062ce2f|https://photos.encuentra24.com/t_or_fh_m/f_auto/v1/cr/32/58/11/69/32581169_9922537|https://photos.encuentra24.com/t_or_fh_m/f_auto/v1/cr/32/58/11/69/32581169_af7095f|https://photos.encuentra24.com/t_or_fh_m/f_auto/v1/cr/32/58/11/69/32581169_fb7b87f|https://photos.encuentra24.com/t_or_fh_m/f_auto/v1/cr/32/58/11/69/32581169_246cd97|https://photos.encuentra24.com/t_or_fh_m/f_auto/v1/cr/32/58/11/69/32581169_73e7b6f|https://photos.encuentra24.com/t_or_fh_m/f_auto/v1/cr/32/58/11/69/32581169_9b77184|https://photos.encuentra24.com/t_or_fh_m/f_auto/v1/cr/32/58/11/69/32581169_32795ba|https://photos.encuentra24.com/t_or_fh_m/f_auto/v1/cr/32/58/11/69/32581169_58f9623|https://photos.encuentra24.com/t_or_fh_m/f_auto/v1/cr/32/58/11/69/32581169_5f1fc47|https://photos.encuentra24.com/t_or_fh_m/f_auto/v1/cr/32/58/11/69/32581169_5e5cff2|https://photos.encuentra24.com/t_or_fh_m/f_auto/v1/cr/32/58/11/69/32581169_62ab178|https://photos.encuentra24.com/t_or_fh_m/f_auto/v1/cr/32/58/11/69/32581169_5e2b234|https://photos.encuentra24.com/t_or_fh_m/f_auto/v1/cr/32/58/11/69/32581169_49c1c90|https://photos.encuentra24.com/t_or_fh_m/f_auto/v1/cr/32/58/11/69/32581169_8c3da1b|https://photos.encuentra24.com/t_user_logo/v1/users/logo/59/29/59/592959_0a067a|https://photos.encuentra24.com/t_cnseal/v1697642511/cnseal/652ff80f42db6_Verified%20badge.png|https://photos.encuentra24.com/t_or_fh_m/f_auto/v1/cr/31/58/38/62/31583862_fe445e|https://photos.encuentra24.com/t_or_fh_m/f_auto/v1/cr/32/44/47/51/32444751_290a1bb|https://photos.encuentra24.com/t_or_fh_m/f_auto/v1/cr/32/59/18/59/32591859_8ecae3e28fef92b6ecc4845c44353115-4746626|https://photos.encuentra24.com/t_or_fh_m/f_auto/v1/cr/31/66/18/39/31661839_aa33d1b|https://photos.encuentra24.com/t_or_fh_m/f_auto/v1/cr/32/60/44/79/32604479_887478b|https://photos.encuentra24.com/t_or_fh_m/f_auto/v1/cr/32/58/78/39/32587839_eea470e|https://photos.encuentra24.com/t_or_fh_m/f_auto/v1/cr/31/54/85/07/31548507_4bb5d8|https://photos.encuentra24.com/t_or_fh_m/f_auto/v1/cr/30/19/26/05/30192605_e3aed2|https://photos.encuentra24.com/t_or_fh_m/f_auto/v1/cr/31/85/64/07/31856407_d1416a|https://photos.encuentra24.com/t_or_fh_m/f_auto/v1/cr/31/99/24/10/31992410_3f0c199|https://photos.encuentra24.com/t_or_fh_m/f_auto/v1/cr/31/68/86/57/31688657_5a3db4|https://photos.encuentra24.com/t_or_fh_m/f_auto/v1/cr/21/63/78/21/21637821_158e30|https://photos.encuentra24.com/t_or_fh_m/f_auto/v1/cr/32/44/64/40/32446440_45d637d
encuentra24,32110349,https://www.encuentra24.com/costa-rica-es/bienes-raices-alquiler-casas/casa-alquiler-guachipelin-en-condominio-con-amenidades/32110349,rent,active,San José provincia,Escazú,San Rafael,CASA ALQUILER GUACHIPELIN EN CONDOMINIO CON AMENIDADES,"Vive la experiencia de una casa moderna y elegante, donde cada detalle ha sido pensado para tu comodidad. Esta propiedad de dos plantas no solo ofrece espacios amplios y acabados de lujo, sino también la posibilidad de disfrutar amenidades premium dignas de un club privado, sin pagar membresías adicionales. Aquí, la belleza de tu hogar se complementa con un estilo de vida exclusivo y accesible. Características de la Propiedad: • Dos plantas con diseño contemporáneo • Pisos de porcelanato en todas las áreas • Cocina integrada y equipada con electrodomésticos modernos • Jardín privado perfecto para reuniones y momentos de relax • Tres habitaciones, todas con aire acondicionado • 2.5 baños distribuidos estratégicamente • Ático para almacenamiento adicional • Dos parqueos techados Amenidades del Condominio: • Piscinas deportivas y recreativas • Play Room para niños • Dos casa club para eventos y reuniones • Áreas de BBQ • Cancha multiusos • Cancha de fútbol cinco • Cancha de tenis • Gimnasio equipado • Área de CrossFit • Senderos para caminar • Pet Park • Sala de juegos • Espacios de Coworking • Seguridad 24/7 Precio de Alquiler: $2,300 mensuales No pierdas oportunidad y contáctame para agendar una visita. Contáctame soy Jesús Abreu. Somos Rent-A-House Costa Rica MLS: 26-1584",Condo,,,,,,,{},,{},,,,2300,USD,,https://photos.encuentra24.com/t_or_fh_m/f_auto/v1/cr/32/11/03/49/32110349_46a670b690e82f3f6a835a7c4903e8ba-8c1ed5c|https://photos.encuentra24.com/t_or_fh_m/f_auto/v1/cr/32/11/03/49/32110349_46a670b690e82f3f6a835a7c4903e8ba-35b75c1|https://photos.encuentra24.com/t_or_fh_m/f_auto/v1/cr/32/11/03/49/32110349_46a670b690e82f3f6a835a7c4903e8ba-ab20a60|https://photos.encuentra24.com/t_or_fh_m/f_auto/v1/cr/32/11/03/49/32110349_46a670b690e82f3f6a835a7c4903e8ba-d0bdbf1|https://photos.encuentra24.com/t_or_fh_m/f_auto/v1/cr/32/11/03/49/32110349_46a670b690e82f3f6a835a7c4903e8ba-06c09bf|https://photos.encuentra24.com/t_or_fh_m/f_auto/v1/cr/32/11/03/49/32110349_46a670b690e82f3f6a835a7c4903e8ba-e7be933|https://photos.encuentra24.com/t_or_fh_m/f_auto/v1/cr/32/11/03/49/32110349_46a670b690e82f3f6a835a7c4903e8ba-4909823|https://photos.encuentra24.com/t_or_fh_m/f_auto/v1/cr/32/11/03/49/32110349_46a670b690e82f3f6a835a7c4903e8ba-37fed52|https://photos.encuentra24.com/t_or_fh_m/f_auto/v1/cr/32/11/03/49/32110349_46a670b690e82f3f6a835a7c4903e8ba-e5f6d68|https://photos.encuentra24.com/t_or_fh_m/f_auto/v1/cr/32/11/03/49/32110349_46a670b690e82f3f6a835a7c4903e8ba-148dda0|https://photos.encuentra24.com/t_or_fh_m/f_auto/v1/cr/32/11/03/49/32110349_46a670b690e82f3f6a835a7c4903e8ba-aa5c2e6|https://photos.encuentra24.com/t_or_fh_m/f_auto/v1/cr/32/11/03/49/32110349_46a670b690e82f3f6a835a7c4903e8ba-f9c1ccf|https://photos.encuentra24.com/t_or_fh_m/f_auto/v1/cr/32/11/03/49/32110349_46a670b690e82f3f6a835a7c4903e8ba-d637acb|https://photos.encuentra24.com/t_or_fh_m/f_auto/v1/cr/32/11/03/49/32110349_46a670b690e82f3f6a835a7c4903e8ba-c5b55c4|https://photos.encuentra24.com/t_or_fh_m/f_auto/v1/cr/32/11/03/49/32110349_46a670b690e82f3f6a835a7c4903e8ba-384073c|https://photos.encuentra24.com/t_or_fh_m/f_auto/v1/cr/32/11/03/49/32110349_46a670b690e82f3f6a835a7c4903e8ba-669ec64|https://photos.encuentra24.com/t_or_fh_m/f_auto/v1/cr/32/11/03/49/32110349_46a670b690e82f3f6a835a7c4903e8ba-c119abd|https://photos.encuentra24.com/t_or_fh_m/f_auto/v1/cr/32/11/03/49/32110349_46a670b690e82f3f6a835a7c4903e8ba-9cd255f|https://photos.encuentra24.com/t_or_fh_m/f_auto/v1/cr/32/11/03/49/32110349_46a670b690e82f3f6a835a7c4903e8ba-606d8d7|https://photos.encuentra24.com/t_or_fh_m/f_auto/v1/cr/32/51/49/61/32514961_fcee2d3|https://photos.encuentra24.com/t_or_fh_m/f_auto/v1/cr/32/61/74/51/32617451_ee5cd98|https://photos.encuentra24.com/t_or_fh_m/f_auto/v1/cr/32/24/20/11/32242011_7985148|https://photos.encuentra24.com/t_or_fh_m/f_auto/v1/cr/32/58/05/71/32580571_548073f11f8bea1ba009dcee2980c181-022990b|https://photos.encuentra24.com/t_or_fh_m/f_auto/v1/cr/32/54/60/71/32546071_2f3368cd22609e65f5234331be4dc2e1-51835f4|https://photos.encuentra24.com/t_or_fh_m/f_auto/v1/cr/32/10/25/81/32102581_20e95db18f7de3de2e5a556319ab39e2-91edc74|https://photos.encuentra24.com/t_or_fh_m/f_auto/v1/cr/31/85/81/11/31858111_995a58|https://photos.encuentra24.com/t_or_fh_m/f_auto/v1/cr/32/60/83/70/32608370_9eb2acb581a05130be01e4bf5b9b625d-f9b020c|https://photos.encuentra24.com/t_or_fh_m/f_auto/v1/cr/32/63/59/10/32635910_d8292b0793d7c72d29ef0662d2330f5a-746d15f|https://photos.encuentra24.com/t_or_fh_m/f_auto/v1/cr/32/53/61/25/32536125_842b455|https://photos.encuentra24.com/t_or_fh_m/f_auto/v1/cr/31/90/23/69/31902369_fe8b6b6|https://photos.encuentra24.com/t_or_fh_m/f_auto/v1/cr/32/12/42/48/32124248_ed5c93e|https://photos.encuentra24.com/t_or_fh_m/f_auto/v1/cr/32/22/63/61/32226361_5dc24ee36ad539f5c1cd4909c416f7eb-3d61406
encuentra24,28398049,https://www.encuentra24.com/costa-rica-es/bienes-raices-alquiler-alquiler-de-oficinas/alquiler-de-oficina-ii-tributo/28398049,rent,active,Heredia provincia,Belén,San Antonio,Alquiler de Oficina II Tributo,"TRIBUTO CORPORATE CENTER Se ubica sobre la Radial Santa Ana - San Rafael - Belén. La propiedad está conformada por dos edificios: TRIBUTO A: tres niveles TRIBUTO B: cuatro niveles. Ambos edificios, cuentan con un diseño contemporáneo, y apto para albergar empresas dedicadas al desarrollo de la creatividad, innovación, talento y tecnología de punta.",Commercial Property,,,,,,,{},,{},,,,,USD,,https://photos.encuentra24.com/t_or_fh_m/f_auto/v1/cr/28/39/80/49/28398049_6e5e32|https://photos.encuentra24.com/t_or_fh_m/f_auto/v1/cr/28/39/80/49/28398049_64c0a8|https://photos.encuentra24.com/t_or_fh_m/f_auto/v1/cr/28/39/80/49/28398049_493caa|https://photos.encuentra24.com/t_or_fh_m/f_auto/v1/cr/28/39/80/49/28398049_ca59c4|https://photos.encuentra24.com/t_or_fh_m/f_auto/v1/cr/28/39/80/49/28398049_d9bc06|https://photos.encuentra24.com/t_or_fh_m/f_auto/v1/cr/28/39/80/49/28398049_5b8304|https://photos.encuentra24.com/t_or_fh_m/f_auto/v1/cr/28/39/80/49/28398049_d8a0e6|https://photos.encuentra24.com/t_or_fh_m/f_auto/v1/cr/28/39/80/49/28398049_9288ca|https://photos.encuentra24.com/t_or_fh_m/f_auto/v1/cr/28/39/80/49/28398049_958273|https://photos.encuentra24.com/t_or_fh_m/f_auto/v1/cr/28/39/80/49/28398049_31ca72|https://photos.encuentra24.com/t_or_fh_m/f_auto/v1/cr/28/39/80/49/28398049_5076ae|https://photos.encuentra24.com/t_or_fh_m/f_auto/v1/cr/28/39/80/49/28398049_3682da|https://photos.encuentra24.com/t_or_fh_m/f_auto/v1/cr/28/39/80/49/28398049_04f3fd|https://photos.encuentra24.com/t_or_fh_m/f_auto/v1/cr/28/39/80/49/28398049_39de14|https://photos.encuentra24.com/t_or_fh_m/f_auto/v1/cr/28/39/80/49/28398049_4424a5|https://photos.encuentra24.com/t_or_fh_m/f_auto/v1/cr/28/39/80/49/28398049_ce49f5|https://photos.encuentra24.com/t_or_fh_m/f_auto/v1/cr/28/39/80/49/28398049_90e854|https://photos.encuentra24.com/t_or_fh_m/f_auto/v1/cr/28/39/80/49/28398049_f90d93|https://photos.encuentra24.com/t_cnseal/v1697642511/cnseal/652ff80f42db6_Verified%20badge.png|https://photos.encuentra24.com/t_or_fh_m/f_auto/v1/cr/30/82/73/57/30827357_f8ab1f|https://photos.encuentra24.com/t_or_fh_m/f_auto/v1/cr/30/87/16/24/30871624_21fe6f|https://photos.encuentra24.com/t_or_fh_m/f_auto/v1/cr/28/39/47/80/28394780_629836|https://photos.encuentra24.com/t_or_fh_m/f_auto/v1/cr/25/57/03/17/25570317_96a6c8|https://photos.encuentra24.com/t_or_fh_m/f_auto/v1/cr/30/84/04/65/30840465_694016|https://photos.encuentra24.com/t_or_fh_m/f_auto/v1/cr/28/39/46/62/28394662_0eb2f3|https://photos.encuentra24.com/t_or_fh_m/f_auto/v1/cr/30/81/96/82/30819682_fd800b8
encuentra24,23868527,https://www.encuentra24.com/costa-rica-es/bienes-raices-alquiler-apartamentos/nuevo-secret-escalante-san-pedro-apartamento-en-alquiler/23868527,rent,active,San José provincia,Montes de Oca,San Pedro,"NUEVO, SECRET ESCALANTE, SAN PEDRO, apartamento en ALQUILER,","Inmobiliaria 13, Le ofrecemos este hermoso apartamento, en el nuevo y exclusivo, Condominio Secret Escalante, Apartamento en Piso 17, cuenta con: - 1 habitacion - 1 baño completo - Área de lavado - Completamente amoblado de lujo (muebles de la artistica, althea, electrodomésticos de alta gama, etc) - Incluye internet de alta velocidad por fibra 300megs - Agua y luz * Torre exclusiva con amenidades de lujo también Concepto: LAS AMENIDADES MÁS MÁGICAS QUE ENCONTRATAS EN UN CONDOMINIO Condominio que es toda una experiencia inspirada en Alicia en el país de las maravillas, desde que ingresas al lobby te lleva a un mundo mágico.",Condo,,,,,,,"{""Water"",""Electricity"",""Fiber Internet""}",,{},,,,,USD,,https://photos.encuentra24.com/t_or_fh_m/f_auto/v1/cr/23/86/85/27/23868527_2061cf8|https://photos.encuentra24.com/t_or_fh_m/f_auto/v1/cr/23/86/85/27/23868527_208fe5c|https://photos.encuentra24.com/t_or_fh_m/f_auto/v1/cr/23/86/85/27/23868527_dc17e08|https://photos.encuentra24.com/t_or_fh_m/f_auto/v1/cr/23/86/85/27/23868527_e02fea1|https://photos.encuentra24.com/t_or_fh_m/f_auto/v1/cr/23/86/85/27/23868527_2bf6674|https://photos.encuentra24.com/t_or_fh_m/f_auto/v1/cr/23/86/85/27/23868527_6815f5d|https://photos.encuentra24.com/t_or_fh_m/f_auto/v1/cr/23/86/85/27/23868527_6458c39|https://photos.encuentra24.com/t_or_fh_m/f_auto/v1/cr/23/86/85/27/23868527_e7a10dc|https://photos.encuentra24.com/t_or_fh_m/f_auto/v1/cr/23/86/85/27/23868527_84be499|https://photos.encuentra24.com/t_or_fh_m/f_auto/v1/cr/23/86/85/27/23868527_b0be451|https://photos.encuentra24.com/t_or_fh_m/f_auto/v1/cr/23/86/85/27/23868527_47e54dc|https://photos.encuentra24.com/t_or_fh_m/f_auto/v1/cr/23/86/85/27/23868527_14d8f13|https://photos.encuentra24.com/t_user_logo/v1/users/logo/21/65/61/2165614_6f13f1|https://photos.encuentra24.com/t_cnseal/v1697642511/cnseal/652ff80f42db6_Verified%20badge.png|https://photos.encuentra24.com/t_or_fh_m/f_auto/v1/cr/32/47/28/35/32472835_e79a7497568faee4f92bb3afb69b1e1f-4655b13|https://photos.encuentra24.com/t_or_fh_m/f_auto/v1/cr/32/47/81/34/32478134_076d99f7138f73ddb4348fdee5d1cefd-2f7facf|https://photos.encuentra24.com/t_or_fh_m/f_auto/v1/cr/32/38/30/04/32383004_1f7b3dafc606bc082e58a904a8924cc9-fac7356|https://photos.encuentra24.com/t_or_fh_m/f_auto/v1/cr/31/97/64/54/31976454_433bd9e|https://photos.encuentra24.com/t_or_fh_m/f_auto/v1/cr/32/59/40/93/32594093_be544483d8bb76042243219dec437e8b-2257599|https://photos.encuentra24.com/t_or_fh_m/f_auto/v1/cr/32/43/89/63/32438963_901de016767acf608cde88fc18e56878-6e48399|https://photos.encuentra24.com/t_or_fh_m/f_auto/v1/cr/32/32/29/33/32322933_a74684c|https://photos.encuentra24.com/t_or_fh_m/f_auto/v1/cr/22/63/81/22/22638122_d8d4577|https://photos.encuentra24.com/t_or_fh_m/f_auto/v1/cr/32/50/53/02/32505302_cb8745ccf238b5dbc8af32b9cb3fd065-29a3e88|https://photos.encuentra24.com/t_or_fh_m/f_auto/v1/cr/31/77/33/99/31773399_91d32e7|https://photos.encuentra24.com/t_or_fh_m/f_auto/v1/cr/31/73/24/71/31732471_4e88dd6|https://photos.encuentra24.com/t_or_fh_m/f_auto/v1/cr/31/98/24/18/31982418_449adfa|https://photos.encuentra24.com/t_or_fh_m/f_auto/v1/cr/31/62/92/83/31629283_b408a25|https://photos.encuentra24.com/t_or_fh_m/f_auto/v1/cr/26/04/19/98/26041998_1970254
encuentra24,32581673,https://www.encuentra24.com/costa-rica-es/bienes-raices-alquiler-apartamentos/alquiler-de-apartamento-2-habitaciones-semi-amueblado-en-bambu-tibas/32581673,rent,active,San José provincia,Tibás,Cinco Esquinas,Alquiler de apartamento 2 habitaciones semi amueblado en Bambú Tibás,"Moderno apartamento en alquiler en el último piso de Bambú Rivera, Tibás. Disfruta de un espacio acogedor y funcional con 2 habitaciones, 2 baños, línea blanca completa y amueblado parcial. Incluye 1 parqueo. Vive en un condominio con excelente ubicación, seguridad y amenidades que elevan tu estilo de vida: Piscina Gimnasio Coworking Salas de uso común Una opción ideal para quienes buscan comodidad, accesibilidad y un ambiente moderno en Tibás.",Condo,,,,,,,{},,{},,,,,USD,,https://photos.encuentra24.com/t_or_fh_m/f_auto/v1/cr/32/58/16/73/32581673_9a6c5d532d229f588a9d5e6356836a2a-4048466|https://photos.encuentra24.com/t_or_fh_m/f_auto/v1/cr/32/58/16/73/32581673_9a6c5d532d229f588a9d5e6356836a2a-1b5bcc9|https://photos.encuentra24.com/t_or_fh_m/f_auto/v1/cr/32/58/16/73/32581673_9a6c5d532d229f588a9d5e6356836a2a-5dfbe77|https://photos.encuentra24.com/t_or_fh_m/f_auto/v1/cr/32/58/16/73/32581673_9a6c5d532d229f588a9d5e6356836a2a-8bb5891|https://photos.encuentra24.com/t_or_fh_m/f_auto/v1/cr/32/58/16/73/32581673_9a6c5d532d229f588a9d5e6356836a2a-3e13f53|https://photos.encuentra24.com/t_or_fh_m/f_auto/v1/cr/32/58/16/73/32581673_9a6c5d532d229f588a9d5e6356836a2a-dbb026f|https://photos.encuentra24.com/t_or_fh_m/f_auto/v1/cr/32/58/16/73/32581673_9a6c5d532d229f588a9d5e6356836a2a-ed13302|https://photos.encuentra24.com/t_or_fh_m/f_auto/v1/cr/32/58/16/73/32581673_9a6c5d532d229f588a9d5e6356836a2a-cd1d8b1|https://photos.encuentra24.com/t_or_fh_m/f_auto/v1/cr/32/58/16/73/32581673_9a6c5d532d229f588a9d5e6356836a2a-56dcb6d|https://photos.encuentra24.com/t_or_fh_m/f_auto/v1/cr/32/58/16/73/32581673_9a6c5d532d229f588a9d5e6356836a2a-1d8e605|https://photos.encuentra24.com/t_or_fh_m/f_auto/v1/cr/32/58/16/73/32581673_9a6c5d532d229f588a9d5e6356836a2a-bd834bc|https://photos.encuentra24.com/t_or_fh_m/f_auto/v1/cr/32/58/16/73/32581673_9a6c5d532d229f588a9d5e6356836a2a-d8a5d0c|https://photos.encuentra24.com/t_or_fh_m/f_auto/v1/cr/32/58/16/73/32581673_9a6c5d532d229f588a9d5e6356836a2a-a610a77|https://photos.encuentra24.com/t_or_fh_m/f_auto/v1/cr/32/58/16/73/32581673_9a6c5d532d229f588a9d5e6356836a2a-037bfea|https://photos.encuentra24.com/t_or_fh_m/f_auto/v1/cr/32/58/16/73/32581673_9a6c5d532d229f588a9d5e6356836a2a-f7be730|https://photos.encuentra24.com/t_or_fh_m/f_auto/v1/cr/32/58/16/73/32581673_9a6c5d532d229f588a9d5e6356836a2a-fd516a6|https://photos.encuentra24.com/t_or_fh_m/f_auto/v1/cr/32/58/16/73/32581673_9a6c5d532d229f588a9d5e6356836a2a-ad1f115|https://photos.encuentra24.com/t_user_logo/v1/users/logo/16/30/90/1630903_2bf7be|https://photos.encuentra24.com/t_or_fh_m/f_auto/v1/cr/32/55/60/72/32556072_3f7aa2d836cb7592ed2eb664da4e2ca1-072a39e|https://photos.encuentra24.com/t_or_fh_m/f_auto/v1/cr/31/77/11/90/31771190_93d7bd|https://photos.encuentra24.com/t_or_fh_m/f_auto/v1/cr/32/35/41/20/32354120_d9d57613ed65cba37c4bdee76029bf04-fe116d9|https://photos.encuentra24.com/t_or_fh_m/f_auto/v1/cr/32/62/33/38/32623338_5f4a372744453c58799a57fef71eed0f-72c62f8|https://photos.encuentra24.com/t_or_fh_m/f_auto/v1/cr/32/26/72/07/32267207_0e4d9f379480be67233be687f2c1d39e-9dc1c20|https://photos.encuentra24.com/t_or_fh_m/f_auto/v1/cr/32/57/40/96/32574096_a58616a439472fc32812182a3b6acdd0-2f5ec06|https://photos.encuentra24.com/t_or_fh_m/f_auto/v1/cr/32/54/80/44/32548044_097e01e920bb9f839bd5dfc1699944ca-4638581|https://photos.encuentra24.com/t_or_fh_m/f_auto/v1/cr/32/58/21/25/32582125_bc89e889cb175445e377e28b7248a30a-d847c37|https://photos.encuentra24.com/t_or_fh_m/f_auto/v1/cr/32/61/06/64/32610664_64b38386e29770ec56190066a659fa97-f63ee82|https://photos.encuentra24.com/t_or_fh_m/f_auto/v1/cr/32/22/61/57/32226157_72b345bce56c02cdbdac92f3e8fb8085-58dd00d|https://photos.encuentra24.com/t_or_fh_m/f_auto/v1/cr/32/60/10/68/32601068_27e4f84a18030001b1b0e38b0a39aa67-db5192e|https://photos.encuentra24.com/t_or_fh_m/f_auto/v1/cr/31/65/97/53/31659753_169c15|https://photos.encuentra24.com/t_or_fh_m/f_auto/v1/cr/32/57/54/40/32575440_c5f170333c408abdccd330eb8216c7ac-deb67eb|https://photos.encuentra24.com/t_or_fh_m/f_auto/v1/cr/31/66/19/88/31661988_8a1a82
encuentra24,32457154,https://www.encuentra24.com/costa-rica-es/bienes-raices-alquiler-casas/alquiler-de-casa-heredia-ciudad-cariari-vista-al-campo-de-golf-calle-privada-con-vigilancia/32457154,rent,active,Heredia provincia,Belén,La Asunción,Alquiler de casa Heredia Ciudad Cariari | Vista al Campo de Golf | Calle Privada con Vigilancia,"Ubicada en una calle cerrada con vigilancia, esta hermosa propiedad ofrece privacidad, comodidad y una excelente ubicación, con vista a la cancha de golf y fácil acceso a zonas corporativas, centros comerciales, restaurantes y principales rutas de acceso. La casa cuenta con: • 250 m² de construcción • 404 m² de terreno • 3 habitaciones • 2.5 baños • Cuarto y baño de servicio • Sala y comedor amplios • Patio y terraza techada • Parqueo bajo techo para 2 vehículos • 2 niveles Ideal para: Ejecutivos expatriados Familias que buscan seguridad y tranquilidad Personal de zonas francas Personas que viajan frecuentemente al aeropuerto Lo que hace especial esta propiedad Vista privilegiada al campo de golf Calle cerrada con vigilancia Amplios jardines y áreas verdes Excelente iluminación natural Ubicación de alta demanda en Ciudad Cariari Ambiente tranquilo y seguro Cerca de: Aeropuerto Juan Santamaría Plaza Real Cariari Cariari Corporate Center AFZ (America Free Zone) Global Park UltraPark Escuelas internacionales Precio de alquiler: $2500",House,,,,,,,{},Rural|Urban,{},,,,2500,USD,,https://photos.encuentra24.com/t_or_fh_m/f_auto/v1/cr/32/45/71/54/32457154_a9cc514fe826e95b4c1d88446a77fc5c-8e45337|https://photos.encuentra24.com/t_or_fh_m/f_auto/v1/cr/32/45/71/54/32457154_a9cc514fe826e95b4c1d88446a77fc5c-ee07e8e|https://photos.encuentra24.com/t_or_fh_m/f_auto/v1/cr/32/45/71/54/32457154_a9cc514fe826e95b4c1d88446a77fc5c-735457e|https://photos.encuentra24.com/t_or_fh_m/f_auto/v1/cr/32/45/71/54/32457154_a9cc514fe826e95b4c1d88446a77fc5c-ea84cc4|https://photos.encuentra24.com/t_or_fh_m/f_auto/v1/cr/32/45/71/54/32457154_a9cc514fe826e95b4c1d88446a77fc5c-84a216b|https://photos.encuentra24.com/t_or_fh_m/f_auto/v1/cr/32/45/71/54/32457154_a9cc514fe826e95b4c1d88446a77fc5c-6a89070|https://photos.encuentra24.com/t_or_fh_m/f_auto/v1/cr/32/45/71/54/32457154_a9cc514fe826e95b4c1d88446a77fc5c-ed45626|https://photos.encuentra24.com/t_or_fh_m/f_auto/v1/cr/32/45/71/54/32457154_a9cc514fe826e95b4c1d88446a77fc5c-fba578d|https://photos.encuentra24.com/t_or_fh_m/f_auto/v1/cr/32/45/71/54/32457154_a9cc514fe826e95b4c1d88446a77fc5c-afc428b|https://photos.encuentra24.com/t_or_fh_m/f_auto/v1/cr/32/45/71/54/32457154_a9cc514fe826e95b4c1d88446a77fc5c-fcd4d4c|https://photos.encuentra24.com/t_or_fh_m/f_auto/v1/cr/32/45/71/54/32457154_a9cc514fe826e95b4c1d88446a77fc5c-e12d0d0|https://photos.encuentra24.com/t_or_fh_m/f_auto/v1/cr/32/45/71/54/32457154_a9cc514fe826e95b4c1d88446a77fc5c-40e1b0c|https://photos.encuentra24.com/t_or_fh_m/f_auto/v1/cr/32/45/71/54/32457154_a9cc514fe826e95b4c1d88446a77fc5c-a7af544|https://photos.encuentra24.com/t_or_fh_m/f_auto/v1/cr/32/45/71/54/32457154_a9cc514fe826e95b4c1d88446a77fc5c-624755e|https://photos.encuentra24.com/t_or_fh_m/f_auto/v1/cr/32/45/71/54/32457154_a9cc514fe826e95b4c1d88446a77fc5c-66751a8|https://photos.encuentra24.com/t_or_fh_m/f_auto/v1/cr/32/45/71/54/32457154_a9cc514fe826e95b4c1d88446a77fc5c-d32b78b|https://photos.encuentra24.com/t_or_fh_m/f_auto/v1/cr/32/45/71/54/32457154_a9cc514fe826e95b4c1d88446a77fc5c-0a106d2|https://photos.encuentra24.com/t_or_fh_m/f_auto/v1/cr/32/45/71/54/32457154_a9cc514fe826e95b4c1d88446a77fc5c-7bc05a6|https://photos.encuentra24.com/t_or_fh_m/f_auto/v1/cr/32/45/71/54/32457154_a9cc514fe826e95b4c1d88446a77fc5c-e22277d|https://photos.encuentra24.com/t_user_logo/v1/users/logo/16/16/92/161692_0ee3cf|https://photos.encuentra24.com/t_cnseal/v1697642511/cnseal/652ff80f42db6_Verified%20badge.png|https://photos.encuentra24.com/t_or_fh_m/f_auto/v1/cr/31/86/87/07/31868707_503595|https://photos.encuentra24.com/t_or_fh_m/f_auto/v1/cr/32/17/21/64/32172164_7a4f9474f19982ed8e07fda39035af6a-56b975d|https://photos.encuentra24.com/t_or_fh_m/f_auto/v1/cr/32/26/72/63/32267263_ccd6760|https://photos.encuentra24.com/t_or_fh_m/f_auto/v1/cr/30/98/78/02/30987802_55934e|https://photos.encuentra24.com/t_or_fh_m/f_auto/v1/cr/32/05/66/01/32056601_54808a277cd4a80f52c52034ac827fb8-2d00047|https://photos.encuentra24.com/t_or_fh_m/f_auto/v1/cr/32/17/27/79/32172779_a5df5481b9a26a2ca851f30b87a84c48-377f17c|https://photos.encuentra24.com/t_or_fh_m/f_auto/v1/cr/32/41/83/09/32418309_332b324|https://photos.encuentra24.com/t_or_fh_m/f_auto/v1/cr/31/99/58/91/31995891_fb0b07d|https://photos.encuentra24.com/t_or_fh_m/f_auto/v1/cr/32/28/69/68/32286968_01e84d1|https://photos.encuentra24.com/t_or_fh_m/f_auto/v1/cr/32/59/75/86/32597586_6694e02f4af646b741700811055fb090-b973163|https://photos.encuentra24.com/t_or_fh_m/f_auto/v1/cr/32/59/79/86/32597986_aa434fad96232c5abada932487c925cb-26f1e96|https://photos.encuentra24.com/t_or_fh_m/f_auto/v1/cr/32/55/68/02/32556802_407c2727a4b12faee74c9d124e14f723-7e4ba09|https://photos.encuentra24.com/t_or_fh_m/f_auto/v1/cr/32/54/56/95/32545695_21b9cf89d774d33601de3145bb9d96a8-2add249|https://photos.encuentra24.com/t_or_fh_m/f_auto/v1/cr/32/61/57/02/32615702_76067e3a44c126599df9cc380e49965d-5483370
encuentra24,32595894,https://www.encuentra24.com/costa-rica-es/bienes-raices-alquiler-apartamentos/alquiler-de-hermoso-penthouse-con-linea-blanca-en-bello-horizonte-escazu/32595894,rent,active,San José provincia,Escazú,Escazú,"ALQUILER DE HERMOSO PENTHOUSE CON LÍNEA BLANCA EN BELLO HORIZONTE, ESCAZU","Se alquila espectacular penthouse de dos niveles / Con línea blanca Ubicado en una exclusiva torre, este amplio y elegante penthouse ofrece comodidad, amplitud y una excelente distribución en sus 280 m². Distribución: 3 habitaciones ( con aire acondicionado y Walk-in closet) 2.5 baños Amplia sala y comedor Sala de TV Amplio balcón Cuarto y baño de servicio Cuarto de lavado 2 parqueos en tándem + bodega Incluye: Electrodomésticos de cocina Lavadora y secadora Muebles en cuarto de servicio Plantas en balcón Amenidades del condominio: Piscina Rancho / área BBQ Área social No cuenta con gimnasio Precio de alquiler: $ 2900 Depósito: monto equivalente a un mes de renta",Condo,,,,,,,{},,{},Walkable,,,2900,USD,,https://photos.encuentra24.com/t_or_fh_m/f_auto/v1/cr/32/59/58/94/32595894_512b55f|https://photos.encuentra24.com/t_or_fh_m/f_auto/v1/cr/32/59/58/94/32595894_d184468|https://photos.encuentra24.com/t_or_fh_m/f_auto/v1/cr/32/59/58/94/32595894_bc998a1|https://photos.encuentra24.com/t_or_fh_m/f_auto/v1/cr/32/59/58/94/32595894_7f43936|https://photos.encuentra24.com/t_or_fh_m/f_auto/v1/cr/32/59/58/94/32595894_e455b09|https://photos.encuentra24.com/t_or_fh_m/f_auto/v1/cr/32/59/58/94/32595894_030d998|https://photos.encuentra24.com/t_or_fh_m/f_auto/v1/cr/32/59/58/94/32595894_6e6d6b7|https://photos.encuentra24.com/t_or_fh_m/f_auto/v1/cr/32/59/58/94/32595894_1366b93|https://photos.encuentra24.com/t_or_fh_m/f_auto/v1/cr/32/59/58/94/32595894_52fb4b5|https://photos.encuentra24.com/t_or_fh_m/f_auto/v1/cr/32/59/58/94/32595894_747d9c6|https://photos.encuentra24.com/t_or_fh_m/f_auto/v1/cr/32/59/58/94/32595894_706b9a9|https://photos.encuentra24.com/t_or_fh_m/f_auto/v1/cr/32/59/58/94/32595894_7ddeac8|https://photos.encuentra24.com/t_or_fh_m/f_auto/v1/cr/32/59/58/94/32595894_777ee78|https://photos.encuentra24.com/t_or_fh_m/f_auto/v1/cr/32/59/58/94/32595894_b68ae15|https://photos.encuentra24.com/t_or_fh_m/f_auto/v1/cr/32/28/75/07/32287507_a578a05004834c4884b3a28c93827e7b-199c05b|https://photos.encuentra24.com/t_or_fh_m/f_auto/v1/cr/32/24/62/87/32246287_95c7a28|https://photos.encuentra24.com/t_or_fh_m/f_auto/v1/cr/32/55/26/06/32552606_69a1842|https://photos.encuentra24.com/t_or_fh_m/f_auto/v1/cr/32/61/83/16/32618316_e3cd3a67a1c03308dc893af5b498c302-c215652|https://photos.encuentra24.com/t_or_fh_m/f_auto/v1/cr/32/59/86/56/32598656_f5445c20373641a1eb9c18d8e1e5a1f4-a649680|https://photos.encuentra24.com/t_or_fh_m/f_auto/v1/cr/32/02/33/86/32023386_6d7290d|https://photos.encuentra24.com/t_or_fh_m/f_auto/v1/cr/31/96/30/86/31963086_590ce9f4f6d14093acbbf1fb5515f7df-75c5892|https://photos.encuentra24.com/t_or_fh_m/f_auto/v1/cr/32/18/73/20/32187320_69272bd|https://photos.encuentra24.com/t_or_fh_m/f_auto/v1/cr/32/62/36/90/32623690_07b73aa|https://photos.encuentra24.com/t_or_fh_m/f_auto/v1/cr/32/52/36/61/32523661_372efb7|https://photos.encuentra24.com/t_or_fh_m/f_auto/v1/cr/32/58/00/66/32580066_258d456|https://photos.encuentra24.com/t_or_fh_m/f_auto/v1/cr/32/53/19/58/32531958_0d547a9|https://photos.encuentra24.com/t_or_fh_m/f_auto/v1/cr/29/99/72/87/29997287_49c119|https://photos.encuentra24.com/t_or_fh_m/f_auto/v1/cr/30/42/67/74/30426774_8440c4
encuentra24,32610044,https://www.encuentra24.com/costa-rica-es/bienes-raices-alquiler-casas/santa-ana-lujosa-4-habitaciones-lounge-oficina-jardin-grande-amenidades/32610044,rent,active,San José provincia,Santa Ana,Río Oro,Santa Ana - Lujosa - 4 habitaciones + Lounge + Oficina - Jardín grande - Amenidades,"Elegante y lujosa casa de 4 recámaras en una prestigiosa comunidad Descubra una excepcional combinación de elegancia, comodidad y funcionalidad en esta impresionante residencia de 4 recámaras y 4.5 baños, ubicada en una esquina privilegiada dentro de una de las comunidades privadas más prestigiosas de la zona. Diseñada para el entretenimiento sofisticado y la vida cotidiana, esta espaciosa casa ofrece amplios espacios habitables, acabados refinados y un espectacular jardín envolvente con espacio suficiente para agregar una piscina privada. Amplios espacios para vivir y recibir - La impresionante sala de estar de doble altura crea una impactante primera impresión con sus techos altos y abundante luz natural. El comedor formal, perfectamente integrado al diseño de concepto abierto, fluye sin esfuerzo hacia los espacios sociales de la casa. - Grandes puertas corredizas conectan el interior con una amplia terraza cubierta, ideal para el entretenimiento durante todo el año. El área de estar al aire libre cuenta con una barbacoa integrada, un amplio comedor y mucho espacio para celebrar reuniones familiares y eventos sociales con vista a los exuberantes jardines. Cocina Gourmet El corazón de la casa es una cocina elegantemente equipada, diseñada para combinar funcionalidad y estilo. Incluye: * Amplia isla central con barra de desayuno * Espacioso comedor informal * Amplios gabinetes y espacio de almacenamiento * Horno empotrado * Lavavajillas * Dos refrigeradores Junto a la cocina, encontrará una espaciosa área de lavandería y un cuarto de servicio independiente con baño completo. Espacios privados y confortables - La lujosa suite principal ofrece un refugio privado con tranquilas vistas al jardín, dos vestidores y un baño privado estilo spa con bañera moderna, ducha independiente, dos lavabos, inodoro independiente y amplio espacio de almacenamiento. - Un segundo dormitorio cuenta con baño privado y armarios empotrados, mientras que otros dos dormitorios tienen vestidores y comparten un amplio baño completo. - Una acogedora sala de televisión se abre directamente a un encantador jardín lateral, creando el espacio perfecto para el descanso familiar. Lounge y oficina exclusivos en el segundo piso - Ubicado en el ala este de la casa, el segundo piso ofrece un espacio único para el entretenimiento y la oficina. Un amplio salón cuenta con un bar empotrado, una cómoda zona de estar y un balcón privado, creando el ambiente perfecto para reuniones o para relajarse. Este espacio se ofrece completamente amueblado, incluyendo una mesa de billar. - Junto al salón se encuentra una amplia oficina privada, cuidadosamente amueblada con un escritorio y una zona de estar, que proporciona un entorno ideal para trabajar desde casa. - Un baño completo en este piso ofrece comodidad y flexibilidad para los invitados. Espacios exteriores Situada en una codiciada esquina, la propiedad cuenta con un extenso jardín que rodea la casa, lo que aumenta la privacidad y permite disfrutar del aire libre. El amplio terreno ofrece espacio suficiente para una futura piscina, a la vez que conserva extensas áreas verdes para recreación y paisajismo. Estacionamiento * Garaje cubierto para 2 vehículos * Estacionamiento en la entrada para al menos 2 vehículos adicionales Amenidades del Condominio Los residentes disfrutan de una excelente selección de servicios estilo resort, que incluyen: * Piscina recreativa * Elegante casa club * Canchas de tenis * Gimnasio totalmente equipado * Área de juegos infantiles * Seguridad con acceso controlado las 24 horas Esta extraordinaria residencia ofrece una oportunidad única para adquirir una lujosa casa familiar en una comunidad exclusiva, que combina amplios espacios, servicios excepcionales y un estilo de vida inigualable.",Condo,,,,,,,"{""Electricity""}",Riverfront,"{""Steep Slope""}",,,,,USD,,https://photos.encuentra24.com/t_or_fh_m/f_auto/v1/cr/32/61/00/44/32610044_54b7ef0|https://photos.encuentra24.com/t_or_fh_m/f_auto/v1/cr/32/61/00/44/32610044_5e423a7|https://photos.encuentra24.com/t_or_fh_m/f_auto/v1/cr/32/61/00/44/32610044_e2af9be|https://photos.encuentra24.com/t_or_fh_m/f_auto/v1/cr/32/61/00/44/32610044_cb67578|https://photos.encuentra24.com/t_or_fh_m/f_auto/v1/cr/32/61/00/44/32610044_21cd6eb|https://photos.encuentra24.com/t_or_fh_m/f_auto/v1/cr/32/61/00/44/32610044_272e995|https://photos.encuentra24.com/t_or_fh_m/f_auto/v1/cr/32/61/00/44/32610044_262ae67|https://photos.encuentra24.com/t_or_fh_m/f_auto/v1/cr/32/61/00/44/32610044_3988581|https://photos.encuentra24.com/t_or_fh_m/f_auto/v1/cr/32/61/00/44/32610044_9ff1887|https://photos.encuentra24.com/t_or_fh_m/f_auto/v1/cr/32/61/00/44/32610044_b1ecf1a|https://photos.encuentra24.com/t_or_fh_m/f_auto/v1/cr/32/61/00/44/32610044_7cc8a68|https://photos.encuentra24.com/t_or_fh_m/f_auto/v1/cr/32/61/00/44/32610044_7079777|https://photos.encuentra24.com/t_or_fh_m/f_auto/v1/cr/32/61/00/44/32610044_7f3196d|https://photos.encuentra24.com/t_or_fh_m/f_auto/v1/cr/32/61/00/44/32610044_522f556|https://photos.encuentra24.com/t_or_fh_m/f_auto/v1/cr/32/61/00/44/32610044_4600fb7|https://photos.encuentra24.com/t_or_fh_m/f_auto/v1/cr/32/61/00/44/32610044_0b2dceb|https://photos.encuentra24.com/t_or_fh_m/f_auto/v1/cr/32/61/00/44/32610044_af77eb3|https://photos.encuentra24.com/t_or_fh_m/f_auto/v1/cr/32/61/00/44/32610044_a6befb4|https://photos.encuentra24.com/t_user_logo/v1/users/logo/78/95/27/789527_675514|https://photos.encuentra24.com/t_cnseal/v1594676252/cnseal/5f0cd41c4a555_Bildschirmfotocccbr.png|https://photos.encuentra24.com/t_or_fh_m/f_auto/v1/cr/32/35/27/64/32352764_b80b77bf1c549265b727b0aca7b386c7-42c4743|https://photos.encuentra24.com/t_or_fh_m/f_auto/v1/cr/32/32/74/53/32327453_3212644e5a5f63b01492169851505235-31c5c79|https://photos.encuentra24.com/t_or_fh_m/f_auto/v1/cr/32/38/26/80/32382680_4eb825cbb4b5d51be55844e4e53ea2fc-c8faf32|https://photos.encuentra24.com/t_or_fh_m/f_auto/v1/cr/32/04/28/37/32042837_39ea1dd77a5ce367ee974bb15211073d-ab888bf|https://photos.encuentra24.com/t_or_fh_m/f_auto/v1/cr/31/20/48/36/31204836_3d28d0|https://photos.encuentra24.com/t_or_fh_m/f_auto/v1/cr/32/57/84/26/32578426_102a320a68230e18d023f2a1b9666756-4d31ab8|https://photos.encuentra24.com/t_or_fh_m/f_auto/v1/cr/29/36/47/46/29364746_eb2294|https://photos.encuentra24.com/t_or_fh_m/f_auto/v1/cr/32/55/32/40/32553240_812d056|https://photos.encuentra24.com/t_or_fh_m/f_auto/v1/cr/31/58/40/62/31584062_5fcefc|https://photos.encuentra24.com/t_or_fh_m/f_auto/v1/cr/32/47/09/16/32470916_791aeb0|https://photos.encuentra24.com/t_or_fh_m/f_auto/v1/cr/32/61/01/79/32610179_c80d11ce6c901b26886d9a0f6b7b06fd-ef48bd7|https://photos.encuentra24.com/t_or_fh_m/f_auto/v1/cr/32/51/34/35/32513435_fb9bfac|https://photos.encuentra24.com/t_or_fh_m/f_auto/v1/cr/32/48/65/33/32486533_1a153d4bc310b0349695a10b6932ffaa-dd09a75|https://photos.encuentra24.com/t_or_fh_m/f_auto/v1/cr/32/63/97/66/32639766_459706fb284a905db4c2cb5ad424dc99-c500253
encuentra24,32028359,https://www.encuentra24.com/costa-rica-es/bienes-raices-alquiler-casas/alquiler-de-moderna-casa-para-estrenar-ubicada-en-santa-ana-con-linea-blanca-completa/32028359,rent,active,San José provincia,Santa Ana,,Alquiler de moderna casa para estrenar ubicada en Santa Ana con linea blanca completa.,"Alquiler de moderna casa en condominio ubicado en Santa Ana, completamente nueva. 3 AIRES ACONDICIONADOS Precio de alquiler: $2.000 Construcción: 185m2. 3 habitaciones | 2.5 baños | 2 parqueos | Sala de TV. Se incluye toda la línea blanca (refrigeradora, torre hornos, plantilla, extractor y lavaplatos, lavadora y secadora). 3 aires acondicionados, cortinas y blackouts. Amplia habitación principal con su baño y walk-in closet. Área que se puede utilizar como sala de TV u oficina. Amenidades: Piscinas | Gimnasios | Casas Club | Área de Co-Working | Salones Multiuso | Cancha de fútbol 5, Multiuso, Tennis y Squash | Anfiteatro | Pet Parks | Mini Golf | Beer Garden | Huerta Orgánica.",Condo,,,,,,,{},,{},Walkable,,,2000,USD,,https://photos.encuentra24.com/t_or_fh_m/f_auto/v1/cr/32/02/83/59/32028359_e788943155906d429700d0dccc5cbe0e-a576f68|https://photos.encuentra24.com/t_or_fh_m/f_auto/v1/cr/32/02/83/59/32028359_e788943155906d429700d0dccc5cbe0e-6b2565a|https://photos.encuentra24.com/t_or_fh_m/f_auto/v1/cr/32/02/83/59/32028359_e788943155906d429700d0dccc5cbe0e-b77c3dd|https://photos.encuentra24.com/t_or_fh_m/f_auto/v1/cr/32/02/83/59/32028359_e788943155906d429700d0dccc5cbe0e-803a0ff|https://photos.encuentra24.com/t_or_fh_m/f_auto/v1/cr/32/02/83/59/32028359_e788943155906d429700d0dccc5cbe0e-6bb9bbf|https://photos.encuentra24.com/t_or_fh_m/f_auto/v1/cr/32/02/83/59/32028359_e788943155906d429700d0dccc5cbe0e-d6deb64|https://photos.encuentra24.com/t_or_fh_m/f_auto/v1/cr/32/02/83/59/32028359_e788943155906d429700d0dccc5cbe0e-6aa63c2|https://photos.encuentra24.com/t_or_fh_m/f_auto/v1/cr/32/02/83/59/32028359_e788943155906d429700d0dccc5cbe0e-409a2d3|https://photos.encuentra24.com/t_or_fh_m/f_auto/v1/cr/32/02/83/59/32028359_e788943155906d429700d0dccc5cbe0e-cbbbf49|https://photos.encuentra24.com/t_or_fh_m/f_auto/v1/cr/32/02/83/59/32028359_e788943155906d429700d0dccc5cbe0e-7187652|https://photos.encuentra24.com/t_or_fh_m/f_auto/v1/cr/32/02/83/59/32028359_e788943155906d429700d0dccc5cbe0e-b9a857b|https://photos.encuentra24.com/t_or_fh_m/f_auto/v1/cr/32/02/83/59/32028359_e788943155906d429700d0dccc5cbe0e-b46c7a2|https://photos.encuentra24.com/t_or_fh_m/f_auto/v1/cr/32/02/83/59/32028359_e788943155906d429700d0dccc5cbe0e-88490a5|https://photos.encuentra24.com/t_or_fh_m/f_auto/v1/cr/32/02/83/59/32028359_e788943155906d429700d0dccc5cbe0e-ddfa6a9|https://photos.encuentra24.com/t_or_fh_m/f_auto/v1/cr/32/02/83/59/32028359_e788943155906d429700d0dccc5cbe0e-3638ff2|https://photos.encuentra24.com/t_user_logo/v1/users/logo/13/01/19/1301190_8da809|https://photos.encuentra24.com/t_cnseal/v1697642511/cnseal/652ff80f42db6_Verified%20badge.png|https://photos.encuentra24.com/t_or_fh_m/f_auto/v1/cr/32/64/19/03/32641903_75a7f406b13dc0ee610f85c3d4422ff3-7681a69|https://photos.encuentra24.com/t_or_fh_m/f_auto/v1/cr/32/45/09/43/32450943_d0662602a17e45e937617dab45dcb8bd-1ae121f|https://photos.encuentra24.com/t_or_fh_m/f_auto/v1/cr/32/53/73/23/32537323_72c32ba96aa9e9b3a63dac98df12215c-a75db0b|https://photos.encuentra24.com/t_or_fh_m/f_auto/v1/cr/32/49/04/03/32490403_970d8a1651b779b4e25878ef696d08fb-50b2f09|https://photos.encuentra24.com/t_or_fh_m/f_auto/v1/cr/32/46/17/33/32461733_abfc0f9|https://photos.encuentra24.com/t_or_fh_m/f_auto/v1/cr/31/84/29/23/31842923_3434257|https://photos.encuentra24.com/t_or_fh_m/f_auto/v1/cr/32/45/75/03/32457503_23768d28619792d10290daedef149fd6-c72668a|https://photos.encuentra24.com/t_or_fh_m/f_auto/v1/cr/32/34/75/48/32347548_3d192500648aaa6965a54eb1c6be95c8-445e4b6|https://photos.encuentra24.com/t_or_fh_m/f_auto/v1/cr/32/32/39/95/32323995_e0a4e71adbac84a5c38711b84197723d-0608592|https://photos.encuentra24.com/t_or_fh_m/f_auto/v1/cr/31/46/75/39/31467539_e42b3f|https://photos.encuentra24.com/t_or_fh_m/f_auto/v1/cr/30/98/38/47/30983847_b26941|https://photos.encuentra24.com/t_or_fh_m/f_auto/v1/cr/11/98/09/00/11980900_a9a089|https://photos.encuentra24.com/t_or_fh_m/f_auto/v1/cr/23/95/03/01/23950301_2f0805|https://photos.encuentra24.com/t_or_fh_m/f_auto/v1/cr/31/02/89/79/31028979_830c51
encuentra24,30768085,https://www.encuentra24.com/costa-rica-es/bienes-raices-alquiler-alquiler-de-oficinas/alquiler-18-oficinas-heredia-centro/30768085,rent,active,Heredia provincia,Heredia,Heredia,Alquiler 18 oficinas Heredia Centro,"Alquiler de 18 amplias oficinas en el centro de Heredia. Cuenta con recepción en el primer piso, ascensor, escaleras, salida de emergencia, batería de baños, etc Cerca de comercio, escuela, parada de buses, estación del tren, parqueos públicos. Muy bien ubicado. Medida: 1.100 m2 Precio del alquiler $6.500 mensuales + IVA Para agendar una visita me puede llamar. #oficina #alquiler #heredia #estudos #universidades #centrodeidiomas #centrouniversitario",Commercial Property,,,,,,,{},Riverfront|Urban,{},,,,6500,USD,,https://photos.encuentra24.com/t_or_fh_m/f_auto/v1/cr/30/76/80/85/30768085_bd7b62|https://photos.encuentra24.com/t_or_fh_m/f_auto/v1/cr/30/76/80/85/30768085_b3587d|https://photos.encuentra24.com/t_or_fh_m/f_auto/v1/cr/30/76/80/85/30768085_89c7a9|https://photos.encuentra24.com/t_or_fh_m/f_auto/v1/cr/30/76/80/85/30768085_6553ce|https://photos.encuentra24.com/t_or_fh_m/f_auto/v1/cr/30/76/80/85/30768085_131bcf|https://photos.encuentra24.com/t_or_fh_m/f_auto/v1/cr/30/76/80/85/30768085_e2fec0|https://photos.encuentra24.com/t_or_fh_m/f_auto/v1/cr/30/76/80/85/30768085_fb059c|https://photos.encuentra24.com/t_or_fh_m/f_auto/v1/cr/30/76/80/85/30768085_336dae|https://photos.encuentra24.com/t_or_fh_m/f_auto/v1/cr/30/76/80/85/30768085_bb7ffa|https://photos.encuentra24.com/t_or_fh_m/f_auto/v1/cr/30/76/80/85/30768085_c02005|https://photos.encuentra24.com/t_or_fh_m/f_auto/v1/cr/30/76/80/85/30768085_f804cb|https://photos.encuentra24.com/t_or_fh_m/f_auto/v1/cr/32/59/82/61/32598261_31d97b6|https://photos.encuentra24.com/t_or_fh_m/f_auto/v1/cr/30/82/97/66/30829766_2509c0|https://photos.encuentra24.com/t_or_fh_m/f_auto/v1/cr/25/69/12/42/25691242_c6debc|https://photos.encuentra24.com/t_or_fh_m/f_auto/v1/cr/31/87/77/87/31877787_77e25e|https://photos.encuentra24.com/t_or_fh_m/f_auto/v1/cr/26/01/67/35/26016735_c80c635|https://photos.encuentra24.com/t_or_fh_m/f_auto/v1/cr/31/44/81/75/31448175_4b9102|https://photos.encuentra24.com/t_or_fh_m/f_auto/v1/cr/27/96/22/59/27962259_92dd45
encuentra24,30394274,https://www.encuentra24.com/costa-rica-es/bienes-raices-alquiler-comercios/alquiler-excelente-ubicacion-desamparados-contiguo-a-smart/30394274,rent,active,San José provincia,Desamparados,,Alquiler-excelente ubicación Desamparados contiguo a Smart,"Impulse su negocio en Expreso Desamparados Le presentamos una excelente oportunidad comercial en San Rafael Arriba, dentro de uno de los centros comerciales con mayor dinamismo de la zona. Local disponible en Expreso Desamparados L-54 47m2 Alquiler: $1.645,00 Mantenimiento: $216,20 (Montos sin IVA) Ventajas que marcan la diferencia: Moderno diseño y constante renovación Más de 250.000 visitas mensuales que impulsan su visibilidad Tiendas ancla consolidadas como EPA y Walmart Próximamente: Smart Fit y Ciudad Inflable, atrayendo aún más tráfico Seguridad 24/7 con sistema CCTV Parqueo gratuito y bajo techo para mayor comodidad Cumplimiento de Ley 7600 (accesibilidad garantizada) Espacios para exhibiciones y calendario activo de eventos Una ubicación estratégica ideal para hacer crecer su marca y conectar con miles de clientes cada mes. Será un placer conversar con usted, conocer sus objetivos y ayudarle a encontrar el espacio perfecto.",Commercial Property,,,,,,,{},Riverfront|Urban,{},,,,2,USD,,https://photos.encuentra24.com/t_or_fh_m/f_auto/v1/cr/30/39/42/74/30394274_1f585a|https://photos.encuentra24.com/t_or_fh_m/f_auto/v1/cr/30/39/42/74/30394274_5948900|https://photos.encuentra24.com/t_or_fh_m/f_auto/v1/cr/30/39/42/74/30394274_5f9339b|https://photos.encuentra24.com/t_or_fh_m/f_auto/v1/cr/30/39/42/74/30394274_4175c3b|https://photos.encuentra24.com/t_or_fh_m/f_auto/v1/cr/30/39/42/74/30394274_1e3876|https://photos.encuentra24.com/t_or_fh_m/f_auto/v1/cr/30/39/42/74/30394274_53f7181|https://photos.encuentra24.com/t_or_fh_m/f_auto/v1/cr/30/39/42/74/30394274_494e63b|https://photos.encuentra24.com/t_or_fh_m/f_auto/v1/cr/30/39/42/74/30394274_b9b0520|https://photos.encuentra24.com/t_or_fh_m/f_auto/v1/cr/30/39/42/74/30394274_cd1b0e9|https://photos.encuentra24.com/t_or_fh_m/f_auto/v1/cr/30/39/42/74/30394274_e4e201a|https://photos.encuentra24.com/t_or_fh_m/f_auto/v1/cr/30/39/42/74/30394274_faf9891|https://photos.encuentra24.com/t_or_fh_m/f_auto/v1/cr/30/39/42/74/30394274_e1fbb9a|https://photos.encuentra24.com/t_or_fh_m/f_auto/v1/cr/30/39/42/74/30394274_778b3aa|https://photos.encuentra24.com/t_or_fh_m/f_auto/v1/cr/30/39/42/74/30394274_f4afb99|https://photos.encuentra24.com/t_or_fh_m/f_auto/v1/cr/30/39/42/74/30394274_0d607e9|https://photos.encuentra24.com/t_or_fh_m/f_auto/v1/cr/30/39/42/74/30394274_5acda48|https://photos.encuentra24.com/t_user_logo/v1/users/logo/39/47/21/394721_e9eaf0
encuentra24,32541544,https://www.encuentra24.com/costa-rica-es/bienes-raices-alquiler-apartamentos/apartamento-amueblado-en-escalante-1-habitacion-amplio-balcon-1-200/32541544,rent,active,San José provincia,San José Capital,Barrio Escalante,Apartamento Amueblado en Escalante | 1 Habitación | Amplio Balcón | $1.200,"ive Escalante: comodidad, conveniencia y estilo de vida en una de las zonas más vibrantes de San José. Se alquila hermoso apartamento totalmente amueblado en Barrio Escalante, ideal para profesionales jóvenes que valoran la cercanía, la movilidad y la calidad de vida. Disfruta de una ubicación estratégica, rodeada de los mejores restaurantes, cafeterías, comercios, espacios culturales y opciones de entretenimiento de la ciudad. Todo lo que necesitas está a pocos pasos de distancia. Características: • 1 habitación • 1 baño • Sala y comedor integrados • Cocina equipada • Amplio balcón con hermosas vistas • Totalmente amueblado • Excelente iluminación natural Alquiler: $1.200 mensuales Una excelente opción para quienes desean vivir cerca de todo, reducir tiempos de traslado y disfrutar de un estilo de vida urbano, moderno y dinámico en el corazón de Escalante.",Condo,,,,,,,{},Riverfront|Urban,{},,,,1200,USD,,https://photos.encuentra24.com/t_or_fh_m/f_auto/v1/cr/32/54/15/44/32541544_646901dc8fa46a746f503f7abbd58e86-5c88852|https://photos.encuentra24.com/t_or_fh_m/f_auto/v1/cr/32/54/15/44/32541544_646901dc8fa46a746f503f7abbd58e86-42dafb1|https://photos.encuentra24.com/t_or_fh_m/f_auto/v1/cr/32/54/15/44/32541544_646901dc8fa46a746f503f7abbd58e86-0244795|https://photos.encuentra24.com/t_or_fh_m/f_auto/v1/cr/32/54/15/44/32541544_646901dc8fa46a746f503f7abbd58e86-1750f3a|https://photos.encuentra24.com/t_or_fh_m/f_auto/v1/cr/32/54/15/44/32541544_646901dc8fa46a746f503f7abbd58e86-16f6534|https://photos.encuentra24.com/t_or_fh_m/f_auto/v1/cr/32/54/15/44/32541544_646901dc8fa46a746f503f7abbd58e86-19f2ba1|https://photos.encuentra24.com/t_or_fh_m/f_auto/v1/cr/32/54/15/44/32541544_646901dc8fa46a746f503f7abbd58e86-8371e3d|https://photos.encuentra24.com/t_or_fh_m/f_auto/v1/cr/32/54/15/44/32541544_646901dc8fa46a746f503f7abbd58e86-3602c31|https://photos.encuentra24.com/t_or_fh_m/f_auto/v1/cr/32/54/15/44/32541544_646901dc8fa46a746f503f7abbd58e86-0a23c60|https://photos.encuentra24.com/t_or_fh_m/f_auto/v1/cr/32/54/15/44/32541544_646901dc8fa46a746f503f7abbd58e86-835b1ea|https://photos.encuentra24.com/t_or_fh_m/f_auto/v1/cr/32/54/15/44/32541544_646901dc8fa46a746f503f7abbd58e86-ce5880c|https://photos.encuentra24.com/t_or_fh_m/f_auto/v1/cr/32/54/15/44/32541544_646901dc8fa46a746f503f7abbd58e86-f6e95cb|https://photos.encuentra24.com/t_or_fh_m/f_auto/v1/cr/32/54/15/44/32541544_646901dc8fa46a746f503f7abbd58e86-039cfcc|https://photos.encuentra24.com/t_or_fh_m/f_auto/v1/cr/32/54/15/44/32541544_646901dc8fa46a746f503f7abbd58e86-4d7dec9|https://photos.encuentra24.com/t_or_fh_m/f_auto/v1/cr/32/54/15/44/32541544_646901dc8fa46a746f503f7abbd58e86-8e67359|https://photos.encuentra24.com/t_or_fh_m/f_auto/v1/cr/32/54/15/44/32541544_646901dc8fa46a746f503f7abbd58e86-d4a1955|https://photos.encuentra24.com/t_or_fh_m/f_auto/v1/cr/32/54/15/44/32541544_646901dc8fa46a746f503f7abbd58e86-ec04260|https://photos.encuentra24.com/t_or_fh_m/f_auto/v1/cr/32/54/15/44/32541544_646901dc8fa46a746f503f7abbd58e86-24c847a|https://photos.encuentra24.com/t_or_fh_m/f_auto/v1/cr/32/54/15/44/32541544_646901dc8fa46a746f503f7abbd58e86-61fb217|https://photos.encuentra24.com/t_user_logo/v1/users/logo/23/61/33/236133_44e82a|https://photos.encuentra24.com/t_cnseal/v1697642511/cnseal/652ff80f42db6_Verified%20badge.png|https://photos.encuentra24.com/t_cnseal/v1594676252/cnseal/5f0cd41c4a555_Bildschirmfotocccbr.png|https://photos.encuentra24.com/t_or_fh_m/f_auto/v1/cr/32/62/02/10/32620210_63c737027c2f0904dd4f307892afb5fa-3ee9428|https://photos.encuentra24.com/t_or_fh_m/f_auto/v1/cr/32/26/96/10/32269610_08bce960b4f21e4bb8bef8e69513e3bb-2b84c3a|https://photos.encuentra24.com/t_or_fh_m/f_auto/v1/cr/32/25/57/10/32255710_334373986c4e89fc63bd385170eca847-81e7239|https://photos.encuentra24.com/t_or_fh_m/f_auto/v1/cr/32/12/41/20/32124120_e7e79dea54f3ccaa51605d7eb3e326e7-85932b0|https://photos.encuentra24.com/t_or_fh_m/f_auto/v1/cr/32/43/93/19/32439319_e1530d6135415aaf3d01136601e94bb3-2dd9fdb|https://photos.encuentra24.com/t_or_fh_m/f_auto/v1/cr/32/11/98/29/32119829_4cfd1bd|https://photos.encuentra24.com/t_or_fh_m/f_auto/v1/cr/32/27/53/59/32275359_28dba07171829c02bec9c57f8a1de891-adc5d23|https://photos.encuentra24.com/t_or_fh_m/f_auto/v1/cr/32/44/13/14/32441314_9398c5b|https://photos.encuentra24.com/t_or_fh_m/f_auto/v1/cr/32/63/54/50/32635450_1ceafb624fd37499fe6eededca9acaa0-16d19f4|https://photos.encuentra24.com/t_or_fh_m/f_auto/v1/cr/32/25/76/41/32257641_ea7c2f8|https://photos.encuentra24.com/t_or_fh_m/f_auto/v1/cr/32/13/67/80/32136780_f13ef14300b5d60a504faf3d7df67d1a-1cd65e6|https://photos.encuentra24.com/t_or_fh_m/f_auto/v1/cr/31/38/92/47/31389247_50f1ec|https://photos.encuentra24.com/t_or_fh_m/f_auto/v1/cr/28/68/84/04/28688404_952572|https://photos.encuentra24.com/t_or_fh_m/f_auto/v1/cr/32/30/46/99/32304699_7ec7734c9b85fd7d095ab742a7d53753-05dab57
encuentra24,32417625,https://www.encuentra24.com/costa-rica-es/bienes-raices-alquiler-casas/bella-casa-a-estrenar-en-alquiler-en-lindora/32417625,rent,active,San José provincia,Santa Ana,Lindora,Bella Casa a Estrenar en Alquiler en Lindora,"ESTRENE HOGAR EN SANTA ANA ¡Casa nueva para estrenar en exclusivo condominio familiar! Viva con comodidad, seguridad y excelente ubicación en esta hermosa casa de dos niveles, diseñada con espacios amplios, modernos y llenos de luz natural. Cada detalle fue pensado para brindar confort, funcionalidad y un estilo contemporáneo con acabados finos y de excelente calidad. Ubicada en Santa Ana, en un condominio privado de ambiente tranquilo y agradable. Primera planta: Amplia sala y comedor integrados Moderna cocina con desayunador y excelentes espacios de almacenamiento Área de pilas ventilada e iluminada Espacio interno para bodega Medio baño de visitas Bella terraza techada nueva con elegante estructura de madera Puertas de vidrio que integran la sala con la terraza y crean un ambiente fresco y acogedor Segunda planta: Habitación principal con baño privado y amplio walking closet Habitación secundaria Baño secundario completo Aire acondicionado y cortinas instaladas en cada habitación Absolutamente todo es NUEVO: aires acondicionados, cortinas, acabados, terraza y cada detalle de la propiedad. 2 parqueos Amenidades del condominio: Piscina Gimnasio Área de coworking / trabajo Casa club para reuniones Terraza y espacios BBQ WiFi en áreas comunes Parqueo para visitas Seguridad y vigilancia Mascotas Pequeñas OK (gatos OK y perros pequeños OK) Precio de alquiler: $1,550 incluye couta de mantenimiento Una verdadera oportunidad para vivir en una casa moderna, elegante y lista para estrenar, en una de las zonas más buscadas de Santa Ana.",Condo,,,,,,,"{""Electricity""}",Riverfront,{},Walkable,,,1550,USD,,https://photos.encuentra24.com/t_or_fh_m/f_auto/v1/cr/32/41/76/25/32417625_564e1c6|https://photos.encuentra24.com/t_or_fh_m/f_auto/v1/cr/32/41/76/25/32417625_5f38f60|https://photos.encuentra24.com/t_or_fh_m/f_auto/v1/cr/32/41/76/25/32417625_33f619d910edba9acaf0ec4dc5505998-865c047|https://photos.encuentra24.com/t_or_fh_m/f_auto/v1/cr/32/41/76/25/32417625_33f619d910edba9acaf0ec4dc5505998-8352fab|https://photos.encuentra24.com/t_or_fh_m/f_auto/v1/cr/32/41/76/25/32417625_33f619d910edba9acaf0ec4dc5505998-1ec6231|https://photos.encuentra24.com/t_or_fh_m/f_auto/v1/cr/32/41/76/25/32417625_33f619d910edba9acaf0ec4dc5505998-5d59c89|https://photos.encuentra24.com/t_or_fh_m/f_auto/v1/cr/32/41/76/25/32417625_33f619d910edba9acaf0ec4dc5505998-7291928|https://photos.encuentra24.com/t_or_fh_m/f_auto/v1/cr/32/41/76/25/32417625_33f619d910edba9acaf0ec4dc5505998-1d1ea07|https://photos.encuentra24.com/t_or_fh_m/f_auto/v1/cr/32/41/76/25/32417625_33f619d910edba9acaf0ec4dc5505998-4159224|https://photos.encuentra24.com/t_or_fh_m/f_auto/v1/cr/32/41/76/25/32417625_d101cc1|https://photos.encuentra24.com/t_or_fh_m/f_auto/v1/cr/32/41/76/25/32417625_5416bca|https://photos.encuentra24.com/t_or_fh_m/f_auto/v1/cr/32/41/76/25/32417625_33f619d910edba9acaf0ec4dc5505998-2edf294|https://photos.encuentra24.com/t_or_fh_m/f_auto/v1/cr/32/41/76/25/32417625_af1e1a2|https://photos.encuentra24.com/t_or_fh_m/f_auto/v1/cr/32/41/76/25/32417625_33f619d910edba9acaf0ec4dc5505998-2afa97f|https://photos.encuentra24.com/t_or_fh_m/f_auto/v1/cr/32/41/76/25/32417625_33f619d910edba9acaf0ec4dc5505998-b9fc84c|https://photos.encuentra24.com/t_or_fh_m/f_auto/v1/cr/32/41/76/25/32417625_33f619d910edba9acaf0ec4dc5505998-365f3dc|https://photos.encuentra24.com/t_or_fh_m/f_auto/v1/cr/32/41/76/25/32417625_952fd9d|https://photos.encuentra24.com/t_or_fh_m/f_auto/v1/cr/32/41/76/25/32417625_33f619d910edba9acaf0ec4dc5505998-473d84d|https://photos.encuentra24.com/t_or_fh_m/f_auto/v1/cr/32/41/76/25/32417625_33f619d910edba9acaf0ec4dc5505998-f9d8182|https://photos.encuentra24.com/t_or_fh_m/f_auto/v1/cr/32/41/76/25/32417625_33f619d910edba9acaf0ec4dc5505998-d7a1c56|https://photos.encuentra24.com/t_user_logo/v1/users/logo/23/21/26/2321262_7e89c3|https://photos.encuentra24.com/t_or_fh_m/f_auto/v1/cr/32/45/72/72/32457272_3ba57667a09685a7d7942d582955b90d-b8e326f|https://photos.encuentra24.com/t_or_fh_m/f_auto/v1/cr/31/37/77/61/31377761_f4754b|https://photos.encuentra24.com/t_or_fh_m/f_auto/v1/cr/32/63/60/10/32636010_8a6973d7db41321dc5783faaaddcd770-e32e26d|https://photos.encuentra24.com/t_or_fh_m/f_auto/v1/cr/32/57/74/99/32577499_49035c4640ef7521a76f7ab14f4e6e95-5977477|https://photos.encuentra24.com/t_or_fh_m/f_auto/v1/cr/32/52/70/09/32527009_d00f376bd1af5107815b70504799d21b-05cf7c1|https://photos.encuentra24.com/t_or_fh_m/f_auto/v1/cr/32/41/66/09/32416609_c1d1e8b150c41af542cf0562b47b27d3-1cca7ea|https://photos.encuentra24.com/t_or_fh_m/f_auto/v1/cr/32/61/03/67/32610367_6442219fcf7c8e918ef61a15d86be0f4-d828831|https://photos.encuentra24.com/t_or_fh_m/f_auto/v1/cr/32/55/78/73/32557873_82ed9bffdf30ab974a3efd008eb7ed42-b5fb65a|https://photos.encuentra24.com/t_or_fh_m/f_auto/v1/cr/32/19/28/35/32192835_080d8b8c9ec2fe75075c1f516fbb3b58-fcd3cfd|https://photos.encuentra24.com/t_or_fh_m/f_auto/v1/cr/31/83/31/43/31833143_3130faf|https://photos.encuentra24.com/t_or_fh_m/f_auto/v1/cr/32/52/61/12/32526112_e3cface|https://photos.encuentra24.com/t_or_fh_m/f_auto/v1/cr/32/64/60/08/32646008_6dfde99c83f9aaaa0f6c0cef53f23a58-ad39ca5|https://photos.encuentra24.com/t_or_fh_m/f_auto/v1/cr/31/90/26/40/31902640_573696a|https://photos.encuentra24.com/t_or_fh_m/f_auto/v1/cr/31/68/33/08/31683308_a4fe15
encuentra24,22638122,https://www.encuentra24.com/costa-rica-es/bienes-raices-alquiler-apartamentos/casa-ciudad-colon-centro-3-estacionamientos/22638122,rent,active,Alajuela provincia,Alajuela,San Rafael,"Casa, Ciudad Colon Centro, 3 estacionamientos","Tu nuevo hogar, con respaldo y seguridad Con más de 13 años en el mercado inmobiliario, somos una oficina formal y autorizada. Te acompañamos con asesoría profesional en la compra, venta o alquiler de tu propiedad. Te presentamos esta excelente opción disponible: Condominio Caoba, Ciudad Colon Casa de 3 habitaciones, 2.5 baños, balcón y 3 estacionamientos, con hermosas amenidades para el disfrute de su familia. Seguridad 24 horas, Piscina, Ranchos BBQ, Play Ground, Parque de Mascotas y mucho más. Contáctenos al Whatsapp y coordinar su visita.",Condo,,,,,,,{},Urban,{},,,,,CRC,,https://photos.encuentra24.com/t_or_fh_m/f_auto/v1/cr/22/63/81/22/22638122_d8d4577|https://photos.encuentra24.com/t_or_fh_m/f_auto/v1/cr/22/63/81/22/22638122_a70285f|https://photos.encuentra24.com/t_or_fh_m/f_auto/v1/cr/22/63/81/22/22638122_7fafeea|https://photos.encuentra24.com/t_or_fh_m/f_auto/v1/cr/22/63/81/22/22638122_5a1a898|https://photos.encuentra24.com/t_or_fh_m/f_auto/v1/cr/22/63/81/22/22638122_485d393|https://photos.encuentra24.com/t_or_fh_m/f_auto/v1/cr/22/63/81/22/22638122_76078df|https://photos.encuentra24.com/t_or_fh_m/f_auto/v1/cr/22/63/81/22/22638122_651e713|https://photos.encuentra24.com/t_or_fh_m/f_auto/v1/cr/22/63/81/22/22638122_2f1d354|https://photos.encuentra24.com/t_or_fh_m/f_auto/v1/cr/22/63/81/22/22638122_9384306|https://photos.encuentra24.com/t_or_fh_m/f_auto/v1/cr/22/63/81/22/22638122_f555793|https://photos.encuentra24.com/t_or_fh_m/f_auto/v1/cr/22/63/81/22/22638122_55fca5b|https://photos.encuentra24.com/t_or_fh_m/f_auto/v1/cr/22/63/81/22/22638122_36f482d|https://photos.encuentra24.com/t_or_fh_m/f_auto/v1/cr/22/63/81/22/22638122_ee7702f|https://photos.encuentra24.com/t_or_fh_m/f_auto/v1/cr/22/63/81/22/22638122_f328cf7|https://photos.encuentra24.com/t_or_fh_m/f_auto/v1/cr/22/63/81/22/22638122_8f02bef|https://photos.encuentra24.com/t_or_fh_m/f_auto/v1/cr/22/63/81/22/22638122_330d241|https://photos.encuentra24.com/t_or_fh_m/f_auto/v1/cr/22/63/81/22/22638122_9c574f1|https://photos.encuentra24.com/t_or_fh_m/f_auto/v1/cr/22/63/81/22/22638122_acb7a39|https://photos.encuentra24.com/t_user_logo/v1/users/logo/21/65/61/2165614_6f13f1|https://photos.encuentra24.com/t_cnseal/v1697642511/cnseal/652ff80f42db6_Verified%20badge.png|https://photos.encuentra24.com/t_or_fh_m/f_auto/v1/cr/29/94/59/29/29945929_68dbcd|https://photos.encuentra24.com/t_or_fh_m/f_auto/v1/cr/32/56/54/39/32565439_5580712a42a57f41f2259c53f9b66d8a-a7a9470|https://photos.encuentra24.com/t_or_fh_m/f_auto/v1/cr/31/94/53/87/31945387_20da00f|https://photos.encuentra24.com/t_or_fh_m/f_auto/v1/cr/31/73/26/45/31732645_e194ff9|https://photos.encuentra24.com/t_or_fh_m/f_auto/v1/cr/32/54/86/35/32548635_64d5a1|https://photos.encuentra24.com/t_or_fh_m/f_auto/v1/cr/32/52/87/45/32528745_f680642|https://photos.encuentra24.com/t_or_fh_m/f_auto/v1/cr/32/64/44/91/32644491_5ffa8ec|https://photos.encuentra24.com/t_or_fh_m/f_auto/v1/cr/23/86/85/27/23868527_2061cf8|https://photos.encuentra24.com/t_or_fh_m/f_auto/v1/cr/32/50/53/02/32505302_cb8745ccf238b5dbc8af32b9cb3fd065-29a3e88|https://photos.encuentra24.com/t_or_fh_m/f_auto/v1/cr/31/77/33/99/31773399_91d32e7|https://photos.encuentra24.com/t_or_fh_m/f_auto/v1/cr/31/73/24/71/31732471_4e88dd6|https://photos.encuentra24.com/t_or_fh_m/f_auto/v1/cr/31/98/24/18/31982418_449adfa|https://photos.encuentra24.com/t_or_fh_m/f_auto/v1/cr/31/62/92/83/31629283_b408a25|https://photos.encuentra24.com/t_or_fh_m/f_auto/v1/cr/26/04/19/98/26041998_1970254
encuentra24,30686219,https://www.encuentra24.com/costa-rica-es/bienes-raices-alquiler-comercios/local-comercial-en-boulevard-los-yoses-ideal-para-oficina-privada-o-comercio/30686219,rent,active,San José provincia,San José Capital,Carmen,Local Comercial en Boulevard Los Yoses. Ideal para oficina privada o comercio,"Lindo y acogedor local comercial esquinero, con mucha luz, en el boulevard de Los Yoses. Ideal para ofiocina privada, consultorio, o tienda de alta gama. Cuenta con terraza de acceso, amplio espacio de recepción y sala de espera.. Tres espacios independientes de oficinas, exhibición y/o consultorio privado. Cuenta con amplio parqueo sobre el boulevard de la Municipalidad de San José. Al precio del alquiler debe agregársele el IVA",Commercial Property,,,,,,,"{""Electricity""}",Riverfront,"{""Steep Slope""}",,,,,USD,,https://photos.encuentra24.com/t_or_fh_m/f_auto/v1/cr/30/68/62/19/30686219_386560|https://photos.encuentra24.com/t_or_fh_m/f_auto/v1/cr/30/68/62/19/30686219_d9c8c6|https://photos.encuentra24.com/t_or_fh_m/f_auto/v1/cr/30/68/62/19/30686219_8f3b8f|https://photos.encuentra24.com/t_or_fh_m/f_auto/v1/cr/30/68/62/19/30686219_31fd7e|https://photos.encuentra24.com/t_or_fh_m/f_auto/v1/cr/30/68/62/19/30686219_b10a2e|https://photos.encuentra24.com/t_or_fh_m/f_auto/v1/cr/30/68/62/19/30686219_697f42|https://photos.encuentra24.com/t_or_fh_m/f_auto/v1/cr/30/68/62/19/30686219_996674|https://photos.encuentra24.com/t_or_fh_m/f_auto/v1/cr/30/68/62/19/30686219_ed57e0|https://photos.encuentra24.com/t_or_fh_m/f_auto/v1/cr/30/68/62/19/30686219_f6782f|https://photos.encuentra24.com/t_or_fh_m/f_auto/v1/cr/30/68/62/19/30686219_6be7aa|https://photos.encuentra24.com/t_or_fh_m/f_auto/v1/cr/30/68/62/19/30686219_d39685|https://photos.encuentra24.com/t_or_fh_m/f_auto/v1/cr/30/68/62/19/30686219_6bcba2|https://photos.encuentra24.com/t_or_fh_m/f_auto/v1/cr/30/68/62/19/30686219_592d1c|https://photos.encuentra24.com/t_user_logo/v1/users/logo/59/92/19/599219_7eda60|https://photos.encuentra24.com/t_cnseal/v1697642511/cnseal/652ff80f42db6_Verified%20badge.png|https://photos.encuentra24.com/t_or_fh_m/f_auto/v1/cr/31/82/50/70/31825070_a8e2c3|https://photos.encuentra24.com/t_or_fh_m/f_auto/v1/cr/30/67/72/97/30677297_809478|https://photos.encuentra24.com/t_or_fh_m/f_auto/v1/cr/32/11/85/64/32118564_20d7eda|https://photos.encuentra24.com/t_or_fh_m/f_auto/v1/cr/28/14/40/38/28144038_bfecbf
encuentra24,32597845,https://www.encuentra24.com/costa-rica-es/bienes-raices-alquiler-comercios/bodega-en-alquiler-coyol-alajuela/32597845,rent,active,Alajuela provincia,Alajuela,Coyol,"Bodega en Alquiler | Coyol, Alajuela","Bodega en Alquiler | Coyol, Alajuela Ubicada en una de las principales zonas industriales de Costa Rica, con fácil y rápido acceso a las principales autopistas y corredores logísticos del país. Características: • Área: 3.744 m² • Precio: $31.824 + IVA • Cuota de mantenimiento y seguridad 24/7 incluidas • Altura libre de 12 metros • Energía trifásica • 10 espacios de parqueo • Andenes de carga y descarga • Acceso para camiones y equipos de gran tamaño Ideal para almacenamiento, distribución, logística y operaciones industriales. ¿Busca una bodega con características diferentes? Contáctenos. Disponemos de opciones en diversos tamaños y ubicaciones en todo Costa Rica. Grupo Ugalde Bienes Raíces Más de 40 años de experiencia en el mercado inmobiliario costarricense.",Commercial Property,,,,,,,{},Riverfront,{},,,,31824,USD,,https://photos.encuentra24.com/t_or_fh_m/f_auto/v1/cr/32/59/78/45/32597845_5f991c296cd8f975e9bd2250507e79da-c074236|https://photos.encuentra24.com/t_or_fh_m/f_auto/v1/cr/32/59/78/45/32597845_5f991c296cd8f975e9bd2250507e79da-38423ab|https://photos.encuentra24.com/t_or_fh_m/f_auto/v1/cr/32/59/78/45/32597845_5f991c296cd8f975e9bd2250507e79da-41c720c|https://photos.encuentra24.com/t_or_fh_m/f_auto/v1/cr/32/59/78/45/32597845_5f991c296cd8f975e9bd2250507e79da-be51143|https://photos.encuentra24.com/t_or_fh_m/f_auto/v1/cr/32/59/78/45/32597845_5f991c296cd8f975e9bd2250507e79da-2d925d7|https://photos.encuentra24.com/t_or_fh_m/f_auto/v1/cr/32/59/78/45/32597845_5f991c296cd8f975e9bd2250507e79da-c4d17b6|https://photos.encuentra24.com/t_or_fh_m/f_auto/v1/cr/32/59/78/45/32597845_5f991c296cd8f975e9bd2250507e79da-f35e84d|https://photos.encuentra24.com/t_or_fh_m/f_auto/v1/cr/32/59/78/45/32597845_5f991c296cd8f975e9bd2250507e79da-dbb027d|https://photos.encuentra24.com/t_or_fh_m/f_auto/v1/cr/32/59/78/45/32597845_5f991c296cd8f975e9bd2250507e79da-6a010ff|https://photos.encuentra24.com/t_or_fh_m/f_auto/v1/cr/32/59/78/45/32597845_5f991c296cd8f975e9bd2250507e79da-b14c570|https://photos.encuentra24.com/t_user_logo/v1/users/logo/33/03/98/330398_c8b562|https://photos.encuentra24.com/t_cnseal/v1697642511/cnseal/652ff80f42db6_Verified%20badge.png|https://photos.encuentra24.com/t_or_fh_m/f_auto/v1/cr/32/17/20/63/32172063_68e7b4e|https://photos.encuentra24.com/t_or_fh_m/f_auto/v1/cr/32/17/21/68/32172168_eec40bb|https://photos.encuentra24.com/t_or_fh_m/f_auto/v1/cr/32/17/22/36/32172236_fa8113d|https://photos.encuentra24.com/t_or_fh_m/f_auto/v1/cr/32/17/22/94/32172294_bf30eb6|https://photos.encuentra24.com/t_or_fh_m/f_auto/v1/cr/25/30/88/76/25308876_4659eff|https://photos.encuentra24.com/t_or_fh_m/f_auto/v1/cr/32/59/80/84/32598084_03b7bd86ee3c8fb799437206f09448bc-3350671|https://photos.encuentra24.com/t_or_fh_m/f_auto/v1/cr/25/32/90/33/25329033_d3136dd
encuentra24,31545270,https://www.encuentra24.com/costa-rica-es/bienes-raices-alquiler-casas/hermosa-casa-en-rohrmoser-ideal-para-restaurante-comercio-u-oficinas/31545270,rent,active,San José provincia,San José Capital,Rohrmoser,"HERMOSA CASA EN ROHRMOSER IDEAL PARA RESTAURANTE, COMERCIO U OFICINAS","Imponente propiedad con 11 habitaciones, ideal para uso comercial o de oficinas, ubicada en una de las zonas más convenientes de la ciudad, a pocos minutos de la autopista, supermercados y zonas con gran vida social. Cuenta con rejas y portones de seguridad, además de amplias áreas verdes en la parte posterior. Una oportunidad única para quienes buscan una propiedad versátil, segura y con excelente proyección urbana.",House,,,,,,,{},Urban,{},,,,,USD,,https://photos.encuentra24.com/t_or_fh_m/f_auto/v1/cr/31/54/52/70/31545270_46dec1|https://photos.encuentra24.com/t_or_fh_m/f_auto/v1/cr/31/54/52/70/31545270_bd13b9|https://photos.encuentra24.com/t_or_fh_m/f_auto/v1/cr/31/54/52/70/31545270_dc4468|https://photos.encuentra24.com/t_or_fh_m/f_auto/v1/cr/31/54/52/70/31545270_25a5c0|https://photos.encuentra24.com/t_or_fh_m/f_auto/v1/cr/31/54/52/70/31545270_c2d042|https://photos.encuentra24.com/t_or_fh_m/f_auto/v1/cr/31/54/52/70/31545270_a6dd41|https://photos.encuentra24.com/t_or_fh_m/f_auto/v1/cr/31/54/52/70/31545270_df39af|https://photos.encuentra24.com/t_or_fh_m/f_auto/v1/cr/31/54/52/70/31545270_83183d|https://photos.encuentra24.com/t_or_fh_m/f_auto/v1/cr/31/54/52/70/31545270_85c44d|https://photos.encuentra24.com/t_or_fh_m/f_auto/v1/cr/31/54/52/70/31545270_112db3|https://photos.encuentra24.com/t_user_logo/v1/users/logo/55/96/08/5596085_8ef50a|https://photos.encuentra24.com/t_or_fh_m/f_auto/v1/cr/30/81/66/95/30816695_ab3d9c|https://photos.encuentra24.com/t_or_fh_m/f_auto/v1/cr/32/31/24/53/32312453_ee4ec0f6f48a05d25172586463738462-b4cb70d|https://photos.encuentra24.com/t_or_fh_m/f_auto/v1/cr/32/64/45/32/32644532_f853ff7|https://photos.encuentra24.com/t_or_fh_m/f_auto/v1/cr/29/31/97/22/29319722_95d72a|https://photos.encuentra24.com/t_or_fh_m/f_auto/v1/cr/32/60/52/41/32605241_7806b30e3b8e1865e5521dcad5470872-f9c3cb9|https://photos.encuentra24.com/t_or_fh_m/f_auto/v1/cr/31/78/56/71/31785671_33d9ba|https://photos.encuentra24.com/t_or_fh_m/f_auto/v1/cr/31/96/28/20/31962820_e4a149275883ca324624019cdd1ef701-dd91728|https://photos.encuentra24.com/t_or_fh_m/f_auto/v1/cr/31/54/00/22/31540022_b3ca68|https://photos.encuentra24.com/t_or_fh_m/f_auto/v1/cr/31/47/32/21/31473221_56fe57|https://photos.encuentra24.com/t_or_fh_m/f_auto/v1/cr/31/67/31/74/31673174_0160f1|https://photos.encuentra24.com/t_or_fh_m/f_auto/v1/cr/31/48/51/93/31485193_4fc2f9|https://photos.encuentra24.com/t_or_fh_m/f_auto/v1/cr/31/51/39/22/31513922_d3eddd|https://photos.encuentra24.com/t_or_fh_m/f_auto/v1/cr/32/15/33/32/32153332_ddf77e13845a7e144040257099526172-6d92a2e|https://photos.encuentra24.com/t_or_fh_m/f_auto/v1/cr/32/16/85/44/32168544_7318e95cf997ee01ec9fa2eec3c0c390-2ac88a4
encuentra24,32445669,https://www.encuentra24.com/costa-rica-es/bienes-raices-alquiler-casas/se-alquila-casa-uso-mixto-en-rohrmoser/32445669,rent,active,San José provincia,San José Capital,Rohrmoser,Se alquila Casa Uso mixto en Rohrmoser.,"Esquinera cerca de Plaza Mayor, en una zona altamente estratégica, ideal para oficinas, vivienda o emprendimiento. Características principales: • 5 habitaciones • 5 baños completos • Cocina con muebles • Sala y comedor • Cochera para 2 vehículos Cerca de comercios, bancos y parada de buses. Uso de suelo mixto: perfecto para actividad comercial o residencial. Más información al #1428",House,,,,,,,{},,{},,,,,USD,,https://photos.encuentra24.com/t_or_fh_m/f_auto/v1/cr/32/44/56/69/32445669_8dca790|https://photos.encuentra24.com/t_or_fh_m/f_auto/v1/cr/32/44/56/69/32445669_38bdf77|https://photos.encuentra24.com/t_or_fh_m/f_auto/v1/cr/32/44/56/69/32445669_d9bdb4f|https://photos.encuentra24.com/t_or_fh_m/f_auto/v1/cr/32/44/56/69/32445669_cd584f7|https://photos.encuentra24.com/t_or_fh_m/f_auto/v1/cr/32/44/56/69/32445669_e949178|https://photos.encuentra24.com/t_or_fh_m/f_auto/v1/cr/32/44/56/69/32445669_53a4c44|https://photos.encuentra24.com/t_or_fh_m/f_auto/v1/cr/32/44/56/69/32445669_2696207|https://photos.encuentra24.com/t_or_fh_m/f_auto/v1/cr/32/44/56/69/32445669_4bfd679|https://photos.encuentra24.com/t_or_fh_m/f_auto/v1/cr/32/44/56/69/32445669_22410f6|https://photos.encuentra24.com/t_or_fh_m/f_auto/v1/cr/32/44/56/69/32445669_587972a|https://photos.encuentra24.com/t_or_fh_m/f_auto/v1/cr/32/44/56/69/32445669_84f64b4|https://photos.encuentra24.com/t_or_fh_m/f_auto/v1/cr/32/44/56/69/32445669_02f411007d954213cb2a6be285c6ab3e-a7198a1|https://photos.encuentra24.com/t_or_fh_m/f_auto/v1/cr/32/44/56/69/32445669_39d2756|https://photos.encuentra24.com/t_or_fh_m/f_auto/v1/cr/32/44/56/69/32445669_946c84c|https://photos.encuentra24.com/t_or_fh_m/f_auto/v1/cr/32/44/56/69/32445669_605f1a0|https://photos.encuentra24.com/t_or_fh_m/f_auto/v1/cr/32/44/56/69/32445669_cb56f57|https://photos.encuentra24.com/t_or_fh_m/f_auto/v1/cr/32/44/56/69/32445669_2887f8d|https://photos.encuentra24.com/t_or_fh_m/f_auto/v1/cr/32/44/56/69/32445669_232b71c|https://photos.encuentra24.com/t_or_fh_m/f_auto/v1/cr/32/44/56/69/32445669_2ec7095|https://photos.encuentra24.com/t_or_fh_m/f_auto/v1/cr/32/44/56/69/32445669_703e0ba|https://photos.encuentra24.com/t_or_fh_m/f_auto/v1/cr/31/94/68/00/31946800_1abfc9|https://photos.encuentra24.com/t_or_fh_m/f_auto/v1/cr/32/35/52/77/32355277_25a3c0b3314d29e3965ff67d90a9a7d5-1cb4419|https://photos.encuentra24.com/t_or_fh_m/f_auto/v1/cr/32/28/55/27/32285527_f63b95d|https://photos.encuentra24.com/t_or_fh_m/f_auto/v1/cr/32/41/82/27/32418227_0df0eef0f700cad9e0d2d39623256fea-60456fd|https://photos.encuentra24.com/t_or_fh_m/f_auto/v1/cr/32/61/86/13/32618613_b01c8d1ca4d9e7c3fdf960dfa19ef591-a59106b|https://photos.encuentra24.com/t_or_fh_m/f_auto/v1/cr/32/33/20/23/32332023_ec017ce9fa5aac39695c5d34fb4785c7-0654e58|https://photos.encuentra24.com/t_or_fh_m/f_auto/v1/cr/32/44/68/52/32446852_22e77de|https://photos.encuentra24.com/t_or_fh_m/f_auto/v1/cr/32/53/16/21/32531621_791841e|https://photos.encuentra24.com/t_or_fh_m/f_auto/v1/cr/32/49/13/10/32491310_1fbb849693f4006f5acdb320cb8e6811-753b723|https://photos.encuentra24.com/t_or_fh_m/f_auto/v1/cr/32/49/57/69/32495769_4f9f8bc|https://photos.encuentra24.com/t_or_fh_m/f_auto/v1/cr/32/40/00/83/32400083_3ad32f36a202b56cb5887ab2f8c090ce-f23c72b|https://photos.encuentra24.com/t_or_fh_m/f_auto/v1/cr/32/54/55/33/32545533_7ff22bc8fa3f654b099452a1ab7c5549-5e37e56|https://photos.encuentra24.com/t_or_fh_m/f_auto/v1/cr/32/47/68/15/32476815_4798cf8|https://photos.encuentra24.com/t_or_fh_m/f_auto/v1/cr/32/56/28/84/32562884_72c5895dbffb8cb7e10bf3b810358ee8-38752ef
encuentra24,32556994,https://www.encuentra24.com/costa-rica-es/bienes-raices-alquiler-apartamentos-amueblados/se-alquila-apartamento-amueblado-en-nucleo-sabana/32556994,rent,active,San José provincia,San José Capital,Mata Redonda,Se alquila apartamento amueblado en Nucleo Sabana,"Caracteristicas de el apartamento: Estacionamiento: 1 espacio de parqueo Ubicación y Vistas: Piso 20, Torre A Vista a las montañas desde el dormitorio principal Luz natural del amanecer en la cocina y sala de estar Distribución: 2 habitaciones, 2 baños Cocina integrada con la sala Armarios empotrados en ambas habitaciones Habitación Principal: Cama tamaño King Baño privado Televisor de alta gama de 75 pulgadas Colchón y almohadas de lujo Base de cama con iluminación integrada Mesitas de noche personalizadas diseñadas para la habitación Espejo grande de pared Ventilador Segunda Habitación / Oficina: Cama tamaño Queen Colchón y almohadas de lujo Puede convertirse en oficina 1 silla ergonómica de oficina de alta gama Sala de Estar: Televisor de alta gama de 85 pulgadas Mueble grande para TV con almacenamiento Cajoneras adicionales para almacenamiento Sofá modular con dos configuraciones posibles Mesa auxiliar junto al sofá Segundo baño conectado al área social Cocina y Comedor: Cocina abierta conectada a la sala Encimera ampliada y personalizada Refrigeradora y congelador grandes Lavavajillas Sistema de filtración de agua por ósmosis inversa Mesa de comedor con sillas cómodas Ventilador Terraza / Balcón: Mesa personalizada de madera maciza con sillas Baños: 2 baños en total Espejos iluminados de lujo en ambos baños Filtros de agua en ambas duchas Bidé en cada baño Cuarto de Lavado: Lavadora y secadora Estanterías adicionales para almacenamiento Cortinas y Protección de Ventanas: Cortinas enrollables en todo el apartamento Mosquiteros en todas las ventanas Habitación principal con cortinas enrollables motorizadas tipo blackout y filtro de luz Sala con cortina enrollable motorizada tipo blackout Segunda habitación con cortinas blackout Cocina con cortinas enrollables filtrantes de luz Extras: Aire acondicionado de alta capacidad que enfría todo el apartamento Cobertura Wi-Fi muy potente en toda la propiedad Conexiones Ethernet en todas las habitaciones Wi-Fi conectado a respaldo de batería (UPS) Respaldo de batería (UPS) para la estación de trabajo y el televisor principal de la sala Cerradura inteligente Wi-Fi en la puerta principal para acceso y control remoto seguro Sistema de doble cerradura para mayor seguridad Sello acústico instalado en la puerta principal para reducir el ruido del pasillo y mejorar el aislamiento sonoro Papel tapiz decorativo en todo el apartamento Cambiador para bebé Mueble para almacenar zapatos en la entrada Caja fuerte con capacidad para una laptop de hasta 16 pulgadas Varias plantas que ayudan a mejorar la calidad del aire ¡Y mucho más!",Condo,,,,,,,"{""Water"",""Electricity""}",Riverfront|Mountain View,{},,,,,CRC,,https://photos.encuentra24.com/t_or_fh_m/f_auto/v1/cr/32/55/69/94/32556994_4583acda985a569293784bdb06f8fc6b-1bf1e30|https://photos.encuentra24.com/t_or_fh_m/f_auto/v1/cr/32/55/69/94/32556994_4583acda985a569293784bdb06f8fc6b-6e87e97|https://photos.encuentra24.com/t_or_fh_m/f_auto/v1/cr/32/55/69/94/32556994_4583acda985a569293784bdb06f8fc6b-ac9471a|https://photos.encuentra24.com/t_or_fh_m/f_auto/v1/cr/32/55/69/94/32556994_4583acda985a569293784bdb06f8fc6b-a3388a2|https://photos.encuentra24.com/t_or_fh_m/f_auto/v1/cr/32/55/69/94/32556994_4583acda985a569293784bdb06f8fc6b-113a9af|https://photos.encuentra24.com/t_or_fh_m/f_auto/v1/cr/32/55/69/94/32556994_4583acda985a569293784bdb06f8fc6b-776be46|https://photos.encuentra24.com/t_or_fh_m/f_auto/v1/cr/32/55/69/94/32556994_4583acda985a569293784bdb06f8fc6b-88b62d8|https://photos.encuentra24.com/t_or_fh_m/f_auto/v1/cr/32/55/69/94/32556994_4583acda985a569293784bdb06f8fc6b-c844ea0|https://photos.encuentra24.com/t_or_fh_m/f_auto/v1/cr/32/55/69/94/32556994_4583acda985a569293784bdb06f8fc6b-8bba3e8|https://photos.encuentra24.com/t_or_fh_m/f_auto/v1/cr/32/55/69/94/32556994_4583acda985a569293784bdb06f8fc6b-3e8b5f5|https://photos.encuentra24.com/t_or_fh_m/f_auto/v1/cr/32/55/69/94/32556994_4583acda985a569293784bdb06f8fc6b-30fdd04|https://photos.encuentra24.com/t_or_fh_m/f_auto/v1/cr/32/55/69/94/32556994_4583acda985a569293784bdb06f8fc6b-f14706d|https://photos.encuentra24.com/t_or_fh_m/f_auto/v1/cr/32/55/69/94/32556994_4583acda985a569293784bdb06f8fc6b-e9e10c3|https://photos.encuentra24.com/t_or_fh_m/f_auto/v1/cr/32/55/69/94/32556994_4583acda985a569293784bdb06f8fc6b-6fdd9a2|https://photos.encuentra24.com/t_or_fh_m/f_auto/v1/cr/32/55/69/94/32556994_4583acda985a569293784bdb06f8fc6b-aefb979|https://photos.encuentra24.com/t_or_fh_m/f_auto/v1/cr/32/55/69/94/32556994_4583acda985a569293784bdb06f8fc6b-67e6446|https://photos.encuentra24.com/t_or_fh_m/f_auto/v1/cr/32/55/69/94/32556994_4583acda985a569293784bdb06f8fc6b-9e81afd|https://photos.encuentra24.com/t_or_fh_m/f_auto/v1/cr/32/55/69/94/32556994_4583acda985a569293784bdb06f8fc6b-1133a4c|https://photos.encuentra24.com/t_or_fh_m/f_auto/v1/cr/32/55/69/94/32556994_4583acda985a569293784bdb06f8fc6b-0972e29|https://photos.encuentra24.com/t_or_fh_m/f_auto/v1/cr/32/33/81/99/32338199_7b48e32|https://photos.encuentra24.com/t_or_fh_m/f_auto/v1/cr/32/56/21/68/32562168_1ffbff1|https://photos.encuentra24.com/t_or_fh_m/f_auto/v1/cr/32/09/74/68/32097468_7e753500c3ada567ef0e7375bd7e0d7b-241f596|https://photos.encuentra24.com/t_or_fh_m/f_auto/v1/cr/32/50/56/26/32505626_1071083dc4af512929bdbe89ca096823-9816af5|https://photos.encuentra24.com/t_or_fh_m/f_auto/v1/cr/32/50/26/56/32502656_b80afd389742ec4d807d7a1a56d44ebc-be9ddfc|https://photos.encuentra24.com/t_or_fh_m/f_auto/v1/cr/32/58/78/61/32587861_51127ed5c550f54e320c5341c45ad453-3876856|https://photos.encuentra24.com/t_or_fh_m/f_auto/v1/cr/32/63/19/86/32631986_92bb0cf5bf7030ea7a864d49292f8102-3892fcb|https://photos.encuentra24.com/t_or_fh_m/f_auto/v1/cr/32/55/73/18/32557318_73afb1e1e7811b227c23f64c3dbc839c-e42c0a6|https://photos.encuentra24.com/t_or_fh_m/f_auto/v1/cr/32/02/41/56/32024156_b09242c|https://photos.encuentra24.com/t_or_fh_m/f_auto/v1/cr/32/45/77/56/32457756_04aabc2|https://photos.encuentra24.com/t_or_fh_m/f_auto/v1/cr/32/53/58/42/32535842_ca268e95325118c4a215dda06ed233fa-456bc11|https://photos.encuentra24.com/t_or_fh_m/f_auto/v1/cr/32/06/76/56/32067656_bcf9854|https://photos.encuentra24.com/t_or_fh_m/f_auto/v1/cr/32/38/94/36/32389436_204069b39cecf4c6edb862df67ade7b7-39d7a3b|https://photos.encuentra24.com/t_or_fh_m/f_auto/v1/cr/32/59/18/47/32591847_22d172f422eb1d6f5f6ec9598943a3fc-d9fc091
encuentra24,32598590,https://www.encuentra24.com/costa-rica-es/bienes-raices-alquiler-casas/en-renta-residencia-exclusiva-en-loma-verde-santa-rosa/32598590,rent,active,Guanacaste provincia,Santa Cruz,Tamarindo,"EN RENTA – RESIDENCIA EXCLUSIVA EN LOMA VERDE, SANTA ROSA","Imagine llegar a casa todos los días a un entorno privado, seguro y tranquilo, mientras disfruta de una ubicación privilegiada, cerca de algunas de las playas, servicios y comercios más exclusivos de Guanacaste. Esta residencia, completamente amueblada, se encuentra dentro del prestigioso residencial Loma Verde, ofreciendo comodidad, privacidad y un estilo de vida pensado para quienes valoran la calidad de vida. Características de la propiedad 2 dormitorios 2 baños completos Amplia sala de TV Cocina totalmente equipada Barra desayunadora Terraza privada Piscina privada Área de BBQ Parqueo para 2 vehículos Seguridad 24/7 Alquiler mensual: USD $1,500 Incluye Internet de alta velocidad Mantenimiento de la piscina Mantenimiento de jardines Esta propiedad es ideal para profesionales, personas jubiladas, parejas, trabajadores remotos o cualquier persona que busque un hogar cómodo y seguro en una de las comunidades residenciales más exclusivas de Guanacaste. Su excelente distribución, sus espacios exteriores privados y el entorno exclusivo ofrecen el equilibrio perfecto entre comodidad, privacidad y tranquilidad.",House,,,,,,,"{""Municipal Water""}",Beachfront|Riverfront,{},,,,1500,USD,,https://photos.encuentra24.com/t_or_fh_m/f_auto/v1/cr/32/59/85/90/32598590_7a776c3|https://photos.encuentra24.com/t_or_fh_m/f_auto/v1/cr/32/59/85/90/32598590_640b2fe|https://photos.encuentra24.com/t_or_fh_m/f_auto/v1/cr/32/59/85/90/32598590_8d555a7|https://photos.encuentra24.com/t_or_fh_m/f_auto/v1/cr/32/59/85/90/32598590_206c849|https://photos.encuentra24.com/t_or_fh_m/f_auto/v1/cr/32/59/85/90/32598590_fa80c2a|https://photos.encuentra24.com/t_or_fh_m/f_auto/v1/cr/32/59/85/90/32598590_5ccfe77|https://photos.encuentra24.com/t_or_fh_m/f_auto/v1/cr/32/59/85/90/32598590_2053ff5|https://photos.encuentra24.com/t_or_fh_m/f_auto/v1/cr/32/59/85/90/32598590_bd1df57|https://photos.encuentra24.com/t_or_fh_m/f_auto/v1/cr/32/59/85/90/32598590_3ef0209|https://photos.encuentra24.com/t_or_fh_m/f_auto/v1/cr/32/59/85/90/32598590_31218b4|https://photos.encuentra24.com/t_or_fh_m/f_auto/v1/cr/32/59/85/90/32598590_2cdc373|https://photos.encuentra24.com/t_or_fh_m/f_auto/v1/cr/32/59/85/90/32598590_a1c6d44|https://photos.encuentra24.com/t_or_fh_m/f_auto/v1/cr/32/59/85/90/32598590_9917d6d|https://photos.encuentra24.com/t_or_fh_m/f_auto/v1/cr/32/59/85/90/32598590_ce51270|https://photos.encuentra24.com/t_or_fh_m/f_auto/v1/cr/32/59/85/90/32598590_4aa7893|https://photos.encuentra24.com/t_user_logo/v1/users/logo/68/73/78/687378_7eb498|https://photos.encuentra24.com/t_cnseal/v1697642511/cnseal/652ff80f42db6_Verified%20badge.png|https://photos.encuentra24.com/t_or_fh_m/f_auto/v1/cr/32/64/34/30/32643430_5ca690f|https://photos.encuentra24.com/t_or_fh_m/f_auto/v1/cr/32/07/61/15/32076115_bd9fb8|https://photos.encuentra24.com/t_or_fh_m/f_auto/v1/cr/32/09/36/85/32093685_e2dd55|https://photos.encuentra24.com/t_or_fh_m/f_auto/v1/cr/30/79/24/87/30792487_18d63b|https://photos.encuentra24.com/t_or_fh_m/f_auto/v1/cr/32/29/19/77/32291977_cd7ab34|https://photos.encuentra24.com/t_or_fh_m/f_auto/v1/cr/31/43/73/40/31437340_a201d9|https://photos.encuentra24.com/t_or_fh_m/f_auto/v1/cr/31/98/03/67/31980367_4915b21a3b644470ca901a5ece3d40cd-d46dabf|https://photos.encuentra24.com/t_or_fh_m/f_auto/v1/cr/31/40/03/00/31400300_fffd24|https://photos.encuentra24.com/t_or_fh_m/f_auto/v1/cr/31/86/44/38/31864438_0734b3|https://photos.encuentra24.com/t_or_fh_m/f_auto/v1/cr/32/49/05/95/32490595_17fa011|https://photos.encuentra24.com/t_or_fh_m/f_auto/v1/cr/32/17/76/26/32177626_d0476d6778551c4d7a80141377996f89-63c386f
encuentra24,32598591,https://www.encuentra24.com/costa-rica-es/bienes-raices-alquiler-apartamentos-amueblados/cosmopolitan-tower-rohrmoser-apartamento-de-lujo-amueblado-1-2-3-dor/32598591,rent,active,San José provincia,San José Capital,Rohrmoser,"Cosmopolitan Tower – Rohrmoser,Apartamento de lujo, AMUEBLADO,1-2 -3 dor.","Cosmopolitan Tower – Rohrmoser (Studio Amueblado) $1,200 USD Studio · 1B · 1P Full amueblado Incluye electricidad hasta 30,000 Incluye agua hasta 20,000 Disponibilidad inmediata Preferiblemente sin mascotas Amenidades Cosmopolitan Tower Piscina Gimnasio completamente equipado Sky Lounge con vistas panorámicas Área BBQ Salón para eventos Coworking y salas de reuniones Seguridad 24/7 Lobby elegante Elevadores de alta velocidad Parqueo para visitas ....... pregunta por otras opciones en la misma zona.",Condo,,,,,,,"{""Water"",""Electricity""}",,{},,,,1200,USD,,https://photos.encuentra24.com/t_or_fh_m/f_auto/v1/cr/32/59/85/91/32598591_2ccef426ca193883350e1cc4ae712ac5-b8ea1ba|https://photos.encuentra24.com/t_or_fh_m/f_auto/v1/cr/32/59/85/91/32598591_2ccef426ca193883350e1cc4ae712ac5-dd89e3e|https://photos.encuentra24.com/t_or_fh_m/f_auto/v1/cr/32/59/85/91/32598591_2ccef426ca193883350e1cc4ae712ac5-5ee6ad2|https://photos.encuentra24.com/t_or_fh_m/f_auto/v1/cr/32/59/85/91/32598591_2ccef426ca193883350e1cc4ae712ac5-ca0b191|https://photos.encuentra24.com/t_or_fh_m/f_auto/v1/cr/32/59/85/91/32598591_2ccef426ca193883350e1cc4ae712ac5-cbae826|https://photos.encuentra24.com/t_or_fh_m/f_auto/v1/cr/32/59/85/91/32598591_2ccef426ca193883350e1cc4ae712ac5-9fd07c0|https://photos.encuentra24.com/t_or_fh_m/f_auto/v1/cr/32/59/85/91/32598591_2ccef426ca193883350e1cc4ae712ac5-144ca31|https://photos.encuentra24.com/t_or_fh_m/f_auto/v1/cr/32/59/85/91/32598591_2ccef426ca193883350e1cc4ae712ac5-763a94c|https://photos.encuentra24.com/t_or_fh_m/f_auto/v1/cr/32/59/85/91/32598591_2ccef426ca193883350e1cc4ae712ac5-17c444a|https://photos.encuentra24.com/t_or_fh_m/f_auto/v1/cr/32/59/85/91/32598591_2ccef426ca193883350e1cc4ae712ac5-1eed249|https://photos.encuentra24.com/t_or_fh_m/f_auto/v1/cr/32/59/85/91/32598591_2ccef426ca193883350e1cc4ae712ac5-3a8c60b|https://photos.encuentra24.com/t_or_fh_m/f_auto/v1/cr/32/59/85/91/32598591_2ccef426ca193883350e1cc4ae712ac5-bea23bc|https://photos.encuentra24.com/t_or_fh_m/f_auto/v1/cr/32/59/85/91/32598591_2ccef426ca193883350e1cc4ae712ac5-bfbb871|https://photos.encuentra24.com/t_or_fh_m/f_auto/v1/cr/32/59/85/91/32598591_2ccef426ca193883350e1cc4ae712ac5-94a027c|https://photos.encuentra24.com/t_or_fh_m/f_auto/v1/cr/32/59/85/91/32598591_2ccef426ca193883350e1cc4ae712ac5-4c237f9|https://photos.encuentra24.com/t_or_fh_m/f_auto/v1/cr/32/59/85/91/32598591_2ccef426ca193883350e1cc4ae712ac5-f7e6954|https://photos.encuentra24.com/t_or_fh_m/f_auto/v1/cr/32/59/85/91/32598591_2ccef426ca193883350e1cc4ae712ac5-7182778|https://photos.encuentra24.com/t_or_fh_m/f_auto/v1/cr/32/59/85/91/32598591_2ccef426ca193883350e1cc4ae712ac5-432721f|https://photos.encuentra24.com/t_or_fh_m/f_auto/v1/cr/32/59/85/91/32598591_2ccef426ca193883350e1cc4ae712ac5-5dc7f02|https://photos.encuentra24.com/t_user_logo/v1/users/logo/13/63/60/1363600_13ca08|https://photos.encuentra24.com/t_cnseal/v1697642511/cnseal/652ff80f42db6_Verified%20badge.png|https://photos.encuentra24.com/t_or_fh_m/f_auto/v1/cr/32/49/37/91/32493791_6553a46|https://photos.encuentra24.com/t_or_fh_m/f_auto/v1/cr/32/63/40/31/32634031_4c12685732376f41ed6be90a2ec7b55c-d40ea4d|https://photos.encuentra24.com/t_or_fh_m/f_auto/v1/cr/32/61/78/41/32617841_9ba8127f67f9ec3269767e20ccdd4d90-71c53e1|https://photos.encuentra24.com/t_or_fh_m/f_auto/v1/cr/32/60/74/31/32607431_8501c9e424b7b2c59503f41857093376-c8d017b|https://photos.encuentra24.com/t_or_fh_m/f_auto/v1/cr/32/48/67/71/32486771_8cffadfe51d20b6bece8486687da46d8-a0ce5de|https://photos.encuentra24.com/t_or_fh_m/f_auto/v1/cr/31/75/53/61/31755361_af8bb9|https://photos.encuentra24.com/t_or_fh_m/f_auto/v1/cr/32/44/76/91/32447691_b34e99f|https://photos.encuentra24.com/t_or_fh_m/f_auto/v1/cr/31/16/90/95/31169095_5ee7734|https://photos.encuentra24.com/t_or_fh_m/f_auto/v1/cr/30/82/54/99/30825499_1e5704c|https://photos.encuentra24.com/t_or_fh_m/f_auto/v1/cr/29/43/59/85/29435985_e5945ed|https://photos.encuentra24.com/t_or_fh_m/f_auto/v1/cr/28/47/41/75/28474175_c40185b|https://photos.encuentra24.com/t_or_fh_m/f_auto/v1/cr/23/07/54/85/23075485_9b6c243|https://photos.encuentra24.com/t_or_fh_m/f_auto/v1/cr/25/24/04/73/25240473_071e06|https://photos.encuentra24.com/t_or_fh_m/f_auto/v1/cr/31/67/16/03/31671603_c18fd78
encuentra24,32612615,https://www.encuentra24.com/costa-rica-es/bienes-raices-alquiler-casas/alquiler-en-santa-ana-centro-casa-en-residencial-con-seguridad/32612615,rent,active,San José provincia,Santa Ana,Santa Ana Centro,Alquiler en Santa Ana Centro - Casa en Residencial con Seguridad,"Disfrute de la comodidad de vivir en una exclusiva residencial con seguridad controlada en Santa Ana Centro. Esta propiedad completamente remodelada ofrece espacios renovados listos para estrenar, ideales para quienes buscan tranquilidad y funcionalidad. Cuenta con dos habitaciones, cada una con baño privado, una amplia área social, cocina con sobres de granito, baño para visitas, bodega, terraza y balcón. Además, dispone de un espacio de parqueo y la posibilidad de mantener un segundo vehículo dentro del residencial. Como valor agregado, los residentes pueden disfrutar de un parque privado, brindando un entorno seguro y agradable para toda la familia.",House,,,,,,,{},Urban,{},,,,,USD,,https://photos.encuentra24.com/t_or_fh_m/f_auto/v1/cr/32/61/26/15/32612615_64a7fb1bd3902591b44a9c0d61c5a073-cae6cb9|https://photos.encuentra24.com/t_or_fh_m/f_auto/v1/cr/32/61/26/15/32612615_64a7fb1bd3902591b44a9c0d61c5a073-2349ed1|https://photos.encuentra24.com/t_or_fh_m/f_auto/v1/cr/32/61/26/15/32612615_64a7fb1bd3902591b44a9c0d61c5a073-8b51945|https://photos.encuentra24.com/t_or_fh_m/f_auto/v1/cr/32/61/26/15/32612615_64a7fb1bd3902591b44a9c0d61c5a073-1f74170|https://photos.encuentra24.com/t_or_fh_m/f_auto/v1/cr/32/61/26/15/32612615_64a7fb1bd3902591b44a9c0d61c5a073-1163165|https://photos.encuentra24.com/t_or_fh_m/f_auto/v1/cr/32/61/26/15/32612615_64a7fb1bd3902591b44a9c0d61c5a073-e210a46|https://photos.encuentra24.com/t_or_fh_m/f_auto/v1/cr/32/61/26/15/32612615_64a7fb1bd3902591b44a9c0d61c5a073-2a046f7|https://photos.encuentra24.com/t_or_fh_m/f_auto/v1/cr/32/61/26/15/32612615_64a7fb1bd3902591b44a9c0d61c5a073-1135da1|https://photos.encuentra24.com/t_or_fh_m/f_auto/v1/cr/32/61/26/15/32612615_64a7fb1bd3902591b44a9c0d61c5a073-7ffea6b|https://photos.encuentra24.com/t_or_fh_m/f_auto/v1/cr/32/61/26/15/32612615_64a7fb1bd3902591b44a9c0d61c5a073-4cee58e|https://photos.encuentra24.com/t_or_fh_m/f_auto/v1/cr/32/61/26/15/32612615_64a7fb1bd3902591b44a9c0d61c5a073-fd89e89|https://photos.encuentra24.com/t_or_fh_m/f_auto/v1/cr/32/61/26/15/32612615_64a7fb1bd3902591b44a9c0d61c5a073-4390eb3|https://photos.encuentra24.com/t_or_fh_m/f_auto/v1/cr/32/61/26/15/32612615_64a7fb1bd3902591b44a9c0d61c5a073-a131f0b|https://photos.encuentra24.com/t_or_fh_m/f_auto/v1/cr/32/61/26/15/32612615_64a7fb1bd3902591b44a9c0d61c5a073-7e6ee0c|https://photos.encuentra24.com/t_or_fh_m/f_auto/v1/cr/32/61/26/15/32612615_64a7fb1bd3902591b44a9c0d61c5a073-c275e83|https://photos.encuentra24.com/t_or_fh_m/f_auto/v1/cr/32/61/26/15/32612615_64a7fb1bd3902591b44a9c0d61c5a073-2a67e52|https://photos.encuentra24.com/t_or_fh_m/f_auto/v1/cr/32/61/26/15/32612615_64a7fb1bd3902591b44a9c0d61c5a073-f9096f7|https://photos.encuentra24.com/t_user_logo/v1/users/logo/23/02/96/230296_121b5e|https://photos.encuentra24.com/t_or_fh_m/f_auto/v1/cr/32/49/01/06/32490106_bd5200f|https://photos.encuentra24.com/t_or_fh_m/f_auto/v1/cr/32/39/37/16/32393716_945049a4fcbd28de34491f1a9bd692eb-5baf31f|https://photos.encuentra24.com/t_or_fh_m/f_auto/v1/cr/29/71/87/15/29718715_83d7c9|https://photos.encuentra24.com/t_or_fh_m/f_auto/v1/cr/29/78/33/05/29783305_09fb09|https://photos.encuentra24.com/t_or_fh_m/f_auto/v1/cr/32/10/15/64/32101564_36d5e22|https://photos.encuentra24.com/t_or_fh_m/f_auto/v1/cr/32/41/86/04/32418604_49e35c0|https://photos.encuentra24.com/t_or_fh_m/f_auto/v1/cr/32/64/19/03/32641903_75a7f406b13dc0ee610f85c3d4422ff3-7681a69|https://photos.encuentra24.com/t_or_fh_m/f_auto/v1/cr/32/53/09/32/32530932_5802795c39ed478bbb251ea321f5b2ec-e01e051|https://photos.encuentra24.com/t_or_fh_m/f_auto/v1/cr/32/60/02/96/32600296_30cbea3|https://photos.encuentra24.com/t_or_fh_m/f_auto/v1/cr/32/52/33/91/32523391_058f128|https://photos.encuentra24.com/t_or_fh_m/f_auto/v1/cr/32/53/79/50/32537950_488b916c4a2bf3964e253de75449c046-9e71f44|https://photos.encuentra24.com/t_or_fh_m/f_auto/v1/cr/32/56/57/37/32565737_b216d0917a663a1acb61763ea4992a10-80980ab|https://photos.encuentra24.com/t_or_fh_m/f_auto/v1/cr/32/63/56/10/32635610_43baa7aa89f3699e97f4bab113141918-70e9edc|https://photos.encuentra24.com/t_or_fh_m/f_auto/v1/cr/32/31/99/45/32319945_02410a2407733a1ccb4e9ff3a41b9f3d-942e38c
encuentra24,32502055,https://www.encuentra24.com/costa-rica-es/bienes-raices-alquiler-comercios/alquiler-de-casa-con-uso-mixto-residencial-comercial-en-la-sabana-recien-remodelada/32502055,rent,active,San José provincia,San José Capital,Mata Redonda,Alquiler de Casa con Uso Mixto (Residencial - Comercial) en La Sabana. ¡Recién remodelada!,"La Sabana, Mata Redonda, San José. Alquiler de Casa - Uso de Suelo Mixto (Residencial - Comercial). 5 Habitaciones / 3.5 Baños / 2 Parqueos / Jardín inmenso. ¡Recién remodelada! Con jardín y lista para entrar. Ideal para oficinas. Ubicación inmejorable a pasos de todo, muy cerca de Torre Universal. PRECIO: $3,500 + IVA al mes. DISTRIBUCIÓN: - NIVEL 1: 1 habitación u oficina, ½ baño, sala, comedor, terraza, cocina con antecomedor, cuarto de servicio con baño completo (que puede ser utilizado como una oficina), cuarto de pilas, patio de luz o tendido, un jardín inmenso, rancho, y cochera para 2 vehículos (uno en garage cerrado y otro en cochera exterior). Adicionalmente, otros vehículos pueden parquear en la acera. - NIVEL 2: 3 habitaciones: Habitación principal (con walk-in-closet y baño completo) y 2 habitaciones secundarias (con baño completo compartido), sala de TV y un hermoso balcón. MEDIDAS: Construcción: 325 m2 / Lote: 498 m2 CARACTERÍSTICAS: - Impecable y en excelente estado. - Completamente remodelada en su totalidad. - Tiene tanque de almacenamiento de agua con bomba. - No apta / No acondicionada a la Ley 7600. - No tiene aire acondicionado (De requerirse, el inquilino debe instalarlo). UBICACIÓN (LUGARES CERCANOS DE REFERENCIA): Parque Metropolitano La Sabana, Estadio Nacional, Paseo Colón, Nunciatura, Rohrmoser, Ruta 27, Microsoft, etc. * LISTING EN EXCLUSIVA * © Derechos reservados en cada fotografía, texto y video. * Su uso por terceros únicamente con autorización previa de LuxSphere Realty Group - Costa Rica. * LuxSphere Realty Group - Costa Rica se reserva el derecho de interponer las acciones administrativas y/o judiciales que correspondan por los daños y perjuicios que su difusión no autorizada ocasione. * La utilización y/o divulgación de las fotografías o videos sin consentimiento previo, o la eliminación de su marca de agua por un tercero, mediante el recorte o modificación de la imagen en cualquier forma, resultará violatorio de los Derechos de Autor y se procederá a las medidas legales correspondientes.",House,,,,,,,"{""Water"",""Electricity""}",Riverfront,{},Walkable,,,3500,USD,,https://photos.encuentra24.com/t_or_fh_m/f_auto/v1/cr/32/50/20/55/32502055_10141d8|https://photos.encuentra24.com/t_or_fh_m/f_auto/v1/cr/32/50/20/55/32502055_8c2939a|https://photos.encuentra24.com/t_or_fh_m/f_auto/v1/cr/32/50/20/55/32502055_e8f64d2|https://photos.encuentra24.com/t_or_fh_m/f_auto/v1/cr/32/50/20/55/32502055_74248dd|https://photos.encuentra24.com/t_or_fh_m/f_auto/v1/cr/32/50/20/55/32502055_5a3b00f|https://photos.encuentra24.com/t_or_fh_m/f_auto/v1/cr/32/50/20/55/32502055_4115cd7|https://photos.encuentra24.com/t_or_fh_m/f_auto/v1/cr/32/50/20/55/32502055_32a0aff|https://photos.encuentra24.com/t_or_fh_m/f_auto/v1/cr/32/50/20/55/32502055_8702e14|https://photos.encuentra24.com/t_or_fh_m/f_auto/v1/cr/32/50/20/55/32502055_08c6276|https://photos.encuentra24.com/t_or_fh_m/f_auto/v1/cr/32/50/20/55/32502055_7d624f3|https://photos.encuentra24.com/t_or_fh_m/f_auto/v1/cr/32/50/20/55/32502055_ff73979|https://photos.encuentra24.com/t_or_fh_m/f_auto/v1/cr/32/50/20/55/32502055_2d57a60|https://photos.encuentra24.com/t_or_fh_m/f_auto/v1/cr/32/50/20/55/32502055_ede07a9|https://photos.encuentra24.com/t_or_fh_m/f_auto/v1/cr/32/50/20/55/32502055_b805323|https://photos.encuentra24.com/t_or_fh_m/f_auto/v1/cr/32/50/20/55/32502055_5e9825c|https://photos.encuentra24.com/t_or_fh_m/f_auto/v1/cr/32/50/20/55/32502055_e21658e|https://photos.encuentra24.com/t_or_fh_m/f_auto/v1/cr/32/50/20/55/32502055_a03d63c|https://photos.encuentra24.com/t_or_fh_m/f_auto/v1/cr/32/50/20/55/32502055_9a0d18e|https://photos.encuentra24.com/t_or_fh_m/f_auto/v1/cr/32/50/20/55/32502055_c6d7236|https://photos.encuentra24.com/t_or_fh_m/f_auto/v1/cr/32/50/20/55/32502055_930a932|https://photos.encuentra24.com/t_user_logo/v1/users/logo/12/11/89/91/12118991_9015fc|https://photos.encuentra24.com/t_cnseal/v1594676252/cnseal/5f0cd41c4a555_Bildschirmfotocccbr.png|https://photos.encuentra24.com/t_cnseal/v1697642511/cnseal/652ff80f42db6_Verified%20badge.png|https://photos.encuentra24.com/t_or_fh_m/f_auto/v1/cr/32/49/76/89/32497689_1f0cdcf|https://photos.encuentra24.com/t_or_fh_m/f_auto/v1/cr/32/51/96/25/32519625_3fee466547afb07737ed5d1e7bd3f89b-6ef480e|https://photos.encuentra24.com/t_or_fh_m/f_auto/v1/cr/32/51/22/45/32512245_7f84152ca03b9d9785748eb67c5a16e7-2afa544|https://photos.encuentra24.com/t_or_fh_m/f_auto/v1/cr/32/51/34/48/32513448_2ea2cf182856fb2a6dd8d489e9859f41-56d8e6f|https://photos.encuentra24.com/t_or_fh_m/f_auto/v1/cr/32/50/17/95/32501795_f53c733|https://photos.encuentra24.com/t_or_fh_m/f_auto/v1/cr/31/68/96/12/31689612_289fe9|https://photos.encuentra24.com/t_or_fh_m/f_auto/v1/cr/32/35/52/77/32355277_25a3c0b3314d29e3965ff67d90a9a7d5-1cb4419
encuentra24,32405961,https://www.encuentra24.com/costa-rica-es/bienes-raices-alquiler-apartamentos-amueblados/casa-en-alquiler-en-sabanilla-full-muebles-condominio-pdc9364133/32405961,rent,active,San José provincia,Montes de Oca,Sabanilla,"Casa en alquiler en Sabanilla, full muebles, condominio PDC9364133","Código 5PDC9364133 Casa en alquiler en Sabanilla Montes de Oca, full muebles Cómoda casa para 4 personas, totalmente amoblada, con aires acondicionados en todas las habitaciones, ideal para familia con buen gusto que no requiera adquirir muebles . Ideal para alojar ejecutivos de empresas transnacionales. Resumen del Inmueble Area lote 207 m2 Área construcción 165 m2 2 parqueos Sala Comedor Area de pilas Aires acondicionados en todas las habitaciones Patio Cocina integrada 1/2 baño de visitas Walk-in closet Balcon Mobiliario completo Cuota de condominio 107.000 colones Amenidades varias Precio alquiler: USD $1.600,00 ( incluye agua y cuota de condominio) Descripción del Inmueble Casa estilo townhouse contemporánea de dos plantas. Piso 1: Dos espacios de parqueo techados para vehículos en paralelo. Baño de visita, cocina con sobres de granito y suficiente mobiliario moderno para guardar utensilios y accesorios de cocina, extrator de vapores, cocina totalmente equipada con estufa, nevera, microondas. Cuarto de lavado con equipos de lavadora y secadora por separado y con pilas. Patio de unos 15 m² con zacate al aire libre. Piso 2: Habitación principal diseñada para cama king size con balcón, walk-in closet y baño privado. Incluye cama king size. Dos habitaciones secundarias diseñadas para cama queen, incluyen camas twin y matrimoniales. baño compartido La casa posee acabados modernos, buena iluminación y ventilación. Descripción del Proyecto: Condominio de 81 casas tipo townhouse, con excelentes amenidades, gimnasio, piscina, parque de mascotas, parque infantil, sala para eventos, parqueo visitantes, seguridad 24/7 Descripcion de la zona Cerca de colegios universitarios, transporte público, supermercados y tiendas de conveniencia, servicios a la mano, plaza comercial en la entrada del condominio. Clima fresco.",Condo,,,,,,,"{""Water""}",Riverfront,{},Walkable,,,9364133,USD,,https://photos.encuentra24.com/t_or_fh_m/f_auto/v1/cr/32/40/59/61/32405961_a6c8fc|https://photos.encuentra24.com/t_or_fh_m/f_auto/v1/cr/32/40/59/61/32405961_9b4c55|https://photos.encuentra24.com/t_or_fh_m/f_auto/v1/cr/32/40/59/61/32405961_e1f68b|https://photos.encuentra24.com/t_or_fh_m/f_auto/v1/cr/32/40/59/61/32405961_6410b6|https://photos.encuentra24.com/t_or_fh_m/f_auto/v1/cr/32/40/59/61/32405961_43600d|https://photos.encuentra24.com/t_or_fh_m/f_auto/v1/cr/32/40/59/61/32405961_a4025d|https://photos.encuentra24.com/t_or_fh_m/f_auto/v1/cr/32/40/59/61/32405961_476f0a|https://photos.encuentra24.com/t_or_fh_m/f_auto/v1/cr/32/40/59/61/32405961_78ffb5|https://photos.encuentra24.com/t_or_fh_m/f_auto/v1/cr/32/40/59/61/32405961_4fa797|https://photos.encuentra24.com/t_or_fh_m/f_auto/v1/cr/32/40/59/61/32405961_08e103|https://photos.encuentra24.com/t_or_fh_m/f_auto/v1/cr/32/40/59/61/32405961_56ba86|https://photos.encuentra24.com/t_or_fh_m/f_auto/v1/cr/32/40/59/61/32405961_3db747|https://photos.encuentra24.com/t_or_fh_m/f_auto/v1/cr/32/40/59/61/32405961_050caa|https://photos.encuentra24.com/t_or_fh_m/f_auto/v1/cr/32/40/59/61/32405961_ea3e79|https://photos.encuentra24.com/t_or_fh_m/f_auto/v1/cr/32/40/59/61/32405961_65e13d|https://photos.encuentra24.com/t_or_fh_m/f_auto/v1/cr/32/40/59/61/32405961_def1cc|https://photos.encuentra24.com/t_or_fh_m/f_auto/v1/cr/32/40/59/61/32405961_6c928d|https://photos.encuentra24.com/t_or_fh_m/f_auto/v1/cr/32/40/59/61/32405961_a00c93|https://photos.encuentra24.com/t_or_fh_m/f_auto/v1/cr/32/40/59/61/32405961_0d6540|https://photos.encuentra24.com/t_or_fh_m/f_auto/v1/cr/32/40/59/61/32405961_7afc6c|https://photos.encuentra24.com/t_user_logo/v1/users/logo/63/57/63578_d5a40c|https://photos.encuentra24.com/t_cnseal/v1594676252/cnseal/5f0cd41c4a555_Bildschirmfotocccbr.png|https://photos.encuentra24.com/t_cnseal/v1697642511/cnseal/652ff80f42db6_Verified%20badge.png|https://photos.encuentra24.com/t_or_fh_m/f_auto/v1/cr/32/51/88/54/32518854_b57b3f4471e10f33bcdf51000b0c0fc3-77b5076|https://photos.encuentra24.com/t_or_fh_m/f_auto/v1/cr/31/76/28/96/31762896_4abf0d|https://photos.encuentra24.com/t_or_fh_m/f_auto/v1/cr/31/48/63/67/31486367_07420c|https://photos.encuentra24.com/t_or_fh_m/f_auto/v1/cr/30/51/71/58/30517158_bdd06f|https://photos.encuentra24.com/t_or_fh_m/f_auto/v1/cr/30/51/71/82/30517182_8fdb86|https://photos.encuentra24.com/t_or_fh_m/f_auto/v1/cr/32/00/00/83/32000083_5b8773|https://photos.encuentra24.com/t_or_fh_m/f_auto/v1/cr/28/15/08/65/28150865_6d3ee1|https://photos.encuentra24.com/t_or_fh_m/f_auto/v1/cr/31/89/23/70/31892370_36207b
encuentra24,31741340,https://www.encuentra24.com/costa-rica-es/bienes-raices-alquiler-apartamentos/apartamento-premium-en-alquiler-en-nunciatura-rohrmoser/31741340,rent,active,San José provincia,San José Capital,Rohrmoser,APARTAMENTO PREMIUM EN ALQUILER EN NUNCIATURA ROHRMOSER,"Hermoso apartamento totalmente amoblado en Cosmopolitan Towers, con excelente iluminación natural, acabados modernos y una ubicación privilegiada cerca del Parque La Sabana. Precio: • $1,050 mensuales (sin servicios, incluye parqueo) • $950 mensuales (sin parqueo, sin servicios) Características: • 1 habitación • 1 baño completo • 1 parqueo • A/C instalado • Lavaseca incluida • Totalmente amoblado • Pet-friendly • Excelente vista hacia el oeste desde piso alto (atardeceres espectaculares) Amenidades del edificio: • Sky Lounge en el piso 24 con vistas espectaculares a Rohrmoser, Sabana y el Estadio Nacional • Gimnasio completamente equipado • Sala de cine • Secondary Lounge • Cuartos de coworking y salas de reuniones • Co-working lounge • Área de BBQ • Piscina climatizada • Sauna y sala de masajes • Playground • Parque para perros con estación de baño y secado • Lavandería comunal • Parqueo de visitas • Seguridad 24/7 Ubicado en un vecindario exclusivo y tranquilo de Rohrmoser, cerca de supermercados, bancos, restaurantes, cafés, y con fácil acceso a Escazú, Sabana y San José. Contrato mínimo: 1 año Para más información o para coordinar una visita, contacte a Lawrence Home Real Estate –",Condo,,,,,,,{},Riverfront,{},,,,1050,USD,,https://photos.encuentra24.com/t_or_fh_m/f_auto/v1/cr/31/74/13/40/31741340_c5da8a|https://photos.encuentra24.com/t_or_fh_m/f_auto/v1/cr/31/74/13/40/31741340_f0d04b|https://photos.encuentra24.com/t_or_fh_m/f_auto/v1/cr/31/74/13/40/31741340_0c0202|https://photos.encuentra24.com/t_or_fh_m/f_auto/v1/cr/31/74/13/40/31741340_ed243e|https://photos.encuentra24.com/t_or_fh_m/f_auto/v1/cr/31/74/13/40/31741340_1196f3|https://photos.encuentra24.com/t_or_fh_m/f_auto/v1/cr/31/74/13/40/31741340_bf13c9|https://photos.encuentra24.com/t_or_fh_m/f_auto/v1/cr/31/74/13/40/31741340_31bad4|https://photos.encuentra24.com/t_or_fh_m/f_auto/v1/cr/31/74/13/40/31741340_557304|https://photos.encuentra24.com/t_or_fh_m/f_auto/v1/cr/31/74/13/40/31741340_a02896|https://photos.encuentra24.com/t_or_fh_m/f_auto/v1/cr/31/74/13/40/31741340_5d8dab|https://photos.encuentra24.com/t_or_fh_m/f_auto/v1/cr/31/74/13/40/31741340_78db79|https://photos.encuentra24.com/t_or_fh_m/f_auto/v1/cr/31/74/13/40/31741340_3a5e55|https://photos.encuentra24.com/t_or_fh_m/f_auto/v1/cr/31/74/13/40/31741340_4d1ba3|https://photos.encuentra24.com/t_or_fh_m/f_auto/v1/cr/31/74/13/40/31741340_54298e|https://photos.encuentra24.com/t_or_fh_m/f_auto/v1/cr/31/74/13/40/31741340_e63efd|https://photos.encuentra24.com/t_or_fh_m/f_auto/v1/cr/31/74/13/40/31741340_12a17d|https://photos.encuentra24.com/t_or_fh_m/f_auto/v1/cr/31/74/13/40/31741340_2fac6d|https://photos.encuentra24.com/t_or_fh_m/f_auto/v1/cr/31/74/13/40/31741340_ecaf66|https://photos.encuentra24.com/t_or_fh_m/f_auto/v1/cr/31/74/13/40/31741340_9a0035|https://photos.encuentra24.com/t_or_fh_m/f_auto/v1/cr/31/74/13/40/31741340_6b8bbc|https://photos.encuentra24.com/t_user_logo/v1/users/logo/12/52/31/80/12523180_85a7f0|https://photos.encuentra24.com/t_cnseal/v1697642511/cnseal/652ff80f42db6_Verified%20badge.png|https://photos.encuentra24.com/t_or_fh_m/f_auto/v1/cr/32/21/48/25/32214825_4187b08d1263b281bb2fac1a489b4e66-0a3f6c0|https://photos.encuentra24.com/t_or_fh_m/f_auto/v1/cr/32/37/89/35/32378935_9ebf2d5|https://photos.encuentra24.com/t_or_fh_m/f_auto/v1/cr/32/47/68/15/32476815_4798cf8|https://photos.encuentra24.com/t_or_fh_m/f_auto/v1/cr/32/49/10/65/32491065_1b47e0e|https://photos.encuentra24.com/t_or_fh_m/f_auto/v1/cr/32/29/94/55/32299455_5ef303394f678e2df46b18af0a7e543a-c282e7d|https://photos.encuentra24.com/t_or_fh_m/f_auto/v1/cr/32/05/38/15/32053815_10fa406|https://photos.encuentra24.com/t_or_fh_m/f_auto/v1/cr/31/86/16/24/31861624_ce55935|https://photos.encuentra24.com/t_or_fh_m/f_auto/v1/cr/31/83/79/86/31837986_0d71c5|https://photos.encuentra24.com/t_or_fh_m/f_auto/v1/cr/32/64/33/76/32643376_2c0938c652a8c037b86b36c869202469-f318c1f|https://photos.encuentra24.com/t_or_fh_m/f_auto/v1/cr/32/09/22/02/32092202_bdf181d74f7e57e476c2088b2d09f532-2196f27|https://photos.encuentra24.com/t_or_fh_m/f_auto/v1/cr/31/06/15/90/31061590_c35dde|https://photos.encuentra24.com/t_or_fh_m/f_auto/v1/cr/29/16/64/18/29166418_a1ad3c|https://photos.encuentra24.com/t_or_fh_m/f_auto/v1/cr/29/47/99/13/29479913_5539c7|https://photos.encuentra24.com/t_or_fh_m/f_auto/v1/cr/31/64/37/02/31643702_750544
encuentra24,30827357,https://www.encuentra24.com/costa-rica-es/bienes-raices-alquiler-alquiler-de-oficinas/alquiler-de-oficina-ii-el-tobogan/30827357,rent,active,San José provincia,Goicoechea,Calle Blancos,Alquiler de Oficina II El Tobogán,"En el Centro Corporativo Tobogán, entendemos que el entorno laboral tiene un impacto directo en el bienestar y la productividad de los colaboradores. Por ello, hemos diseñado nuestras oficinas para que no solo sean un espacio de trabajo, sino una experiencia integral que estimule los sentidos y fomente un ambiente de concentración y creatividad. Cada elemento dentro de nuestras instalaciones está cuidadosamente seleccionado para promover la armonía entre confort y eficiencia, creando un entorno dinámico que inspira a los equipos a alcanzar su máximo potencial. Desde la distribución de los espacios, pasando por la iluminación natural y el uso de materiales de alta calidad, hasta las zonas comunes pensadas para el descanso y la interacción, todo está orientado a mejorar la calidad de vida de quienes eligen el Centro Corporativo Tobogán como su lugar de trabajo. Aquí, la productividad no solo es un objetivo, sino un resultado natural de un entorno que favorece el equilibrio, la innovación y el bienestar integral de cada individuo.",Commercial Property,,,,,,,{},Urban,{},,,,,USD,,https://photos.encuentra24.com/t_or_fh_m/f_auto/v1/cr/30/82/73/57/30827357_f8ab1f|https://photos.encuentra24.com/t_or_fh_m/f_auto/v1/cr/30/82/73/57/30827357_d93ca1|https://photos.encuentra24.com/t_or_fh_m/f_auto/v1/cr/30/82/73/57/30827357_db9397|https://photos.encuentra24.com/t_or_fh_m/f_auto/v1/cr/30/82/73/57/30827357_8e1802|https://photos.encuentra24.com/t_or_fh_m/f_auto/v1/cr/30/82/73/57/30827357_1c3462|https://photos.encuentra24.com/t_or_fh_m/f_auto/v1/cr/30/82/73/57/30827357_f304d8|https://photos.encuentra24.com/t_or_fh_m/f_auto/v1/cr/30/82/73/57/30827357_c5b640|https://photos.encuentra24.com/t_or_fh_m/f_auto/v1/cr/30/82/73/57/30827357_a1d10a|https://photos.encuentra24.com/t_or_fh_m/f_auto/v1/cr/30/82/73/57/30827357_d0eb8f|https://photos.encuentra24.com/t_or_fh_m/f_auto/v1/cr/30/82/73/57/30827357_722525|https://photos.encuentra24.com/t_or_fh_m/f_auto/v1/cr/30/82/73/57/30827357_23b9cd|https://photos.encuentra24.com/t_cnseal/v1697642511/cnseal/652ff80f42db6_Verified%20badge.png|https://photos.encuentra24.com/t_or_fh_m/f_auto/v1/cr/28/39/80/49/28398049_6e5e32|https://photos.encuentra24.com/t_or_fh_m/f_auto/v1/cr/30/87/16/24/30871624_21fe6f|https://photos.encuentra24.com/t_or_fh_m/f_auto/v1/cr/28/39/47/80/28394780_629836|https://photos.encuentra24.com/t_or_fh_m/f_auto/v1/cr/25/57/03/17/25570317_96a6c8|https://photos.encuentra24.com/t_or_fh_m/f_auto/v1/cr/30/84/04/65/30840465_694016|https://photos.encuentra24.com/t_or_fh_m/f_auto/v1/cr/28/39/46/62/28394662_0eb2f3|https://photos.encuentra24.com/t_or_fh_m/f_auto/v1/cr/30/81/96/82/30819682_fd800b8
encuentra24,31949527,https://www.encuentra24.com/costa-rica-es/bienes-raices-alquiler-apartamentos/apartamento-en-central-park/31949527,rent,active,San José provincia,Escazú,San Rafael,APARTAMENTO EN CENTRAL PARK,"Viva con estilo, seguridad y comodidad en uno de los condominios más exclusivos de Escazú, Central Park - Trejos Montealegre. Alquiler de moderno y amplio apartamento con acabados de lujo y una ubicación privilegiada. Características del apartamento: Área: 358m2 Espaciosa sala y comedor con excelente iluminación natural y ventilación Moderna y elegante cocina con finos acabados 2 habitaciones, cada una con baño privado (principal con walk-in closet) Habitación adicional (actualmente como sala adicional de TV) podría ser un tercer cuarto. Oficina Medio baño de visitas Cuarto y baño de servicio Alacena Amplio balcón con una vista impresionante al Valle Central. Terraza adicional 3 espacios de parqueo + bodega privada Aire acondicionado central Acabados y enchapes en mármol en todo el apartamento Cocina equipada con múltiples muebles aéreos, bajos y linea blanca. Amenidades del condominio: Piscina Zona BBQ Parque infantil Gimnasio equipado Salón de yoga Senderos para caminar Ubicación privilegiada, a pocos pasos de la exclusiva zona comercial y gastronómica de Avenida Escazú. Precio de alquiler: US$5.500 + IVA Precio de Venta: $1.200.000 negociables Ideal para quienes buscan exclusividad, confort y una ubicación estratégica!",Condo,,,,,,,{},,"{""River Valley""}",Walkable,,,5500,USD,,https://photos.encuentra24.com/t_or_fh_m/f_auto/v1/cr/31/94/95/27/31949527_0e958d6|https://photos.encuentra24.com/t_or_fh_m/f_auto/v1/cr/31/94/95/27/31949527_16ee92e|https://photos.encuentra24.com/t_or_fh_m/f_auto/v1/cr/31/94/95/27/31949527_c970212|https://photos.encuentra24.com/t_or_fh_m/f_auto/v1/cr/31/94/95/27/31949527_71c1000|https://photos.encuentra24.com/t_or_fh_m/f_auto/v1/cr/31/94/95/27/31949527_acef179|https://photos.encuentra24.com/t_or_fh_m/f_auto/v1/cr/31/94/95/27/31949527_2ca5897|https://photos.encuentra24.com/t_or_fh_m/f_auto/v1/cr/31/94/95/27/31949527_32cc5b2|https://photos.encuentra24.com/t_or_fh_m/f_auto/v1/cr/31/94/95/27/31949527_d15893d|https://photos.encuentra24.com/t_or_fh_m/f_auto/v1/cr/31/94/95/27/31949527_499d1e9|https://photos.encuentra24.com/t_or_fh_m/f_auto/v1/cr/31/94/95/27/31949527_2230865|https://photos.encuentra24.com/t_or_fh_m/f_auto/v1/cr/31/94/95/27/31949527_4a102a4|https://photos.encuentra24.com/t_or_fh_m/f_auto/v1/cr/31/94/95/27/31949527_e0bc362|https://photos.encuentra24.com/t_or_fh_m/f_auto/v1/cr/31/94/95/27/31949527_592a28a|https://photos.encuentra24.com/t_or_fh_m/f_auto/v1/cr/31/94/95/27/31949527_e601076|https://photos.encuentra24.com/t_or_fh_m/f_auto/v1/cr/31/94/95/27/31949527_4c95391|https://photos.encuentra24.com/t_or_fh_m/f_auto/v1/cr/31/94/95/27/31949527_1abd66a|https://photos.encuentra24.com/t_or_fh_m/f_auto/v1/cr/31/94/95/27/31949527_9fc214a|https://photos.encuentra24.com/t_or_fh_m/f_auto/v1/cr/31/94/95/27/31949527_2c26859|https://photos.encuentra24.com/t_or_fh_m/f_auto/v1/cr/31/94/95/27/31949527_067c102|https://photos.encuentra24.com/t_or_fh_m/f_auto/v1/cr/31/07/61/71/31076171_499aa5|https://photos.encuentra24.com/t_or_fh_m/f_auto/v1/cr/32/35/22/51/32352251_e4558b4|https://photos.encuentra24.com/t_or_fh_m/f_auto/v1/cr/32/64/95/10/32649510_5c82254ba48a853d2bd5df435f1b0b97-e382ba2|https://photos.encuentra24.com/t_or_fh_m/f_auto/v1/cr/32/61/33/00/32613300_2996207bafe670f61240d731febc50aa-ece7741|https://photos.encuentra24.com/t_or_fh_m/f_auto/v1/cr/32/43/09/19/32430919_33267f7f2c7658febf062d10aaceece6-e0dc0e2|https://photos.encuentra24.com/t_or_fh_m/f_auto/v1/cr/32/48/56/27/32485627_ba8d3bd428b221dcec4288e283f3bfdd-3404797|https://photos.encuentra24.com/t_or_fh_m/f_auto/v1/cr/32/32/89/37/32328937_ff7be5e30d9cff51a142002a8fd76c0e-7683e93|https://photos.encuentra24.com/t_or_fh_m/f_auto/v1/cr/32/42/77/17/32427717_036284c|https://photos.encuentra24.com/t_or_fh_m/f_auto/v1/cr/31/59/50/88/31595088_324c93|https://photos.encuentra24.com/t_or_fh_m/f_auto/v1/cr/32/61/67/52/32616752_ff71844|https://photos.encuentra24.com/t_or_fh_m/f_auto/v1/cr/32/52/94/68/32529468_ea222e6|https://photos.encuentra24.com/t_or_fh_m/f_auto/v1/cr/32/22/67/38/32226738_9a33c80|https://photos.encuentra24.com/t_or_fh_m/f_auto/v1/cr/32/63/69/63/32636963_18a003e|https://photos.encuentra24.com/t_or_fh_m/f_auto/v1/cr/32/63/69/80/32636980_19e9a9d
encuentra24,32378980,https://www.encuentra24.com/costa-rica-es/bienes-raices-alquiler-apartamentos-amueblados/casa-preciosa-full-amueblada-perfecto-para-expatriados/32378980,rent,active,San José provincia,Santa Ana,Río Oro,Casa preciosa full amueblada !!! Perfecto para expatriados .,"Casa preciosa dentro un condominio de 60 casas . Con guardìan 24/7 , piscina , ping pong , billar , play ninos , play mascotas , rancho , gym , sala de reunión . cerca de un fresh market , facìl de acceso para la autopista y el centro de santa ana . la casa tiene dos pisos . Primer piso . Un parqueo doble carros techado , Hall , baño de visita , cuarto pila y despensa para producto de limpieza . cocina abierta sobre el comedor y el salon , despensa para los alimentos , sala de lectura terraza con su bar , televisión perfecto para ver los match de football de la futura copa mundial !!! Con su cava de vino y parìllada . jardìn segundo piso Oficina , dos cuartos cada uno con sus closets y un baño completo compartido cuarto principal , con su baño completo y su walking closet . La casa llega completamente amueblada ! FULL AMUEBLADA !!!! No estamos hablando de una casa de Airbnb , pero de una casa para vivir como en la suya , con todo los artìculos para cocinar ,para limpiar , para parìllada , para jardin .......sabana , toallas .......hasta impresora :))) en la oficina . La casa tiene reserva de agua en caso de corte del AYA , con una bomba de presión . AC en los cuartos , ventiladores tambien , cortinas ocultante y liviana Precio mensuales 3000 dolàres ( tres mil dolares ), incluyendo cauta administrativa .",Condo,,,,,,,"{""Municipal Water"",""Water""}",Urban,{},Walkable,,,,USD,,https://photos.encuentra24.com/t_or_fh_m/f_auto/v1/cr/32/37/89/80/32378980_974a1a1|https://photos.encuentra24.com/t_or_fh_m/f_auto/v1/cr/32/37/89/80/32378980_b6dd644|https://photos.encuentra24.com/t_or_fh_m/f_auto/v1/cr/32/37/89/80/32378980_1fe23b0|https://photos.encuentra24.com/t_or_fh_m/f_auto/v1/cr/32/37/89/80/32378980_f8601ed|https://photos.encuentra24.com/t_or_fh_m/f_auto/v1/cr/32/37/89/80/32378980_43f7a72|https://photos.encuentra24.com/t_or_fh_m/f_auto/v1/cr/32/37/89/80/32378980_452fe36|https://photos.encuentra24.com/t_or_fh_m/f_auto/v1/cr/32/37/89/80/32378980_4af54aa|https://photos.encuentra24.com/t_or_fh_m/f_auto/v1/cr/32/37/89/80/32378980_bc1186f|https://photos.encuentra24.com/t_or_fh_m/f_auto/v1/cr/32/37/89/80/32378980_dfc8405|https://photos.encuentra24.com/t_or_fh_m/f_auto/v1/cr/32/37/89/80/32378980_0d4151d|https://photos.encuentra24.com/t_or_fh_m/f_auto/v1/cr/32/37/89/80/32378980_c3d5203|https://photos.encuentra24.com/t_or_fh_m/f_auto/v1/cr/32/37/89/80/32378980_9d1ebbc|https://photos.encuentra24.com/t_or_fh_m/f_auto/v1/cr/32/37/89/80/32378980_7acffdd|https://photos.encuentra24.com/t_or_fh_m/f_auto/v1/cr/32/37/89/80/32378980_6fe3fb2|https://photos.encuentra24.com/t_or_fh_m/f_auto/v1/cr/32/37/89/80/32378980_f5f446c|https://photos.encuentra24.com/t_or_fh_m/f_auto/v1/cr/32/37/89/80/32378980_0ea8965|https://photos.encuentra24.com/t_or_fh_m/f_auto/v1/cr/32/37/89/80/32378980_1957c45|https://photos.encuentra24.com/t_or_fh_m/f_auto/v1/cr/32/37/89/80/32378980_5965821|https://photos.encuentra24.com/t_or_fh_m/f_auto/v1/cr/32/37/89/80/32378980_3fd78bf|https://photos.encuentra24.com/t_or_fh_m/f_auto/v1/cr/32/37/89/80/32378980_2bf6377|https://photos.encuentra24.com/t_or_fh_m/f_auto/v1/cr/32/56/95/45/32569545_e7e8cf001d1f313a25895cab6e35e1c3-024fff1|https://photos.encuentra24.com/t_or_fh_m/f_auto/v1/cr/31/31/01/04/31310104_fcec25|https://photos.encuentra24.com/t_or_fh_m/f_auto/v1/cr/32/58/13/33/32581333_1fa3aa0dd1586b0c24136cdf9331a6a5-63a013f|https://photos.encuentra24.com/t_or_fh_m/f_auto/v1/cr/32/03/49/53/32034953_fb9f870ba4fd67da904b85c67d462ba0-7dc1edb|https://photos.encuentra24.com/t_or_fh_m/f_auto/v1/cr/32/57/76/10/32577610_6c01acfca258c1d3d1e7e693857e0070-6d1d825|https://photos.encuentra24.com/t_or_fh_m/f_auto/v1/cr/32/58/23/79/32582379_326fdc57dacf9acc6fa43878a7c96c2a-40a9980|https://photos.encuentra24.com/t_or_fh_m/f_auto/v1/cr/32/63/84/20/32638420_0dc7744|https://photos.encuentra24.com/t_or_fh_m/f_auto/v1/cr/32/63/20/81/32632081_2d384c0|https://photos.encuentra24.com/t_or_fh_m/f_auto/v1/cr/32/56/20/09/32562009_86508db|https://photos.encuentra24.com/t_or_fh_m/f_auto/v1/cr/32/42/95/97/32429597_4645add3b0d5fefb9eea130e18bb2efd-1db949e|https://photos.encuentra24.com/t_or_fh_m/f_auto/v1/cr/32/47/40/40/32474040_e1a4e796a4b14a9e43d4c67adf68c890-534c3b1|https://photos.encuentra24.com/t_or_fh_m/f_auto/v1/cr/32/18/43/58/32184358_ff7b7e3|https://photos.encuentra24.com/t_or_fh_m/f_auto/v1/cr/32/01/91/20/32019120_6f59140
encuentra24,32351347,https://www.encuentra24.com/costa-rica-es/bienes-raices-alquiler-casas/alquiler-de-casa-en-condominio-almeria-en-santa-ana/32351347,rent,active,San José provincia,Santa Ana,,Alquiler de casa en Condominio Almería en Santa Ana,"Casa en alquiler con piscina privada en Condominio Almería Pozos. Este lugar es encantador y muy familiar. La casa cuenta con piscina pequeña privada. Primer piso Sala comedor y cocina integrados Cuarto de servicio con su baño completo Baño de visitas Piscina pequeña Estacionamiento para dos vehículos Bodega Jardín Segundo piso Sala tv Dormitorio principal amplio con walk in closet y baño privado Dos Dormitorios secundarios amplios con clóset Baño secundario completo Tercer piso Amplio mezannine Luz LED en toda la casa Timer en el calentador El condominio cuenta con zonas comunes como: piscinas recreativas, gimnasio, jacuzzi, casa club, playground, cancha de tennis, estacionamientos de visitas y seguridad 24-7. Se encuentra muy cerca del Hospital Metropolitano, Automercado, Mas x Menos, Fresh Market, farmacias, y centros comerciales como Santa Ana Town Center, Momentum Lindora y City place. La casa se alquila sin muebles y sin línea blanca. Cuenta con aire acondicionado en primer piso. Precio de alquiler $2300 y Venta $395.000 El costo de mantenimiento del condominio y de la piscina están incluidos en la cuota de alquiler. Contáctenos para visitar esta propiedad.",Condo,,,,,,,"{""Well Water"",""Electricity""}",Riverfront|Urban,{},Walkable,,,2300,USD,,https://photos.encuentra24.com/t_or_fh_m/f_auto/v1/cr/32/35/13/47/32351347_60e7e44|https://photos.encuentra24.com/t_or_fh_m/f_auto/v1/cr/32/35/13/47/32351347_8df600a|https://photos.encuentra24.com/t_or_fh_m/f_auto/v1/cr/32/35/13/47/32351347_816d04a|https://photos.encuentra24.com/t_or_fh_m/f_auto/v1/cr/32/35/13/47/32351347_0f11d4e|https://photos.encuentra24.com/t_or_fh_m/f_auto/v1/cr/32/35/13/47/32351347_ec10f43|https://photos.encuentra24.com/t_or_fh_m/f_auto/v1/cr/32/35/13/47/32351347_4050de0|https://photos.encuentra24.com/t_or_fh_m/f_auto/v1/cr/32/35/13/47/32351347_1aba888|https://photos.encuentra24.com/t_or_fh_m/f_auto/v1/cr/32/35/13/47/32351347_357eb91|https://photos.encuentra24.com/t_or_fh_m/f_auto/v1/cr/32/35/13/47/32351347_b03d8e2|https://photos.encuentra24.com/t_or_fh_m/f_auto/v1/cr/32/35/13/47/32351347_a0de362|https://photos.encuentra24.com/t_or_fh_m/f_auto/v1/cr/32/35/13/47/32351347_38fa849|https://photos.encuentra24.com/t_or_fh_m/f_auto/v1/cr/32/35/13/47/32351347_6120fe1|https://photos.encuentra24.com/t_or_fh_m/f_auto/v1/cr/32/35/13/47/32351347_94e6b08|https://photos.encuentra24.com/t_or_fh_m/f_auto/v1/cr/32/35/13/47/32351347_683d457|https://photos.encuentra24.com/t_or_fh_m/f_auto/v1/cr/32/35/13/47/32351347_80165d6|https://photos.encuentra24.com/t_or_fh_m/f_auto/v1/cr/32/35/13/47/32351347_da173bf|https://photos.encuentra24.com/t_or_fh_m/f_auto/v1/cr/32/35/13/47/32351347_1ae0e85|https://photos.encuentra24.com/t_or_fh_m/f_auto/v1/cr/32/35/13/47/32351347_f8ce8cf|https://photos.encuentra24.com/t_or_fh_m/f_auto/v1/cr/32/35/13/47/32351347_12800ed|https://photos.encuentra24.com/t_or_fh_m/f_auto/v1/cr/32/35/13/47/32351347_b23793d|https://photos.encuentra24.com/t_user_logo/v1/users/logo/98/46/95/984695_fc0546|https://photos.encuentra24.com/t_cnseal/v1697642511/cnseal/652ff80f42db6_Verified%20badge.png|https://photos.encuentra24.com/t_or_fh_m/f_auto/v1/cr/32/45/09/43/32450943_d0662602a17e45e937617dab45dcb8bd-1ae121f|https://photos.encuentra24.com/t_or_fh_m/f_auto/v1/cr/32/53/73/23/32537323_72c32ba96aa9e9b3a63dac98df12215c-a75db0b|https://photos.encuentra24.com/t_or_fh_m/f_auto/v1/cr/32/63/51/33/32635133_aee40d1|https://photos.encuentra24.com/t_or_fh_m/f_auto/v1/cr/32/49/04/03/32490403_970d8a1651b779b4e25878ef696d08fb-50b2f09|https://photos.encuentra24.com/t_or_fh_m/f_auto/v1/cr/32/46/17/33/32461733_abfc0f9|https://photos.encuentra24.com/t_or_fh_m/f_auto/v1/cr/32/45/75/03/32457503_23768d28619792d10290daedef149fd6-c72668a|https://photos.encuentra24.com/t_or_fh_m/f_auto/v1/cr/32/11/00/93/32110093_617db7a313812bd5de92805e740083cc-d123be8|https://photos.encuentra24.com/t_or_fh_m/f_auto/v1/cr/32/59/75/90/32597590_7d6d32dbf638edccbaea2f3f32274099-36ff8f6|https://photos.encuentra24.com/t_or_fh_m/f_auto/v1/cr/32/56/10/07/32561007_7571b9484907e847fc7983573095f402-1e6612f|https://photos.encuentra24.com/t_or_fh_m/f_auto/v1/cr/32/56/00/91/32560091_12ec235|https://photos.encuentra24.com/t_or_fh_m/f_auto/v1/cr/32/46/72/26/32467226_cefcbc7|https://photos.encuentra24.com/t_or_fh_m/f_auto/v1/cr/32/63/44/15/32634415_b4c9c66|https://photos.encuentra24.com/t_or_fh_m/f_auto/v1/cr/32/45/57/20/32455720_2b50d7a614cce85c1d4409cfd15fd315-4df3164|https://photos.encuentra24.com/t_or_fh_m/f_auto/v1/cr/32/56/76/30/32567630_0c3af6d1a7b2183ff832ab73dd4e4b7b-bfe97e6
encuentra24,32199005,https://www.encuentra24.com/costa-rica-es/bienes-raices-alquiler-apartamentos/apto-penthouse-188m2-en-torre-con-mazzanine-en-santa-ana/32199005,rent,active,San José provincia,Santa Ana,Santa Ana Centro,APTO PENTHOUSE 188M2 EN TORRE CON MAZZANINE EN SANTA ANA,"Apartamento tipo loft ubicado en Nova Loft, Santa Ana Centro, una zona privilegiada, con acceso rápido a tiendas, restaurantes, centros educativos y todos los servicios que necesitas para una vida cómoda y práctica. Área habitable: 188 m² Características principales: - 3 habitaciones - 2 baños completos - Amplia sala - Moderna cocina con isla - 2 parqueos - 1 bodega Amenidades del condominio: - Piscina - Gimnasio - Rancho BBQ ideal para compartir con familiares y amigos - Seguridad 24/7 para mayor tranquilidad Precio de alquiler: USD $1,700 (Incluye línea blanca completa y lavadora) No se acepta mascotas",Condo,,,,,,,{},Urban,{},,,,1700,USD,,https://photos.encuentra24.com/t_or_fh_m/f_auto/v1/cr/32/19/90/05/32199005_0d59925|https://photos.encuentra24.com/t_or_fh_m/f_auto/v1/cr/32/19/90/05/32199005_c8e2718|https://photos.encuentra24.com/t_or_fh_m/f_auto/v1/cr/32/19/90/05/32199005_17eca62|https://photos.encuentra24.com/t_or_fh_m/f_auto/v1/cr/32/19/90/05/32199005_4d505d9|https://photos.encuentra24.com/t_or_fh_m/f_auto/v1/cr/32/19/90/05/32199005_9acae16|https://photos.encuentra24.com/t_or_fh_m/f_auto/v1/cr/32/19/90/05/32199005_47bdd5f|https://photos.encuentra24.com/t_or_fh_m/f_auto/v1/cr/32/19/90/05/32199005_7e0a030|https://photos.encuentra24.com/t_or_fh_m/f_auto/v1/cr/32/19/90/05/32199005_8d5fcbf|https://photos.encuentra24.com/t_or_fh_m/f_auto/v1/cr/32/19/90/05/32199005_3f5bdb5|https://photos.encuentra24.com/t_or_fh_m/f_auto/v1/cr/32/19/90/05/32199005_1892644|https://photos.encuentra24.com/t_or_fh_m/f_auto/v1/cr/32/19/90/05/32199005_8d915cb|https://photos.encuentra24.com/t_or_fh_m/f_auto/v1/cr/32/19/90/05/32199005_31fd7d0|https://photos.encuentra24.com/t_or_fh_m/f_auto/v1/cr/32/19/90/05/32199005_ab9e44c|https://photos.encuentra24.com/t_or_fh_m/f_auto/v1/cr/32/19/90/05/32199005_9bdcf2a|https://photos.encuentra24.com/t_or_fh_m/f_auto/v1/cr/32/19/90/05/32199005_46b5ede|https://photos.encuentra24.com/t_or_fh_m/f_auto/v1/cr/32/19/90/05/32199005_712a80c|https://photos.encuentra24.com/t_or_fh_m/f_auto/v1/cr/32/19/90/05/32199005_d7fea9f|https://photos.encuentra24.com/t_or_fh_m/f_auto/v1/cr/32/19/90/05/32199005_874e656|https://photos.encuentra24.com/t_or_fh_m/f_auto/v1/cr/32/19/90/05/32199005_aaed327|https://photos.encuentra24.com/t_or_fh_m/f_auto/v1/cr/32/19/90/05/32199005_705972b|https://photos.encuentra24.com/t_cnseal/v1594676252/cnseal/5f0cd41c4a555_Bildschirmfotocccbr.png|https://photos.encuentra24.com/t_cnseal/v1697642511/cnseal/652ff80f42db6_Verified%20badge.png|https://photos.encuentra24.com/t_or_fh_m/f_auto/v1/cr/32/59/30/68/32593068_f70a5efc2f7a2e53cdaa041309d28843-9c411b8|https://photos.encuentra24.com/t_or_fh_m/f_auto/v1/cr/31/96/29/58/31962958_6af8401d82baf53588729e73b45e3b37-83a548e|https://photos.encuentra24.com/t_or_fh_m/f_auto/v1/cr/31/21/63/44/31216344_dcc275|https://photos.encuentra24.com/t_or_fh_m/f_auto/v1/cr/31/70/77/33/31707733_9e9b71|https://photos.encuentra24.com/t_or_fh_m/f_auto/v1/cr/31/83/72/72/31837272_245622|https://photos.encuentra24.com/t_or_fh_m/f_auto/v1/cr/32/55/24/61/32552461_fdf701fb294b2968fb81059f68d9ec57-6964c92|https://photos.encuentra24.com/t_or_fh_m/f_auto/v1/cr/32/61/35/10/32613510_aa06edb|https://photos.encuentra24.com/t_or_fh_m/f_auto/v1/cr/32/33/10/56/32331056_14e42d0|https://photos.encuentra24.com/t_or_fh_m/f_auto/v1/cr/31/02/34/85/31023485_7cb5f63|https://photos.encuentra24.com/t_or_fh_m/f_auto/v1/cr/31/34/58/98/31345898_45b297|https://photos.encuentra24.com/t_or_fh_m/f_auto/v1/cr/32/10/85/50/32108550_6434636|https://photos.encuentra24.com/t_or_fh_m/f_auto/v1/cr/32/44/36/87/32443687_b049e13|https://photos.encuentra24.com/t_or_fh_m/f_auto/v1/cr/32/48/87/64/32488764_d07bbe0|https://photos.encuentra24.com/t_or_fh_m/f_auto/v1/cr/32/53/30/44/32533044_e08b19f
encuentra24,32365233,https://www.encuentra24.com/costa-rica-es/bienes-raices-alquiler-comercios/bodega-en-alquiler-en-san-jose-san-pedro-independiente-pvv9922599/32365233,rent,active,San José provincia,Montes de Oca,San Pedro,"Bodega en Alquiler en San José, San Pedro. Independiente - PVV9922599","Bodega en Alquiler en San José, San Pedro. Independiente - PVV9922599 ALQUILO bodega independiente Z1, Z2, para uso comercial, almacenamiento de abarrotes, respuestos automotrices, eléctricos, farmacéuticos, artículos y alimentos para mascotas, calzados, materiales de construcción, papelería, documentos, ropa, instituciones públicas, etc. Posee muchas oficinas y áreas abiertas. Ascensor. . Resumen de la Propiedad: Área de construcción: 7076 m2 Àrea de terreno: 10.000 m2 - Uso de suelo comercial. - Oficinas: 14 + - Baños: Varios - Bodegas independientes pequeñas - Electricidad: - Estacionamientos para 100 vehículos y discapacitados. - Andenes para camiones pequeños. - Bodega cuenta a lo interno con oficinas, baños, mezanine, etc. - Disponibilidad de servicios públicos (fibra óptica, electricidad, agua. - Portones mallas metálicas - Altura a la parte mas alta: 8 m - Altura a la parte mas baja: 5 m Cuota de mantenimiento: No tiene Precio x m2: 4000 colones PRECIO DE ALQUILER: 28,307,360.00+ IVA - Incremento anual: 3.5 % - Salida anticipada: 3 meses. . Descripcion de la Propiedad: Bodegas de uso comercial, para almacenamiento de abarrotes, materiales de construcción, muebles, y materiales que cumplan con el uso de suelo Comercial Z1, Z2. Altura a la parte mas alta: 8 m, altura a la parte mas baja: 5 m, con 100 espacios de parqueos, varios baños en todo el complejo, con 14 + oficinas. Espacios abiertos. Bodegas pequeñas. Ascensor. . Descripcion de la Zona: Parada de buses cercanas, abastecedores, sodas restaurantes, bancos, centros de salud, ect.",Land,,,,,,,"{""Water"",""Electricity"",""Fiber Internet""}",Urban,"{""Steep Slope""}",,,,,CRC,,https://photos.encuentra24.com/t_or_fh_m/f_auto/v1/cr/32/36/52/33/32365233_f70351|https://photos.encuentra24.com/t_or_fh_m/f_auto/v1/cr/32/36/52/33/32365233_b011da|https://photos.encuentra24.com/t_or_fh_m/f_auto/v1/cr/32/36/52/33/32365233_c5ce00|https://photos.encuentra24.com/t_or_fh_m/f_auto/v1/cr/32/36/52/33/32365233_8f4e31|https://photos.encuentra24.com/t_or_fh_m/f_auto/v1/cr/32/36/52/33/32365233_6fa90c|https://photos.encuentra24.com/t_or_fh_m/f_auto/v1/cr/32/36/52/33/32365233_2f0caa|https://photos.encuentra24.com/t_or_fh_m/f_auto/v1/cr/32/36/52/33/32365233_5d3ee5|https://photos.encuentra24.com/t_or_fh_m/f_auto/v1/cr/32/36/52/33/32365233_12eeca|https://photos.encuentra24.com/t_or_fh_m/f_auto/v1/cr/32/36/52/33/32365233_11f775|https://photos.encuentra24.com/t_or_fh_m/f_auto/v1/cr/32/36/52/33/32365233_54b847|https://photos.encuentra24.com/t_or_fh_m/f_auto/v1/cr/32/36/52/33/32365233_cdf061|https://photos.encuentra24.com/t_or_fh_m/f_auto/v1/cr/32/36/52/33/32365233_ffac32|https://photos.encuentra24.com/t_or_fh_m/f_auto/v1/cr/32/36/52/33/32365233_2b1e6d|https://photos.encuentra24.com/t_or_fh_m/f_auto/v1/cr/32/36/52/33/32365233_653966|https://photos.encuentra24.com/t_or_fh_m/f_auto/v1/cr/32/36/52/33/32365233_dcf900|https://photos.encuentra24.com/t_or_fh_m/f_auto/v1/cr/32/36/52/33/32365233_e5b838|https://photos.encuentra24.com/t_or_fh_m/f_auto/v1/cr/32/36/52/33/32365233_957de5|https://photos.encuentra24.com/t_or_fh_m/f_auto/v1/cr/32/36/52/33/32365233_03e8d2|https://photos.encuentra24.com/t_or_fh_m/f_auto/v1/cr/32/36/52/33/32365233_7fb959|https://photos.encuentra24.com/t_or_fh_m/f_auto/v1/cr/32/36/52/33/32365233_dd9dba|https://photos.encuentra24.com/t_user_logo/v1/users/logo/63/57/63578_d5a40c|https://photos.encuentra24.com/t_cnseal/v1594676252/cnseal/5f0cd41c4a555_Bildschirmfotocccbr.png|https://photos.encuentra24.com/t_cnseal/v1697642511/cnseal/652ff80f42db6_Verified%20badge.png|https://photos.encuentra24.com/t_or_fh_m/f_auto/v1/cr/31/76/28/96/31762896_4abf0d|https://photos.encuentra24.com/t_or_fh_m/f_auto/v1/cr/31/48/63/67/31486367_07420c|https://photos.encuentra24.com/t_or_fh_m/f_auto/v1/cr/30/51/71/58/30517158_bdd06f|https://photos.encuentra24.com/t_or_fh_m/f_auto/v1/cr/30/51/71/82/30517182_8fdb86|https://photos.encuentra24.com/t_or_fh_m/f_auto/v1/cr/32/00/00/83/32000083_5b8773|https://photos.encuentra24.com/t_or_fh_m/f_auto/v1/cr/28/15/08/65/28150865_6d3ee1|https://photos.encuentra24.com/t_or_fh_m/f_auto/v1/cr/31/89/23/70/31892370_36207b
encuentra24,32365240,https://www.encuentra24.com/costa-rica-es/bienes-raices-alquiler-comercios/bodega-en-alquiler-alajuela-ciruelas-industrial-pvv9838963/32365240,rent,active,Alajuela provincia,,,"Bodega en Alquiler, Alajuela, Ciruelas. Industrial - PVV9838963","Bodega en Alquiler, Alajuela, Ciruelas. Industrial - PVV9838963 Bodega en ALQILER en Parque Industrial en la zona de Ciruelas, Alajuela. Uso industrial Z1,Z2,Z3. Ideal para fabricación de muebles, almacenamiento y producción de todo tipo, entre otros. Fachada en vidrio. Iluminación en LED. Segurida perimetral. . Resumen de la Propiedad: Área de Construcción: 2500 m2 Espacio libre Parqueos: 26 y 2 ley 7600 Anden: 4 Maniobra de contedores Altura: 11.25 metros a la cumbrera Electricidad: Trifásica 208/120 V Uso de suelo: Z1, Z2 y Z3 Precio m2: $8.5 Cuota de mantenimiento: Incluido PRECIO DE ALQUILER: $21,250 + IVA + CAM INCLUIDO. . Descripcion de la Propiedad: Bodega industrial Z1,Z2 y Z3 en condominio. Acceso vehicular con portones eléctricos con gran altura que permite el ingreso de furgones o camiones, Amplios andenes para carga y descarga de mercadería. Vidrios de seguridad con marcos de aluminio, sistema de detección de fuego, iluminación de alta tecnología y planta eléctrica para luces de emergencia. Descripción del Proyecto: Exclusivo y funcional parque de Ofibodegas, el cual cuenta con 32 bodegas individuales, divididas en 5 bloques, pensados y construidos para ofrecer una perfecta distribución del espacio y facilidades en maniobrabilidad. Seguridad 24/7 y control de acceso, áreas amplias para la maniobra de contenedores. Belleza, elegancia y funcionalidad en un solo lugar. Posee fibra óptica para datos y voz, así como muchas facilidades más para el desempeño de sus actividades. El CAM incluye: mantenimiento de áreas comunes, zonas verdes, recolección de residuos y planta de tratamiento. Gabinetes contra incendio tipo III y seguridad perimetral. . Descripción de la Zona: Perfecta ubicación, Cercanía al Aeropuerto Internacional Juan Santamaría, a solo 5 minutos de la ruta 27 y a 5 minutos de la radial del Coyol de Alajuela",Condo,,,,,,,"{""Electricity"",""Fiber Internet""}",,{},,,,9,USD,,https://photos.encuentra24.com/t_or_fh_m/f_auto/v1/cr/32/36/52/40/32365240_b7cbdf|https://photos.encuentra24.com/t_or_fh_m/f_auto/v1/cr/32/36/52/40/32365240_52bc12|https://photos.encuentra24.com/t_or_fh_m/f_auto/v1/cr/32/36/52/40/32365240_b22f5f|https://photos.encuentra24.com/t_or_fh_m/f_auto/v1/cr/32/36/52/40/32365240_a0c5e4|https://photos.encuentra24.com/t_or_fh_m/f_auto/v1/cr/32/36/52/40/32365240_35bc76|https://photos.encuentra24.com/t_or_fh_m/f_auto/v1/cr/32/36/52/40/32365240_deb990|https://photos.encuentra24.com/t_or_fh_m/f_auto/v1/cr/32/36/52/40/32365240_cea32b|https://photos.encuentra24.com/t_or_fh_m/f_auto/v1/cr/32/36/52/40/32365240_bd70d6|https://photos.encuentra24.com/t_or_fh_m/f_auto/v1/cr/32/36/52/40/32365240_f05f28|https://photos.encuentra24.com/t_or_fh_m/f_auto/v1/cr/32/36/52/40/32365240_40e789|https://photos.encuentra24.com/t_or_fh_m/f_auto/v1/cr/32/36/52/40/32365240_50b822|https://photos.encuentra24.com/t_or_fh_m/f_auto/v1/cr/32/36/52/40/32365240_f6ff5f|https://photos.encuentra24.com/t_or_fh_m/f_auto/v1/cr/32/36/52/40/32365240_3f641b|https://photos.encuentra24.com/t_user_logo/v1/users/logo/63/57/63578_d5a40c|https://photos.encuentra24.com/t_cnseal/v1594676252/cnseal/5f0cd41c4a555_Bildschirmfotocccbr.png|https://photos.encuentra24.com/t_cnseal/v1697642511/cnseal/652ff80f42db6_Verified%20badge.png|https://photos.encuentra24.com/t_or_fh_m/f_auto/v1/cr/31/76/28/96/31762896_4abf0d|https://photos.encuentra24.com/t_or_fh_m/f_auto/v1/cr/31/48/63/67/31486367_07420c|https://photos.encuentra24.com/t_or_fh_m/f_auto/v1/cr/30/51/71/58/30517158_bdd06f|https://photos.encuentra24.com/t_or_fh_m/f_auto/v1/cr/30/51/71/82/30517182_8fdb86|https://photos.encuentra24.com/t_or_fh_m/f_auto/v1/cr/32/00/00/83/32000083_5b8773|https://photos.encuentra24.com/t_or_fh_m/f_auto/v1/cr/28/15/08/65/28150865_6d3ee1|https://photos.encuentra24.com/t_or_fh_m/f_auto/v1/cr/31/89/23/70/31892370_36207b
encuentra24,31825070,https://www.encuentra24.com/costa-rica-es/bienes-raices-alquiler-alquiler-de-oficinas/se-alquila-oficina-en-san-rafael-de-escazu/31825070,rent,active,San José provincia,Escazú,San Rafael,Se Alquila Oficina en San Rafael de Escazu,"Centro Comercial El Cruce, en el corazón de la Milla de Oro. Singular oficina con techos altos, AC y mucho carácter en un solo gran espacio de aproximadamente 32 m2, con mucha luz y ventilación cruzada. Ideal para oficina de diseño en general. Consultorio y/o oficina privada. Amplio eastacionamiento. Baterías de baños condominales. Seguridad las 24 horas. Precfio icluye la cuota de mantenimiento e IVA.",Condo,,,,,,,"{""Electricity""}",Riverfront|Urban,{},,,,,USD,,https://photos.encuentra24.com/t_or_fh_m/f_auto/v1/cr/31/82/50/70/31825070_a8e2c3|https://photos.encuentra24.com/t_or_fh_m/f_auto/v1/cr/31/82/50/70/31825070_7bc780|https://photos.encuentra24.com/t_or_fh_m/f_auto/v1/cr/31/82/50/70/31825070_a4b9a1|https://photos.encuentra24.com/t_or_fh_m/f_auto/v1/cr/31/82/50/70/31825070_8a763c|https://photos.encuentra24.com/t_or_fh_m/f_auto/v1/cr/31/82/50/70/31825070_f2fbf0|https://photos.encuentra24.com/t_or_fh_m/f_auto/v1/cr/31/82/50/70/31825070_c24ba6|https://photos.encuentra24.com/t_or_fh_m/f_auto/v1/cr/31/82/50/70/31825070_f0b82c|https://photos.encuentra24.com/t_or_fh_m/f_auto/v1/cr/31/82/50/70/31825070_61ae05|https://photos.encuentra24.com/t_or_fh_m/f_auto/v1/cr/31/82/50/70/31825070_8659d3|https://photos.encuentra24.com/t_user_logo/v1/users/logo/59/92/19/599219_7eda60|https://photos.encuentra24.com/t_cnseal/v1697642511/cnseal/652ff80f42db6_Verified%20badge.png|https://photos.encuentra24.com/t_or_fh_m/f_auto/v1/cr/30/68/62/19/30686219_386560|https://photos.encuentra24.com/t_or_fh_m/f_auto/v1/cr/30/67/72/97/30677297_809478|https://photos.encuentra24.com/t_or_fh_m/f_auto/v1/cr/32/11/85/64/32118564_20d7eda|https://photos.encuentra24.com/t_or_fh_m/f_auto/v1/cr/28/14/40/38/28144038_bfecbf
encuentra24,31437234,https://www.encuentra24.com/costa-rica-es/bienes-raices-alquiler-comercios/se-alquilan-espacios-comerciales-en-paseo-de-las-flores/31437234,rent,active,Heredia provincia,Heredia,,Se alquilan espacios comerciales en Paseo de las Flores,"Impulsa tu negocio con el nuevo precio especial Tenemos la oportunidad perfecta: Ubicación privilegiadas con alto tráfico peatonal y excelente visibilidad. Espacios desde los 7 m² disponibles, ideales para kioskos/vitrinas de moda, tecnología, servicios, gastronomía y más. Precio tan solo desde $650/mes, con condiciones flexibles para arrendatarios serios y proyectos comerciales con proyección. Beneficios: Ubicación estratégica dentro del centro comercial Zona de alto flujo de visitantes Seguridad 24/7 Parqueoss disponibles Cercanía a marcas reconocidas Disponibilidad en primer y segundo nivel ¡Instala tu negocio en un entorno comercial consolidado y de alto movimiento! Contáctanos para más información o agenda tu visita al",Commercial Property,,,,,,,{},Urban,{},,,,650,USD,,https://photos.encuentra24.com/t_or_fh_m/f_auto/v1/cr/31/43/72/34/31437234_c99b1b|https://photos.encuentra24.com/t_or_fh_m/f_auto/v1/cr/31/43/72/34/31437234_ae9454|https://photos.encuentra24.com/t_or_fh_m/f_auto/v1/cr/31/43/72/34/31437234_7753cf|https://photos.encuentra24.com/t_or_fh_m/f_auto/v1/cr/31/43/72/34/31437234_9c42a2|https://photos.encuentra24.com/t_or_fh_m/f_auto/v1/cr/31/43/72/34/31437234_10e39e|https://photos.encuentra24.com/t_or_fh_m/f_auto/v1/cr/31/43/72/34/31437234_bf7fca|https://photos.encuentra24.com/t_or_fh_m/f_auto/v1/cr/31/43/72/34/31437234_92e031|https://photos.encuentra24.com/t_or_fh_m/f_auto/v1/cr/31/43/72/34/31437234_c9545e|https://photos.encuentra24.com/t_or_fh_m/f_auto/v1/cr/31/43/72/34/31437234_2a5854|https://photos.encuentra24.com/t_or_fh_m/f_auto/v1/cr/31/43/72/34/31437234_e175fb|https://photos.encuentra24.com/t_or_fh_m/f_auto/v1/cr/31/43/72/34/31437234_4db2ae|https://photos.encuentra24.com/t_or_fh_m/f_auto/v1/cr/31/43/72/34/31437234_1b073f|https://photos.encuentra24.com/t_or_fh_m/f_auto/v1/cr/31/43/72/34/31437234_cda5e6|https://photos.encuentra24.com/t_or_fh_m/f_auto/v1/cr/31/43/73/08/31437308_9b2813|https://photos.encuentra24.com/t_or_fh_m/f_auto/v1/cr/32/21/05/02/32210502_6145011c89bf2b6c9d4f51c1b229dd3f-40da339|https://photos.encuentra24.com/t_or_fh_m/f_auto/v1/cr/32/28/00/11/32280011_aa57420a5f5e3c717b2228ef463600fc-9ac4265|https://photos.encuentra24.com/t_or_fh_m/f_auto/v1/cr/32/44/67/58/32446758_dab1e80|https://photos.encuentra24.com/t_or_fh_m/f_auto/v1/cr/31/43/72/54/31437254_8e94c9
encuentra24,32587016,https://www.encuentra24.com/costa-rica-es/bienes-raices-alquiler-comercios/oficina-en-alquiler-en-el-corazon-de-heredia/32587016,rent,active,Heredia provincia,Heredia,Heredia,Oficina En Alquiler En El Corazón De Heredia,"Céntrica Oficina para Alquilar en Heredia ¿Buscas un lugar estratégico para tu negocio en Heredia? ¡Esta oficina en pleno centro es justo lo que necesitas! Ubicada a solo unos pasos de la Corte Suprema de Justicia, el Parque Central y la catedral, en un edificio histórico con un diseño que impresiona, te permitirán estar en el corazón de la ciudad, rodeado de movimiento y oportunidades. Con un flujo constante de personas y comercio en la zona, tendrás la exposición perfecta para atraer clientes y hacer crecer tu negocio sin complicaciones. La oficina disponible para alquiler cuenta con 22 metros cuadrados de área utilizable, y tiene una tarifa accesible que incluye agua, servicios municipales, alumbrado, recolección de basura y la limpieza diaria de las áreas comunes. Y lo mejor, ¡todo esto con fácil acceso a varios parqueos públicos y paradas de bus a menos de 100 metros! No dejes pasar esta oportunidad de establecerte en un lugar privilegiado que impulsa tu negocio al siguiente nivel. Para más información, contacta a Luigi Quesada y da el paso hacia el éxito. Oficina de 22 metros cuadrados ¢220 mil + 13% IVA = ¢248,600",Commercial Property,,,,,,,"{""Water""}",Urban,{},,,,,CRC,,https://photos.encuentra24.com/t_or_fh_m/f_auto/v1/cr/32/58/70/16/32587016_c3ec2b3|https://photos.encuentra24.com/t_or_fh_m/f_auto/v1/cr/32/58/70/16/32587016_06aab7e|https://photos.encuentra24.com/t_or_fh_m/f_auto/v1/cr/32/58/70/16/32587016_4d69a41|https://photos.encuentra24.com/t_or_fh_m/f_auto/v1/cr/32/58/70/16/32587016_a582ec9|https://photos.encuentra24.com/t_or_fh_m/f_auto/v1/cr/32/58/70/16/32587016_cdd51e7|https://photos.encuentra24.com/t_or_fh_m/f_auto/v1/cr/32/58/70/16/32587016_a55aae3|https://photos.encuentra24.com/t_or_fh_m/f_auto/v1/cr/32/58/70/16/32587016_7458989|https://photos.encuentra24.com/t_or_fh_m/f_auto/v1/cr/32/58/70/16/32587016_|https://photos.encuentra24.com/t_or_fh_m/f_auto/v1/cr/32/58/70/16/32587016_6807e49|https://photos.encuentra24.com/t_user_logo/v1/users/logo/88/37/93/883793_5eee82|https://photos.encuentra24.com/t_cnseal/v1594676252/cnseal/5f0cd41c4a555_Bildschirmfotocccbr.png|https://photos.encuentra24.com/t_cnseal/v1697642511/cnseal/652ff80f42db6_Verified%20badge.png|https://photos.encuentra24.com/t_or_fh_m/f_auto/v1/cr/31/76/49/97/31764997_4c0145b|https://photos.encuentra24.com/t_or_fh_m/f_auto/v1/cr/31/76/50/56/31765056_433e20|https://photos.encuentra24.com/t_or_fh_m/f_auto/v1/cr/29/37/01/98/29370198_626af2|https://photos.encuentra24.com/t_or_fh_m/f_auto/v1/cr/29/80/07/34/29800734_ef77e7e|https://photos.encuentra24.com/t_or_fh_m/f_auto/v1/cr/31/93/87/65/31938765_98d76225479d9ee912dc4bc016a94801-6bda74a|https://photos.encuentra24.com/t_or_fh_m/f_auto/v1/cr/31/76/47/98/31764798_28722d|https://photos.encuentra24.com/t_or_fh_m/f_auto/v1/cr/29/47/98/63/29479863_2e86b6
encuentra24,31437308,https://www.encuentra24.com/costa-rica-es/bienes-raices-alquiler-comercios/alquilamos-oficinas-en-paseo-de-las-flores-desde-30m2-hasta-350-m2/31437308,rent,active,Heredia provincia,Heredia,,Alquilamos Oficinas en Paseo de las Flores desde 30m2 hasta 350 m2,"Se alquilan oficinas en Paseo de las Flores ¿Buscas el lugar ideal para tu negocio? Tenemos la oportunidad perfecta: Ubicación privilegiadas con alto tráfico peatonal y excelente visibilidad. Espacios desde los 30 m² disponibles, ideales para tener tus oficinas con todo cerca. Precio desde $12 el m2, con condiciones flexibles para arrendatarios serios y proyectos comerciales con proyección. Beneficios: Ubicación estratégica anexo al centro comercial Zona de alto flujo de visitantes Seguridad 24/7 Parqueos disponibles Cercanía a comercio, servicios, restaurantes y más ¡Instala tu negocio en un entorno comercial consolidado y de alto movimiento! Contáctanos para más información o agenda tu visita al",Commercial Property,,,,,,,{},Urban,{},,,,12,USD,,https://photos.encuentra24.com/t_or_fh_m/f_auto/v1/cr/31/43/73/08/31437308_9b2813|https://photos.encuentra24.com/t_or_fh_m/f_auto/v1/cr/31/43/73/08/31437308_d78dbc|https://photos.encuentra24.com/t_or_fh_m/f_auto/v1/cr/31/43/73/08/31437308_42ab3a|https://photos.encuentra24.com/t_or_fh_m/f_auto/v1/cr/31/43/73/08/31437308_fc7ad2|https://photos.encuentra24.com/t_or_fh_m/f_auto/v1/cr/31/43/73/08/31437308_c6f0f9|https://photos.encuentra24.com/t_or_fh_m/f_auto/v1/cr/31/43/73/08/31437308_552c51|https://photos.encuentra24.com/t_or_fh_m/f_auto/v1/cr/31/43/73/08/31437308_75a529|https://photos.encuentra24.com/t_or_fh_m/f_auto/v1/cr/31/43/73/08/31437308_40c317|https://photos.encuentra24.com/t_or_fh_m/f_auto/v1/cr/31/43/72/34/31437234_c99b1b|https://photos.encuentra24.com/t_or_fh_m/f_auto/v1/cr/32/21/05/02/32210502_6145011c89bf2b6c9d4f51c1b229dd3f-40da339|https://photos.encuentra24.com/t_or_fh_m/f_auto/v1/cr/32/28/00/11/32280011_aa57420a5f5e3c717b2228ef463600fc-9ac4265|https://photos.encuentra24.com/t_or_fh_m/f_auto/v1/cr/32/44/67/58/32446758_dab1e80|https://photos.encuentra24.com/t_or_fh_m/f_auto/v1/cr/31/43/72/54/31437254_8e94c9
encuentra24,32323995,https://www.encuentra24.com/costa-rica-es/bienes-raices-alquiler-casas/alquiler-de-amplia-casa-en-condominio-en-escazu/32323995,rent,active,San José provincia,Escazú,,Alquiler de amplia casa en condominio en Escazú,"Alquiler de espectacular y amplia casa en Condominio en Bello Horizonte de Escazú. Precio Alquiler: $3000 Construcción: 270 m2 4 habitaciones | 3.5 baños | 4 parqueos | Sala TV. 3 habitaciones con su propio Walk-in Closet. Terraza con área de BBQ. La cuarta habitación se encuentra en el primer nivel por lo que se puede utilizar con habitación de servicio, oficina o habitación para otro integrante de la familia. Esta cuenta con su propio baño. Amenidades: Área social y BBQ | Piscina | Jacuzzi | Playground.",Condo,,,,,,,{},,{},Walkable,,,3000,USD,,https://photos.encuentra24.com/t_or_fh_m/f_auto/v1/cr/32/32/39/95/32323995_e0a4e71adbac84a5c38711b84197723d-0608592|https://photos.encuentra24.com/t_or_fh_m/f_auto/v1/cr/32/32/39/95/32323995_e0a4e71adbac84a5c38711b84197723d-c132b28|https://photos.encuentra24.com/t_or_fh_m/f_auto/v1/cr/32/32/39/95/32323995_e0a4e71adbac84a5c38711b84197723d-db3511a|https://photos.encuentra24.com/t_or_fh_m/f_auto/v1/cr/32/32/39/95/32323995_e0a4e71adbac84a5c38711b84197723d-e1fe273|https://photos.encuentra24.com/t_or_fh_m/f_auto/v1/cr/32/32/39/95/32323995_e0a4e71adbac84a5c38711b84197723d-2686298|https://photos.encuentra24.com/t_or_fh_m/f_auto/v1/cr/32/32/39/95/32323995_e0a4e71adbac84a5c38711b84197723d-2445541|https://photos.encuentra24.com/t_or_fh_m/f_auto/v1/cr/32/32/39/95/32323995_e0a4e71adbac84a5c38711b84197723d-619bd10|https://photos.encuentra24.com/t_or_fh_m/f_auto/v1/cr/32/32/39/95/32323995_e0a4e71adbac84a5c38711b84197723d-28a7969|https://photos.encuentra24.com/t_or_fh_m/f_auto/v1/cr/32/32/39/95/32323995_e0a4e71adbac84a5c38711b84197723d-9997202|https://photos.encuentra24.com/t_or_fh_m/f_auto/v1/cr/32/32/39/95/32323995_e0a4e71adbac84a5c38711b84197723d-dca6128|https://photos.encuentra24.com/t_user_logo/v1/users/logo/13/01/19/1301190_8da809|https://photos.encuentra24.com/t_cnseal/v1697642511/cnseal/652ff80f42db6_Verified%20badge.png|https://photos.encuentra24.com/t_or_fh_m/f_auto/v1/cr/31/95/14/25/31951425_b362014|https://photos.encuentra24.com/t_or_fh_m/f_auto/v1/cr/32/56/03/25/32560325_66d33cf|https://photos.encuentra24.com/t_or_fh_m/f_auto/v1/cr/32/62/58/35/32625835_9435b7e|https://photos.encuentra24.com/t_or_fh_m/f_auto/v1/cr/32/43/11/45/32431145_ca662c|https://photos.encuentra24.com/t_or_fh_m/f_auto/v1/cr/32/23/12/75/32231275_fe5852f|https://photos.encuentra24.com/t_or_fh_m/f_auto/v1/cr/32/38/00/65/32380065_36bda8|https://photos.encuentra24.com/t_or_fh_m/f_auto/v1/cr/32/54/93/25/32549325_99c756d|https://photos.encuentra24.com/t_or_fh_m/f_auto/v1/cr/32/02/83/59/32028359_e788943155906d429700d0dccc5cbe0e-a576f68|https://photos.encuentra24.com/t_or_fh_m/f_auto/v1/cr/32/34/75/48/32347548_3d192500648aaa6965a54eb1c6be95c8-445e4b6|https://photos.encuentra24.com/t_or_fh_m/f_auto/v1/cr/31/46/75/39/31467539_e42b3f|https://photos.encuentra24.com/t_or_fh_m/f_auto/v1/cr/30/98/38/47/30983847_b26941|https://photos.encuentra24.com/t_or_fh_m/f_auto/v1/cr/11/98/09/00/11980900_a9a089|https://photos.encuentra24.com/t_or_fh_m/f_auto/v1/cr/23/95/03/01/23950301_2f0805|https://photos.encuentra24.com/t_or_fh_m/f_auto/v1/cr/31/02/89/79/31028979_830c51
encuentra24,32628939,https://www.encuentra24.com/costa-rica-es/bienes-raices-alquiler-apartamentos-amueblados/full-amueblado-hermoso-apartamento/32628939,rent,active,San José provincia,Santa Ana,Santa Ana Centro,FULL AMUEBLADO HERMOSO APARTAMENTO,"¡Apartamento en alquiler en Santa Ana! Alquiler $1,000 mensuales Vive con comodidad, privacidad y en una ubicación privilegiada. Este hermoso apartamento de doble altura ofrece un diseño moderno, excelente iluminación natural y una agradable vista verde. Características: 1 habitación con cama Queen 1 baño completo 1 parqueo techado, amplio, independiente y ubicado junto a la entrada del edificio Totalmente amueblado y equipado Aire acondicionado Inverter (ahorro de energía) Cocina equipada con línea blanca y utensilios Cuarto de pilas con torre de lavado Excelente ventilación natural Vista verde, mucha privacidad y un ambiente muy silencioso Amenidades del condominio: Piscina Gimnasio Sauna Jacuzzi Área de BBQ ¡Y muchas más! Excelente ubicación en Santa Ana, con fácil acceso a comercios, restaurantes, supermercados y principales vías. Agende su visita!",Condo,,,,,,,{},,"{""Steep Slope""}",,,,1000,USD,,https://photos.encuentra24.com/t_or_fh_m/f_auto/v1/cr/32/62/89/39/32628939_971021a910745791ca0cbe59d4292e8d-0ac4a37|https://photos.encuentra24.com/t_or_fh_m/f_auto/v1/cr/32/62/89/39/32628939_971021a910745791ca0cbe59d4292e8d-ae99368|https://photos.encuentra24.com/t_or_fh_m/f_auto/v1/cr/32/62/89/39/32628939_971021a910745791ca0cbe59d4292e8d-a676872|https://photos.encuentra24.com/t_or_fh_m/f_auto/v1/cr/32/62/89/39/32628939_971021a910745791ca0cbe59d4292e8d-4288d4f|https://photos.encuentra24.com/t_or_fh_m/f_auto/v1/cr/32/62/89/39/32628939_971021a910745791ca0cbe59d4292e8d-eb1addc|https://photos.encuentra24.com/t_or_fh_m/f_auto/v1/cr/32/62/89/39/32628939_971021a910745791ca0cbe59d4292e8d-e44c164|https://photos.encuentra24.com/t_or_fh_m/f_auto/v1/cr/32/62/89/39/32628939_971021a910745791ca0cbe59d4292e8d-03403c5|https://photos.encuentra24.com/t_or_fh_m/f_auto/v1/cr/32/62/89/39/32628939_971021a910745791ca0cbe59d4292e8d-93a6bca|https://photos.encuentra24.com/t_or_fh_m/f_auto/v1/cr/32/62/89/39/32628939_971021a910745791ca0cbe59d4292e8d-3df06b3|https://photos.encuentra24.com/t_or_fh_m/f_auto/v1/cr/32/62/89/39/32628939_971021a910745791ca0cbe59d4292e8d-5459cdf|https://photos.encuentra24.com/t_or_fh_m/f_auto/v1/cr/32/62/89/39/32628939_971021a910745791ca0cbe59d4292e8d-09bf1c0|https://photos.encuentra24.com/t_or_fh_m/f_auto/v1/cr/32/62/89/39/32628939_971021a910745791ca0cbe59d4292e8d-a60b667|https://photos.encuentra24.com/t_or_fh_m/f_auto/v1/cr/32/62/89/39/32628939_971021a910745791ca0cbe59d4292e8d-fe2c59e|https://photos.encuentra24.com/t_or_fh_m/f_auto/v1/cr/32/62/89/39/32628939_971021a910745791ca0cbe59d4292e8d-d80c5d7|https://photos.encuentra24.com/t_or_fh_m/f_auto/v1/cr/32/62/89/39/32628939_971021a910745791ca0cbe59d4292e8d-9afc7fe|https://photos.encuentra24.com/t_or_fh_m/f_auto/v1/cr/32/62/89/39/32628939_971021a910745791ca0cbe59d4292e8d-4266aee|https://photos.encuentra24.com/t_or_fh_m/f_auto/v1/cr/32/62/89/39/32628939_971021a910745791ca0cbe59d4292e8d-823219f|https://photos.encuentra24.com/t_or_fh_m/f_auto/v1/cr/32/62/89/39/32628939_971021a910745791ca0cbe59d4292e8d-479b8c9|https://photos.encuentra24.com/t_user_logo/v1/users/logo/13/67/89/17/13678917_b953e2|https://photos.encuentra24.com/t_or_fh_m/f_auto/v1/cr/31/97/44/80/31974480_4765e32|https://photos.encuentra24.com/t_or_fh_m/f_auto/v1/cr/32/51/23/80/32512380_b10f5b5|https://photos.encuentra24.com/t_or_fh_m/f_auto/v1/cr/32/56/12/29/32561229_7426af296b54822da7111aaa31058a64-5bd1272|https://photos.encuentra24.com/t_or_fh_m/f_auto/v1/cr/32/64/51/68/32645168_40f65f21fd11df0b5a5ba8249f83be64-c433937|https://photos.encuentra24.com/t_or_fh_m/f_auto/v1/cr/32/57/26/47/32572647_7d39ff5|https://photos.encuentra24.com/t_or_fh_m/f_auto/v1/cr/32/61/77/56/32617756_4b544d2a1cc39a0e6215dde87b4fd872-c9d3aa9|https://photos.encuentra24.com/t_or_fh_m/f_auto/v1/cr/30/98/21/06/30982106_ee9343|https://photos.encuentra24.com/t_or_fh_m/f_auto/v1/cr/32/62/89/46/32628946_4285d973216b7ffa73968ddf1cd56b3f-1552707|https://photos.encuentra24.com/t_or_fh_m/f_auto/v1/cr/32/64/35/56/32643556_e019907557472828cae03cbeecb4603e-c6ea3aa|https://photos.encuentra24.com/t_or_fh_m/f_auto/v1/cr/32/52/62/98/32526298_fea4246|https://photos.encuentra24.com/t_or_fh_m/f_auto/v1/cr/32/63/01/20/32630120_2e0f648|https://photos.encuentra24.com/t_or_fh_m/f_auto/v1/cr/32/60/44/18/32604418_2e231c9ca17b994703f3f88e386330cf-b672cf9|https://photos.encuentra24.com/t_or_fh_m/f_auto/v1/cr/32/64/29/46/32642946_0f67d2d15e2b8735fa2e0634c97ac909-e192256|https://photos.encuentra24.com/t_or_fh_m/f_auto/v1/cr/32/64/32/71/32643271_008bed5a56e73a25aeff3c7fc5aa1b56-f305ba3
encuentra24,32628946,https://www.encuentra24.com/costa-rica-es/bienes-raices-alquiler-apartamentos/apartamento-en-alquiler-2-hab-oficina/32628946,rent,active,San José provincia,Santa Ana,Santa Ana Centro,APARTAMENTO EN ALQUILER 2 HAB + OFICINA,"¡Vive en Santa Ana! Excelente ubicación Alquiler: US$1,350 mensuales Características: 2 habitaciones Oficina o tercera habitación 2 baños completos 2 parqueos Aire acondicionado Cocina con plantilla y horno empotrados Espacios amplios y excelente distribución Amenidades del condominio: Piscina Gimnasio Sauna Jacuzzi Área de BBQ Áreas infantiles Zonas verdes y espacios recreativos ¡Y mucho más! Excelente ubicación en Santa Ana, cerca de supermercados, restaurantes, centros comerciales, escuelas y con fácil acceso a las principales rutas. Agende su visita!",Condo,,,,,,,{},Urban,{},,,,1350,USD,,https://photos.encuentra24.com/t_or_fh_m/f_auto/v1/cr/32/62/89/46/32628946_4285d973216b7ffa73968ddf1cd56b3f-1552707|https://photos.encuentra24.com/t_or_fh_m/f_auto/v1/cr/32/62/89/46/32628946_4285d973216b7ffa73968ddf1cd56b3f-60d06a0|https://photos.encuentra24.com/t_or_fh_m/f_auto/v1/cr/32/62/89/46/32628946_4285d973216b7ffa73968ddf1cd56b3f-cf9c8ed|https://photos.encuentra24.com/t_or_fh_m/f_auto/v1/cr/32/62/89/46/32628946_4285d973216b7ffa73968ddf1cd56b3f-895def3|https://photos.encuentra24.com/t_or_fh_m/f_auto/v1/cr/32/62/89/46/32628946_4285d973216b7ffa73968ddf1cd56b3f-caf68a8|https://photos.encuentra24.com/t_or_fh_m/f_auto/v1/cr/32/62/89/46/32628946_4285d973216b7ffa73968ddf1cd56b3f-f2cf3b4|https://photos.encuentra24.com/t_or_fh_m/f_auto/v1/cr/32/62/89/46/32628946_4285d973216b7ffa73968ddf1cd56b3f-703fb6e|https://photos.encuentra24.com/t_or_fh_m/f_auto/v1/cr/32/62/89/46/32628946_4285d973216b7ffa73968ddf1cd56b3f-139d593|https://photos.encuentra24.com/t_or_fh_m/f_auto/v1/cr/32/62/89/46/32628946_4285d973216b7ffa73968ddf1cd56b3f-cd71ef2|https://photos.encuentra24.com/t_or_fh_m/f_auto/v1/cr/32/62/89/46/32628946_4285d973216b7ffa73968ddf1cd56b3f-767ec1f|https://photos.encuentra24.com/t_or_fh_m/f_auto/v1/cr/32/62/89/46/32628946_4285d973216b7ffa73968ddf1cd56b3f-e0c4472|https://photos.encuentra24.com/t_or_fh_m/f_auto/v1/cr/32/62/89/46/32628946_4285d973216b7ffa73968ddf1cd56b3f-f08930e|https://photos.encuentra24.com/t_or_fh_m/f_auto/v1/cr/32/62/89/46/32628946_4285d973216b7ffa73968ddf1cd56b3f-9a3d7ff|https://photos.encuentra24.com/t_user_logo/v1/users/logo/13/67/89/17/13678917_b953e2|https://photos.encuentra24.com/t_or_fh_m/f_auto/v1/cr/32/23/07/17/32230717_7f8ed85a942ec196ffe9c0398f6be68d-a4cdf60|https://photos.encuentra24.com/t_or_fh_m/f_auto/v1/cr/32/55/16/27/32551627_ef0a854f306bdb7307763a0aea462534-cbdd5db|https://photos.encuentra24.com/t_or_fh_m/f_auto/v1/cr/32/53/66/37/32536637_183082dfc367cbc6e7473b0025a2ce60-6aa019b|https://photos.encuentra24.com/t_or_fh_m/f_auto/v1/cr/32/32/77/27/32327727_d72135e61d67cfe9800dea1bd688ec15-d2b2a70|https://photos.encuentra24.com/t_or_fh_m/f_auto/v1/cr/32/06/73/37/32067337_2aa097fbb9b7772a968bcf4bacf127ac-5acfb5f|https://photos.encuentra24.com/t_or_fh_m/f_auto/v1/cr/32/64/03/76/32640376_29efc84c14ec9e313c41e9948c7da01e-2b668c4|https://photos.encuentra24.com/t_or_fh_m/f_auto/v1/cr/32/48/75/16/32487516_6056a034d20bf45edc7c635d64a9f44b-946240d|https://photos.encuentra24.com/t_or_fh_m/f_auto/v1/cr/32/62/89/39/32628939_971021a910745791ca0cbe59d4292e8d-0ac4a37|https://photos.encuentra24.com/t_or_fh_m/f_auto/v1/cr/32/64/35/56/32643556_e019907557472828cae03cbeecb4603e-c6ea3aa|https://photos.encuentra24.com/t_or_fh_m/f_auto/v1/cr/32/52/62/98/32526298_fea4246|https://photos.encuentra24.com/t_or_fh_m/f_auto/v1/cr/32/63/01/20/32630120_2e0f648|https://photos.encuentra24.com/t_or_fh_m/f_auto/v1/cr/32/60/44/18/32604418_2e231c9ca17b994703f3f88e386330cf-b672cf9|https://photos.encuentra24.com/t_or_fh_m/f_auto/v1/cr/32/64/29/46/32642946_0f67d2d15e2b8735fa2e0634c97ac909-e192256|https://photos.encuentra24.com/t_or_fh_m/f_auto/v1/cr/32/64/32/71/32643271_008bed5a56e73a25aeff3c7fc5aa1b56-f305ba3
encuentra24,25758384,https://www.encuentra24.com/costa-rica-es/bienes-raices-alquiler-casas/villa-heliconia-en-alquiler-playa-potrero/25758384,rent,active,Guanacaste provincia,Santa Cruz,Playa Potrero,VILLA HELICONIA EN ALQUILER PLAYA POTRERO,"Ref: # H35B Ubicada dentro de un exclusivo condominio Villaggio Claudia en playa Potrero, cerca de las mejores playas de Guanacaste ( playa penca, playa flamingo, playa conchal, playa danta y dantita, playa mina ) se renta a largo plazo. Cocina comedor con cocina totalmente equipada 1 habitacion con cama queen 1 mezanine aereo con cama queen 2 baños Amplia terraza 2 A/C Wifi Amplia piscina con área social Jacuzzi Área de estacionamiento Seguridad 24/7 RENTA A LARGO PLAZO Servicios incluydos: ( agua, wifi ) Monto mensual alquiler: $ 900 Deposito: 1 mes HOME líder en soluciones integrales de bienes raíces Inversiones - Compra/Venta - Renta largo plazo - Servicios de housekeeping - Asesoría y servicios legales sobre su Inversión.",Condo,,,,,,,"{""Municipal Water"",""Water""}",Beachfront,{},,,,900,USD,,https://photos.encuentra24.com/t_or_fh_m/f_auto/v1/cr/25/75/83/84/25758384_f8ec38|https://photos.encuentra24.com/t_or_fh_m/f_auto/v1/cr/25/75/83/84/25758384_6561d3|https://photos.encuentra24.com/t_or_fh_m/f_auto/v1/cr/25/75/83/84/25758384_55b23e|https://photos.encuentra24.com/t_or_fh_m/f_auto/v1/cr/25/75/83/84/25758384_995050|https://photos.encuentra24.com/t_or_fh_m/f_auto/v1/cr/25/75/83/84/25758384_9fc0a6|https://photos.encuentra24.com/t_or_fh_m/f_auto/v1/cr/25/75/83/84/25758384_620eb2|https://photos.encuentra24.com/t_or_fh_m/f_auto/v1/cr/25/75/83/84/25758384_ad40fd|https://photos.encuentra24.com/t_or_fh_m/f_auto/v1/cr/25/75/83/84/25758384_a81c4d|https://photos.encuentra24.com/t_or_fh_m/f_auto/v1/cr/25/75/83/84/25758384_2e1fbf|https://photos.encuentra24.com/t_or_fh_m/f_auto/v1/cr/25/75/83/84/25758384_e4ee8c|https://photos.encuentra24.com/t_or_fh_m/f_auto/v1/cr/25/75/83/84/25758384_601746|https://photos.encuentra24.com/t_or_fh_m/f_auto/v1/cr/25/75/83/84/25758384_bf5787|https://photos.encuentra24.com/t_or_fh_m/f_auto/v1/cr/23/79/68/25/23796825_3ca4d9|https://photos.encuentra24.com/t_or_fh_m/f_auto/v1/cr/30/84/72/84/30847284_a425b4|https://photos.encuentra24.com/t_or_fh_m/f_auto/v1/cr/32/43/44/75/32434475_fe0bb11ba870a444dcefe7e35d07366b-59f0ca1|https://photos.encuentra24.com/t_or_fh_m/f_auto/v1/cr/28/99/22/09/28992209_523832|https://photos.encuentra24.com/t_or_fh_m/f_auto/v1/cr/31/14/66/85/31146685_24bd06|https://photos.encuentra24.com/t_or_fh_m/f_auto/v1/cr/19/22/24/82/19222482_42cc0b|https://photos.encuentra24.com/t_or_fh_m/f_auto/v1/cr/30/84/73/80/30847380_4481c0|https://photos.encuentra24.com/t_or_fh_m/f_auto/v1/cr/32/62/34/01/32623401_d8e0cabb7e51f62ff3f4f5b5427a456b-ab9d894
encuentra24,32379680,https://www.encuentra24.com/costa-rica-es/bienes-raices-alquiler-apartamentos/naturaleza-lujo-y-conveniencia-elegante-apartamento-en-golfside/32379680,rent,active,San José provincia,Curridabat,Granadilla,"Naturaleza, Lujo y Conveniencia | Elegante Apartamento en Golfside","Descubra el equilibrio perfecto entre confort, exclusividad y ubicación estratégica en este elegante apartamento esquinero ubicado en el prestigioso Condominio Golfside. Su diseño contemporáneo, amplios ventanales y privilegiada orientación permiten el ingreso de abundante luz natural, creando espacios cálidos y acogedores. Rodeado de una comunidad exclusiva y respaldado por amenidades de primer nivel, este apartamento ofrece un estilo de vida distinguido, con fácil acceso a importantes centros comerciales, supermercados, hospitales, centros corporativos y reconocidas instituciones educativas. Incluye: aire acondicionado en el dormitorio principal, cortinas y cuota condominal. Distribución y características * Ubicado en el tercer piso. * 2 dormitorios. * 2 baños completos. * Sala y comedor integrados. * Cocina moderna con muebles en melamina hidrorrepelente. * Sobres de cuarzo. * Despensa. * Desayunador. * Pequeño balcón en el dormitorio principal. * Área de lavandería. * Bodega. * Walk-in closet en el dormitorio principal. * Agua caliente. * Pisos de porcelanato. * Cielos de gypsum. * Parqueo techado para 2 vehículos. * Seguridad 24/7. * Sistema de videovigilancia (CCTV). Amenidades de primer nivel * Parqueo para visitantes. * Dos elevadores. * Amplias áreas comunes. * Gimnasio totalmente equipado. * Deck para yoga. * Piscina temperada. * Jacuzzi. * Lounge social. * Fire Pit. * Área de BBQ. * Parque infantil. * Reserva natural. * Parque para mascotas. * Comunidad Pet Friendly. * Planta de tratamiento. * Sistema de captación de agua. Su ubicación privilegiada permite un acceso rápido a transporte público, principales vías de comunicación y rutas estratégicas de la ciudad. Disponibilidad inmediata. Precio de alquiler: $1.500 mensuales. ACQ077|MR&VCH Curridabat Guayabos",Condo,,,,,,,"{""Municipal Water"",""Water"",""Electricity""}",Riverfront|Urban,{},Walkable,,,1500,USD,,https://photos.encuentra24.com/t_or_fh_m/f_auto/v1/cr/32/37/96/80/32379680_3e377f2|https://photos.encuentra24.com/t_or_fh_m/f_auto/v1/cr/32/37/96/80/32379680_d3c8b0e|https://photos.encuentra24.com/t_or_fh_m/f_auto/v1/cr/32/37/96/80/32379680_951e3a0|https://photos.encuentra24.com/t_or_fh_m/f_auto/v1/cr/32/37/96/80/32379680_717188d|https://photos.encuentra24.com/t_or_fh_m/f_auto/v1/cr/32/37/96/80/32379680_ee96676|https://photos.encuentra24.com/t_or_fh_m/f_auto/v1/cr/32/37/96/80/32379680_82fe0d1|https://photos.encuentra24.com/t_or_fh_m/f_auto/v1/cr/32/37/96/80/32379680_1d981c5|https://photos.encuentra24.com/t_or_fh_m/f_auto/v1/cr/32/37/96/80/32379680_cdb8781|https://photos.encuentra24.com/t_or_fh_m/f_auto/v1/cr/32/37/96/80/32379680_4b3c18f|https://photos.encuentra24.com/t_or_fh_m/f_auto/v1/cr/32/37/96/80/32379680_bfed90b|https://photos.encuentra24.com/t_or_fh_m/f_auto/v1/cr/32/37/96/80/32379680_0a6a31e|https://photos.encuentra24.com/t_or_fh_m/f_auto/v1/cr/32/37/96/80/32379680_a3aa5cf|https://photos.encuentra24.com/t_or_fh_m/f_auto/v1/cr/32/37/96/80/32379680_e35873a|https://photos.encuentra24.com/t_or_fh_m/f_auto/v1/cr/32/37/96/80/32379680_d2779f6|https://photos.encuentra24.com/t_or_fh_m/f_auto/v1/cr/32/37/96/80/32379680_9dc0cd5|https://photos.encuentra24.com/t_or_fh_m/f_auto/v1/cr/32/37/96/80/32379680_4e5c455|https://photos.encuentra24.com/t_or_fh_m/f_auto/v1/cr/32/37/96/80/32379680_eae1db5|https://photos.encuentra24.com/t_or_fh_m/f_auto/v1/cr/32/37/96/80/32379680_73228c6|https://photos.encuentra24.com/t_or_fh_m/f_auto/v1/cr/32/37/96/80/32379680_2b4710c|https://photos.encuentra24.com/t_or_fh_m/f_auto/v1/cr/32/37/96/80/32379680_3a48733|https://photos.encuentra24.com/t_user_logo/v1/users/logo/34/41/01/344101_a80383|https://photos.encuentra24.com/t_cnseal/v1594676252/cnseal/5f0cd41c4a555_Bildschirmfotocccbr.png|https://photos.encuentra24.com/t_or_fh_m/f_auto/v1/cr/32/63/04/87/32630487_420fdf6f3369a2cb908eb2f0f40de286-39e97d1|https://photos.encuentra24.com/t_or_fh_m/f_auto/v1/cr/29/00/36/47/29003647_ac6506|https://photos.encuentra24.com/t_or_fh_m/f_auto/v1/cr/32/59/02/27/32590227_bdc86e94326a7c1e3386260c246857fa-36714e5|https://photos.encuentra24.com/t_or_fh_m/f_auto/v1/cr/31/26/69/77/31266977_59e581|https://photos.encuentra24.com/t_or_fh_m/f_auto/v1/cr/32/55/22/66/32552266_229ff54d555245ec7bd04b3b6be4c8be-c148c46|https://photos.encuentra24.com/t_or_fh_m/f_auto/v1/cr/32/54/65/06/32546506_4c9e71ac31428769db7fb330f3077168-6d0622c|https://photos.encuentra24.com/t_or_fh_m/f_auto/v1/cr/32/63/46/05/32634605_79ce0496239296b3a0728a0496f3da3e-e526d8f|https://photos.encuentra24.com/t_or_fh_m/f_auto/v1/cr/28/50/75/11/28507511_05a85b|https://photos.encuentra24.com/t_or_fh_m/f_auto/v1/cr/32/54/98/78/32549878_6324e4a|https://photos.encuentra24.com/t_or_fh_m/f_auto/v1/cr/25/37/70/03/25377003_f5a638|https://photos.encuentra24.com/t_or_fh_m/f_auto/v1/cr/29/39/62/00/29396200_c43a2c|https://photos.encuentra24.com/t_or_fh_m/f_auto/v1/cr/29/00/84/11/29008411_482dbc1|https://photos.encuentra24.com/t_or_fh_m/f_auto/v1/cr/25/10/26/93/25102693_6fc993|https://photos.encuentra24.com/t_or_fh_m/f_auto/v1/cr/32/44/44/75/32444475_dd94046
encuentra24,32587534,https://www.encuentra24.com/costa-rica-es/bienes-raices-alquiler-apartamentos/alquiler-apartamento-amoblado-secrt-escalante-1-200/32587534,rent,active,San José provincia,San José Capital,Barrio Escalante,Alquiler Apartamento amoblado SECRT Escalante. $1.200,"Alquiler de Apartamento en SECRT Escalante | Amoblado de Lujo. $1.200 Si estás buscando un apartamento en alquiler en SECRT Escalante, esta es una opción ideal para quienes desean vivir en el corazón gastronómico y urbano de Barrio Escalante, San José, en una torre moderna con amenidades exclusivas. Ubicado en Piso 17, este espacio combina diseño, confort y una vista privilegiada hacia el norte. Características del apartamento: • 36 m² • 1 habitación • 1 baño completo • Piso 17 • Vista norte • Completamente amoblado de lujo • (muebles de La Artística, Althea y electrodomésticos de alta gama) • Incluye internet de alta velocidad y agua • No incluye parqueo • No se aceptan mascotas Mensualidad: $1.200 todo incluido. La torre SECRT Escalante ofrece amenidades de lujo, ambiente moderno y seguridad, ideal para ejecutivos, profesionales o extranjeros que buscan una experiencia residencial premium en San José. Vivir en SECRT Escalante significa estar a pasos de restaurantes, cafés, supermercados y centros de trabajo, en una de las zonas con mayor demanda y plusvalía del país.",Condo,,,,,,,"{""Water""}",Riverfront|Urban,{},,,,1200,USD,,https://photos.encuentra24.com/t_or_fh_m/f_auto/v1/cr/32/58/75/34/32587534_95f2c3860abaee70eec4b4544bdd00f9-654169c|https://photos.encuentra24.com/t_or_fh_m/f_auto/v1/cr/32/58/75/34/32587534_95f2c3860abaee70eec4b4544bdd00f9-53d7b89|https://photos.encuentra24.com/t_or_fh_m/f_auto/v1/cr/32/58/75/34/32587534_95f2c3860abaee70eec4b4544bdd00f9-6f596d2|https://photos.encuentra24.com/t_or_fh_m/f_auto/v1/cr/32/58/75/34/32587534_95f2c3860abaee70eec4b4544bdd00f9-10c7fb1|https://photos.encuentra24.com/t_or_fh_m/f_auto/v1/cr/32/58/75/34/32587534_95f2c3860abaee70eec4b4544bdd00f9-0a88d8a|https://photos.encuentra24.com/t_or_fh_m/f_auto/v1/cr/32/58/75/34/32587534_95f2c3860abaee70eec4b4544bdd00f9-ab32480|https://photos.encuentra24.com/t_or_fh_m/f_auto/v1/cr/32/58/75/34/32587534_95f2c3860abaee70eec4b4544bdd00f9-1afb571|https://photos.encuentra24.com/t_or_fh_m/f_auto/v1/cr/32/58/75/34/32587534_95f2c3860abaee70eec4b4544bdd00f9-b6dd647|https://photos.encuentra24.com/t_or_fh_m/f_auto/v1/cr/32/58/75/34/32587534_95f2c3860abaee70eec4b4544bdd00f9-151ffb5|https://photos.encuentra24.com/t_or_fh_m/f_auto/v1/cr/32/58/75/34/32587534_95f2c3860abaee70eec4b4544bdd00f9-18faaab|https://photos.encuentra24.com/t_or_fh_m/f_auto/v1/cr/32/58/75/34/32587534_95f2c3860abaee70eec4b4544bdd00f9-1ce4930|https://photos.encuentra24.com/t_or_fh_m/f_auto/v1/cr/32/58/75/34/32587534_95f2c3860abaee70eec4b4544bdd00f9-b73a505|https://photos.encuentra24.com/t_user_logo/v1/users/logo/91/33/64/913364_cf3351|https://photos.encuentra24.com/t_cnseal/v1594676252/cnseal/5f0cd41c4a555_Bildschirmfotocccbr.png|https://photos.encuentra24.com/t_cnseal/v1697642511/cnseal/652ff80f42db6_Verified%20badge.png|https://photos.encuentra24.com/t_or_fh_m/f_auto/v1/cr/31/97/03/48/31970348_7fffe4609e8b16df834a802b70f3b94e-66c8b2e|https://photos.encuentra24.com/t_or_fh_m/f_auto/v1/cr/31/78/86/58/31788658_7ea431|https://photos.encuentra24.com/t_or_fh_m/f_auto/v1/cr/31/64/28/38/31642838_a44ddc|https://photos.encuentra24.com/t_or_fh_m/f_auto/v1/cr/32/46/74/98/32467498_70c0f576366d414d1c2fc21b93b6a600-85e0163|https://photos.encuentra24.com/t_or_fh_m/f_auto/v1/cr/32/31/20/38/32312038_0b6fbfa274b72ce4a63e1ff2963a0f74-c3223da|https://photos.encuentra24.com/t_or_fh_m/f_auto/v1/cr/32/07/28/98/32072898_1ba081e1053c9144003e671947369170-1972564|https://photos.encuentra24.com/t_or_fh_m/f_auto/v1/cr/32/18/71/87/32187187_5fbc809f702ed0cd33c11a112c296f93-a115485|https://photos.encuentra24.com/t_or_fh_m/f_auto/v1/cr/32/36/22/88/32362288_21ac9b5|https://photos.encuentra24.com/t_or_fh_m/f_auto/v1/cr/32/53/60/25/32536025_d7ec5b83df0c03ecea4bb52494061061-598842e|https://photos.encuentra24.com/t_or_fh_m/f_auto/v1/cr/32/61/64/09/32616409_af4bbaa6938a8b44c7b86a4d636d69a6-689e793|https://photos.encuentra24.com/t_or_fh_m/f_auto/v1/cr/32/31/43/63/32314363_4888d268491cc7090a76e4497052d07a-1756d23|https://photos.encuentra24.com/t_or_fh_m/f_auto/v1/cr/32/56/65/82/32566582_59e38ae5d8a95810615a8e233546d054-3db997b|https://photos.encuentra24.com/t_or_fh_m/f_auto/v1/cr/32/03/00/25/32030025_fc30c95a3c45c06282f018766ff7df3e-6813818|https://photos.encuentra24.com/t_or_fh_m/f_auto/v1/cr/32/03/01/40/32030140_0b91e4753da45e4a197552cfb031587d-379d5d3
encuentra24,32172063,https://www.encuentra24.com/costa-rica-es/bienes-raices-alquiler-comercios/bodega-alquiler-rio-segundo-alajuela-con-trifasico/32172063,rent,active,Alajuela provincia,Alajuela,Río Segundo,Bodega Alquiler Río Segundo Alajuela con Trifásico,"Bodega en Alquiler Río Segundo, Alajuela Ubicación estratégica con fácil acceso a la autopista y a las principales rutas de transporte de la zona. Características: • Área: 550 m² • Precio: $4.500 mensuales • Uso industrial • Energía trifásica • Seguridad • Parqueo disponible • Cerca de carretera principal • Excelente acceso para operaciones logísticas y comerciales Ideal para almacenamiento, distribución, logística, manufactura ligera o actividades industriales. ¿Busca una bodega con características diferentes? Contáctenos. Disponemos de opciones en diversos tamaños y ubicaciones en todo Costa Rica. Grupo Ugalde Bienes Raíces Más de 40 años de experiencia en el mercado inmobiliario costarricense.",Commercial Property,,,,,,,{},Riverfront,{},,,,4500,USD,,https://photos.encuentra24.com/t_or_fh_m/f_auto/v1/cr/32/17/20/63/32172063_68e7b4e|https://photos.encuentra24.com/t_or_fh_m/f_auto/v1/cr/32/17/20/63/32172063_8c72510|https://photos.encuentra24.com/t_or_fh_m/f_auto/v1/cr/32/17/20/63/32172063_a5622b0|https://photos.encuentra24.com/t_or_fh_m/f_auto/v1/cr/32/17/20/63/32172063_adbaa50|https://photos.encuentra24.com/t_or_fh_m/f_auto/v1/cr/32/17/20/63/32172063_506ed66|https://photos.encuentra24.com/t_or_fh_m/f_auto/v1/cr/32/17/20/63/32172063_8991aa5|https://photos.encuentra24.com/t_or_fh_m/f_auto/v1/cr/32/17/20/63/32172063_fde6d5e|https://photos.encuentra24.com/t_or_fh_m/f_auto/v1/cr/32/17/20/63/32172063_9465bda|https://photos.encuentra24.com/t_or_fh_m/f_auto/v1/cr/32/17/20/63/32172063_0cb4526|https://photos.encuentra24.com/t_or_fh_m/f_auto/v1/cr/32/17/20/63/32172063_f412910|https://photos.encuentra24.com/t_user_logo/v1/users/logo/33/03/98/330398_c8b562|https://photos.encuentra24.com/t_cnseal/v1697642511/cnseal/652ff80f42db6_Verified%20badge.png|https://photos.encuentra24.com/t_or_fh_m/f_auto/v1/cr/32/59/78/45/32597845_5f991c296cd8f975e9bd2250507e79da-c074236|https://photos.encuentra24.com/t_or_fh_m/f_auto/v1/cr/32/17/21/68/32172168_eec40bb|https://photos.encuentra24.com/t_or_fh_m/f_auto/v1/cr/32/17/22/36/32172236_fa8113d|https://photos.encuentra24.com/t_or_fh_m/f_auto/v1/cr/32/17/22/94/32172294_bf30eb6|https://photos.encuentra24.com/t_or_fh_m/f_auto/v1/cr/25/30/88/76/25308876_4659eff|https://photos.encuentra24.com/t_or_fh_m/f_auto/v1/cr/32/59/80/84/32598084_03b7bd86ee3c8fb799437206f09448bc-3350671|https://photos.encuentra24.com/t_or_fh_m/f_auto/v1/cr/25/32/90/33/25329033_d3136dd
encuentra24,32587695,https://www.encuentra24.com/costa-rica-es/bienes-raices-alquiler-apartamentos/apartamento-en-alquiler-condominio-paso-real-concasa-alajuela-850/32587695,rent,active,Alajuela provincia,Alajuela,San Rafael,Apartamento en Alquiler | Condominio Paso Real Concasa Alajuela | $850,"Precio de Alquiler: $850 dólares. Cuota condominal y servicio de agua incluida en el precio Condominio Paso Real, Concasa, San Rafael de Alajuela Sobre el Apartamento: Este apartamento se ubica en el piso 5 en una torre de 7 pisos. Distribución: Recibidor, sala-comedor, balcón con vista a la piscina, cocina con mueble con sobre de granito natural y gaveteros, cuarto de pilas donde se ubica el calentador central de agua, sala de TV, dormitorio principal con closet y baño completo, dormitorio 2 con closet, 2do baño completo, 1 espacio de estacionamiento techado, 1 espacio de estacionamiento sin techar. Sobre el condominio: Condomino Paso Real se encuentra en el Macro-Condominio Campo Real, desarrollado por la constructora Concasa. La cercanía con la ruta 27 y sus 2 accesos, han permitido el desarrollo de un lugar con más de 2.500 unidades habitacionales. Paso Real es un condominio en torres de 7 pisos, estando este apartamento en alquiler en el piso 5. Amenidades: Piscina temperada para adultos y niños Ranchos BBQ Salón para fiestas y/o eventos Playground Lago con patos Canchas multiuso Canchas de tenis Parque Canino Seguridad privada con acceso controlado Centro Comercial Muy cerca de la ruta 27, a 18 minutos de Multiplaza Escazú, 10 minutos de Forum Santa Ana, 15 minutos de Zona Franca Coyol, 20 minutos del Aeropuerto Internacional ¿Por qué vivir en Concasa? Concasa es una muy buena opción si lo que estás buscando es comodidad diaria sin pagar precios altos de zonas como Santa Ana o Escazú. Tenés acceso rápido a Ruta 27, estás cerca de zonas de trabajo como Coyol, Belén y Lindora, y dentro del condominio tenés piscina, áreas verdes, espacios para caminar y todo bastante organizado. Es como vivir en una mini ciudad donde resolvés mucho sin salir.",Condo,,,,,,,"{""Water""}",Riverfront|Lakefront|Rural|Urban,{},,,,850,USD,,https://photos.encuentra24.com/t_or_fh_m/f_auto/v1/cr/32/58/76/95/32587695_7c384a32c61f90463ff9dc3bacb2f6fd-196728f|https://photos.encuentra24.com/t_or_fh_m/f_auto/v1/cr/32/58/76/95/32587695_7c384a32c61f90463ff9dc3bacb2f6fd-3034ed8|https://photos.encuentra24.com/t_or_fh_m/f_auto/v1/cr/32/58/76/95/32587695_7c384a32c61f90463ff9dc3bacb2f6fd-e2c1710|https://photos.encuentra24.com/t_or_fh_m/f_auto/v1/cr/32/58/76/95/32587695_7c384a32c61f90463ff9dc3bacb2f6fd-f085883|https://photos.encuentra24.com/t_or_fh_m/f_auto/v1/cr/32/58/76/95/32587695_7c384a32c61f90463ff9dc3bacb2f6fd-2e5e82f|https://photos.encuentra24.com/t_or_fh_m/f_auto/v1/cr/32/58/76/95/32587695_7c384a32c61f90463ff9dc3bacb2f6fd-c1aa38f|https://photos.encuentra24.com/t_or_fh_m/f_auto/v1/cr/32/58/76/95/32587695_7c384a32c61f90463ff9dc3bacb2f6fd-b97f24b|https://photos.encuentra24.com/t_or_fh_m/f_auto/v1/cr/32/58/76/95/32587695_7c384a32c61f90463ff9dc3bacb2f6fd-c6e96c3|https://photos.encuentra24.com/t_or_fh_m/f_auto/v1/cr/32/58/76/95/32587695_7c384a32c61f90463ff9dc3bacb2f6fd-e480e6c|https://photos.encuentra24.com/t_or_fh_m/f_auto/v1/cr/32/58/76/95/32587695_7c384a32c61f90463ff9dc3bacb2f6fd-d260c10|https://photos.encuentra24.com/t_or_fh_m/f_auto/v1/cr/32/58/76/95/32587695_7c384a32c61f90463ff9dc3bacb2f6fd-2887d6a|https://photos.encuentra24.com/t_or_fh_m/f_auto/v1/cr/32/58/76/95/32587695_7c384a32c61f90463ff9dc3bacb2f6fd-97e805a|https://photos.encuentra24.com/t_or_fh_m/f_auto/v1/cr/32/58/76/95/32587695_7c384a32c61f90463ff9dc3bacb2f6fd-c26f2bc|https://photos.encuentra24.com/t_or_fh_m/f_auto/v1/cr/32/58/76/95/32587695_7c384a32c61f90463ff9dc3bacb2f6fd-1384258|https://photos.encuentra24.com/t_or_fh_m/f_auto/v1/cr/32/58/76/95/32587695_7c384a32c61f90463ff9dc3bacb2f6fd-a0a714e|https://photos.encuentra24.com/t_or_fh_m/f_auto/v1/cr/32/58/76/95/32587695_7c384a32c61f90463ff9dc3bacb2f6fd-fe287b8|https://photos.encuentra24.com/t_or_fh_m/f_auto/v1/cr/32/58/76/95/32587695_7c384a32c61f90463ff9dc3bacb2f6fd-7adb471|https://photos.encuentra24.com/t_or_fh_m/f_auto/v1/cr/32/58/76/95/32587695_7c384a32c61f90463ff9dc3bacb2f6fd-be6f9ac|https://photos.encuentra24.com/t_or_fh_m/f_auto/v1/cr/32/58/76/95/32587695_7c384a32c61f90463ff9dc3bacb2f6fd-2dc065f|https://photos.encuentra24.com/t_user_logo/v1/users/logo/15/38/90/153890_2d12e3|https://photos.encuentra24.com/t_cnseal/v1697642511/cnseal/652ff80f42db6_Verified%20badge.png|https://photos.encuentra24.com/t_or_fh_m/f_auto/v1/cr/32/09/84/43/32098443_7fdc6eb0f19a48c06e87298ab6159827-5fe1c49|https://photos.encuentra24.com/t_or_fh_m/f_auto/v1/cr/32/47/98/23/32479823_7bd74ba|https://photos.encuentra24.com/t_or_fh_m/f_auto/v1/cr/32/47/58/43/32475843_ca4c76b1cf373bea73f0590bb11d9a93-c88ad13|https://photos.encuentra24.com/t_or_fh_m/f_auto/v1/cr/32/50/52/72/32505272_bca053d|https://photos.encuentra24.com/t_or_fh_m/f_auto/v1/cr/32/50/53/02/32505302_cb8745ccf238b5dbc8af32b9cb3fd065-29a3e88|https://photos.encuentra24.com/t_or_fh_m/f_auto/v1/cr/32/64/44/91/32644491_5ffa8ec|https://photos.encuentra24.com/t_or_fh_m/f_auto/v1/cr/31/73/24/71/31732471_4e88dd6|https://photos.encuentra24.com/t_or_fh_m/f_auto/v1/cr/32/45/22/15/32452215_7f743d649d8a7b9fa34229f45d92aef1-1f71f9b|https://photos.encuentra24.com/t_or_fh_m/f_auto/v1/cr/32/63/70/38/32637038_7b655386783bb3fac070da0f3f0070c8-1451afa|https://photos.encuentra24.com/t_or_fh_m/f_auto/v1/cr/31/91/54/63/31915463_39f3dd|https://photos.encuentra24.com/t_or_fh_m/f_auto/v1/cr/31/91/69/03/31916903_55c2be|https://photos.encuentra24.com/t_or_fh_m/f_auto/v1/cr/32/44/70/15/32447015_c465a72|https://photos.encuentra24.com/t_or_fh_m/f_auto/v1/cr/31/89/66/68/31896668_9e3ae4|https://photos.encuentra24.com/t_or_fh_m/f_auto/v1/cr/31/88/63/14/31886314_9b4ed0
encuentra24,32255247,https://www.encuentra24.com/costa-rica-es/bienes-raices-alquiler-apartamentos/sabana-sur-3-habitaciones-189-metros-vista-panoramica-electrodomesticos/32255247,rent,active,San José provincia,San José Capital,Mata Redonda,Sabana sur - 3 habitaciones 189 metros - Vista Panorámica - Electrodomésticos,"Apartamento REMODELADO!!! Ven a conocer Apartamento en Condominio de Torre, excelente ubicación, con vista panorámica al Estadio Nacional. Su amplitud y ubicación estratégica hacen del espacio un lugar ideal para vivir - Condominio moderno, ubicada en 8vo piso. - Cada aposento cuenta con su aire acondicionado. - 1 habitación principal o master amplia con, balcón, baño con ducha, mampara de vidrio . Pisos laminados - 2 habitaciones secundarias una de ellas con walking closets, y la otra con amplio closets, las habitaciones comparten un baño auxiliar y un balcón con vista al valle, con pisos laminados. - Sala y comedor integrados estilo contemporáneo muy amplia e iluminada, más baño para visitas. - Balcón con vista al este de la ciudad donde puede disfrutar la lectura de un buen libro o un buen momento de relax. - Cocina con sobres de granito. Cuenta con los electrodomésticos (estufa - refrigeradora - lavavajillas - microondas americano) - Área de lavado con torre de lavado. - 2 espacios de estacionamiento subterráneos. - Espacio de almacenamiento (Bodega) - Todos los ambientes cuentan con luz natural - La renta incluye cuota condominal + impuesto. - El alquiler se cobrará en colones 1.200.000 colones Del condominio: - Seguridad 24/7 - Área de BBQ - Gimnasio La zona cuenta con fácil acceso, Farmacias, restaurantes, Bancos, frente al parque la sabana, a 5minutos de San José centro, y accesos a la pista a menos de 3 minutos.",Condo,,,,,,,"{""Electricity""}",Riverfront|Urban,"{""River Valley""}",Walkable,,,,CRC,,https://photos.encuentra24.com/t_or_fh_m/f_auto/v1/cr/32/25/52/47/32255247_756ad3d|https://photos.encuentra24.com/t_or_fh_m/f_auto/v1/cr/32/25/52/47/32255247_e9f4749|https://photos.encuentra24.com/t_or_fh_m/f_auto/v1/cr/32/25/52/47/32255247_154dbc2|https://photos.encuentra24.com/t_or_fh_m/f_auto/v1/cr/32/25/52/47/32255247_2a1fc7a|https://photos.encuentra24.com/t_or_fh_m/f_auto/v1/cr/32/25/52/47/32255247_58eb6db|https://photos.encuentra24.com/t_or_fh_m/f_auto/v1/cr/32/25/52/47/32255247_1f27703|https://photos.encuentra24.com/t_or_fh_m/f_auto/v1/cr/32/25/52/47/32255247_25f277b|https://photos.encuentra24.com/t_or_fh_m/f_auto/v1/cr/32/25/52/47/32255247_f6df922|https://photos.encuentra24.com/t_or_fh_m/f_auto/v1/cr/32/25/52/47/32255247_7313bd7|https://photos.encuentra24.com/t_or_fh_m/f_auto/v1/cr/32/25/52/47/32255247_046e7d4|https://photos.encuentra24.com/t_or_fh_m/f_auto/v1/cr/32/25/52/47/32255247_84f316f|https://photos.encuentra24.com/t_or_fh_m/f_auto/v1/cr/32/25/52/47/32255247_fc35ceb|https://photos.encuentra24.com/t_or_fh_m/f_auto/v1/cr/32/25/52/47/32255247_6be0ef2|https://photos.encuentra24.com/t_or_fh_m/f_auto/v1/cr/32/25/52/47/32255247_36030dc|https://photos.encuentra24.com/t_or_fh_m/f_auto/v1/cr/32/25/52/47/32255247_0d2cd85|https://photos.encuentra24.com/t_or_fh_m/f_auto/v1/cr/32/25/52/47/32255247_9be6dba|https://photos.encuentra24.com/t_user_logo/v1/users/logo/78/95/27/789527_675514|https://photos.encuentra24.com/t_cnseal/v1594676252/cnseal/5f0cd41c4a555_Bildschirmfotocccbr.png|https://photos.encuentra24.com/t_or_fh_m/f_auto/v1/cr/32/41/29/83/32412983_0246e9688346d679f6b8a23b9983bd07-9deb862|https://photos.encuentra24.com/t_or_fh_m/f_auto/v1/cr/32/25/61/73/32256173_60df9e7fc4a4f3bd807d2a08673a1b75-2f3ae76|https://photos.encuentra24.com/t_or_fh_m/f_auto/v1/cr/32/41/69/13/32416913_bce8c1c1abdfb4daf954ebe2d731740b-42043ab|https://photos.encuentra24.com/t_or_fh_m/f_auto/v1/cr/32/43/55/12/32435512_55db532fe2b044eab4c00a4683a0cefe-dcf8e9c|https://photos.encuentra24.com/t_or_fh_m/f_auto/v1/cr/32/35/36/32/32353632_197934f|https://photos.encuentra24.com/t_or_fh_m/f_auto/v1/cr/32/61/91/71/32619171_bb5c09|https://photos.encuentra24.com/t_or_fh_m/f_auto/v1/cr/31/24/40/11/31244011_39a4b1|https://photos.encuentra24.com/t_or_fh_m/f_auto/v1/cr/32/55/32/40/32553240_812d056|https://photos.encuentra24.com/t_or_fh_m/f_auto/v1/cr/31/58/40/62/31584062_5fcefc|https://photos.encuentra24.com/t_or_fh_m/f_auto/v1/cr/32/47/09/16/32470916_791aeb0|https://photos.encuentra24.com/t_or_fh_m/f_auto/v1/cr/32/61/00/44/32610044_54b7ef0|https://photos.encuentra24.com/t_or_fh_m/f_auto/v1/cr/32/61/01/79/32610179_c80d11ce6c901b26886d9a0f6b7b06fd-ef48bd7|https://photos.encuentra24.com/t_or_fh_m/f_auto/v1/cr/32/51/34/35/32513435_fb9bfac|https://photos.encuentra24.com/t_or_fh_m/f_auto/v1/cr/32/48/65/33/32486533_1a153d4bc310b0349695a10b6932ffaa-dd09a75
encuentra24,31659753,https://www.encuentra24.com/costa-rica-es/bienes-raices-alquiler-apartamentos/alquiler-apartamento-amueblado-2-habitaciones-khaya-curridabat/31659753,rent,active,San José provincia,Curridabat,Granadilla,Alquiler apartamento amueblado 2 habitaciones Khaya Curridabat,"Alquiler de Apartamento en Condominio Khaya - Curridabat Vive en un espacio moderno y funcional en el quinto piso del exclusivo Condominio Khaya, en Curridabat. Este apartamento totalmente amoblado ofrece comodidad, estilo y una ubicación estratégica para disfrutar de una vida práctica y conectada. *Características del apartamento: Alquiler de Apartamento en Condominio Khaya - Curridabat Vive en un espacio moderno y funcional en el quinto piso del exclusivo Condominio Khaya, en Curridabat. Este apartamento totalmente amoblado ofrece comodidad, estilo y una ubicación estratégica para disfrutar de una vida práctica y conectada. Características del apartamento: 63 m² habitables 2 habitaciones: La habitación principal con walk-in closet amplio y baño privado Habitación secundaria con closet 2 baños completos Sala, comedor y cocina en concepto integrado Balcón con hermosa vista panorámica 1 parqueo Acabados modernos y totalmente amoblado *Amenidades del condominio: Seguridad 24/7 y elegante lobby Piscina Gimnasio equipado Sala de reuniones y áreas de co-working Deck de yoga Zonas verdes y áreas sociales Ubicación privilegiada Condominio Khaya ofrece acceso directo al Centro Comercial Al Este, donde encontrarás restaurantes, supermercados, hospital La Bíblica, servicios, entretenimiento y mucho más. Excelente conexión a vías principales y transporte. Un hogar ideal para quienes buscan comodidad, conveniencia y un estilo de vida moderno.",Condo,,,,,,,"{""Municipal Water""}",Urban,{},Walkable,,,,USD,,https://photos.encuentra24.com/t_or_fh_m/f_auto/v1/cr/31/65/97/53/31659753_169c15|https://photos.encuentra24.com/t_or_fh_m/f_auto/v1/cr/31/65/97/53/31659753_689179|https://photos.encuentra24.com/t_or_fh_m/f_auto/v1/cr/31/65/97/53/31659753_9c1427|https://photos.encuentra24.com/t_or_fh_m/f_auto/v1/cr/31/65/97/53/31659753_5416dd|https://photos.encuentra24.com/t_or_fh_m/f_auto/v1/cr/31/65/97/53/31659753_34a41c|https://photos.encuentra24.com/t_or_fh_m/f_auto/v1/cr/31/65/97/53/31659753_2daa87|https://photos.encuentra24.com/t_or_fh_m/f_auto/v1/cr/31/65/97/53/31659753_ff1186|https://photos.encuentra24.com/t_or_fh_m/f_auto/v1/cr/31/65/97/53/31659753_1a5e6d|https://photos.encuentra24.com/t_or_fh_m/f_auto/v1/cr/31/65/97/53/31659753_22f792|https://photos.encuentra24.com/t_or_fh_m/f_auto/v1/cr/31/65/97/53/31659753_404bb3|https://photos.encuentra24.com/t_or_fh_m/f_auto/v1/cr/31/65/97/53/31659753_97e4fd|https://photos.encuentra24.com/t_or_fh_m/f_auto/v1/cr/31/65/97/53/31659753_97c17f|https://photos.encuentra24.com/t_or_fh_m/f_auto/v1/cr/31/65/97/53/31659753_7d422c|https://photos.encuentra24.com/t_or_fh_m/f_auto/v1/cr/31/65/97/53/31659753_c048b4|https://photos.encuentra24.com/t_or_fh_m/f_auto/v1/cr/31/65/97/53/31659753_5edb49|https://photos.encuentra24.com/t_or_fh_m/f_auto/v1/cr/31/65/97/53/31659753_32eee5|https://photos.encuentra24.com/t_or_fh_m/f_auto/v1/cr/31/65/97/53/31659753_beac1c|https://photos.encuentra24.com/t_user_logo/v1/users/logo/16/30/90/1630903_2bf7be|https://photos.encuentra24.com/t_or_fh_m/f_auto/v1/cr/32/53/86/32/32538632_940e836|https://photos.encuentra24.com/t_or_fh_m/f_auto/v1/cr/32/60/85/52/32608552_6e0b58|https://photos.encuentra24.com/t_or_fh_m/f_auto/v1/cr/32/38/19/42/32381942_2d68bc2a093660efa6ada2a7d548cbf1-b879a26|https://photos.encuentra24.com/t_or_fh_m/f_auto/v1/cr/32/62/32/02/32623202_a76f5e1836a8bbe4e6e63952b94a26d7-9101587|https://photos.encuentra24.com/t_or_fh_m/f_auto/v1/cr/32/52/91/22/32529122_d1955b9b0c79198fb0a3d195afd2751f-31ab99c|https://photos.encuentra24.com/t_or_fh_m/f_auto/v1/cr/32/44/40/81/32444081_bdc02380ba093b2a889d22c3ba0c82ed-6e46a95|https://photos.encuentra24.com/t_or_fh_m/f_auto/v1/cr/32/51/84/21/32518421_c3fbde44c2e79173084aaf932ab69d59-ad23ac0|https://photos.encuentra24.com/t_or_fh_m/f_auto/v1/cr/32/58/16/73/32581673_9a6c5d532d229f588a9d5e6356836a2a-4048466|https://photos.encuentra24.com/t_or_fh_m/f_auto/v1/cr/32/58/21/25/32582125_bc89e889cb175445e377e28b7248a30a-d847c37|https://photos.encuentra24.com/t_or_fh_m/f_auto/v1/cr/32/61/06/64/32610664_64b38386e29770ec56190066a659fa97-f63ee82|https://photos.encuentra24.com/t_or_fh_m/f_auto/v1/cr/32/22/61/57/32226157_72b345bce56c02cdbdac92f3e8fb8085-58dd00d|https://photos.encuentra24.com/t_or_fh_m/f_auto/v1/cr/32/60/10/68/32601068_27e4f84a18030001b1b0e38b0a39aa67-db5192e|https://photos.encuentra24.com/t_or_fh_m/f_auto/v1/cr/32/57/54/40/32575440_c5f170333c408abdccd330eb8216c7ac-deb67eb|https://photos.encuentra24.com/t_or_fh_m/f_auto/v1/cr/31/66/19/88/31661988_8a1a82
encuentra24,30814969,https://www.encuentra24.com/costa-rica-es/bienes-raices-alquiler-apartamentos/alquiler-de-apartamento-espacio-flex-linea-blanca-parques-del-sol-santa-ana/30814969,rent,active,San José provincia,Santa Ana,Brasil,"Alquiler de apartamento, espacio flex, linea blanca, Parques del Sol, Santa Ana","Precioso apartamento con espacio flex, 2 baños, linea blanca de lujo, parqueo. Cuenta con un diseño moderno y elegante, con espacios amplios y llenos de luz natural. Los acabados de alta calidad. • Área 87m2 • Vista espectacular • 1 Habitación principal con su propio baño, walk in closet • Cocina integrada con sobre de cuarzo • Sala – Comedor integrado con cortinas y aire acondicionado. • 1.5 baños • 1 Garaje bajo techo Podrás disfrutar de la mejores areas comunes en Santa Ana, hermosas áreas verdes, piscinas, salones de eventos y zonas de juegos infantiles. Además, la seguridad es una prioridad, con acceso controlado las 24 horas, cámaras de vigilancia y personal de seguridad altamente capacitado, tales como Casa Club con rancho, piscina semi-olímpica, piscina de niños, piscina de adultos, jaccuzzi con hidromasaje, canchas de tenis, canchas de futbol 5, cancha de voley, gimnasio, juegos infantiles, sala de fiestas, Ranchos con pergolas individuales para asados, etc. No pierdas la oportunidad de vivir en este precioso condominio y disfrutar de una vida de bienestar y confort. Contáctanos hoy mismo!",Condo,,,,,,,"{""Electricity""}",,{},Walkable,,,,USD,,https://photos.encuentra24.com/t_or_fh_m/f_auto/v1/cr/30/81/49/69/30814969_31f016|https://photos.encuentra24.com/t_or_fh_m/f_auto/v1/cr/30/81/49/69/30814969_c3ba18e|https://photos.encuentra24.com/t_or_fh_m/f_auto/v1/cr/30/81/49/69/30814969_a321f67|https://photos.encuentra24.com/t_or_fh_m/f_auto/v1/cr/30/81/49/69/30814969_54be3df|https://photos.encuentra24.com/t_or_fh_m/f_auto/v1/cr/30/81/49/69/30814969_a75b9d5|https://photos.encuentra24.com/t_or_fh_m/f_auto/v1/cr/30/81/49/69/30814969_0a76653|https://photos.encuentra24.com/t_or_fh_m/f_auto/v1/cr/30/81/49/69/30814969_56fff84|https://photos.encuentra24.com/t_or_fh_m/f_auto/v1/cr/30/81/49/69/30814969_6c1b87a|https://photos.encuentra24.com/t_or_fh_m/f_auto/v1/cr/30/81/49/69/30814969_a35bed7|https://photos.encuentra24.com/t_or_fh_m/f_auto/v1/cr/30/81/49/69/30814969_7d2fc7e|https://photos.encuentra24.com/t_or_fh_m/f_auto/v1/cr/30/81/49/69/30814969_f2b071f|https://photos.encuentra24.com/t_or_fh_m/f_auto/v1/cr/30/81/49/69/30814969_c0b37d4|https://photos.encuentra24.com/t_or_fh_m/f_auto/v1/cr/30/81/49/69/30814969_fee6863|https://photos.encuentra24.com/t_or_fh_m/f_auto/v1/cr/30/81/49/69/30814969_6060d47|https://photos.encuentra24.com/t_or_fh_m/f_auto/v1/cr/30/81/49/69/30814969_8b13c01|https://photos.encuentra24.com/t_or_fh_m/f_auto/v1/cr/30/81/49/69/30814969_ee9244|https://photos.encuentra24.com/t_or_fh_m/f_auto/v1/cr/30/81/49/69/30814969_2187bf|https://photos.encuentra24.com/t_or_fh_m/f_auto/v1/cr/30/81/49/69/30814969_e28523|https://photos.encuentra24.com/t_or_fh_m/f_auto/v1/cr/30/81/49/69/30814969_627145|https://photos.encuentra24.com/t_or_fh_m/f_auto/v1/cr/30/81/49/69/30814969_e1b8f3d|https://photos.encuentra24.com/t_user_logo/v1/users/logo/36/93/88/369388_9075ec|https://photos.encuentra24.com/t_cnseal/v1594676252/cnseal/5f0cd41c4a555_Bildschirmfotocccbr.png|https://photos.encuentra24.com/t_cnseal/v1697642511/cnseal/652ff80f42db6_Verified%20badge.png|https://photos.encuentra24.com/t_or_fh_m/f_auto/v1/cr/32/46/98/17/32469817_a804c0|https://photos.encuentra24.com/t_or_fh_m/f_auto/v1/cr/32/40/70/07/32407007_6ce7a2f596f5f70922e76ffc428f2b33-73305fb|https://photos.encuentra24.com/t_or_fh_m/f_auto/v1/cr/29/74/64/87/29746487_8f7c97|https://photos.encuentra24.com/t_or_fh_m/f_auto/v1/cr/32/62/12/96/32621296_e25ec1442be6fe4ea8b4cb993f6591b7-3f7262a|https://photos.encuentra24.com/t_or_fh_m/f_auto/v1/cr/32/60/59/06/32605906_d54d65db7b6fa36bf3dfcb7e93622929-4f76d95|https://photos.encuentra24.com/t_or_fh_m/f_auto/v1/cr/32/45/69/96/32456996_d249c3c|https://photos.encuentra24.com/t_or_fh_m/f_auto/v1/cr/32/35/19/16/32351916_73416d9814cd0e0cfc460bb04024a588-3d0c043|https://photos.encuentra24.com/t_or_fh_m/f_auto/v1/cr/32/55/27/53/32552753_6af8fa44f64c049f8494ba757ae9176e-18240d7|https://photos.encuentra24.com/t_or_fh_m/f_auto/v1/cr/29/93/78/32/29937832_528dd52|https://photos.encuentra24.com/t_or_fh_m/f_auto/v1/cr/32/57/28/16/32572816_a223e79|https://photos.encuentra24.com/t_or_fh_m/f_auto/v1/cr/32/56/08/45/32560845_12ee650|https://photos.encuentra24.com/t_or_fh_m/f_auto/v1/cr/29/25/15/96/29251596_5232648|https://photos.encuentra24.com/t_or_fh_m/f_auto/v1/cr/31/31/55/76/31315576_cd684de|https://photos.encuentra24.com/t_or_fh_m/f_auto/v1/cr/32/53/64/25/32536425_af4f2ed
encuentra24,32435658,https://www.encuentra24.com/costa-rica-es/bienes-raices-alquiler-apartamentos-amueblados/pen-house-en-paradisus-vista-al-rio/32435658,rent,active,San José provincia,San José Capital,Pavas,PEN HOUSE EN PARADISUS VISTA AL RIO,"Hermoso apartamento de 3 habitaciones (se removió una habitación para ampliar la sala) 2 baños Completos, parqueos tandem, bodega, excelentes amenidades, Gym, piscina, salón multiuso, seguridad 24/7 San jose Costa Rica Rohrmoser, Geroma 104 m2 habitables",Condo,,,,,,,{},Riverfront,{},,,,,USD,,https://photos.encuentra24.com/t_or_fh_m/f_auto/v1/cr/32/43/56/58/32435658_c9729f4|https://photos.encuentra24.com/t_or_fh_m/f_auto/v1/cr/32/43/56/58/32435658_9bfe274|https://photos.encuentra24.com/t_or_fh_m/f_auto/v1/cr/32/43/56/58/32435658_107ab2c|https://photos.encuentra24.com/t_or_fh_m/f_auto/v1/cr/32/43/56/58/32435658_a77fcdc|https://photos.encuentra24.com/t_or_fh_m/f_auto/v1/cr/32/43/56/58/32435658_18b4138|https://photos.encuentra24.com/t_or_fh_m/f_auto/v1/cr/32/43/56/58/32435658_6a1a5c0|https://photos.encuentra24.com/t_or_fh_m/f_auto/v1/cr/32/43/56/58/32435658_2809e5e|https://photos.encuentra24.com/t_or_fh_m/f_auto/v1/cr/32/43/56/58/32435658_c3a637d|https://photos.encuentra24.com/t_or_fh_m/f_auto/v1/cr/32/43/56/58/32435658_6eaf0ca|https://photos.encuentra24.com/t_or_fh_m/f_auto/v1/cr/32/43/56/58/32435658_7c48d0a|https://photos.encuentra24.com/t_or_fh_m/f_auto/v1/cr/32/43/56/58/32435658_511496e|https://photos.encuentra24.com/t_or_fh_m/f_auto/v1/cr/32/43/56/58/32435658_95de10b|https://photos.encuentra24.com/t_or_fh_m/f_auto/v1/cr/32/43/56/58/32435658_9e61f4c|https://photos.encuentra24.com/t_or_fh_m/f_auto/v1/cr/32/43/56/58/32435658_7891f7b|https://photos.encuentra24.com/t_or_fh_m/f_auto/v1/cr/32/43/56/58/32435658_f9996bb|https://photos.encuentra24.com/t_or_fh_m/f_auto/v1/cr/32/43/56/58/32435658_e9927dd|https://photos.encuentra24.com/t_user_logo/v1/users/logo/24/58/49/2458499_18f899|https://photos.encuentra24.com/t_cnseal/v1697642511/cnseal/652ff80f42db6_Verified%20badge.png|https://photos.encuentra24.com/t_or_fh_m/f_auto/v1/cr/32/59/91/97/32599197_b386fc|https://photos.encuentra24.com/t_or_fh_m/f_auto/v1/cr/32/51/94/35/32519435_d94dfa600a89b9a102fdd5b138c8a616-3ebaede|https://photos.encuentra24.com/t_or_fh_m/f_auto/v1/cr/32/64/65/83/32646583_094fbb|https://photos.encuentra24.com/t_or_fh_m/f_auto/v1/cr/25/25/41/19/25254119_45d702|https://photos.encuentra24.com/t_or_fh_m/f_auto/v1/cr/32/44/05/93/32440593_521f578|https://photos.encuentra24.com/t_or_fh_m/f_auto/v1/cr/32/64/54/22/32645422_e283fd6|https://photos.encuentra24.com/t_or_fh_m/f_auto/v1/cr/32/18/40/48/32184048_c373def|https://photos.encuentra24.com/t_or_fh_m/f_auto/v1/cr/32/30/88/00/32308800_1f48d1d|https://photos.encuentra24.com/t_or_fh_m/f_auto/v1/cr/25/98/01/87/25980187_b0d55d|https://photos.encuentra24.com/t_or_fh_m/f_auto/v1/cr/32/64/07/90/32640790_021d394|https://photos.encuentra24.com/t_or_fh_m/f_auto/v1/cr/32/58/77/60/32587760_3fe46f7
encuentra24,31798638,https://www.encuentra24.com/costa-rica-es/bienes-raices-alquiler-apartamentos/apartamento-tipo-estudio-en-condominio-paradisus-rohrmoser-amueblado-1-parqueo/31798638,rent,active,San José provincia,San José Capital,Rohrmoser,"Apartamento tipo estudio en condominio Paradisus, Rohrmoser/ amueblado / 1 parqueo","Alquiler de estudio completamente amueblado en Condominio Paradisus, Rohrmoser. Con linda vista a la naturaleza Alquiler con línea blanca: $950 Alquiler amueblado: $950 Incluye cuota de mantenimiento Depósito de garantía del mismo monto. Área: 50m2 Un solo ambiente Amplio walking 80m2 habitables + patio + terraza+ bodega+ 2 parqueos Ubicación: En Rohrmoser, Geroma 2, cerca de Plaza Mayor, Plaza Rohrmoser, embajada EEUU, Colegio Británico. Con fácil acceso a las principales autopistas de San José y a 2 KM del parque metropolitano La Sabana. Caracterisicas del apartamento: - finos acabados: piso de mármol, elegantes y funcionales muebles de cocina, cocina con sobre de quarzo - amplia habitación principal con walk-in clóset, baño privado y espacio para cama King. - habitación secundaria con clóset y espacio para una cama queen. - terraza con vista desde la sala y las dos habitaciones - hermoso patio con fantástica vista hacia el bosque y con el sonido relajante del río y los pájaros - alacena / bodega interna - bodega externa. - 2 parqueos Amenidades del condominio: - piscina semi olímpica temperada - gimnasio - sala de fiestas con área de BBQ - salón de co-working - parque infantil - parque de mascotas - amplios senderos - seguridad 24/7 - elegante lobby Contáctenos para más información",Condo,,,,,,,{},Riverfront,"{""Forested""}",Walkable,,,950,USD,,https://photos.encuentra24.com/t_or_fh_m/f_auto/v1/cr/31/79/86/38/31798638_cec4aae|https://photos.encuentra24.com/t_or_fh_m/f_auto/v1/cr/31/79/86/38/31798638_e373b26|https://photos.encuentra24.com/t_or_fh_m/f_auto/v1/cr/31/79/86/38/31798638_a61bef2|https://photos.encuentra24.com/t_or_fh_m/f_auto/v1/cr/31/79/86/38/31798638_50be006|https://photos.encuentra24.com/t_or_fh_m/f_auto/v1/cr/31/79/86/38/31798638_c927e43|https://photos.encuentra24.com/t_or_fh_m/f_auto/v1/cr/31/79/86/38/31798638_a8c36c7|https://photos.encuentra24.com/t_or_fh_m/f_auto/v1/cr/31/79/86/38/31798638_a6aeed3|https://photos.encuentra24.com/t_or_fh_m/f_auto/v1/cr/31/79/86/38/31798638_beab070|https://photos.encuentra24.com/t_or_fh_m/f_auto/v1/cr/31/79/86/38/31798638_17add47|https://photos.encuentra24.com/t_or_fh_m/f_auto/v1/cr/31/79/86/38/31798638_2f774b9|https://photos.encuentra24.com/t_or_fh_m/f_auto/v1/cr/31/79/86/38/31798638_80b41b|https://photos.encuentra24.com/t_or_fh_m/f_auto/v1/cr/31/79/86/38/31798638_de92fc|https://photos.encuentra24.com/t_cnseal/v1594676252/cnseal/5f0cd41c4a555_Bildschirmfotocccbr.png|https://photos.encuentra24.com/t_or_fh_m/f_auto/v1/cr/32/21/48/25/32214825_4187b08d1263b281bb2fac1a489b4e66-0a3f6c0|https://photos.encuentra24.com/t_or_fh_m/f_auto/v1/cr/32/37/89/35/32378935_9ebf2d5|https://photos.encuentra24.com/t_or_fh_m/f_auto/v1/cr/32/47/68/15/32476815_4798cf8|https://photos.encuentra24.com/t_or_fh_m/f_auto/v1/cr/32/49/10/65/32491065_1b47e0e|https://photos.encuentra24.com/t_or_fh_m/f_auto/v1/cr/32/29/94/55/32299455_5ef303394f678e2df46b18af0a7e543a-c282e7d|https://photos.encuentra24.com/t_or_fh_m/f_auto/v1/cr/32/05/38/15/32053815_10fa406|https://photos.encuentra24.com/t_or_fh_m/f_auto/v1/cr/31/86/16/24/31861624_ce55935|https://photos.encuentra24.com/t_or_fh_m/f_auto/v1/cr/32/34/21/14/32342114_90edee2|https://photos.encuentra24.com/t_or_fh_m/f_auto/v1/cr/31/51/80/34/31518034_fcb351|https://photos.encuentra24.com/t_or_fh_m/f_auto/v1/cr/32/41/12/89/32411289_dfbf685|https://photos.encuentra24.com/t_or_fh_m/f_auto/v1/cr/32/01/01/56/32010156_6755ad0|https://photos.encuentra24.com/t_or_fh_m/f_auto/v1/cr/31/96/19/78/31961978_eac4cce|https://photos.encuentra24.com/t_or_fh_m/f_auto/v1/cr/31/72/15/93/31721593_a82316|https://photos.encuentra24.com/t_or_fh_m/f_auto/v1/cr/31/82/52/33/31825233_879902
encuentra24,32588298,https://www.encuentra24.com/costa-rica-es/bienes-raices-alquiler-apartamentos/san-ramon-de-tres-rios-espectacular-apartamento-amueblado/32588298,rent,active,Cartago provincia,La Unión,,San Ramón de Tres Ríos! Espectacular Apartamento Amueblado,"Apartamento de 1 habitación en San Ramón de Tres Ríos, sala, comedor, cocina, totalmente amueblado. Servicios incluídos",Condo,,,,,,,{},,{},,,,,USD,,https://photos.encuentra24.com/t_or_fh_m/f_auto/v1/cr/32/58/82/98/32588298_fffdf89|https://photos.encuentra24.com/t_or_fh_m/f_auto/v1/cr/32/58/82/98/32588298_1759ed3|https://photos.encuentra24.com/t_or_fh_m/f_auto/v1/cr/32/58/82/98/32588298_7389148|https://photos.encuentra24.com/t_or_fh_m/f_auto/v1/cr/32/58/82/98/32588298_b5a92fa|https://photos.encuentra24.com/t_or_fh_m/f_auto/v1/cr/32/58/82/98/32588298_b031978|https://photos.encuentra24.com/t_or_fh_m/f_auto/v1/cr/32/58/82/98/32588298_70c255e|https://photos.encuentra24.com/t_or_fh_m/f_auto/v1/cr/32/58/82/98/32588298_00d9257|https://photos.encuentra24.com/t_or_fh_m/f_auto/v1/cr/32/58/82/98/32588298_5028acb|https://photos.encuentra24.com/t_or_fh_m/f_auto/v1/cr/32/58/82/98/32588298_4ef4f14|https://photos.encuentra24.com/t_or_fh_m/f_auto/v1/cr/32/58/82/98/32588298_1bdd49a|https://photos.encuentra24.com/t_or_fh_m/f_auto/v1/cr/32/58/82/98/32588298_78cd189|https://photos.encuentra24.com/t_or_fh_m/f_auto/v1/cr/32/58/82/98/32588298_61b865e|https://photos.encuentra24.com/t_or_fh_m/f_auto/v1/cr/32/58/82/98/32588298_4b1056d|https://photos.encuentra24.com/t_or_fh_m/f_auto/v1/cr/32/58/82/98/32588298_35cacdc|https://photos.encuentra24.com/t_or_fh_m/f_auto/v1/cr/32/61/60/22/32616022_0f73d0421daf9b853ee77fb97fd057ad-39c44d2|https://photos.encuentra24.com/t_or_fh_m/f_auto/v1/cr/32/59/05/02/32590502_9580b942e2d2925b3b115894c40d3588-a057aa1|https://photos.encuentra24.com/t_or_fh_m/f_auto/v1/cr/32/60/34/69/32603469_0e61ee5319267254511e6bc6ec2530a6-f5daced|https://photos.encuentra24.com/t_or_fh_m/f_auto/v1/cr/32/62/18/38/32621838_23349e754bf3770db73cfd5c204c8b49-9573a46|https://photos.encuentra24.com/t_or_fh_m/f_auto/v1/cr/31/38/74/45/31387445_660635|https://photos.encuentra24.com/t_or_fh_m/f_auto/v1/cr/32/30/60/14/32306014_be6c2ec54de1f74fadf5f27b12b3be22-f01ba05|https://photos.encuentra24.com/t_or_fh_m/f_auto/v1/cr/32/63/08/43/32630843_65ca3d
encuentra24,32103517,https://www.encuentra24.com/costa-rica-es/bienes-raices-alquiler-apartamentos-amueblados/moderno-apartamento-amoblado-1-habitacion-torres-los-yoses-san-pedro/32103517,rent,active,San José provincia,San José Capital,Barrio Escalante,Moderno Apartamento Amoblado | 1 Habitación | Torres Los Yoses – San Pedro,"Apartamento amoblado en alquiler – Torres Los Yoses, San Pedro Hermoso apartamento totalmente amoblado disponible para alquiler en el moderno condominio Torres Los Yoses, ubicado en Los Yoses, San Pedro, una de las zonas más céntricas y convenientes del Gran Área Metropolitana. El apartamento cuenta con una distribución moderna y funcional, ideal para profesionales, expatriados o estudiantes que buscan comodidad, seguridad y una excelente ubicación cerca de universidades, centros comerciales, restaurantes y zonas de entretenimiento. Características del apartamento • 1 habitación amplia • 1 baño completo • Sala completamente amoblada • Comedor • Cocina equipada con electrodomésticos • Barra desayunador • Refrigeradora • Cocina eléctrica • Microondas • Cafetera y licuadora • Televisor • Apartamento totalmente amoblado y listo para habitar Características del condominio • Seguridad 24 horas • Control de acceso • Edificio moderno • Elevador • Excelente ubicación Ubicación: Torres Los Yoses – San Pedro, Costa Rica El apartamento se encuentra cerca de: • Universidad de Costa Rica (UCR) • Universidad Latina • Universidad Fidélitas • Restaurantes, cafeterías y supermercados • Centros comerciales y zonas de entretenimiento • Fácil acceso a San José centro y Escazú Precio de alquiler: $1050 mensuales Para más información o coordinar una visita: Teléfono / WhatsApp:",Condo,,,,,,,{},Urban,{},,,,1050,USD,,https://photos.encuentra24.com/t_or_fh_m/f_auto/v1/cr/32/10/35/17/32103517_e8ee575|https://photos.encuentra24.com/t_or_fh_m/f_auto/v1/cr/32/10/35/17/32103517_feb50e2|https://photos.encuentra24.com/t_or_fh_m/f_auto/v1/cr/32/10/35/17/32103517_2b271a7|https://photos.encuentra24.com/t_or_fh_m/f_auto/v1/cr/32/10/35/17/32103517_bb96593|https://photos.encuentra24.com/t_or_fh_m/f_auto/v1/cr/32/10/35/17/32103517_67a6b7e636d1c45f902935e2822d5a11-e361816|https://photos.encuentra24.com/t_or_fh_m/f_auto/v1/cr/32/10/35/17/32103517_fd203ba|https://photos.encuentra24.com/t_or_fh_m/f_auto/v1/cr/32/10/35/17/32103517_1de1dbe|https://photos.encuentra24.com/t_or_fh_m/f_auto/v1/cr/32/10/35/17/32103517_67a6b7e636d1c45f902935e2822d5a11-3d0cc50|https://photos.encuentra24.com/t_or_fh_m/f_auto/v1/cr/32/10/35/17/32103517_67a6b7e636d1c45f902935e2822d5a11-6bbb8ad|https://photos.encuentra24.com/t_or_fh_m/f_auto/v1/cr/32/10/35/17/32103517_67a6b7e636d1c45f902935e2822d5a11-d6289dd|https://photos.encuentra24.com/t_or_fh_m/f_auto/v1/cr/32/10/35/17/32103517_67a6b7e636d1c45f902935e2822d5a11-caeaa28|https://photos.encuentra24.com/t_or_fh_m/f_auto/v1/cr/32/10/35/17/32103517_67a6b7e636d1c45f902935e2822d5a11-d924f4d|https://photos.encuentra24.com/t_or_fh_m/f_auto/v1/cr/32/10/35/17/32103517_67a6b7e636d1c45f902935e2822d5a11-cde204e|https://photos.encuentra24.com/t_or_fh_m/f_auto/v1/cr/32/10/35/17/32103517_67a6b7e636d1c45f902935e2822d5a11-a85b1d8|https://photos.encuentra24.com/t_or_fh_m/f_auto/v1/cr/32/10/35/17/32103517_67a6b7e636d1c45f902935e2822d5a11-dd56c0f|https://photos.encuentra24.com/t_or_fh_m/f_auto/v1/cr/32/10/35/17/32103517_67a6b7e636d1c45f902935e2822d5a11-190dab7|https://photos.encuentra24.com/t_or_fh_m/f_auto/v1/cr/32/58/29/62/32582962_280c9d0bea583ed25bfa0af0f0a69338-38f95d4|https://photos.encuentra24.com/t_or_fh_m/f_auto/v1/cr/32/48/57/52/32485752_4bec26193bbda0f07a5396295e52ccfc-9c02c40|https://photos.encuentra24.com/t_or_fh_m/f_auto/v1/cr/31/61/35/11/31613511_8e3c24|https://photos.encuentra24.com/t_or_fh_m/f_auto/v1/cr/32/46/03/11/32460311_25233c640acae3b22f68243b2239bd0f-33145c9|https://photos.encuentra24.com/t_or_fh_m/f_auto/v1/cr/32/61/09/80/32610980_0beb0976c9f0d1f7e7fb574811082676-73681c5|https://photos.encuentra24.com/t_or_fh_m/f_auto/v1/cr/32/43/43/10/32434310_d94af49bf970fd1ad5eb558ae3a82445-c7f21cc|https://photos.encuentra24.com/t_or_fh_m/f_auto/v1/cr/31/59/37/50/31593750_6fbfba|https://photos.encuentra24.com/t_or_fh_m/f_auto/v1/cr/32/38/45/58/32384558_7e217df1db46b66de915cdfa12a7c4a3-2b93256|https://photos.encuentra24.com/t_or_fh_m/f_auto/v1/cr/32/35/77/45/32357745_1039819d1fb56d1030200a8ab4b20efb-12e624e
encuentra24,32505302,https://www.encuentra24.com/costa-rica-es/bienes-raices-alquiler-apartamentos/apartamento-de-3-habitaciones-alquiler-concasa/32505302,rent,active,Alajuela provincia,Alajuela,San Rafael,"Apartamento de 3 habitaciones , Alquiler, Concasa","u nuevo hogar, con respaldo y seguridad Con más de 13 años en el mercado inmobiliario, somos una oficina formal y autorizada. Te acompañamos con asesoría profesional en la compra, venta o alquiler de tu propiedad. Te presentamos esta excelente opción disponible: Condominio 6-26, Concasa Apartamento de 3 habitaciones, 2 baños y estacionamiento techado, con hermosas amenidades para el disfrute de su familia. Seguridad 24 horas, Piscina, Ranchos BBQ, Play Ground, Canchas de tenis y multiusos, Parque de Mascotas y mucho más. Contáctenos al whatsapp y coordinar su visita.",Condo,,,,,,,{},,{},,,,,USD,,https://photos.encuentra24.com/t_or_fh_m/f_auto/v1/cr/32/50/53/02/32505302_cb8745ccf238b5dbc8af32b9cb3fd065-29a3e88|https://photos.encuentra24.com/t_or_fh_m/f_auto/v1/cr/32/50/53/02/32505302_cb8745ccf238b5dbc8af32b9cb3fd065-a87bdc4|https://photos.encuentra24.com/t_or_fh_m/f_auto/v1/cr/32/50/53/02/32505302_cb8745ccf238b5dbc8af32b9cb3fd065-dea0333|https://photos.encuentra24.com/t_or_fh_m/f_auto/v1/cr/32/50/53/02/32505302_cb8745ccf238b5dbc8af32b9cb3fd065-ecb95f9|https://photos.encuentra24.com/t_or_fh_m/f_auto/v1/cr/32/50/53/02/32505302_cb8745ccf238b5dbc8af32b9cb3fd065-209a10b|https://photos.encuentra24.com/t_or_fh_m/f_auto/v1/cr/32/50/53/02/32505302_cb8745ccf238b5dbc8af32b9cb3fd065-abdafad|https://photos.encuentra24.com/t_or_fh_m/f_auto/v1/cr/32/50/53/02/32505302_cb8745ccf238b5dbc8af32b9cb3fd065-88bd4b4|https://photos.encuentra24.com/t_or_fh_m/f_auto/v1/cr/32/50/53/02/32505302_cb8745ccf238b5dbc8af32b9cb3fd065-7668ac7|https://photos.encuentra24.com/t_or_fh_m/f_auto/v1/cr/32/50/53/02/32505302_cb8745ccf238b5dbc8af32b9cb3fd065-a5fa563|https://photos.encuentra24.com/t_or_fh_m/f_auto/v1/cr/32/50/53/02/32505302_cb8745ccf238b5dbc8af32b9cb3fd065-944fcf3|https://photos.encuentra24.com/t_or_fh_m/f_auto/v1/cr/32/50/53/02/32505302_cb8745ccf238b5dbc8af32b9cb3fd065-358022e|https://photos.encuentra24.com/t_or_fh_m/f_auto/v1/cr/32/50/53/02/32505302_cb8745ccf238b5dbc8af32b9cb3fd065-dbaa97a|https://photos.encuentra24.com/t_or_fh_m/f_auto/v1/cr/32/50/53/02/32505302_cb8745ccf238b5dbc8af32b9cb3fd065-6aa4f11|https://photos.encuentra24.com/t_or_fh_m/f_auto/v1/cr/32/50/53/02/32505302_cb8745ccf238b5dbc8af32b9cb3fd065-8370cd6|https://photos.encuentra24.com/t_or_fh_m/f_auto/v1/cr/32/50/53/02/32505302_cb8745ccf238b5dbc8af32b9cb3fd065-781d88b|https://photos.encuentra24.com/t_or_fh_m/f_auto/v1/cr/32/50/53/02/32505302_cb8745ccf238b5dbc8af32b9cb3fd065-be4f5bb|https://photos.encuentra24.com/t_or_fh_m/f_auto/v1/cr/32/50/53/02/32505302_cb8745ccf238b5dbc8af32b9cb3fd065-c3eb66d|https://photos.encuentra24.com/t_user_logo/v1/users/logo/21/65/61/2165614_6f13f1|https://photos.encuentra24.com/t_cnseal/v1697642511/cnseal/652ff80f42db6_Verified%20badge.png|https://photos.encuentra24.com/t_or_fh_m/f_auto/v1/cr/32/64/44/91/32644491_5ffa8ec|https://photos.encuentra24.com/t_or_fh_m/f_auto/v1/cr/31/73/24/71/31732471_4e88dd6|https://photos.encuentra24.com/t_or_fh_m/f_auto/v1/cr/32/51/38/41/32513841_270e311abc991b6cc42d819ce60017e9-81a9900|https://photos.encuentra24.com/t_or_fh_m/f_auto/v1/cr/31/29/09/40/31290940_e6f66d7|https://photos.encuentra24.com/t_or_fh_m/f_auto/v1/cr/31/77/33/99/31773399_91d32e7|https://photos.encuentra24.com/t_or_fh_m/f_auto/v1/cr/32/09/84/09/32098409_1fdd9b0afd9e69e73a432c26b2efc159-e7dc4c6|https://photos.encuentra24.com/t_or_fh_m/f_auto/v1/cr/29/94/59/29/29945929_68dbcd|https://photos.encuentra24.com/t_or_fh_m/f_auto/v1/cr/23/86/85/27/23868527_2061cf8|https://photos.encuentra24.com/t_or_fh_m/f_auto/v1/cr/22/63/81/22/22638122_d8d4577|https://photos.encuentra24.com/t_or_fh_m/f_auto/v1/cr/31/98/24/18/31982418_449adfa|https://photos.encuentra24.com/t_or_fh_m/f_auto/v1/cr/31/62/92/83/31629283_b408a25|https://photos.encuentra24.com/t_or_fh_m/f_auto/v1/cr/26/04/19/98/26041998_1970254
encuentra24,31023485,https://www.encuentra24.com/costa-rica-es/bienes-raices-alquiler-apartamentos-amueblados/apto-elegante-y-fino-amoblado-en-torre-rodeado-de-vegetacion-piso-alto-escazu-jaboncillos/31023485,rent,active,San José provincia,Escazú,Escazú,APTO ELEGANTE Y FINO AMOBLADO EN TORRE RODEADO DE VEGETACION PISO ALTO ESCAZU JABONCILLOS,"En una torre muy elegante con finos acabados del area de Escazú a un minuto del area del centro comercial de la paco, les ofrezco este espectacular apto de 360m2 en una torre de pocos pisos con una vista panorámica espectacular del san José y sus montañas, con una ubicación privilegiada, a solo 2 minutos literal de todo el comercio de Escazú, supermercados , restaurantes , hospitales , tiendas, centro comerciales y demás. Un apto con grandes ventanales amplios en todas sus areas, con varias salas y comedor independiente como su cocina, acabados con gusto y finos bellas maderas. El elevador llega directo al apto. 3 habitaciones 3.5baños 3 parqueos cuarto de servicio Lamparas Area de bar y cava cortinas Linea blanca empotrada y de lujo aire condicionado central terraza Areas sociales como piscina, area de BBQ, grandes jardines, gym CUOTA DE MANTENIMIENTO INCLUIDA",Condo,,,,,,,{},Urban,"{""Steep Slope""}",,,,,USD,,https://photos.encuentra24.com/t_or_fh_m/f_auto/v1/cr/31/02/34/85/31023485_7cb5f63|https://photos.encuentra24.com/t_or_fh_m/f_auto/v1/cr/31/02/34/85/31023485_003186e|https://photos.encuentra24.com/t_or_fh_m/f_auto/v1/cr/31/02/34/85/31023485_577b875|https://photos.encuentra24.com/t_or_fh_m/f_auto/v1/cr/31/02/34/85/31023485_3e61959|https://photos.encuentra24.com/t_or_fh_m/f_auto/v1/cr/31/02/34/85/31023485_1b5b9b8|https://photos.encuentra24.com/t_or_fh_m/f_auto/v1/cr/31/02/34/85/31023485_417cfd8|https://photos.encuentra24.com/t_or_fh_m/f_auto/v1/cr/31/02/34/85/31023485_9b1e3f6|https://photos.encuentra24.com/t_or_fh_m/f_auto/v1/cr/31/02/34/85/31023485_90b9351|https://photos.encuentra24.com/t_or_fh_m/f_auto/v1/cr/31/02/34/85/31023485_144587c|https://photos.encuentra24.com/t_or_fh_m/f_auto/v1/cr/31/02/34/85/31023485_7352af8|https://photos.encuentra24.com/t_or_fh_m/f_auto/v1/cr/31/02/34/85/31023485_d7ee0a1|https://photos.encuentra24.com/t_or_fh_m/f_auto/v1/cr/31/02/34/85/31023485_b67b5f4|https://photos.encuentra24.com/t_or_fh_m/f_auto/v1/cr/31/02/34/85/31023485_dbad121|https://photos.encuentra24.com/t_or_fh_m/f_auto/v1/cr/31/02/34/85/31023485_d6c5a28|https://photos.encuentra24.com/t_or_fh_m/f_auto/v1/cr/31/02/34/85/31023485_bcac0d3|https://photos.encuentra24.com/t_or_fh_m/f_auto/v1/cr/31/02/34/85/31023485_bd27c4f|https://photos.encuentra24.com/t_or_fh_m/f_auto/v1/cr/31/02/34/85/31023485_3af3548|https://photos.encuentra24.com/t_or_fh_m/f_auto/v1/cr/31/02/34/85/31023485_ccec223|https://photos.encuentra24.com/t_or_fh_m/f_auto/v1/cr/31/02/34/85/31023485_6b70b5b|https://photos.encuentra24.com/t_or_fh_m/f_auto/v1/cr/31/02/34/85/31023485_c9f7f17|https://photos.encuentra24.com/t_cnseal/v1594676252/cnseal/5f0cd41c4a555_Bildschirmfotocccbr.png|https://photos.encuentra24.com/t_cnseal/v1697642511/cnseal/652ff80f42db6_Verified%20badge.png|https://photos.encuentra24.com/t_or_fh_m/f_auto/v1/cr/32/37/13/51/32371351_21f8c9ca3b8eb00271be5d2b06172bae-6ad1ba3|https://photos.encuentra24.com/t_or_fh_m/f_auto/v1/cr/32/33/10/56/32331056_14e42d0|https://photos.encuentra24.com/t_or_fh_m/f_auto/v1/cr/32/19/90/05/32199005_0d59925|https://photos.encuentra24.com/t_or_fh_m/f_auto/v1/cr/31/34/58/98/31345898_45b297|https://photos.encuentra24.com/t_or_fh_m/f_auto/v1/cr/32/10/85/50/32108550_6434636|https://photos.encuentra24.com/t_or_fh_m/f_auto/v1/cr/32/44/36/87/32443687_b049e13|https://photos.encuentra24.com/t_or_fh_m/f_auto/v1/cr/32/48/87/64/32488764_d07bbe0|https://photos.encuentra24.com/t_or_fh_m/f_auto/v1/cr/32/53/30/44/32533044_e08b19f
encuentra24,32519625,https://www.encuentra24.com/costa-rica-es/bienes-raices-alquiler-casas/alquiler-de-casa-en-santa-ana-una-planta-3-habitaciones-servicio-linea-blanca/32519625,rent,active,San José provincia,Santa Ana,Santa Ana Centro,Alquiler de casa en Santa Ana. ¡UNA PLANTA! 3 Habitaciones + Servicio. Línea blanca.,"Santa Ana Alquiler de casa de una planta - Con línea blanca. 3 habitaciones / 4.5 baños / cuarto de servicio / jardín / 2 parqueos Casa en alquiler en Santa Ana. Dentro de un condominio con excelente ubicación. De arquitectura moderna, con acabados de lujo y espacios llenos de luz natural, todos orientados a un jardín interno. Incluye la línea blanca. PRECIO: $2,500 Cuota de mantenimiento incluida. DISTRIBUCIÓN: ½ baño de visitas, habitación principal (con walk-in-closet y baño completo), 2 habitaciones secundarias (cada una con closets y baño completo propio), sala, comedor, cocina con isla, cuarto de servicio con baño completo, cuarto de pilas, cochera para dos vehículos. La casa gira en torno a un hermoso jardín central que conecta con todos los espacios de la casa. CARACTERÍSTICAS: - Incluye: Aire acondicionado en cada habitación y en la sala - comedor. - Incluye la siguiente línea blanca: Plantilla empotrada, lavadora de platos, horno y microondas, lavadora y secadora. EL CONDOMINIO: - Acceso controlado con seguridad 24/7. - Áreas comunes con: Piscina temperada (recreativa y con carril de nado), salón para actividades, gimnasio, área de juegos infantiles y zonas verdes. MEDIDA: 246 m2 habitables. UBICACIÓN (LUGARES CERCANOS DE REFERENCIA): City Place: 2 km / Santa Ana Town Center: 1,5 km © Derechos reservados en cada fotografía, texto y video. * Su uso por terceros únicamente con autorización previa de LuxSphere Realty Group - Costa Rica. * LuxSphere Realty Group - Costa Rica se reserva el derecho de interponer las acciones administrativas y/o judiciales que correspondan por los daños y perjuicios que su difusión no autorizada ocasione. * La utilización y/o divulgación de las fotografías o videos sin consentimiento previo, o la eliminación de su marca de agua por un tercero, mediante el recorte o modificación de la imagen en cualquier forma, resultará violatorio de los Derechos de Autor y se procederá a las medidas legales correspondientes.",Condo,,,,,,,"{""Water"",""Electricity""}",Riverfront,{},Walkable,,,2500,USD,,https://photos.encuentra24.com/t_or_fh_m/f_auto/v1/cr/32/51/96/25/32519625_3fee466547afb07737ed5d1e7bd3f89b-6ef480e|https://photos.encuentra24.com/t_or_fh_m/f_auto/v1/cr/32/51/96/25/32519625_3fee466547afb07737ed5d1e7bd3f89b-dde20f5|https://photos.encuentra24.com/t_or_fh_m/f_auto/v1/cr/32/51/96/25/32519625_3fee466547afb07737ed5d1e7bd3f89b-f636a8a|https://photos.encuentra24.com/t_or_fh_m/f_auto/v1/cr/32/51/96/25/32519625_3fee466547afb07737ed5d1e7bd3f89b-ec51461|https://photos.encuentra24.com/t_or_fh_m/f_auto/v1/cr/32/51/96/25/32519625_3fee466547afb07737ed5d1e7bd3f89b-0ce6d63|https://photos.encuentra24.com/t_or_fh_m/f_auto/v1/cr/32/51/96/25/32519625_3fee466547afb07737ed5d1e7bd3f89b-5e7d3f5|https://photos.encuentra24.com/t_or_fh_m/f_auto/v1/cr/32/51/96/25/32519625_3fee466547afb07737ed5d1e7bd3f89b-eb310af|https://photos.encuentra24.com/t_or_fh_m/f_auto/v1/cr/32/51/96/25/32519625_3fee466547afb07737ed5d1e7bd3f89b-d3bda74|https://photos.encuentra24.com/t_or_fh_m/f_auto/v1/cr/32/51/96/25/32519625_3fee466547afb07737ed5d1e7bd3f89b-766dd10|https://photos.encuentra24.com/t_or_fh_m/f_auto/v1/cr/32/51/96/25/32519625_3fee466547afb07737ed5d1e7bd3f89b-c95887f|https://photos.encuentra24.com/t_or_fh_m/f_auto/v1/cr/32/51/96/25/32519625_3fee466547afb07737ed5d1e7bd3f89b-4ad6840|https://photos.encuentra24.com/t_or_fh_m/f_auto/v1/cr/32/51/96/25/32519625_3fee466547afb07737ed5d1e7bd3f89b-e31f1bd|https://photos.encuentra24.com/t_or_fh_m/f_auto/v1/cr/32/51/96/25/32519625_3fee466547afb07737ed5d1e7bd3f89b-41e23bf|https://photos.encuentra24.com/t_or_fh_m/f_auto/v1/cr/32/51/96/25/32519625_3fee466547afb07737ed5d1e7bd3f89b-f7174d3|https://photos.encuentra24.com/t_or_fh_m/f_auto/v1/cr/32/51/96/25/32519625_3fee466547afb07737ed5d1e7bd3f89b-65ad951|https://photos.encuentra24.com/t_or_fh_m/f_auto/v1/cr/32/51/96/25/32519625_3fee466547afb07737ed5d1e7bd3f89b-1f19e29|https://photos.encuentra24.com/t_or_fh_m/f_auto/v1/cr/32/51/96/25/32519625_3fee466547afb07737ed5d1e7bd3f89b-bd34b2d|https://photos.encuentra24.com/t_or_fh_m/f_auto/v1/cr/32/51/96/25/32519625_3fee466547afb07737ed5d1e7bd3f89b-1b12c2c|https://photos.encuentra24.com/t_or_fh_m/f_auto/v1/cr/32/51/96/25/32519625_3fee466547afb07737ed5d1e7bd3f89b-8b21a18|https://photos.encuentra24.com/t_user_logo/v1/users/logo/12/11/89/91/12118991_9015fc|https://photos.encuentra24.com/t_cnseal/v1594676252/cnseal/5f0cd41c4a555_Bildschirmfotocccbr.png|https://photos.encuentra24.com/t_cnseal/v1697642511/cnseal/652ff80f42db6_Verified%20badge.png|https://photos.encuentra24.com/t_or_fh_m/f_auto/v1/cr/32/58/63/37/32586337_4174874c4401b3eb0f0bacfefbcee498-2c4f612|https://photos.encuentra24.com/t_or_fh_m/f_auto/v1/cr/31/61/10/56/31611056_9b79c0|https://photos.encuentra24.com/t_or_fh_m/f_auto/v1/cr/32/56/21/06/32562106_ee0686c7894aa17b2eba6540c5fdb0d6-588df5b|https://photos.encuentra24.com/t_or_fh_m/f_auto/v1/cr/32/54/60/85/32546085_2546ca738f45681b5913510811663ffc-e90233c|https://photos.encuentra24.com/t_or_fh_m/f_auto/v1/cr/32/56/20/25/32562025_c6bba57f8e2c999cd58226b1a60b08fc-5710c23|https://photos.encuentra24.com/t_or_fh_m/f_auto/v1/cr/31/66/39/04/31663904_e2dd855|https://photos.encuentra24.com/t_or_fh_m/f_auto/v1/cr/32/58/18/54/32581854_c7aa4dad147d15260428de79c631f6d6-c6e976e|https://photos.encuentra24.com/t_or_fh_m/f_auto/v1/cr/32/49/76/89/32497689_1f0cdcf|https://photos.encuentra24.com/t_or_fh_m/f_auto/v1/cr/32/50/20/55/32502055_10141d8|https://photos.encuentra24.com/t_or_fh_m/f_auto/v1/cr/32/51/22/45/32512245_7f84152ca03b9d9785748eb67c5a16e7-2afa544|https://photos.encuentra24.com/t_or_fh_m/f_auto/v1/cr/32/51/34/48/32513448_2ea2cf182856fb2a6dd8d489e9859f41-56d8e6f|https://photos.encuentra24.com/t_or_fh_m/f_auto/v1/cr/32/50/17/95/32501795_f53c733|https://photos.encuentra24.com/t_or_fh_m/f_auto/v1/cr/31/68/96/12/31689612_289fe9|https://photos.encuentra24.com/t_or_fh_m/f_auto/v1/cr/32/35/52/77/32355277_25a3c0b3314d29e3965ff67d90a9a7d5-1cb4419
encuentra24,31563855,https://www.encuentra24.com/costa-rica-es/bienes-raices-alquiler-apartamentos/alquiler-apartamento-nuevo-en-condominio-escazu-guachipelin/31563855,rent,active,San José provincia,Escazú,San Rafael,"ALQUILER APARTAMENTO NUEVO EN CONDOMINIO, ESCAZU GUACHIPELIN.","Contacto Directo: Casa en exclusiva. Estrene apartamento moderno con vista panorámica, de una planta en torre recién construida año 2025. En Condominio espacioso con áreas verdes en Guachipelin y con excelente ubicación. Cuenta con una sala, comedor, cocina integrada y terraza con magnifica vista. Habitación principal con walking closet, baño completo y terraza, dos habitaciones secundarias con terraza y baño compartidos, todos con A/C. Cuarto pilas Incluye línea blanca. Dos parqueos bajo techo con bodega de buen tamaño. El condominio cuenta con amplias zonas verdes y parqueos, casa club con piscina, área de juegos infantiles, area mascotas, gimnasio, piscina, jacuzzi, area social y barbacoa. Año construccion 2025. Area total 210 mt2 . Año construcción 2025. Ubicación: Excelente con acceso a todo tipo de servicios.",Condo,,,,,,,{},,{},Walkable,,,,USD,,https://photos.encuentra24.com/t_or_fh_m/f_auto/v1/cr/31/56/38/55/31563855_a5bf34|https://photos.encuentra24.com/t_or_fh_m/f_auto/v1/cr/31/56/38/55/31563855_c8a628|https://photos.encuentra24.com/t_or_fh_m/f_auto/v1/cr/31/56/38/55/31563855_b7b555|https://photos.encuentra24.com/t_or_fh_m/f_auto/v1/cr/31/56/38/55/31563855_d8ae2e|https://photos.encuentra24.com/t_or_fh_m/f_auto/v1/cr/31/56/38/55/31563855_6777c8|https://photos.encuentra24.com/t_or_fh_m/f_auto/v1/cr/31/56/38/55/31563855_6b7026|https://photos.encuentra24.com/t_or_fh_m/f_auto/v1/cr/31/56/38/55/31563855_8e9db4|https://photos.encuentra24.com/t_or_fh_m/f_auto/v1/cr/31/56/38/55/31563855_0869a1|https://photos.encuentra24.com/t_or_fh_m/f_auto/v1/cr/31/56/38/55/31563855_ec3006|https://photos.encuentra24.com/t_or_fh_m/f_auto/v1/cr/31/56/38/55/31563855_466e18|https://photos.encuentra24.com/t_or_fh_m/f_auto/v1/cr/31/56/38/55/31563855_156977|https://photos.encuentra24.com/t_or_fh_m/f_auto/v1/cr/31/56/38/55/31563855_0db3ef|https://photos.encuentra24.com/t_or_fh_m/f_auto/v1/cr/31/56/38/55/31563855_69b293|https://photos.encuentra24.com/t_or_fh_m/f_auto/v1/cr/31/56/38/55/31563855_fb132b|https://photos.encuentra24.com/t_or_fh_m/f_auto/v1/cr/31/56/38/55/31563855_836e17|https://photos.encuentra24.com/t_or_fh_m/f_auto/v1/cr/31/56/38/55/31563855_cc3cc6|https://photos.encuentra24.com/t_or_fh_m/f_auto/v1/cr/31/81/10/10/31811010_8cb2e2|https://photos.encuentra24.com/t_or_fh_m/f_auto/v1/cr/32/23/17/40/32231740_d091f10ce4b1a84be142b77ef2466a4e-7a52484|https://photos.encuentra24.com/t_or_fh_m/f_auto/v1/cr/32/63/79/80/32637980_100b9e944787d0059d2ab33fa7db97b2-9295a2b|https://photos.encuentra24.com/t_or_fh_m/f_auto/v1/cr/31/87/10/00/31871000_f748ad2|https://photos.encuentra24.com/t_or_fh_m/f_auto/v1/cr/31/13/87/60/31138760_81d6e5|https://photos.encuentra24.com/t_or_fh_m/f_auto/v1/cr/32/41/87/60/32418760_1947b82d169d8a6c70331318f6591a61-ff2cc74|https://photos.encuentra24.com/t_or_fh_m/f_auto/v1/cr/31/91/66/30/31916630_6d8c52
encuentra24,31799554,https://www.encuentra24.com/costa-rica-es/bienes-raices-alquiler-apartamentos/apartamento-escazu-precioso-tipo-estudio/31799554,rent,active,San José provincia,Escazú,San Rafael,Apartamento Escazu precioso tipo estudio,"Se alquila mini apartamento (tipo estudio, con mueble de cocina y baño) SUPER ECONÓMICO en San Rafael de Escazú !!! Cerca de La Paco, Grupo Roble, Multiplaza Escazu, Hospital Cima, Avenida Escazu y más. Disponible apartamento, es del tipo estudio, cómodo y funcional. Características: - Excelente ubicación - Acabados de lujo - Cocina con mueble - Muy buena iluminación y ventilación - Patio de pilas techado y con lavadora y secadora incluidas (de uso común) - Apartamentos cómodos - Precio super económico - No incluye cochera. Podemos incluir un garage por un precio adicional *El alquilere incluye el servicio mensual de agua, luz, cable e internet y SEGURIDAD 24/7 Por lo que usted no tendrá que pagar ningún servicio adicional!!* Aproveche y no deje pasar esta oportunidad de estrenar un apartamento SUPER ECONÓMICO y NUEVO en excelente ubicación en Escazu!! No se aceptan mascotas. Es para 1 o 2 personas máximo. No incluye la cama ni tele (muebles) Precio del apartamento disponible: ¢290.000 por mes, incluye los servicios.",Condo,,,,,,,"{""Water"",""Electricity""}",,{},,,,,CRC,,https://photos.encuentra24.com/t_or_fh_m/f_auto/v1/cr/31/79/95/54/31799554_e52c74|https://photos.encuentra24.com/t_or_fh_m/f_auto/v1/cr/31/79/95/54/31799554_3fc512|https://photos.encuentra24.com/t_or_fh_m/f_auto/v1/cr/31/79/95/54/31799554_d94b9d|https://photos.encuentra24.com/t_or_fh_m/f_auto/v1/cr/31/79/95/54/31799554_9dce45|https://photos.encuentra24.com/t_or_fh_m/f_auto/v1/cr/31/79/95/54/31799554_d0ee9f|https://photos.encuentra24.com/t_or_fh_m/f_auto/v1/cr/31/79/95/54/31799554_87cf05|https://photos.encuentra24.com/t_or_fh_m/f_auto/v1/cr/31/79/95/54/31799554_6d5a80|https://photos.encuentra24.com/t_or_fh_m/f_auto/v1/cr/31/79/95/54/31799554_ffbd21|https://photos.encuentra24.com/t_or_fh_m/f_auto/v1/cr/31/79/95/54/31799554_6e8d08|https://photos.encuentra24.com/t_or_fh_m/f_auto/v1/cr/31/79/95/54/31799554_f76862|https://photos.encuentra24.com/t_or_fh_m/f_auto/v1/cr/31/79/95/54/31799554_137467|https://photos.encuentra24.com/t_or_fh_m/f_auto/v1/cr/31/79/95/54/31799554_420522|https://photos.encuentra24.com/t_cnseal/v1594676252/cnseal/5f0cd41c4a555_Bildschirmfotocccbr.png|https://photos.encuentra24.com/t_or_fh_m/f_auto/v1/cr/32/53/94/76/32539476_8ae983|https://photos.encuentra24.com/t_or_fh_m/f_auto/v1/cr/28/61/05/92/28610592_00a5a9|https://photos.encuentra24.com/t_or_fh_m/f_auto/v1/cr/32/53/29/91/32532991_9230449|https://photos.encuentra24.com/t_or_fh_m/f_auto/v1/cr/32/39/52/01/32395201_27d5e87|https://photos.encuentra24.com/t_or_fh_m/f_auto/v1/cr/32/57/24/09/32572409_1dc7b89030c1d0b31c26c2e8a2e7fa21-b405a4f|https://photos.encuentra24.com/t_or_fh_m/f_auto/v1/cr/32/64/35/08/32643508_5cfecf72b09d78f64442f48b630b95aa-d3d9220|https://photos.encuentra24.com/t_or_fh_m/f_auto/v1/cr/32/55/66/28/32556628_38c7c8d|https://photos.encuentra24.com/t_or_fh_m/f_auto/v1/cr/30/86/29/01/30862901_3897a2|https://photos.encuentra24.com/t_or_fh_m/f_auto/v1/cr/31/70/92/80/31709280_d4376f|https://photos.encuentra24.com/t_or_fh_m/f_auto/v1/cr/28/24/01/71/28240171_7d9b41|https://photos.encuentra24.com/t_or_fh_m/f_auto/v1/cr/32/28/35/84/32283584_e8bb46|https://photos.encuentra24.com/t_or_fh_m/f_auto/v1/cr/32/54/85/31/32548531_1a66b3|https://photos.encuentra24.com/t_or_fh_m/f_auto/v1/cr/31/23/61/47/31236147_8393bf
encuentra24,32547715,https://www.encuentra24.com/costa-rica-es/bienes-raices-alquiler-apartamentos/moderno-apartamento-tres-cuartos-en-santa-ana-piscina-seguridad-y-parqueo/32547715,rent,active,San José provincia,Santa Ana,Río Oro,"Moderno Apartamento tres cuartos en Santa Ana Piscina, Seguridad y Parqueo","Condominio San Nicolás de Bari – Santa Ana(NO CORREDORES) Viva rodeado de naturaleza, tranquilidad y exclusividad en uno de los condominios más atractivos de Santa Ana. Este hermoso apartamento se encuentra en Río Oro, Santa Ana, una ubicación privilegiada que combina comodidad, seguridad y fácil acceso a Escazú, Lindora, Forum y la Ruta 27. Además, está cerca de importantes centros comerciales y de conveniencia como Walmart, PriceSmart y Automercado. Con una extensión total de 170 m², este apartamento ofrece amplios espacios diseñados para disfrutar en familia o para ejecutivos que buscan una excelente calidad de vida en un entorno natural, seguro y con una ubicación estratégica.",Condo,,,,,,,{},Riverfront|Urban,{},,,,,USD,,https://photos.encuentra24.com/t_or_fh_m/f_auto/v1/cr/32/54/77/15/32547715_67e6626|https://photos.encuentra24.com/t_or_fh_m/f_auto/v1/cr/32/54/77/15/32547715_d7016ec|https://photos.encuentra24.com/t_or_fh_m/f_auto/v1/cr/32/54/77/15/32547715_5fcff2f|https://photos.encuentra24.com/t_or_fh_m/f_auto/v1/cr/32/54/77/15/32547715_880f0f4|https://photos.encuentra24.com/t_or_fh_m/f_auto/v1/cr/32/54/77/15/32547715_4d1e061|https://photos.encuentra24.com/t_or_fh_m/f_auto/v1/cr/32/54/77/15/32547715_6bae107|https://photos.encuentra24.com/t_or_fh_m/f_auto/v1/cr/32/54/77/15/32547715_aadec6c|https://photos.encuentra24.com/t_or_fh_m/f_auto/v1/cr/32/54/77/15/32547715_c43d38d|https://photos.encuentra24.com/t_or_fh_m/f_auto/v1/cr/32/54/77/15/32547715_1b2ae06|https://photos.encuentra24.com/t_or_fh_m/f_auto/v1/cr/32/54/77/15/32547715_7a3593d|https://photos.encuentra24.com/t_or_fh_m/f_auto/v1/cr/32/54/77/15/32547715_218e40a|https://photos.encuentra24.com/t_or_fh_m/f_auto/v1/cr/32/54/77/15/32547715_35ca313|https://photos.encuentra24.com/t_or_fh_m/f_auto/v1/cr/32/54/77/15/32547715_b4f8eac|https://photos.encuentra24.com/t_or_fh_m/f_auto/v1/cr/32/54/77/15/32547715_0988cf7|https://photos.encuentra24.com/t_or_fh_m/f_auto/v1/cr/32/54/77/15/32547715_30665cc|https://photos.encuentra24.com/t_or_fh_m/f_auto/v1/cr/32/54/77/15/32547715_102069f|https://photos.encuentra24.com/t_or_fh_m/f_auto/v1/cr/32/54/77/15/32547715_729dc7a|https://photos.encuentra24.com/t_or_fh_m/f_auto/v1/cr/32/54/77/15/32547715_7fab36d|https://photos.encuentra24.com/t_or_fh_m/f_auto/v1/cr/32/54/77/15/32547715_a6eeff6|https://photos.encuentra24.com/t_or_fh_m/f_auto/v1/cr/32/54/77/15/32547715_3fc4e96|https://photos.encuentra24.com/t_or_fh_m/f_auto/v1/cr/32/42/20/76/32422076_c615d7d964bc6653db91dd140c267794-c4e8e5b|https://photos.encuentra24.com/t_or_fh_m/f_auto/v1/cr/32/45/72/75/32457275_84f716fc1e31b6db3e1070796a37d6be-4a75200|https://photos.encuentra24.com/t_or_fh_m/f_auto/v1/cr/32/10/24/15/32102415_43f09f6a1e86cfd169799de40509bd73-c6942f7|https://photos.encuentra24.com/t_or_fh_m/f_auto/v1/cr/31/88/39/52/31883952_37c8ac|https://photos.encuentra24.com/t_or_fh_m/f_auto/v1/cr/30/84/63/70/30846370_4fd8e0|https://photos.encuentra24.com/t_or_fh_m/f_auto/v1/cr/29/88/59/89/29885989_415556|https://photos.encuentra24.com/t_or_fh_m/f_auto/v1/cr/32/18/45/25/32184525_fc92e05
encuentra24,30871624,https://www.encuentra24.com/costa-rica-es/bienes-raices-alquiler-alquiler-de-oficinas/alquiler-de-oficina-ii-multipark/30871624,rent,active,San José provincia,Escazú,Escazú,Alquiler de Oficina II Multipark,"Ubicado en una de las zonas de mayor plusvalía del país, Multipark es el destino ideal para empresas multinacionales y locales que buscan la combinación perfecta entre comodidad, accesibilidad y tecnología. El exclusivo centro corporativo se encuentra en Guachipelín de Escazú, con acceso directo a importantes vías nacionales que conectan con los aeropuertos Juan Santamaría y Tobías Bolaños, así como con las ciudades de San José, Heredia, Alajuela, Escazú, Santa Ana y San Antonio de Belén. Al elegir Multipark como ubicación empresarial, se tiene acceso a un ecosistema vibrante y dinámico capaz de encontrar y atraer al mejor talento para alcanzar las metas de crecimiento futuro.",Commercial Property,,,,,,,{},Urban,{},,,,,USD,,https://photos.encuentra24.com/t_or_fh_m/f_auto/v1/cr/30/87/16/24/30871624_21fe6f|https://photos.encuentra24.com/t_or_fh_m/f_auto/v1/cr/30/87/16/24/30871624_411ae8|https://photos.encuentra24.com/t_or_fh_m/f_auto/v1/cr/30/87/16/24/30871624_c28461|https://photos.encuentra24.com/t_or_fh_m/f_auto/v1/cr/30/87/16/24/30871624_3cb4f8|https://photos.encuentra24.com/t_or_fh_m/f_auto/v1/cr/30/87/16/24/30871624_d72893|https://photos.encuentra24.com/t_or_fh_m/f_auto/v1/cr/30/87/16/24/30871624_0d627e|https://photos.encuentra24.com/t_or_fh_m/f_auto/v1/cr/30/87/16/24/30871624_38097e|https://photos.encuentra24.com/t_or_fh_m/f_auto/v1/cr/30/87/16/24/30871624_b823ba|https://photos.encuentra24.com/t_or_fh_m/f_auto/v1/cr/30/87/16/24/30871624_bcd0d1|https://photos.encuentra24.com/t_cnseal/v1697642511/cnseal/652ff80f42db6_Verified%20badge.png|https://photos.encuentra24.com/t_or_fh_m/f_auto/v1/cr/28/39/80/49/28398049_6e5e32|https://photos.encuentra24.com/t_or_fh_m/f_auto/v1/cr/30/82/73/57/30827357_f8ab1f|https://photos.encuentra24.com/t_or_fh_m/f_auto/v1/cr/28/39/47/80/28394780_629836|https://photos.encuentra24.com/t_or_fh_m/f_auto/v1/cr/25/57/03/17/25570317_96a6c8|https://photos.encuentra24.com/t_or_fh_m/f_auto/v1/cr/30/84/04/65/30840465_694016|https://photos.encuentra24.com/t_or_fh_m/f_auto/v1/cr/28/39/46/62/28394662_0eb2f3|https://photos.encuentra24.com/t_or_fh_m/f_auto/v1/cr/30/81/96/82/30819682_fd800b8
encuentra24,31786398,https://www.encuentra24.com/costa-rica-es/bienes-raices-alquiler-apartamentos/apartamento-en-alquiler-en-rohrmoser-con-linea-blanca-pvv9686610/31786398,rent,active,San José provincia,San José Capital,Pavas,"Apartamento en alquiler en Rohrmoser, con linea blanca, PVV9686610","Codigo PVV9686610 Se alquila apartamento. ubicado en Rohrmoser Nunciatura, la zona de mas prestigio de San José, Torre de lujo. Hermosa vista de montañas y ciudad. Se alquila con linea blanca. . Resumen del Inmueble Área habitable: 102 m2 - 2 habitaciones amplias - 2.5 baños - Terraza con vista - Cocina con línea blanca incluida - Prevista para lavaplatos - Cortinas y Blackout - A/C - Lavandería con lavadora y secadora - Bodega - 2 parqueos en tándem PRECIO DEL ALQUILER: USD$2,200.00 . Descripción del Inmueble Sala - comedor con acceso a balcon con hermosa vista a zonas de nunciatura y montañas, Cocina integrada con encimera de cuarzo, mueble de cocina de madera y prevista para lavaplatos, Cuarto de lavado con torre de lavado y pila. Habitación principal para cama King con baño con ducha movil, segunda habitación con su propio baño. 2 parqueos tipo tandem subterráneos y bodega. El apartamento queda en septimo piso con vista rohrmoser Nunciatura. . Descripción del Proyecto Edificio de 20 pisos y tres pisos subterráneos. 3 apartamentos por piso.Total de apartamentos 52 unidades. 3 penthouses. Constructora Edica. Tiene certificación Leed Silver logrando un alto de desempeño en eficencia energética, ahorro de agua y calidad ambiental. • Área de coworking • Piscina • Gimnasio • Zona de BBQ • Firepit • Seguridad 24/7 • Pet friendly . Descripción de la Zona. Actualmente la zona es considerada la zona de mayor prestigio de San José, cerca de la Nunciatura entre Sabana y Rohrmoser cerca del estadio nacional. Rapido acceso a la ruta 39 circunvalacion, a 10 min del aeropuerto internacional, Heredia. 3 min de san Jose Centro y 10 minutos del Este de la ciudad. Su estrategica ubicación permite evitar gran parte del trafico pesado de San José",Condo,,,,,,,"{""Water""}",Urban,{},,,,,USD,,https://photos.encuentra24.com/t_or_fh_m/f_auto/v1/cr/31/78/63/98/31786398_9c2ee7|https://photos.encuentra24.com/t_or_fh_m/f_auto/v1/cr/31/78/63/98/31786398_fa8659|https://photos.encuentra24.com/t_or_fh_m/f_auto/v1/cr/31/78/63/98/31786398_84c9de|https://photos.encuentra24.com/t_or_fh_m/f_auto/v1/cr/31/78/63/98/31786398_2782b6|https://photos.encuentra24.com/t_or_fh_m/f_auto/v1/cr/31/78/63/98/31786398_ab938f|https://photos.encuentra24.com/t_or_fh_m/f_auto/v1/cr/31/78/63/98/31786398_ab7310|https://photos.encuentra24.com/t_or_fh_m/f_auto/v1/cr/31/78/63/98/31786398_ebfdb4|https://photos.encuentra24.com/t_or_fh_m/f_auto/v1/cr/31/78/63/98/31786398_a9274a|https://photos.encuentra24.com/t_or_fh_m/f_auto/v1/cr/31/78/63/98/31786398_a6ce71|https://photos.encuentra24.com/t_or_fh_m/f_auto/v1/cr/31/78/63/98/31786398_ab8fef|https://photos.encuentra24.com/t_or_fh_m/f_auto/v1/cr/31/78/63/98/31786398_49881f|https://photos.encuentra24.com/t_or_fh_m/f_auto/v1/cr/31/78/63/98/31786398_4c2aac|https://photos.encuentra24.com/t_or_fh_m/f_auto/v1/cr/31/78/63/98/31786398_b762f5|https://photos.encuentra24.com/t_or_fh_m/f_auto/v1/cr/31/78/63/98/31786398_3008aa|https://photos.encuentra24.com/t_or_fh_m/f_auto/v1/cr/31/78/63/98/31786398_89525d|https://photos.encuentra24.com/t_or_fh_m/f_auto/v1/cr/31/78/63/98/31786398_285084|https://photos.encuentra24.com/t_or_fh_m/f_auto/v1/cr/31/78/63/98/31786398_a7f331|https://photos.encuentra24.com/t_user_logo/v1/users/logo/63/57/63578_d5a40c|https://photos.encuentra24.com/t_cnseal/v1594676252/cnseal/5f0cd41c4a555_Bildschirmfotocccbr.png|https://photos.encuentra24.com/t_cnseal/v1697642511/cnseal/652ff80f42db6_Verified%20badge.png|https://photos.encuentra24.com/t_or_fh_m/f_auto/v1/cr/32/23/05/07/32230507_e3ec0ad17ae56dbefe46a20b262de39b-4e81a27|https://photos.encuentra24.com/t_or_fh_m/f_auto/v1/cr/32/43/53/52/32435352_af44577803dd2103a065b01f0effd0f9-cd58fb2|https://photos.encuentra24.com/t_or_fh_m/f_auto/v1/cr/32/43/47/00/32434700_f144047e929d97781bed7d92e18a2a7d-c8bf0ac|https://photos.encuentra24.com/t_or_fh_m/f_auto/v1/cr/32/23/14/08/32231408_cf06576a86b73f4487ff42ed53118825-fdf4d20|https://photos.encuentra24.com/t_or_fh_m/f_auto/v1/cr/31/51/36/85/31513685_4b2279|https://photos.encuentra24.com/t_or_fh_m/f_auto/v1/cr/31/28/08/55/31280855_61bc9b|https://photos.encuentra24.com/t_or_fh_m/f_auto/v1/cr/31/37/13/74/31371374_e038b8|https://photos.encuentra24.com/t_or_fh_m/f_auto/v1/cr/31/76/28/96/31762896_4abf0d|https://photos.encuentra24.com/t_or_fh_m/f_auto/v1/cr/31/48/63/67/31486367_07420c|https://photos.encuentra24.com/t_or_fh_m/f_auto/v1/cr/30/51/71/58/30517158_bdd06f|https://photos.encuentra24.com/t_or_fh_m/f_auto/v1/cr/30/51/71/82/30517182_8fdb86|https://photos.encuentra24.com/t_or_fh_m/f_auto/v1/cr/32/00/00/83/32000083_5b8773|https://photos.encuentra24.com/t_or_fh_m/f_auto/v1/cr/28/15/08/65/28150865_6d3ee1|https://photos.encuentra24.com/t_or_fh_m/f_auto/v1/cr/31/89/23/70/31892370_36207b
encuentra24,31661839,https://www.encuentra24.com/costa-rica-es/bienes-raices-alquiler-apartamentos-amueblados/escazu-apart-amueblado-220-g-de-vista-inc-agua-internet-cable/31661839,rent,active,San José provincia,Escazú,San Rafael,ESCAZÚ APART AMUEBLADO 220 G DE VISTA INC/AGUA/INTERNET/ CABLE,"PRECIO C600.000 APARTAMENTO EJECUTIVO EN ALQUILER totalmente AMUEBLADO– SAN RAFAEL DE ESCAZÚ-TERCER PISO -VISTA IMPRESIONANTE 600.000 por mes Descubra la combinación perfecta entre comodidad, ubicación y vistas espectaculares en 114 Calle María Fe, un exclusivo proyecto ubicado en San Rafael de Escazú, una de las zonas más privilegiadas y cotizadas del país, a tan solo 5 minutos de comercios, restaurantes, centros corporativos, supermercados, hospitales y todos los servicios esenciales. Este hermoso apartamento de 75 m² ha sido diseñado para quienes valoran la calidad de vida, la tranquilidad y un entorno ideal para trabajar desde casa. Características del apartamento: • Amplia sala y comedor integrados, con una distribución moderna y funcional. • Grandes ventanales que permiten abundante entrada de luz natural durante todo el día. • Impresionantes vistas a las montañas y a la ciudad. • Cocina completamente nueva, equipada con electrodomésticos a estrenar y elegantes muebles de Euromobilia. • Dormitorio principal de gran tamaño con sistema de iluminación cálida que crea un ambiente acogedor y relajante. • Escritorio ejecutivo especialmente acondicionado para trabajo remoto, ideal para profesionales que requieren un espacio cómodo para videoconferencias y jornadas de teletrabajo. • Amplio walking closet. • Balcón privado con una espectacular vista panorámica de aproximadamente 220°, desde donde podrá admirar San José y los volcanes Poás, Irazú, Turrialba y Barva. • Parqueo para dos vehículos. Un lugar único para vivir La tranquilidad del entorno, la espectacular vista y la excelente ubicación hacen de este apartamento una opción ideal para ejecutivos, profesionales, parejas o personas que trabajan de manera virtual y buscan un espacio inspirador, cómodo y seguro. Ubicación privilegiada: San Rafael de Escazú A solo 5 minutos de todo Alquiler mensual: 600.000 No se aceptan mascotas 114 Calle María Fe le ofrece la oportunidad de vivir rodeado de comodidad, elegancia y algunas de las mejores vistas del Valle Central. Contáctenos para más información o para coordinar una visita.",Condo,,,,,,,"{""Water"",""Electricity""}",Riverfront|Urban,"{""River Valley""}",Walkable,,,600000,CRC,,https://photos.encuentra24.com/t_or_fh_m/f_auto/v1/cr/31/66/18/39/31661839_aa33d1b|https://photos.encuentra24.com/t_or_fh_m/f_auto/v1/cr/31/66/18/39/31661839_ef8047e|https://photos.encuentra24.com/t_or_fh_m/f_auto/v1/cr/31/66/18/39/31661839_0bdb42b|https://photos.encuentra24.com/t_or_fh_m/f_auto/v1/cr/31/66/18/39/31661839_3602011|https://photos.encuentra24.com/t_or_fh_m/f_auto/v1/cr/31/66/18/39/31661839_40502e2|https://photos.encuentra24.com/t_or_fh_m/f_auto/v1/cr/31/66/18/39/31661839_307904d|https://photos.encuentra24.com/t_or_fh_m/f_auto/v1/cr/31/66/18/39/31661839_0289b4b|https://photos.encuentra24.com/t_or_fh_m/f_auto/v1/cr/31/66/18/39/31661839_1bdba7b|https://photos.encuentra24.com/t_or_fh_m/f_auto/v1/cr/31/66/18/39/31661839_28812ee|https://photos.encuentra24.com/t_or_fh_m/f_auto/v1/cr/31/66/18/39/31661839_5a71757|https://photos.encuentra24.com/t_or_fh_m/f_auto/v1/cr/31/66/18/39/31661839_0a1322b|https://photos.encuentra24.com/t_or_fh_m/f_auto/v1/cr/31/66/18/39/31661839_ffb74db|https://photos.encuentra24.com/t_or_fh_m/f_auto/v1/cr/31/66/18/39/31661839_2f1e993|https://photos.encuentra24.com/t_or_fh_m/f_auto/v1/cr/31/66/18/39/31661839_117ce9a|https://photos.encuentra24.com/t_or_fh_m/f_auto/v1/cr/31/66/18/39/31661839_cbd2779|https://photos.encuentra24.com/t_or_fh_m/f_auto/v1/cr/31/66/18/39/31661839_14c8cc5|https://photos.encuentra24.com/t_or_fh_m/f_auto/v1/cr/31/66/18/39/31661839_9282db1|https://photos.encuentra24.com/t_or_fh_m/f_auto/v1/cr/31/66/18/39/31661839_0da76c8|https://photos.encuentra24.com/t_or_fh_m/f_auto/v1/cr/31/66/18/39/31661839_c425416|https://photos.encuentra24.com/t_or_fh_m/f_auto/v1/cr/31/66/18/39/31661839_a5629bc|https://photos.encuentra24.com/t_user_logo/v1/users/logo/59/29/59/592959_0a067a|https://photos.encuentra24.com/t_cnseal/v1697642511/cnseal/652ff80f42db6_Verified%20badge.png|https://photos.encuentra24.com/t_or_fh_m/f_auto/v1/cr/32/64/51/52/32645152_e6df8a0e0527733dfd35feeee287b18f-2eb506a|https://photos.encuentra24.com/t_or_fh_m/f_auto/v1/cr/32/58/32/12/32583212_642ab4383b22e2d6c375a7e474136500-8e1ad33|https://photos.encuentra24.com/t_or_fh_m/f_auto/v1/cr/31/58/38/62/31583862_fe445e|https://photos.encuentra24.com/t_or_fh_m/f_auto/v1/cr/30/01/81/42/30018142_e7fefa|https://photos.encuentra24.com/t_or_fh_m/f_auto/v1/cr/31/40/64/11/31406411_8ad1c1|https://photos.encuentra24.com/t_or_fh_m/f_auto/v1/cr/32/44/47/51/32444751_290a1bb|https://photos.encuentra24.com/t_or_fh_m/f_auto/v1/cr/30/44/33/50/30443350_a00290|https://photos.encuentra24.com/t_or_fh_m/f_auto/v1/cr/32/58/11/69/32581169_d2a5647|https://photos.encuentra24.com/t_or_fh_m/f_auto/v1/cr/30/19/26/05/30192605_e3aed2|https://photos.encuentra24.com/t_or_fh_m/f_auto/v1/cr/31/85/64/07/31856407_d1416a|https://photos.encuentra24.com/t_or_fh_m/f_auto/v1/cr/31/99/24/10/31992410_3f0c199|https://photos.encuentra24.com/t_or_fh_m/f_auto/v1/cr/31/68/86/57/31688657_5a3db4|https://photos.encuentra24.com/t_or_fh_m/f_auto/v1/cr/21/63/78/21/21637821_158e30|https://photos.encuentra24.com/t_or_fh_m/f_auto/v1/cr/32/44/64/40/32446440_45d637d
encuentra24,32548605,https://www.encuentra24.com/costa-rica-es/bienes-raices-alquiler-apartamentos/esespectacular-apartamento-moderno-en-condominio-para-estrenar-en-guachipelin/32548605,rent,active,San José provincia,Escazú,Escazú,EsEspectacular Apartamento Moderno en condominio para Estrenar en Guachipelín,"Espectacular Apartamento Moderno en condominio para Estrenar en Guachipelín Codigo: R-E 124 ¿Busca exclusividad, modernidad y una vista panorámica espectacular? Esta propiedad única, construida en 2025, lo tiene todo. Ubicada en una de las zonas de mayor plusvalía y con acceso inmediato a todos los servicios. Características del Apartamento (Una Sola Planta): - Espacios integrados: Sala, comedor y cocina moderna que conectan a una terraza con una vista magnífica. - Habitación principal: Amplia, con walk-in closet, baño completo privado y terraza independiente. - Habitaciones secundarias: Dos habitaciones con aire acondicionado, terraza y baño compartido. - Comodidades: Cuarto de pilas (incluye línea blanca), 2 parqueos bajo techo y una bodega de excelente tamaño. - Climatización: Aire acondicionado en todas las habitaciones. Amenidades del Condominio: Disfrute de un estilo de vida tipo resort con amplias zonas verdes y amenidades de primer nivel: - Casa Club con área social y barbacoa. - Piscina y Jacuzzi. - Gimnasio totalmente equipado. - Área de juegos infantiles y parque para mascotas. - Parqueo para visitas y seguridad 24/7. Datos Clave: - Mensualidad $3000 - Área Total: 210 m2 - Año de Construcción: 2025 (¡Para estrenar!) - Ubicación: Guachipelín (Excelente conectividad).",Condo,,,,,,,{},,"{""Steep Slope""}",Walkable,,,3000,USD,,https://photos.encuentra24.com/t_or_fh_m/f_auto/v1/cr/32/54/86/05/32548605_53fee4173f6ce3ae93b8d6fe3e5f54b4-43f937c|https://photos.encuentra24.com/t_or_fh_m/f_auto/v1/cr/32/54/86/05/32548605_53fee4173f6ce3ae93b8d6fe3e5f54b4-2ce7290|https://photos.encuentra24.com/t_or_fh_m/f_auto/v1/cr/32/54/86/05/32548605_53fee4173f6ce3ae93b8d6fe3e5f54b4-78a79cc|https://photos.encuentra24.com/t_or_fh_m/f_auto/v1/cr/32/54/86/05/32548605_53fee4173f6ce3ae93b8d6fe3e5f54b4-9e4cca3|https://photos.encuentra24.com/t_or_fh_m/f_auto/v1/cr/32/54/86/05/32548605_53fee4173f6ce3ae93b8d6fe3e5f54b4-3d398e7|https://photos.encuentra24.com/t_or_fh_m/f_auto/v1/cr/32/54/86/05/32548605_53fee4173f6ce3ae93b8d6fe3e5f54b4-be99713|https://photos.encuentra24.com/t_or_fh_m/f_auto/v1/cr/32/54/86/05/32548605_53fee4173f6ce3ae93b8d6fe3e5f54b4-dbba0be|https://photos.encuentra24.com/t_or_fh_m/f_auto/v1/cr/32/54/86/05/32548605_53fee4173f6ce3ae93b8d6fe3e5f54b4-4d72e4e|https://photos.encuentra24.com/t_or_fh_m/f_auto/v1/cr/32/54/86/05/32548605_53fee4173f6ce3ae93b8d6fe3e5f54b4-1d406b8|https://photos.encuentra24.com/t_or_fh_m/f_auto/v1/cr/32/54/86/05/32548605_53fee4173f6ce3ae93b8d6fe3e5f54b4-e49ca57|https://photos.encuentra24.com/t_or_fh_m/f_auto/v1/cr/32/54/86/05/32548605_53fee4173f6ce3ae93b8d6fe3e5f54b4-fca23a7|https://photos.encuentra24.com/t_or_fh_m/f_auto/v1/cr/32/54/86/05/32548605_53fee4173f6ce3ae93b8d6fe3e5f54b4-6abe552|https://photos.encuentra24.com/t_or_fh_m/f_auto/v1/cr/32/54/86/05/32548605_53fee4173f6ce3ae93b8d6fe3e5f54b4-64abe23|https://photos.encuentra24.com/t_or_fh_m/f_auto/v1/cr/32/54/86/05/32548605_53fee4173f6ce3ae93b8d6fe3e5f54b4-67c65c9|https://photos.encuentra24.com/t_or_fh_m/f_auto/v1/cr/32/54/86/05/32548605_53fee4173f6ce3ae93b8d6fe3e5f54b4-f4923f0|https://photos.encuentra24.com/t_or_fh_m/f_auto/v1/cr/32/54/86/05/32548605_53fee4173f6ce3ae93b8d6fe3e5f54b4-45e6a97|https://photos.encuentra24.com/t_or_fh_m/f_auto/v1/cr/32/54/86/05/32548605_53fee4173f6ce3ae93b8d6fe3e5f54b4-16f2cd3|https://photos.encuentra24.com/t_or_fh_m/f_auto/v1/cr/32/54/86/05/32548605_53fee4173f6ce3ae93b8d6fe3e5f54b4-6ddcfbf|https://photos.encuentra24.com/t_or_fh_m/f_auto/v1/cr/32/54/86/05/32548605_53fee4173f6ce3ae93b8d6fe3e5f54b4-3b181e6|https://photos.encuentra24.com/t_user_logo/v1/users/logo/12/70/00/57/12700057_c1e8dd|https://photos.encuentra24.com/t_or_fh_m/f_auto/v1/cr/31/53/77/98/31537798_a005de|https://photos.encuentra24.com/t_or_fh_m/f_auto/v1/cr/32/63/39/88/32633988_4d12921235b3e0970bddd49af80a69e5-0abd677|https://photos.encuentra24.com/t_or_fh_m/f_auto/v1/cr/32/60/87/08/32608708_cb2b59|https://photos.encuentra24.com/t_or_fh_m/f_auto/v1/cr/29/61/90/28/29619028_02bf47|https://photos.encuentra24.com/t_or_fh_m/f_auto/v1/cr/32/28/75/07/32287507_a578a05004834c4884b3a28c93827e7b-199c05b|https://photos.encuentra24.com/t_or_fh_m/f_auto/v1/cr/32/59/44/07/32594407_d39f29|https://photos.encuentra24.com/t_or_fh_m/f_auto/v1/cr/32/24/62/87/32246287_95c7a28|https://photos.encuentra24.com/t_or_fh_m/f_auto/v1/cr/32/64/81/89/32648189_7f41c06648aa5ce2157158fa81ee5344-033b26f|https://photos.encuentra24.com/t_or_fh_m/f_auto/v1/cr/32/64/82/79/32648279_f0ff9f6|https://photos.encuentra24.com/t_or_fh_m/f_auto/v1/cr/31/63/04/16/31630416_59964b|https://photos.encuentra24.com/t_or_fh_m/f_auto/v1/cr/31/47/82/08/31478208_095613|https://photos.encuentra24.com/t_or_fh_m/f_auto/v1/cr/31/66/00/56/31660056_bdb7c7|https://photos.encuentra24.com/t_or_fh_m/f_auto/v1/cr/31/66/24/00/31662400_3327f0|https://photos.encuentra24.com/t_or_fh_m/f_auto/v1/cr/32/64/85/30/32648530_35aa4c904356ae61d7bf192cbf7db8d5-12ab5b9
encuentra24,32174889,https://www.encuentra24.com/costa-rica-es/bienes-raices-alquiler-apartamentos/apartamento-de-1-habitacio-en-alquiler-en-rohrmoser/32174889,rent,active,San José provincia,San José Capital,Rohrmoser,Apartamento de 1 habitació en alquiler en Rohrmoser,"Apartamento de 1 habitación en SoHo Paradisus, Rohrmoser. 1 baño completo. Plantilla cocina,horno y microondas. Refri y centro de lavado. A/C en hab principal. Cama Queen, cortinas blackout, cocina equipada. Cuenta con 1 parqueo techado. Piscina, gimnasio, spa, área de co-working, parque de perros, parque de niños, restaurante, senderos para caminar hacia el rio. Ubicación excelente, cerca de muchas zonas de la ciudad. Precio alquiler: $1250 USD. Precio incluye condominio.",Condo,,,,,,,{},Urban,{},,,,1250,USD,,https://photos.encuentra24.com/t_or_fh_m/f_auto/v1/cr/32/17/48/89/32174889_9c2dffd|https://photos.encuentra24.com/t_or_fh_m/f_auto/v1/cr/32/17/48/89/32174889_95460ca|https://photos.encuentra24.com/t_or_fh_m/f_auto/v1/cr/32/17/48/89/32174889_057dec9|https://photos.encuentra24.com/t_or_fh_m/f_auto/v1/cr/32/17/48/89/32174889_5c8d5bf|https://photos.encuentra24.com/t_or_fh_m/f_auto/v1/cr/32/17/48/89/32174889_37d6dd0|https://photos.encuentra24.com/t_or_fh_m/f_auto/v1/cr/32/17/48/89/32174889_701356f|https://photos.encuentra24.com/t_or_fh_m/f_auto/v1/cr/32/17/48/89/32174889_2225c8a|https://photos.encuentra24.com/t_or_fh_m/f_auto/v1/cr/32/17/48/89/32174889_09abb41|https://photos.encuentra24.com/t_or_fh_m/f_auto/v1/cr/32/17/48/89/32174889_9ca7f13|https://photos.encuentra24.com/t_or_fh_m/f_auto/v1/cr/32/17/48/89/32174889_78f7b9e|https://photos.encuentra24.com/t_or_fh_m/f_auto/v1/cr/32/17/48/89/32174889_eda8d4a|https://photos.encuentra24.com/t_or_fh_m/f_auto/v1/cr/32/17/48/89/32174889_e5756b0|https://photos.encuentra24.com/t_or_fh_m/f_auto/v1/cr/32/17/48/89/32174889_40f4442|https://photos.encuentra24.com/t_or_fh_m/f_auto/v1/cr/32/17/48/89/32174889_ba2ca29|https://photos.encuentra24.com/t_or_fh_m/f_auto/v1/cr/32/17/48/89/32174889_edea8b5|https://photos.encuentra24.com/t_or_fh_m/f_auto/v1/cr/32/17/48/89/32174889_2a51892|https://photos.encuentra24.com/t_or_fh_m/f_auto/v1/cr/32/17/48/89/32174889_6ae6598|https://photos.encuentra24.com/t_or_fh_m/f_auto/v1/cr/32/17/48/89/32174889_d8d380e|https://photos.encuentra24.com/t_or_fh_m/f_auto/v1/cr/32/17/48/89/32174889_f6987c1|https://photos.encuentra24.com/t_or_fh_m/f_auto/v1/cr/32/17/48/89/32174889_526f4d9|https://photos.encuentra24.com/t_cnseal/v1697642511/cnseal/652ff80f42db6_Verified%20badge.png|https://photos.encuentra24.com/t_or_fh_m/f_auto/v1/cr/32/63/56/78/32635678_b5b230d|https://photos.encuentra24.com/t_or_fh_m/f_auto/v1/cr/32/64/07/28/32640728_91ed519|https://photos.encuentra24.com/t_or_fh_m/f_auto/v1/cr/32/63/95/78/32639578_bca62e|https://photos.encuentra24.com/t_or_fh_m/f_auto/v1/cr/32/37/53/88/32375388_aa0d43c|https://photos.encuentra24.com/t_or_fh_m/f_auto/v1/cr/32/61/04/58/32610458_a94bbf992d3763ff8a4365771803fc21-2a117f2|https://photos.encuentra24.com/t_or_fh_m/f_auto/v1/cr/31/88/14/48/31881448_bb14ee|https://photos.encuentra24.com/t_or_fh_m/f_auto/v1/cr/32/63/05/08/32630508_957ac2dd6b0a36e2ee6ed5a323812bc6-95f0e8f|https://photos.encuentra24.com/t_or_fh_m/f_auto/v1/cr/25/56/38/27/25563827_7802a0a|https://photos.encuentra24.com/t_or_fh_m/f_auto/v1/cr/31/71/63/74/31716374_901eed1|https://photos.encuentra24.com/t_or_fh_m/f_auto/v1/cr/31/20/65/26/31206526_023d3f8|https://photos.encuentra24.com/t_or_fh_m/f_auto/v1/cr/32/43/18/00/32431800_efad905|https://photos.encuentra24.com/t_or_fh_m/f_auto/v1/cr/31/71/63/67/31716367_627286f|https://photos.encuentra24.com/t_or_fh_m/f_auto/v1/cr/31/38/66/78/31386678_7130b1f|https://photos.encuentra24.com/t_or_fh_m/f_auto/v1/cr/30/43/24/23/30432423_d44c6e
encuentra24,31856407,https://www.encuentra24.com/costa-rica-es/bienes-raices-alquiler-lotes-y-terrenos/renta-de-lote-uso-comercial-escazu-precio-2800/31856407,rent,active,San José provincia,Escazú,San Rafael,RENTA DE LOTE USO COMERCIAL ESCAZU PRECIO $2800,"EXCELENTE OPCION :RENTA LOTE USO COMERCIAL $2800 100 METROS DE DISTRITO 4 TERRENO CON USO MIXTO ....PUEDE SER ESTACIONAMIENTO PARA AGENTE DE VENTA DE AUTOS- COMERCIO DE COMIDAS -RESTAURANTES TOPOGRAFIA PLANA / 20 METROS DE LA CALLE DE MAS COMERCIO Y AFLUENCIA COMERCIAL DE ESCAZU CERCANIA A SERVICIOS COMO HOSPITALES, HOTELES, SUPERMERCADOS, RESTAURANTES Y DE LOS MEJORES Y MAS LUJOSOS CENTROS COMERCIALES DEL PAIS MIDE 1048 METROS CUADRADOS",Land,,,,,,,{},Urban,{},,,,2800,USD,,https://photos.encuentra24.com/t_or_fh_m/f_auto/v1/cr/31/85/64/07/31856407_d1416a|https://photos.encuentra24.com/t_or_fh_m/f_auto/v1/cr/31/85/64/07/31856407_2e1d2c|https://photos.encuentra24.com/t_or_fh_m/f_auto/v1/cr/31/85/64/07/31856407_e23f48|https://photos.encuentra24.com/t_or_fh_m/f_auto/v1/cr/31/85/64/07/31856407_dfe578|https://photos.encuentra24.com/t_or_fh_m/f_auto/v1/cr/31/85/64/07/31856407_c64e48|https://photos.encuentra24.com/t_or_fh_m/f_auto/v1/cr/31/85/64/07/31856407_797c66|https://photos.encuentra24.com/t_or_fh_m/f_auto/v1/cr/31/85/64/07/31856407_d99567|https://photos.encuentra24.com/t_user_logo/v1/users/logo/59/29/59/592959_0a067a|https://photos.encuentra24.com/t_cnseal/v1697642511/cnseal/652ff80f42db6_Verified%20badge.png|https://photos.encuentra24.com/t_or_fh_m/f_auto/v1/cr/32/58/11/69/32581169_d2a5647|https://photos.encuentra24.com/t_or_fh_m/f_auto/v1/cr/30/19/26/05/30192605_e3aed2|https://photos.encuentra24.com/t_or_fh_m/f_auto/v1/cr/31/66/18/39/31661839_aa33d1b|https://photos.encuentra24.com/t_or_fh_m/f_auto/v1/cr/31/99/24/10/31992410_3f0c199|https://photos.encuentra24.com/t_or_fh_m/f_auto/v1/cr/31/68/86/57/31688657_5a3db4|https://photos.encuentra24.com/t_or_fh_m/f_auto/v1/cr/21/63/78/21/21637821_158e30|https://photos.encuentra24.com/t_or_fh_m/f_auto/v1/cr/32/44/64/40/32446440_45d637d
encuentra24,31773399,https://www.encuentra24.com/costa-rica-es/bienes-raices-alquiler-apartamentos/apartamento-alquiler-concasa-condominio-nuevo/31773399,rent,active,Alajuela provincia,Alajuela,San Rafael,"Apartamento, Alquiler Concasa, condominio nuevo","Tu nuevo hogar, con respaldo y seguridad Con más de 13 años en el mercado inmobiliario, somos una oficina formal y autorizada. Te acompañamos con asesoría profesional en la compra, venta o alquiler de tu propiedad. Te presentamos esta excelente opción disponible: Condominio Parque 160, Concasa Apartamento de 2 habitaciones + walk in closet, 2 baños y estacionamiento techado, con hermosas amenidades para el disfrute de su familia. Seguridad 24 horas, Piscina, Ranchos BBQ, Play Ground, Canchas de tenis y multiusos, Parque de Mascotas y mucho más. Contáctenos al whatsapp y coordinar su visita.",Condo,,,,,,,{},,{},Walkable,,,,USD,,https://photos.encuentra24.com/t_or_fh_m/f_auto/v1/cr/31/77/33/99/31773399_91d32e7|https://photos.encuentra24.com/t_or_fh_m/f_auto/v1/cr/31/77/33/99/31773399_3545572|https://photos.encuentra24.com/t_or_fh_m/f_auto/v1/cr/31/77/33/99/31773399_ff73ffd|https://photos.encuentra24.com/t_or_fh_m/f_auto/v1/cr/31/77/33/99/31773399_481869a|https://photos.encuentra24.com/t_or_fh_m/f_auto/v1/cr/31/77/33/99/31773399_e6c0de7|https://photos.encuentra24.com/t_or_fh_m/f_auto/v1/cr/31/77/33/99/31773399_70c2e1f|https://photos.encuentra24.com/t_or_fh_m/f_auto/v1/cr/31/77/33/99/31773399_ef6c843|https://photos.encuentra24.com/t_or_fh_m/f_auto/v1/cr/31/77/33/99/31773399_6eaff70|https://photos.encuentra24.com/t_or_fh_m/f_auto/v1/cr/31/77/33/99/31773399_e88e352|https://photos.encuentra24.com/t_or_fh_m/f_auto/v1/cr/31/77/33/99/31773399_98daa65|https://photos.encuentra24.com/t_or_fh_m/f_auto/v1/cr/31/77/33/99/31773399_a2dbd58|https://photos.encuentra24.com/t_user_logo/v1/users/logo/21/65/61/2165614_6f13f1|https://photos.encuentra24.com/t_cnseal/v1697642511/cnseal/652ff80f42db6_Verified%20badge.png|https://photos.encuentra24.com/t_or_fh_m/f_auto/v1/cr/25/94/87/16/25948716_e535f2|https://photos.encuentra24.com/t_or_fh_m/f_auto/v1/cr/32/44/48/86/32444886_7fdc6b85e0dee67772030c83ffa5a87d-b956562|https://photos.encuentra24.com/t_or_fh_m/f_auto/v1/cr/32/24/99/66/32249966_fe0b93767f3bd1734d7f53eba73de039-104db55|https://photos.encuentra24.com/t_or_fh_m/f_auto/v1/cr/31/13/74/06/31137406_b46333|https://photos.encuentra24.com/t_or_fh_m/f_auto/v1/cr/31/67/91/46/31679146_c37992|https://photos.encuentra24.com/t_or_fh_m/f_auto/v1/cr/32/50/57/05/32505705_7324d4c5cee0a15d95ddc28953e26887-dc87a93|https://photos.encuentra24.com/t_or_fh_m/f_auto/v1/cr/31/73/25/05/31732505_f10dbb1|https://photos.encuentra24.com/t_or_fh_m/f_auto/v1/cr/23/86/85/27/23868527_2061cf8|https://photos.encuentra24.com/t_or_fh_m/f_auto/v1/cr/22/63/81/22/22638122_d8d4577|https://photos.encuentra24.com/t_or_fh_m/f_auto/v1/cr/32/50/53/02/32505302_cb8745ccf238b5dbc8af32b9cb3fd065-29a3e88|https://photos.encuentra24.com/t_or_fh_m/f_auto/v1/cr/31/73/24/71/31732471_4e88dd6|https://photos.encuentra24.com/t_or_fh_m/f_auto/v1/cr/31/98/24/18/31982418_449adfa|https://photos.encuentra24.com/t_or_fh_m/f_auto/v1/cr/31/62/92/83/31629283_b408a25|https://photos.encuentra24.com/t_or_fh_m/f_auto/v1/cr/26/04/19/98/26041998_1970254
encuentra24,30983847,https://www.encuentra24.com/costa-rica-es/bienes-raices-alquiler-casas/alquiler-de-moderna-casa-ubicada-en-escazu/30983847,rent,active,San José provincia,Escazú,Escazú,Alquiler de moderna casa ubicada en Escazú,"Alquiler de moderna casa en condominio ubicado en Guachipelín Escazú. Precio de alquiler: $2.350 3 habitaciones | 2.5 baños | 2 parqueos | Sala de TV. Se alquila con línea blanca. Sala, comedor y cocina en concepto abierto. Amplio jardín. Habitación principal con su baño, walk-in closet y mezzanine. Increíbles áreas sociales. Amenidades: Piscina | Gimnasio | Casa Club | Área de Co-Working | Cancha Multiuso | Cancha sintética | Cancha de Tennis | Parque de mascotas | Área de BBQ | Juegos infantiles.",Condo,,,,,,,{},,{},Walkable,,,2350,USD,,https://photos.encuentra24.com/t_or_fh_m/f_auto/v1/cr/30/98/38/47/30983847_b26941|https://photos.encuentra24.com/t_or_fh_m/f_auto/v1/cr/30/98/38/47/30983847_cd2414|https://photos.encuentra24.com/t_or_fh_m/f_auto/v1/cr/30/98/38/47/30983847_98ebb5|https://photos.encuentra24.com/t_or_fh_m/f_auto/v1/cr/30/98/38/47/30983847_c8aed9|https://photos.encuentra24.com/t_or_fh_m/f_auto/v1/cr/30/98/38/47/30983847_e8dfcf|https://photos.encuentra24.com/t_or_fh_m/f_auto/v1/cr/30/98/38/47/30983847_bdb3b7|https://photos.encuentra24.com/t_or_fh_m/f_auto/v1/cr/30/98/38/47/30983847_6d377b|https://photos.encuentra24.com/t_or_fh_m/f_auto/v1/cr/30/98/38/47/30983847_0d39cc|https://photos.encuentra24.com/t_or_fh_m/f_auto/v1/cr/30/98/38/47/30983847_1547a6|https://photos.encuentra24.com/t_or_fh_m/f_auto/v1/cr/30/98/38/47/30983847_4d58e0|https://photos.encuentra24.com/t_or_fh_m/f_auto/v1/cr/30/98/38/47/30983847_337532|https://photos.encuentra24.com/t_or_fh_m/f_auto/v1/cr/30/98/38/47/30983847_bee952|https://photos.encuentra24.com/t_or_fh_m/f_auto/v1/cr/30/98/38/47/30983847_8d5904|https://photos.encuentra24.com/t_or_fh_m/f_auto/v1/cr/30/98/38/47/30983847_a1eee5|https://photos.encuentra24.com/t_or_fh_m/f_auto/v1/cr/30/98/38/47/30983847_38f82e|https://photos.encuentra24.com/t_user_logo/v1/users/logo/13/01/19/1301190_8da809|https://photos.encuentra24.com/t_cnseal/v1697642511/cnseal/652ff80f42db6_Verified%20badge.png|https://photos.encuentra24.com/t_or_fh_m/f_auto/v1/cr/32/59/85/41/32598541_d0a1e6c5204739607aad30ccc9438280-d4e6182|https://photos.encuentra24.com/t_or_fh_m/f_auto/v1/cr/32/62/66/61/32626661_36163a9fb4b8296fbd46edbb975e0abb-351e59a|https://photos.encuentra24.com/t_or_fh_m/f_auto/v1/cr/32/62/21/91/32622191_ff1bc00fb3719005f9cb7a2adba4ec1f-f349b92|https://photos.encuentra24.com/t_or_fh_m/f_auto/v1/cr/32/40/06/71/32400671_d45fc4136851544bd3ce2af9b5d3cf62-f4dafdc|https://photos.encuentra24.com/t_or_fh_m/f_auto/v1/cr/21/26/28/21/21262821_2f22d4e|https://photos.encuentra24.com/t_or_fh_m/f_auto/v1/cr/32/48/71/71/32487171_4554ee5|https://photos.encuentra24.com/t_or_fh_m/f_auto/v1/cr/31/23/98/61/31239861_a9ce6a|https://photos.encuentra24.com/t_or_fh_m/f_auto/v1/cr/32/02/83/59/32028359_e788943155906d429700d0dccc5cbe0e-a576f68|https://photos.encuentra24.com/t_or_fh_m/f_auto/v1/cr/32/34/75/48/32347548_3d192500648aaa6965a54eb1c6be95c8-445e4b6|https://photos.encuentra24.com/t_or_fh_m/f_auto/v1/cr/32/32/39/95/32323995_e0a4e71adbac84a5c38711b84197723d-0608592|https://photos.encuentra24.com/t_or_fh_m/f_auto/v1/cr/31/46/75/39/31467539_e42b3f|https://photos.encuentra24.com/t_or_fh_m/f_auto/v1/cr/11/98/09/00/11980900_a9a089|https://photos.encuentra24.com/t_or_fh_m/f_auto/v1/cr/23/95/03/01/23950301_2f0805|https://photos.encuentra24.com/t_or_fh_m/f_auto/v1/cr/31/02/89/79/31028979_830c51