source_name,source_listing_id,source_url,transaction_type,listing_status,province,canton,district,title,description,property_type,bedrooms,bathrooms,parking,year_built_range,construction_area,property_area,utility,environment,terrain,accessibility,legal_status,current_price,currency,whatsapp,images
encuentra24,32020439,https://www.encuentra24.com/costa-rica-es/bienes-raices-proyectos-nuevos/venta-de-apartamento-en-tibas/32020439,sale,active,Tibás,,,Venta de apartamento en Tibás.,,Condo,2 Bedrooms,2 Bathrooms,1 Vehicle,,50–100m²,<100m²,{},,{},,,199000,USD,,https://photos.encuentra24.com/t_or_fh_m/f_auto/v1/cr/32/02/04/39/32020439_ba878a4|https://photos.encuentra24.com/t_or_fh_m/f_auto/v1/cr/32/02/04/39/32020439_c4b735b926e1aead072dca420ac65ac3-c7b31ca|https://photos.encuentra24.com/t_or_fh_m/f_auto/v1/cr/32/02/04/39/32020439_c4b735b926e1aead072dca420ac65ac3-f29e77d|https://photos.encuentra24.com/t_or_fh_m/f_auto/v1/cr/32/02/04/39/32020439_c4b735b926e1aead072dca420ac65ac3-1929f97|https://photos.encuentra24.com/t_or_fh_m/f_auto/v1/cr/32/02/04/39/32020439_c4b735b926e1aead072dca420ac65ac3-d6678bf|https://photos.encuentra24.com/t_or_fh_m/f_auto/v1/cr/32/02/04/39/32020439_c4b735b926e1aead072dca420ac65ac3-431cd4d|https://photos.encuentra24.com/t_or_fh_m/f_auto/v1/cr/32/02/04/39/32020439_c4b735b926e1aead072dca420ac65ac3-8f22640|https://photos.encuentra24.com/t_or_fh_m/f_auto/v1/cr/32/02/04/39/32020439_c4b735b926e1aead072dca420ac65ac3-052972b|https://photos.encuentra24.com/t_or_fh_m/f_auto/v1/cr/32/02/04/39/32020439_c4b735b926e1aead072dca420ac65ac3-1049f94|https://photos.encuentra24.com/t_or_fh_m/f_auto/v1/cr/32/02/04/39/32020439_c4b735b926e1aead072dca420ac65ac3-0a8ba07|https://photos.encuentra24.com/t_or_fh_m/f_auto/v1/cr/32/02/04/39/32020439_c4b735b926e1aead072dca420ac65ac3-1563e7c|https://photos.encuentra24.com/t_or_fh_m/f_auto/v1/cr/32/02/04/39/32020439_c4b735b926e1aead072dca420ac65ac3-5de7428|https://photos.encuentra24.com/t_or_fh_m/f_auto/v1/cr/32/02/04/39/32020439_c4b735b926e1aead072dca420ac65ac3-d694a25|https://photos.encuentra24.com/t_or_fh_m/f_auto/v1/cr/32/02/04/39/32020439_c4b735b926e1aead072dca420ac65ac3-fd8d59d|https://photos.encuentra24.com/t_or_fh_m/f_auto/v1/cr/32/02/04/39/32020439_1a0cda2
encuentra24,31930662,https://www.encuentra24.com/costa-rica-es/bienes-raices-proyectos-nuevos/condominio-arcadia-vida-moderna-rodeada-de-naturaleza-en-alajuela/31930662,sale,active,Alajuela,San Rafael,,Condominio Arcadia – Vida moderna rodeada de naturaleza en Alajuela,,Condo,3 Bedrooms,3 Bathrooms,,,100–200m²,100–500m²,{},,{},,,165000,USD,,https://photos.encuentra24.com/t_or_fh_m/f_auto/v1/cr/31/93/06/62/31930662_8436a94|https://photos.encuentra24.com/t_or_fh_m/f_auto/v1/cr/31/93/06/62/31930662_a35b777ecdabc1a378cc6589e38bf11c-a053340|https://photos.encuentra24.com/t_or_fh_m/f_auto/v1/cr/31/93/06/62/31930662_a35b777ecdabc1a378cc6589e38bf11c-6215ecd|https://photos.encuentra24.com/t_or_fh_m/f_auto/v1/cr/31/93/06/62/31930662_a35b777ecdabc1a378cc6589e38bf11c-72b00d8|https://photos.encuentra24.com/t_or_fh_m/f_auto/v1/cr/31/93/06/62/31930662_a35b777ecdabc1a378cc6589e38bf11c-3d8524a|https://photos.encuentra24.com/t_or_fh_m/f_auto/v1/cr/31/93/06/62/31930662_a35b777ecdabc1a378cc6589e38bf11c-b622406|https://photos.encuentra24.com/t_or_fh_m/f_auto/v1/cr/31/93/06/62/31930662_a35b777ecdabc1a378cc6589e38bf11c-120c67d|https://photos.encuentra24.com/t_or_fh_m/f_auto/v1/cr/31/93/06/62/31930662_a35b777ecdabc1a378cc6589e38bf11c-e326890|https://photos.encuentra24.com/t_or_fh_m/f_auto/v1/cr/31/93/06/62/31930662_a35b777ecdabc1a378cc6589e38bf11c-53d4e50|https://photos.encuentra24.com/t_or_fh_m/f_auto/v1/cr/31/93/06/62/31930662_a35b777ecdabc1a378cc6589e38bf11c-ff22267|https://photos.encuentra24.com/t_or_fh_m/f_auto/v1/cr/31/93/06/62/31930662_a35b777ecdabc1a378cc6589e38bf11c-509f038|https://photos.encuentra24.com/t_or_fh_m/f_auto/v1/cr/31/93/06/62/31930662_a35b777ecdabc1a378cc6589e38bf11c-dbe3ab3|https://photos.encuentra24.com/t_or_fh_m/f_auto/v1/cr/31/93/06/62/31930662_a35b777ecdabc1a378cc6589e38bf11c-0850a62|https://photos.encuentra24.com/t_or_fh_m/f_auto/v1/cr/31/93/06/62/31930662_a35b777ecdabc1a378cc6589e38bf11c-3e4357d|https://photos.encuentra24.com/t_or_fh_m/f_auto/v1/cr/31/93/06/62/31930662_a35b777ecdabc1a378cc6589e38bf11c-5a2d31e|https://photos.encuentra24.com/t_or_fh_m/f_auto/v1/cr/31/93/06/62/31930662_0c74315|https://photos.encuentra24.com/t_or_fh_m/f_auto/v1/cr/31/93/06/62/31930662_a35b777ecdabc1a378cc6589e38bf11c-f1052d6|https://photos.encuentra24.com/t_or_fh_m/f_auto/v1/cr/31/93/06/62/31930662_32fc6e9
encuentra24,30460543,https://www.encuentra24.com/costa-rica-es/bienes-raices-proyectos-nuevos/venta-de-casa-en-condominio-milenia-en-tambor-de-alajuela/30460543,sale,active,Alajuela,Tambor,,Venta de casa en condominio Milenia en Tambor de Alajuela,,Condo,2 Bedrooms,2 Bathrooms,,,50–100m²,<100m²,{},,{},,,55000000,CRC,,https://photos.encuentra24.com/t_or_fh_m/f_auto/v1/cr/30/46/05/43/30460543_7ba754|https://photos.encuentra24.com/t_or_fh_m/f_auto/v1/cr/30/46/05/43/30460543_bfdf05|https://photos.encuentra24.com/t_or_fh_m/f_auto/v1/cr/30/46/05/43/30460543_be349e|https://photos.encuentra24.com/t_or_fh_m/f_auto/v1/cr/30/46/05/43/30460543_f2afe9|https://photos.encuentra24.com/t_or_fh_m/f_auto/v1/cr/30/46/05/43/30460543_486948|https://photos.encuentra24.com/t_or_fh_m/f_auto/v1/cr/30/46/05/43/30460543_4d7f71|https://photos.encuentra24.com/t_or_fh_m/f_auto/v1/cr/30/46/05/43/30460543_6d206f|https://photos.encuentra24.com/t_or_fh_m/f_auto/v1/cr/30/46/05/43/30460543_17c9cbc|https://photos.encuentra24.com/t_or_fh_m/f_auto/v1/cr/30/46/05/43/30460543_1d10bb|https://photos.encuentra24.com/t_or_fh_m/f_auto/v1/cr/30/46/05/43/30460543_937a091|https://photos.encuentra24.com/t_or_fh_m/f_auto/v1/cr/30/46/05/43/30460543_f94c2da|https://photos.encuentra24.com/t_or_fh_m/f_auto/v1/cr/30/46/05/43/30460543_4296ad4|https://photos.encuentra24.com/t_or_fh_m/f_auto/v1/cr/30/46/05/43/30460543_86439b1|https://photos.encuentra24.com/t_or_fh_m/f_auto/v1/cr/30/46/05/43/30460543_a04f442|https://photos.encuentra24.com/t_or_fh_m/f_auto/v1/cr/30/46/05/43/30460543_ac89b54|https://photos.encuentra24.com/t_or_fh_m/f_auto/v1/cr/30/46/05/43/30460543_fd97a4|https://photos.encuentra24.com/t_or_fh_m/f_auto/v1/cr/30/46/05/43/30460543_c23182|https://photos.encuentra24.com/t_or_fh_m/f_auto/v1/cr/30/46/05/43/30460543_44a1b8|https://photos.encuentra24.com/t_or_fh_m/f_auto/v1/cr/30/46/05/43/30460543_741292|https://photos.encuentra24.com/t_or_fh_m/f_auto/v1/cr/30/46/05/43/30460543_3266955|https://photos.encuentra24.com/t_or_fh_m/f_auto/v1/cr/30/46/05/43/30460543_1c794b4|https://photos.encuentra24.com/t_or_fh_m/f_auto/v1/cr/30/46/05/43/30460543_587287b
encuentra24,31203578,https://www.encuentra24.com/costa-rica-es/bienes-raices-venta-de-propiedades-lotes-y-terrenos/terreno-en-la-ribera-de-belen-heredia-237-305-m/31203578,sale,active,Heredia provincia,Belén,La Ribera,"Terreno en La Ribera de Belén, Heredia – 237,305 m²","Terreno en La Ribera de Belén, Heredia – 237,305 m² (23.7 Ha) Ubicación estratégica a tan solo 3 km del Aeropuerto Internacional Juan Santamaría (SJO), sobre la Ruta 129, en una zona de alto desarrollo con presencia de comercio, oficentros, industria y residenciales. La propiedad se encuentra a solo 1.5 km de Intel y Cityzen, con una amplia gama de usos permitidos: Residencial, Hoteles y Comercial. Características principales: -Área total: 237,305 m² (23.7 Ha) -Servicios disponibles: Agua y electricidad -Altura máxima: 10 mts o 3 pisos Entorno corporativo y empresarial cercano: -Parques empresariales: San Antonio Business Park, Cityzen, El Cafetal -Empresas: Intel, Dos Pinos, DHL, Bridgestone, Align Technologies, 3M, Experian, Citi, Deloitte, Cargill, Bill Gosling, Unilever, Distribuidora DIPO, Terminales Santamaría -Hoteles: Marriott, AC Marriott Una ubicación privilegiada que combina conectividad, desarrollo y cercanía a los principales centros de negocios del país.",Land,,,,,,>5 Hectares,"{""Water"",""Electricity""}",Urban,{},,,,,+50687160386,https://photos.encuentra24.com/t_or_fh_m/f_auto/v1/cr/31/20/35/78/31203578_c33e34|https://photos.encuentra24.com/t_or_fh_m/f_auto/v1/cr/31/20/35/78/31203578_5e807f|https://photos.encuentra24.com/t_or_fh_m/f_auto/v1/cr/31/20/35/78/31203578_57e5a9|https://photos.encuentra24.com/t_or_fh_m/f_auto/v1/cr/31/20/35/78/31203578_999eff|https://photos.encuentra24.com/t_or_fh_m/f_auto/v1/cr/31/20/35/78/31203578_087c82|https://photos.encuentra24.com/t_or_fh_m/f_auto/v1/cr/31/20/35/78/31203578_a24255|https://photos.encuentra24.com/t_or_fh_m/f_auto/v1/cr/31/20/35/78/31203578_dff4e8|https://photos.encuentra24.com/t_or_fh_m/f_auto/v1/cr/31/20/35/78/31203578_338c69|https://photos.encuentra24.com/t_or_fh_m/f_auto/v1/cr/31/20/35/78/31203578_60aea9|https://photos.encuentra24.com/t_or_fh_m/f_auto/v1/cr/31/20/35/78/31203578_73f19a|https://photos.encuentra24.com/t_or_fh_m/f_auto/v1/cr/31/20/35/78/31203578_df8294|https://photos.encuentra24.com/t_or_fh_m/f_auto/v1/cr/31/20/35/78/31203578_307bf6|https://photos.encuentra24.com/t_or_fh_m/f_auto/v1/cr/31/20/35/78/31203578_d226cc|https://photos.encuentra24.com/t_or_fh_m/f_auto/v1/cr/31/20/35/78/31203578_d847fc|https://photos.encuentra24.com/t_or_fh_m/f_auto/v1/cr/31/20/35/78/31203578_17fe19|https://photos.encuentra24.com/t_or_fh_m/f_auto/v1/cr/31/20/35/78/31203578_a19aec|https://photos.encuentra24.com/t_or_fh_m/f_auto/v1/cr/31/20/35/78/31203578_3dc6f2|https://photos.encuentra24.com/t_user_logo/v1/users/logo/12/57/69/1257698_6a62d7|https://photos.encuentra24.com/t_or_fh_m/f_auto/v1/cr/25/44/77/68/25447768_d1c4df7|https://photos.encuentra24.com/t_or_fh_m/f_auto/v1/cr/32/64/45/87/32644587_0ef3470807e646375989059e1441e4b5-3fdb69c|https://photos.encuentra24.com/t_or_fh_m/f_auto/v1/cr/32/55/68/32/32556832_d4c87a5edfbb211f00915176b8d97358-9977981|https://photos.encuentra24.com/t_or_fh_m/f_auto/v1/cr/32/55/69/49/32556949_38f7d170657169cfd1bf53597d3dc421-45696d1|https://photos.encuentra24.com/t_or_fh_m/f_auto/v1/cr/30/93/80/28/30938028_3495a6|https://photos.encuentra24.com/t_or_fh_m/f_auto/v1/cr/31/92/74/78/31927478_d953f338c1507386ff1fadbc416b423c-260636d|https://photos.encuentra24.com/t_or_fh_m/f_auto/v1/cr/30/91/24/64/30912464_3ed1ef
encuentra24,25447768,https://www.encuentra24.com/costa-rica-es/bienes-raices-venta-de-propiedades-lotes-y-terrenos/venta-de-terreno-en-belen-heredia/25447768,sale,active,Heredia provincia,Belén,La Ribera,"Venta de terreno en Belén, Heredia",Diagonal al Centro Corporativo El Cafetal. Frente a Calle: 34 metros. Topografía: Plana. Configuración: Rectangular.,Land,,,,,,1–5 Hectares,{},Urban,{},,,,,+50687160386,https://photos.encuentra24.com/t_or_fh_m/f_auto/v1/cr/25/44/77/68/25447768_d1c4df7|https://photos.encuentra24.com/t_or_fh_m/f_auto/v1/cr/25/44/77/68/25447768_0a818cc|https://photos.encuentra24.com/t_or_fh_m/f_auto/v1/cr/25/44/77/68/25447768_b34d397|https://photos.encuentra24.com/t_or_fh_m/f_auto/v1/cr/25/44/77/68/25447768_baaf46b|https://photos.encuentra24.com/t_or_fh_m/f_auto/v1/cr/25/44/77/68/25447768_c369b1|https://photos.encuentra24.com/t_or_fh_m/f_auto/v1/cr/25/44/77/68/25447768_d09877|https://photos.encuentra24.com/t_or_fh_m/f_auto/v1/cr/25/44/77/68/25447768_33b4e9e|https://photos.encuentra24.com/t_user_logo/v1/users/logo/12/57/69/1257698_6a62d7|https://photos.encuentra24.com/t_or_fh_m/f_auto/v1/cr/31/20/35/78/31203578_c33e34|https://photos.encuentra24.com/t_or_fh_m/f_auto/v1/cr/32/64/45/87/32644587_0ef3470807e646375989059e1441e4b5-3fdb69c|https://photos.encuentra24.com/t_or_fh_m/f_auto/v1/cr/32/55/68/32/32556832_d4c87a5edfbb211f00915176b8d97358-9977981|https://photos.encuentra24.com/t_or_fh_m/f_auto/v1/cr/32/55/69/49/32556949_38f7d170657169cfd1bf53597d3dc421-45696d1|https://photos.encuentra24.com/t_or_fh_m/f_auto/v1/cr/30/93/80/28/30938028_3495a6|https://photos.encuentra24.com/t_or_fh_m/f_auto/v1/cr/31/92/74/78/31927478_d953f338c1507386ff1fadbc416b423c-260636d|https://photos.encuentra24.com/t_or_fh_m/f_auto/v1/cr/30/91/24/64/30912464_3ed1ef
encuentra24,32602373,https://www.encuentra24.com/costa-rica-es/bienes-raices-venta-de-propiedades-casas-y-terrenos-de-playas/venta-casa-en-punta-leona-653m2-terreno-con-casa/32602373,sale,active,Puntarenas provincia,Garabito,,VENTA CASA EN PUNTA LEONA 653m2 terreno con casa,"Casa en Punta Leona Punta Leona, Garabito, Puntarenas Ubicada dentro de uno de los destinos de playa más consolidados del Pacífico Central, esta residencia combina privacidad, naturaleza y comodidad en un entorno seguro y rodeado de vegetación tropical. Características principales * Lote: 278 m² * Construcción: 281.52 m² * 3 dormitorios * 2.5 baños * Sala y comedor integrados * Cocina equipada * Amplia terraza techada * Piscina privada * Cochera para 2 vehículos * Cuarto de pilas * Aire acondicionado * Seguridad privada 24/7 * Ubicada dentro del Condominio, Punta Leona La propiedad destaca por sus amplios espacios sociales, excelente iluminación natural y una agradable conexión con el entorno verde que caracteriza la zona. Su terraza y piscina privada crean el ambiente ideal para disfrutar del clima tropical durante todo el año. Además, se encuentra a pocos minutos de las reconocidas playas de Punta Leona, Playa Blanca y Playa Mantas, así como de restaurantes, actividades recreativas y servicios turísticos.",Condo,,3 Bathrooms,2 Vehicles,,,"500–1,000m²","{""Municipal Water""}",Beachfront,{},,,395000,USD,+50688859269,https://photos.encuentra24.com/t_or_fh_m/f_auto/v1/cr/32/60/23/73/32602373_8da2d14|https://photos.encuentra24.com/t_or_fh_m/f_auto/v1/cr/32/60/23/73/32602373_baa9470|https://photos.encuentra24.com/t_or_fh_m/f_auto/v1/cr/32/60/23/73/32602373_2169e83|https://photos.encuentra24.com/t_or_fh_m/f_auto/v1/cr/32/60/23/73/32602373_a65f9ec|https://photos.encuentra24.com/t_or_fh_m/f_auto/v1/cr/32/60/23/73/32602373_0e853af|https://photos.encuentra24.com/t_or_fh_m/f_auto/v1/cr/32/60/23/73/32602373_27ddf2d|https://photos.encuentra24.com/t_or_fh_m/f_auto/v1/cr/32/60/23/73/32602373_7f81b0a|https://photos.encuentra24.com/t_or_fh_m/f_auto/v1/cr/32/60/23/73/32602373_e138ff3|https://photos.encuentra24.com/t_or_fh_m/f_auto/v1/cr/32/60/23/73/32602373_32968db|https://photos.encuentra24.com/t_or_fh_m/f_auto/v1/cr/32/60/23/73/32602373_0241f89|https://photos.encuentra24.com/t_or_fh_m/f_auto/v1/cr/32/60/23/73/32602373_5afee0e|https://photos.encuentra24.com/t_or_fh_m/f_auto/v1/cr/32/60/23/73/32602373_d6e89bb|https://photos.encuentra24.com/t_or_fh_m/f_auto/v1/cr/32/60/23/73/32602373_90060a3|https://photos.encuentra24.com/t_or_fh_m/f_auto/v1/cr/32/60/23/73/32602373_b5faf43|https://photos.encuentra24.com/t_or_fh_m/f_auto/v1/cr/32/60/23/73/32602373_9c33daf|https://photos.encuentra24.com/t_or_fh_m/f_auto/v1/cr/32/60/23/73/32602373_ed035c2|https://photos.encuentra24.com/t_or_fh_m/f_auto/v1/cr/32/60/23/73/32602373_5c0440e|https://photos.encuentra24.com/t_or_fh_m/f_auto/v1/cr/32/60/23/73/32602373_c7fcbfe|https://photos.encuentra24.com/t_or_fh_m/f_auto/v1/cr/32/60/23/73/32602373_ba46193|https://photos.encuentra24.com/t_user_logo/v1/users/logo/88/88/88887_c335b5|https://photos.encuentra24.com/t_or_fh_m/f_auto/v1/cr/32/65/08/99/32650899_9dc67aa1667141d2b5a5a2c73ca2bbd0-b54652c|https://photos.encuentra24.com/t_or_fh_m/f_auto/v1/cr/30/12/90/29/30129029_1215cb|https://photos.encuentra24.com/t_or_fh_m/f_auto/v1/cr/32/23/74/48/32237448_84b52bcc7c070e2539db98dc852ba072-0ca301d|https://photos.encuentra24.com/t_or_fh_m/f_auto/v1/cr/28/25/35/38/28253538_70e0b6|https://photos.encuentra24.com/t_or_fh_m/f_auto/v1/cr/29/89/10/68/29891068_a8172e|https://photos.encuentra24.com/t_or_fh_m/f_auto/v1/cr/29/96/15/98/29961598_e8544b6|https://photos.encuentra24.com/t_or_fh_m/f_auto/v1/cr/32/42/95/97/32429597_4645add3b0d5fefb9eea130e18bb2efd-1db949e|https://photos.encuentra24.com/t_or_fh_m/f_auto/v1/cr/32/02/30/46/32023046_fdc579e|https://photos.encuentra24.com/t_or_fh_m/f_auto/v1/cr/32/61/61/30/32616130_5de4f83|https://photos.encuentra24.com/t_or_fh_m/f_auto/v1/cr/32/64/76/21/32647621_e46c6c9|https://photos.encuentra24.com/t_or_fh_m/f_auto/v1/cr/31/53/71/22/31537122_847615|https://photos.encuentra24.com/t_or_fh_m/f_auto/v1/cr/32/64/80/82/32648082_22be0fc|https://photos.encuentra24.com/t_or_fh_m/f_auto/v1/cr/32/36/25/35/32362535_37e2634|https://photos.encuentra24.com/t_or_fh_m/f_auto/v1/cr/32/38/85/32/32388532_ca82630
encuentra24,32023046,https://www.encuentra24.com/costa-rica-es/bienes-raices-venta-de-propiedades-casas-y-terrenos-de-playas/venta-huacas-villareal-espectacular-terreno-2-5-hect/32023046,sale,active,Guanacaste provincia,Santa Cruz,,VENTA HUACAS VILLAREAL ESPECTACULAR TERRENO 2.5 HECT,"Lote de 24.850 m² en Venta – Huacas, Guanacaste Ubicación estratégica en Hernández, Santa Cruz, frente a la Ruta Nacional 152 Descubra una excelente oportunidad de inversión con este lote de 24.850 m², ideal para proyectos comerciales, residenciales o de uso mixto. Ubicado estratégicamente en Hernández, Santa Cruz, con frente directo a la Ruta Nacional 152, ofrece una combinación excepcional de alta visibilidad, fácil acceso y gran potencial de desarrollo. La propiedad cuenta con 104 metros de frente a carretera, lo que brinda múltiples posibilidades de diseño, acceso y aprovechamiento. Además, su cercanía con el exclusivo desarrollo de Hacienda Pinilla incrementa significativamente su atractivo, mientras que su parte alta ofrece agradables vistas panorámicas, ideales para un proyecto de mayor nivel. Características de la propiedad * Área del terreno: 24.850 m² * Precio: US$900.000 * Uso de suelo: Mixto (comercial y residencial) * Ubicación: Frente a la Ruta Nacional 152, Hernández, Santa Cruz, Guanacaste * Frente a carretera: 104 metros * Topografía: Combinación de áreas aprovechables con una sección elevada y vistas panorámicas * Ubicación privilegiada: A pocos minutos de Tamarindo, Playa Avellanas y Hacienda Pinilla. Esta propiedad destaca por su tamaño, ubicación estratégica y excelente potencial de plusvalía. Es una oportunidad para desarrollar un proyecto comercial de alto impacto, un complejo residencial o una inversión de uso mixto en una de las zonas con mayor crecimiento y demanda de Guanacaste. EXCELENTE UBICACION",House,,2 Bathrooms,,,,1–5 Hectares,"{""Municipal Water""}",Beachfront,{},,,646000,USD,+50684574854,https://photos.encuentra24.com/t_or_fh_m/f_auto/v1/cr/32/02/30/46/32023046_fdc579e|https://photos.encuentra24.com/t_or_fh_m/f_auto/v1/cr/32/02/30/46/32023046_4fe88bc|https://photos.encuentra24.com/t_or_fh_m/f_auto/v1/cr/32/02/30/46/32023046_49540cd|https://photos.encuentra24.com/t_or_fh_m/f_auto/v1/cr/32/02/30/46/32023046_9442581|https://photos.encuentra24.com/t_or_fh_m/f_auto/v1/cr/32/02/30/46/32023046_740333b|https://photos.encuentra24.com/t_or_fh_m/f_auto/v1/cr/32/02/30/46/32023046_0abe749|https://photos.encuentra24.com/t_or_fh_m/f_auto/v1/cr/32/02/30/46/32023046_a5fb830|https://photos.encuentra24.com/t_or_fh_m/f_auto/v1/cr/32/02/30/46/32023046_35def9d|https://photos.encuentra24.com/t_or_fh_m/f_auto/v1/cr/32/02/30/46/32023046_caf6dd3|https://photos.encuentra24.com/t_or_fh_m/f_auto/v1/cr/32/02/30/46/32023046_9aab703|https://photos.encuentra24.com/t_or_fh_m/f_auto/v1/cr/32/02/30/46/32023046_5465914|https://photos.encuentra24.com/t_or_fh_m/f_auto/v1/cr/32/02/30/46/32023046_3369351|https://photos.encuentra24.com/t_or_fh_m/f_auto/v1/cr/32/02/30/46/32023046_fc5ac14|https://photos.encuentra24.com/t_or_fh_m/f_auto/v1/cr/32/02/30/46/32023046_9d45548|https://photos.encuentra24.com/t_or_fh_m/f_auto/v1/cr/32/02/30/46/32023046_dad7060|https://photos.encuentra24.com/t_or_fh_m/f_auto/v1/cr/32/02/30/46/32023046_35b9207|https://photos.encuentra24.com/t_or_fh_m/f_auto/v1/cr/32/02/30/46/32023046_48a3876|https://photos.encuentra24.com/t_user_logo/v1/users/logo/88/88/88887_c335b5|https://photos.encuentra24.com/t_or_fh_m/f_auto/v1/cr/32/64/76/21/32647621_e46c6c9|https://photos.encuentra24.com/t_or_fh_m/f_auto/v1/cr/31/78/17/01/31781701_b14e13|https://photos.encuentra24.com/t_or_fh_m/f_auto/v1/cr/31/86/28/21/31862821_e793e5|https://photos.encuentra24.com/t_or_fh_m/f_auto/v1/cr/32/36/69/70/32366970_77ccad0|https://photos.encuentra24.com/t_or_fh_m/f_auto/v1/cr/31/32/66/30/31326630_0ef31b|https://photos.encuentra24.com/t_or_fh_m/f_auto/v1/cr/29/62/25/10/29622510_302dd2|https://photos.encuentra24.com/t_or_fh_m/f_auto/v1/cr/25/51/97/89/25519789_6da60d|https://photos.encuentra24.com/t_or_fh_m/f_auto/v1/cr/32/60/23/73/32602373_8da2d14|https://photos.encuentra24.com/t_or_fh_m/f_auto/v1/cr/32/61/61/30/32616130_5de4f83|https://photos.encuentra24.com/t_or_fh_m/f_auto/v1/cr/31/53/71/22/31537122_847615|https://photos.encuentra24.com/t_or_fh_m/f_auto/v1/cr/32/64/80/82/32648082_22be0fc|https://photos.encuentra24.com/t_or_fh_m/f_auto/v1/cr/32/36/25/35/32362535_37e2634|https://photos.encuentra24.com/t_or_fh_m/f_auto/v1/cr/32/38/85/32/32388532_ca82630
encuentra24,32616130,https://www.encuentra24.com/costa-rica-es/bienes-raices-venta-de-propiedades-casas/casa-en-venta-colinas-de-montealegre-que-combina-lujo-ubicacion-y-diseno/32616130,sale,active,San José provincia,Curridabat,Sanchez,CASA EN VENTA COLINAS DE MONTEALEGRE QUE COMBINA LUJO UBICACIÓN Y DISEÑO,"Descubra esta elegante residencia ubicada en un exclusivo condominio en Pinares de Curridabat, una de las zonas más seguras y de mayor plusvalía del Este de San José. Su diseño combina arquitectura moderna, materiales de alta calidad y amplios espacios concebidos para disfrutar el confort y la estética en cada detalle. Con acabados de lujo, iluminación natural en todas sus áreas y una selección de elementos arquitectónicos únicos —como cielos abovedados, piedra coralina en baños y escaleras, y nichos decorativos—, esta propiedad es ideal para quienes buscan un hogar distinguido, funcional y con ubicación privilegiada. Distribución Planta baja • Sala principal con chimenea y detalles de diseño • Comedor formal con salida al jardín • Cocina gourmet con isla central, amplia despensa y espacios de almacenamiento • Habitación con baño completo (sin walk-in closet) • Baño de visitas • Cuarto y baño de servicio • Lavandería independiente • Acceso directo a terraza techada y jardín Planta alta • Dormitorio principal con baño privado, tina y walk-in closet • Dos habitaciones secundarias, cada una con baño completo y walk-in closet • Sala de televisión o estudio con excelente iluminación natural • Balcón en todas las habitaciones Áreas exteriores • Jardín privado con área verde ideal para reuniones y descanso • Terraza techada perfecta para BBQ o desayunos al aire libre • Cochera techada para 2 vehículos, con espacio adicional para 3 más en área externa • Detalles de paisajismo y acabados elegantes en todo el entorno Detalles arquitectónicos y de acabado • Piedra coralina en escaleras y baños • Cielos abovedados y nichos decorativos que aportan amplitud y carácter • Pisos en porcelanato y piedra coralina • Doble altura, ventilación cruzada e iluminación privilegiada • Tanque de agua caliente y sistema de iluminación moderna Características del condominio y la zona • Seguridad 24/7 con control de acceso • Calles adoquinadas y entorno residencial de alta plusvalía • Ubicación estratégica cerca de: • Momentum Pinares • Supermercados, colegios, clínicas privadas y restaurantes • Condominio exclusivo, familiar, tranquilo y pet-friendly Para coordinar una visita: Laura Chavarría Arias Asesora Inmobiliaria – LCH Propertia",Condo,,4 Bathrooms,4+ Vehicles,,200–400m²,100–500m²,"{""Water""}",Riverfront,"{""Steep Slope""}",Walkable,,545000,USD,+50688113507,https://photos.encuentra24.com/t_or_fh_m/f_auto/v1/cr/32/61/61/30/32616130_5de4f83|https://photos.encuentra24.com/t_or_fh_m/f_auto/v1/cr/32/61/61/30/32616130_24dc860|https://photos.encuentra24.com/t_or_fh_m/f_auto/v1/cr/32/61/61/30/32616130_885f35d|https://photos.encuentra24.com/t_or_fh_m/f_auto/v1/cr/32/61/61/30/32616130_7eb6a35|https://photos.encuentra24.com/t_or_fh_m/f_auto/v1/cr/32/61/61/30/32616130_ec8dabd|https://photos.encuentra24.com/t_or_fh_m/f_auto/v1/cr/32/61/61/30/32616130_331d0cf|https://photos.encuentra24.com/t_or_fh_m/f_auto/v1/cr/32/61/61/30/32616130_9e7905c|https://photos.encuentra24.com/t_or_fh_m/f_auto/v1/cr/32/61/61/30/32616130_d6f231f|https://photos.encuentra24.com/t_or_fh_m/f_auto/v1/cr/32/61/61/30/32616130_6ed09f4|https://photos.encuentra24.com/t_or_fh_m/f_auto/v1/cr/32/61/61/30/32616130_79d06f0|https://photos.encuentra24.com/t_or_fh_m/f_auto/v1/cr/32/61/61/30/32616130_846e508|https://photos.encuentra24.com/t_or_fh_m/f_auto/v1/cr/32/61/61/30/32616130_b3400ac|https://photos.encuentra24.com/t_or_fh_m/f_auto/v1/cr/32/61/61/30/32616130_8b1b4b1|https://photos.encuentra24.com/t_or_fh_m/f_auto/v1/cr/32/61/61/30/32616130_dba9124|https://photos.encuentra24.com/t_or_fh_m/f_auto/v1/cr/32/61/61/30/32616130_a2d0aa8|https://photos.encuentra24.com/t_or_fh_m/f_auto/v1/cr/32/61/61/30/32616130_5828599|https://photos.encuentra24.com/t_or_fh_m/f_auto/v1/cr/32/61/61/30/32616130_659c682|https://photos.encuentra24.com/t_or_fh_m/f_auto/v1/cr/32/61/61/30/32616130_08ce03e|https://photos.encuentra24.com/t_or_fh_m/f_auto/v1/cr/32/61/61/30/32616130_effb3eb|https://photos.encuentra24.com/t_user_logo/v1/users/logo/88/88/88887_c335b5|https://photos.encuentra24.com/t_or_fh_m/f_auto/v1/cr/32/52/55/14/32525514_192c8453a9f6f61581f5f66fd2ea7fb2-38fa928|https://photos.encuentra24.com/t_or_fh_m/f_auto/v1/cr/32/64/57/34/32645734_554eeaa585b4787dc18ac7a3e799b2fd-3f2dc53|https://photos.encuentra24.com/t_or_fh_m/f_auto/v1/cr/25/94/80/34/25948034_431f6a|https://photos.encuentra24.com/t_or_fh_m/f_auto/v1/cr/31/83/51/13/31835113_392af2|https://photos.encuentra24.com/t_or_fh_m/f_auto/v1/cr/32/36/11/72/32361172_0f1b622f5e899352351cb88f0aea44d6-1756c72|https://photos.encuentra24.com/t_or_fh_m/f_auto/v1/cr/31/98/69/71/31986971_16e75deabe1580f6ee3d3b502d0fa31d-7e23842|https://photos.encuentra24.com/t_or_fh_m/f_auto/v1/cr/30/07/18/41/30071841_c988fb|https://photos.encuentra24.com/t_or_fh_m/f_auto/v1/cr/32/60/23/73/32602373_8da2d14|https://photos.encuentra24.com/t_or_fh_m/f_auto/v1/cr/32/02/30/46/32023046_fdc579e|https://photos.encuentra24.com/t_or_fh_m/f_auto/v1/cr/32/64/76/21/32647621_e46c6c9|https://photos.encuentra24.com/t_or_fh_m/f_auto/v1/cr/31/53/71/22/31537122_847615|https://photos.encuentra24.com/t_or_fh_m/f_auto/v1/cr/32/64/80/82/32648082_22be0fc|https://photos.encuentra24.com/t_or_fh_m/f_auto/v1/cr/32/36/25/35/32362535_37e2634|https://photos.encuentra24.com/t_or_fh_m/f_auto/v1/cr/32/38/85/32/32388532_ca82630
encuentra24,32647621,https://www.encuentra24.com/costa-rica-es/bienes-raices-venta-de-propiedades-casas-y-terrenos-de-playas/venta-finca-en-hacienda-tempate/32647621,sale,active,Guanacaste provincia,Santa Cruz,Tempate,VENTA FINCA EN HACIENDA TEMPATE,"Un paraíso de 28 hectáreas en Guanacaste: la combinación perfecta de espacio, privacidad y ubicación estratégica LA FINCA MÁS GRANDE DE HACIENDA TEMPATE 28.37 hectáreas | Hacienda Tempate, Santa Cruz, Guanacaste Descubra una propiedad verdaderamente única: la finca de mayor extensión dentro de Hacienda Tempate, con un valor por metro cuadrado excepcionalmente competitivo y el privilegio de combinar amplitud, privacidad y una ubicación estratégica. Con 283,680 m² (28.37 ha / 70 acres), esta es la propiedad más grande dentro de este exclusivo desarrollo privado. Una oportunidad para disfrutar del espacio y la privacidad de una gran finca, con la seguridad, el acceso y la plusvalía de una comunidad consolidada. Características principales: Topografía ondulada con múltiples áreas aprovechables para desarrollar distintos proyectos. Electricidad disponible en la entrada de la propiedad. Acceso por el ingreso privado de Hacienda Tempate. Rodeada por el emblemático bosque tropical seco de Guanacaste. Máxima privacidad en un entorno natural incomparable. Ubicación privilegiada: a solo 10–15 minutos de Playa Potrero y aproximadamente 25–30 minutos de Playa Flamingo, Playa Conchal y Playa Penca. Muy cerca de los servicios de Huacas y Brasilito, y a poco más de una hora del Aeropuerto Internacional de Liberia. Ideal para: • Residencia privada de gran extensión. • Eco-lodge o retiro de bienestar. • Comunidad residencial de baja densidad. • Villas boutique. • Desarrollo por etapas o inversión patrimonial. Las propiedades de menor tamaño en la zona alcanzan valores por metro cuadrado considerablemente más altos. Una finca de esta magnitud, dentro de un desarrollo privado y a solo US$2.12 por m², representa una oportunidad difícil de igualar en el mercado actual.",House,,3 Bathrooms,,,,>5 Hectares,"{""Municipal Water"",""Electricity""}",Beachfront,"{""Forested""}",,,565000,USD,+50683465607,https://photos.encuentra24.com/t_or_fh_m/f_auto/v1/cr/32/64/76/21/32647621_e46c6c9|https://photos.encuentra24.com/t_or_fh_m/f_auto/v1/cr/32/64/76/21/32647621_d729120|https://photos.encuentra24.com/t_or_fh_m/f_auto/v1/cr/32/64/76/21/32647621_755f2eb|https://photos.encuentra24.com/t_or_fh_m/f_auto/v1/cr/32/64/76/21/32647621_08b2ee9|https://photos.encuentra24.com/t_or_fh_m/f_auto/v1/cr/32/64/76/21/32647621_3401318|https://photos.encuentra24.com/t_or_fh_m/f_auto/v1/cr/32/64/76/21/32647621_515b9b0|https://photos.encuentra24.com/t_or_fh_m/f_auto/v1/cr/32/64/76/21/32647621_c0829e0|https://photos.encuentra24.com/t_or_fh_m/f_auto/v1/cr/32/64/76/21/32647621_539a9a9|https://photos.encuentra24.com/t_or_fh_m/f_auto/v1/cr/32/64/76/21/32647621_eed47b3|https://photos.encuentra24.com/t_or_fh_m/f_auto/v1/cr/32/64/76/21/32647621_0ea4fdd|https://photos.encuentra24.com/t_or_fh_m/f_auto/v1/cr/32/64/76/21/32647621_3373af7|https://photos.encuentra24.com/t_user_logo/v1/users/logo/88/88/88887_c335b5|https://photos.encuentra24.com/t_or_fh_m/f_auto/v1/cr/32/01/81/56/32018156_8d8188a42b7d435bb63a5488d3c2b081-37d9611|https://photos.encuentra24.com/t_or_fh_m/f_auto/v1/cr/32/60/23/73/32602373_8da2d14|https://photos.encuentra24.com/t_or_fh_m/f_auto/v1/cr/32/02/30/46/32023046_fdc579e|https://photos.encuentra24.com/t_or_fh_m/f_auto/v1/cr/32/61/61/30/32616130_5de4f83|https://photos.encuentra24.com/t_or_fh_m/f_auto/v1/cr/31/53/71/22/31537122_847615|https://photos.encuentra24.com/t_or_fh_m/f_auto/v1/cr/32/64/80/82/32648082_22be0fc|https://photos.encuentra24.com/t_or_fh_m/f_auto/v1/cr/32/36/25/35/32362535_37e2634|https://photos.encuentra24.com/t_or_fh_m/f_auto/v1/cr/32/38/85/32/32388532_ca82630
encuentra24,32439006,https://www.encuentra24.com/costa-rica-es/bienes-raices-venta-de-propiedades-casas/venta-de-casa-en-grecia-alajuela/32439006,sale,active,Alajuela provincia,Grecia,Grecia,"Venta de casa en Grecia, Alajuela","Casa nueva en excelente ubicación Condominio Corteza Seguridad 24/7 Piscina recreativa Gimnasio Ranchos BBQ Parque infantil Cerca de escuelas Cerca de la nueva zona franca Construcción 100% concreto. Piso porcelanato, cielos de gypsum",Condo,2 Bedrooms,2 Bathrooms,2 Vehicles,,,,{},,{},,,74000000,CRC,+50688163514,https://photos.encuentra24.com/t_or_fh_m/f_auto/v1/cr/32/43/90/06/32439006_5822591|https://photos.encuentra24.com/t_or_fh_m/f_auto/v1/cr/32/43/90/06/32439006_bf072a4|https://photos.encuentra24.com/t_or_fh_m/f_auto/v1/cr/32/43/90/06/32439006_4be6678|https://photos.encuentra24.com/t_or_fh_m/f_auto/v1/cr/32/43/90/06/32439006_e0aec07|https://photos.encuentra24.com/t_or_fh_m/f_auto/v1/cr/32/43/90/06/32439006_9e6a38c|https://photos.encuentra24.com/t_or_fh_m/f_auto/v1/cr/32/43/90/06/32439006_0f1dce9|https://photos.encuentra24.com/t_or_fh_m/f_auto/v1/cr/32/43/90/06/32439006_3679a81|https://photos.encuentra24.com/t_or_fh_m/f_auto/v1/cr/32/43/90/06/32439006_66cfd96|https://photos.encuentra24.com/t_or_fh_m/f_auto/v1/cr/32/43/90/06/32439006_c43963e|https://photos.encuentra24.com/t_or_fh_m/f_auto/v1/cr/32/43/90/06/32439006_2d9c5e8|https://photos.encuentra24.com/t_or_fh_m/f_auto/v1/cr/32/43/90/06/32439006_ed37e7e|https://photos.encuentra24.com/t_or_fh_m/f_auto/v1/cr/32/43/90/06/32439006_0b1564e|https://photos.encuentra24.com/t_or_fh_m/f_auto/v1/cr/32/43/90/06/32439006_e9a6c49|https://photos.encuentra24.com/t_or_fh_m/f_auto/v1/cr/32/43/90/06/32439006_4de508e|https://photos.encuentra24.com/t_or_fh_m/f_auto/v1/cr/32/43/90/06/32439006_6aa53d4|https://photos.encuentra24.com/t_or_fh_m/f_auto/v1/cr/32/43/90/06/32439006_2724e0d|https://photos.encuentra24.com/t_or_fh_m/f_auto/v1/cr/32/32/64/33/32326433_4e8a32828b6bf8222ca8168f23285191-0817ffb|https://photos.encuentra24.com/t_or_fh_m/f_auto/v1/cr/32/05/99/71/32059971_35b3a8c|https://photos.encuentra24.com/t_or_fh_m/f_auto/v1/cr/32/42/22/61/32422261_54ec7e772fc7271977a91fef94f0b839-2f6674b|https://photos.encuentra24.com/t_or_fh_m/f_auto/v1/cr/32/56/68/11/32566811_1ddf762|https://photos.encuentra24.com/t_or_fh_m/f_auto/v1/cr/32/58/56/21/32585621_b8696ebee1dc645407f2b064a77d4094-d268a46|https://photos.encuentra24.com/t_or_fh_m/f_auto/v1/cr/32/38/24/30/32382430_457587b3f2f82ae29afa77957c352a3c-2f3c84d|https://photos.encuentra24.com/t_or_fh_m/f_auto/v1/cr/31/90/08/99/31900899_6e00fe
encuentra24,31897358,https://www.encuentra24.com/costa-rica-es/bienes-raices-venta-de-propiedades-apartamentos/venta-apartamento-en-paradisus-piso-14-3-habitaciones-2-banos-2-parqueos/31897358,sale,active,San José provincia,San José Capital,Rohrmoser,"VENTA: Apartamento en Paradisus - Piso 14: 3 habitaciones, 2 baños, 2 parqueos","*** Pregunta por el Tour Virtual*** Elegante apartamento en Paradisus, Rohrmoser – Piso 14 IMPORTANTE: El Apartamento se puede entregar con 2 o 3 habitaciones. Si se entrega con 2 habitaciones el espacio de la tercera habitación para a formar parte de una sala más amplia. ¡Vive con estilo y comodidad en Rohrmoser! Este apartamento en el piso 14 te ofrece lo mejor en vistas, iluminación natural y acabados modernos. Perfecto para quienes buscan exclusividad y calidad de vida. Características principales - 2 dormitorios (se puede entregar con la tercera habitación porque el espacio existe para esto): incluye una suite principal de 15 m², ideal para tu descanso. - 2 baños completos. - Cocina moderna, equipada con muebles contemporáneos que combinan estética y funcionalidad. - Sala/comedor en concepto abierto para brindar amplitud y libertad de espacio. - Balcón privado con vistas panorámicas a la ciudad y montañas, ideal para relajarte. - 2 parqueos techados, para tu comodidad. NO tandem. - Bodega grande de 5 m² para almacenamiento adicional. Datos prácticos - Área de construcción: 137 m² totales. - Mantenimiento mensual: USD $240. - Año de construcción: 2014. - Piso número: 14. - Estacionamientos en torre (bajo techo) Servicios y amenidades - Piscina con borde ¨sin fin¨ - Dos salnes para fiestas y área social. - Play para niños - Cuarto de juego para niños pequeños - Gimnasio bien equipado. - Deck de yoga - Áreas comunes amplias. - Áreas Verdes con senderos. - Parqueo de visitas. - Respaldo eléctrico parcial. - Seguridad 24 horas. Precio - 149,500,000 colones *** Pregunta por el Tour Virtual***",Condo,3 Bedrooms,2 Bathrooms,2 Vehicles,,,,{},Urban,{},,,149500000,CRC,+50684638686,https://photos.encuentra24.com/t_or_fh_m/f_auto/v1/cr/31/89/73/58/31897358_ee49dd|https://photos.encuentra24.com/t_or_fh_m/f_auto/v1/cr/31/89/73/58/31897358_4816aa|https://photos.encuentra24.com/t_or_fh_m/f_auto/v1/cr/31/89/73/58/31897358_b556b1|https://photos.encuentra24.com/t_or_fh_m/f_auto/v1/cr/31/89/73/58/31897358_ec3720|https://photos.encuentra24.com/t_or_fh_m/f_auto/v1/cr/31/89/73/58/31897358_d074fe|https://photos.encuentra24.com/t_or_fh_m/f_auto/v1/cr/31/89/73/58/31897358_48ed53|https://photos.encuentra24.com/t_or_fh_m/f_auto/v1/cr/31/89/73/58/31897358_eaaf16|https://photos.encuentra24.com/t_or_fh_m/f_auto/v1/cr/31/89/73/58/31897358_4e8134|https://photos.encuentra24.com/t_or_fh_m/f_auto/v1/cr/31/89/73/58/31897358_f21335|https://photos.encuentra24.com/t_or_fh_m/f_auto/v1/cr/31/89/73/58/31897358_6d032e|https://photos.encuentra24.com/t_or_fh_m/f_auto/v1/cr/31/89/73/58/31897358_b8b729|https://photos.encuentra24.com/t_or_fh_m/f_auto/v1/cr/31/89/73/58/31897358_5e10c5|https://photos.encuentra24.com/t_or_fh_m/f_auto/v1/cr/31/89/73/58/31897358_4a9d5b|https://photos.encuentra24.com/t_or_fh_m/f_auto/v1/cr/31/89/73/58/31897358_613a98|https://photos.encuentra24.com/t_or_fh_m/f_auto/v1/cr/31/89/73/58/31897358_903d4f|https://photos.encuentra24.com/t_user_logo/v1/users/logo/17/30/10/71/17301071_7d28bc|https://photos.encuentra24.com/t_or_fh_m/f_auto/v1/cr/31/68/74/58/31687458_b81143|https://photos.encuentra24.com/t_or_fh_m/f_auto/v1/cr/32/60/19/28/32601928_b46216|https://photos.encuentra24.com/t_or_fh_m/f_auto/v1/cr/31/97/65/48/31976548_87856cffa358fbfc068a3107ef77d094-d8fd0b7|https://photos.encuentra24.com/t_or_fh_m/f_auto/v1/cr/32/14/73/38/32147338_72735c912318bead40b708ac238bda60-dbeb0ed|https://photos.encuentra24.com/t_or_fh_m/f_auto/v1/cr/32/40/08/78/32400878_bb594e5ab2301040d91ef5f35bf884da-d66a89d|https://photos.encuentra24.com/t_or_fh_m/f_auto/v1/cr/32/46/10/78/32461078_8ea8636|https://photos.encuentra24.com/t_or_fh_m/f_auto/v1/cr/32/24/14/48/32241448_37f1d1d13ba4bd7edadebb824786b2eb-c0699c7|https://photos.encuentra24.com/t_or_fh_m/f_auto/v1/cr/31/89/76/71/31897671_627b3a
encuentra24,31897671,https://www.encuentra24.com/costa-rica-es/bienes-raices-venta-de-propiedades-lotes-y-terrenos/venta-hermoso-terreno-en-la-guacima-de-alajuela/31897671,sale,active,Alajuela provincia,Alajuela,Guácima,VENTA: Hermoso Terreno en La Guácima de Alajuela,"Hermoso Terreno contiguo a la Cancha de Polo de Ciudad Hacienda Los Reyes, en La Guácima de Alajuela. Como parte de nuestra oferta de terrenos, tenemos a la venta un hermoso lote en La Guácima de Alajuela, específicamente en un sector cercano a la Hacienda Los Reyes y su Cancha de Polo. Dimensiones Este espacio cuenta con un frente de 20 metros y una cobertura máxima permitida de un 35% del área total. Por otro lado, los retiros de este lote, es decir, las distancias que se deben dejar de forma obligatoria con respecto a los límites de las propiedades aledañas, son los siguientes: Retiro fontal: 6 metros Retiro posterior: 5 metros Retiros laterales: 2.5 metros Este Terreno cuenta con una ubicación excelente para poder atender la demanda de la población de Ciudad Hacienda Los Reyes y sus alrededores. Contáctanos para obtener más información sobre esta propiedad y cómo este Terreno en La Guácima de Alajuela puede contribuir al éxito de su Negocio.",Land,,2 Bathrooms,,,,"1,000–5,000m²",{},Urban,{},,,105000000,CRC,+50684829872,https://photos.encuentra24.com/t_or_fh_m/f_auto/v1/cr/31/89/76/71/31897671_627b3a|https://photos.encuentra24.com/t_or_fh_m/f_auto/v1/cr/31/89/76/71/31897671_e1b014|https://photos.encuentra24.com/t_or_fh_m/f_auto/v1/cr/31/89/76/71/31897671_73b396|https://photos.encuentra24.com/t_or_fh_m/f_auto/v1/cr/31/89/76/71/31897671_e8aa80|https://photos.encuentra24.com/t_user_logo/v1/users/logo/17/30/10/71/17301071_7d28bc|https://photos.encuentra24.com/t_or_fh_m/f_auto/v1/cr/32/60/54/68/32605468_4f1d65901f1552679ce1da9ef3264890-53f8d2c|https://photos.encuentra24.com/t_or_fh_m/f_auto/v1/cr/32/67/01/37/32670137_3cf6dd5087f10e70d4edc0c65fc7d437-f29867f|https://photos.encuentra24.com/t_or_fh_m/f_auto/v1/cr/32/66/25/37/32662537_73bff5ba18abed863749caae809e85eb-a1a6508|https://photos.encuentra24.com/t_or_fh_m/f_auto/v1/cr/32/06/92/27/32069227_c29f53decb3aff1a080a19a03c95ced9-3ee9e4a|https://photos.encuentra24.com/t_or_fh_m/f_auto/v1/cr/31/71/07/56/31710756_56aacc|https://photos.encuentra24.com/t_or_fh_m/f_auto/v1/cr/31/19/72/66/31197266_9d4c61|https://photos.encuentra24.com/t_or_fh_m/f_auto/v1/cr/31/89/74/16/31897416_e9e376|https://photos.encuentra24.com/t_or_fh_m/f_auto/v1/cr/31/89/73/58/31897358_ee49dd
encuentra24,32390081,https://www.encuentra24.com/costa-rica-es/bienes-raices-venta-de-propiedades-lotes-y-terrenos/lotes-residenciales-en-venta-nosara-guanacaste-terreno-plano-blue-zone-desde-90-000/32390081,sale,active,Guanacaste provincia,Nicoya,Nosara,"Lotes Residenciales en Venta, Nosara, Guanacaste | Terreno Plano | Blue Zone | Desde $90,000","Cinco lotes residenciales planos y listos para construir en Río Montaña, a 10-12 minutos de Nosara y Playa Guiones. Parte del proyecto Aluna, una subdivisión de 9 lotes en la Península de Nicoya, una de las cinco Zonas Azules certificadas del mundo. Los Countryside Lots (C1 al C5) tienen acceso directo por calle pública, con áreas de 1,918 m² a 3,106 m². Todos planos, con agua y electricidad disponibles, debidamente catastrados y registrados. Se venden de forma individual. Precios de $90,000 a $120,000, a $39-$47 por metro cuadrado. Entrada concreta a un corredor con demanda internacional sostenida. Cada lote es una parcela plana con frente directo a la calle pública, sin servidumbres que limiten el área de construcción. Los cinco lotes están organizados en secuencia a lo largo del acceso, con el Río Montaña y los lotes Premium de Aluna al norte. C1: 2,326 m² / 25,037 ft² C2: 3,106 m² / 33,433 ft² C3: 3,038 m² / 32,701 ft² C4: 2,500 m² / 26,909 ft² C5: 1,918 m² / 20,645 ft² Áreas Exteriores y Amenidades El Río Montaña recorre el borde norte del proyecto. La zona es rural y tranquila, con vegetación establecida y sin desarrollos de alta densidad en los alrededores. Río Montaña es una comunidad consolidada con presencia tanto de familias costarricenses como de residentes internacionales. Ubicación y Estilo de Vida Río Montaña está a 10-12 minutos de Nosara y Playa Guiones, con acceso a todo lo que ofrece el corredor: escuelas internacionales, escuelas de surf, estudios de yoga, mercados orgánicos y restaurantes. La Península de Nicoya es una de las cinco Zonas Azules certificadas del mundo. Distancias aproximadas: Playa Guiones, Nosara: 10-12 min Playa Ostional: 20 min Playa San Juanillo: 20-25 min Nicoya: 35-40 min Aeropuerto Internacional Liberia (LIR): aprox. 2 horas ¿Por qué elegir esta propiedad? Terreno plano en una zona de topografía difícil. La mayoría de los lotes disponibles cerca de Nosara están en ladera. El terreno plano reduce los costos de preparación del sitio y la complejidad de construcción de forma significativa. Precio de entrada real al corredor de Nosara. A partir de $90,000 y a $39-$47 por metro cuadrado, los Countryside Lots ofrecen acceso a un mercado con demanda internacional sostenida, a una fracción del costo de los lotes dentro de Nosara. Proyecto consolidado, listo para construir. El terreno está catastrado, subdividido y registrado. Agua y electricidad disponibles. Sin fases futuras ni permisos pendientes.",Land,,2 Bathrooms,,,,"1,000–5,000m²","{""Municipal Water"",""Water"",""Electricity""}",Beachfront|Riverfront|Rural,"{""Flat"",""Steep Slope"",""Build Ready""}",,,90000,USD,+50689322992,https://photos.encuentra24.com/t_or_fh_m/f_auto/v1/cr/32/39/00/81/32390081_3441826841f619f7906fe1b3d7692bf9-43ffec0|https://photos.encuentra24.com/t_or_fh_m/f_auto/v1/cr/32/39/00/81/32390081_3441826841f619f7906fe1b3d7692bf9-fbad296|https://photos.encuentra24.com/t_or_fh_m/f_auto/v1/cr/32/39/00/81/32390081_3441826841f619f7906fe1b3d7692bf9-34f8153|https://photos.encuentra24.com/t_or_fh_m/f_auto/v1/cr/32/39/00/81/32390081_3441826841f619f7906fe1b3d7692bf9-cdb2970|https://photos.encuentra24.com/t_or_fh_m/f_auto/v1/cr/32/39/00/81/32390081_3441826841f619f7906fe1b3d7692bf9-680dee7|https://photos.encuentra24.com/t_or_fh_m/f_auto/v1/cr/32/39/00/81/32390081_3441826841f619f7906fe1b3d7692bf9-1b12aa8|https://photos.encuentra24.com/t_or_fh_m/f_auto/v1/cr/32/39/00/81/32390081_3441826841f619f7906fe1b3d7692bf9-6c18767|https://photos.encuentra24.com/t_or_fh_m/f_auto/v1/cr/32/39/00/81/32390081_3441826841f619f7906fe1b3d7692bf9-4bbf789|https://photos.encuentra24.com/t_or_fh_m/f_auto/v1/cr/32/39/00/81/32390081_3441826841f619f7906fe1b3d7692bf9-85da5ee|https://photos.encuentra24.com/t_or_fh_m/f_auto/v1/cr/32/39/00/81/32390081_bb4a56c|https://photos.encuentra24.com/t_user_logo/v1/users/logo/16/88/19/23/16881923_af130c|https://photos.encuentra24.com/t_or_fh_m/f_auto/v1/cr/32/39/02/23/32390223_7ca1e93c57f7d8fed66410ebde04cb00-4d0a50e|https://photos.encuentra24.com/t_or_fh_m/f_auto/v1/cr/32/01/03/96/32010396_690d351976237643100874b449055599-3141af0|https://photos.encuentra24.com/t_or_fh_m/f_auto/v1/cr/32/61/24/85/32612485_fef655ee9bbf2440a3193fbd7eef437c-bedecc1|https://photos.encuentra24.com/t_or_fh_m/f_auto/v1/cr/32/61/26/28/32612628_bd2ebb505c1d6af757416d122da21037-362d387|https://photos.encuentra24.com/t_or_fh_m/f_auto/v1/cr/32/61/27/90/32612790_9c03f6e2a8c46b4c882af8ecf5e61fd0-ff0e0ec|https://photos.encuentra24.com/t_or_fh_m/f_auto/v1/cr/31/36/34/97/31363497_33fef3|https://photos.encuentra24.com/t_or_fh_m/f_auto/v1/cr/31/96/02/27/31960227_3cad77249e1ad46f799c9560e9aad83d-9e98b71
encuentra24,32390223,https://www.encuentra24.com/costa-rica-es/bienes-raices-venta-de-propiedades-lotes-y-terrenos/lotes-residenciales-en-venta-nosara-guanacaste-frente-a-rio-blue-zone-150-000/32390223,sale,active,Guanacaste provincia,Nicoya,Nosara,"Lotes Residenciales en Venta, Nosara, Guanacaste | Frente a Río | Blue Zone | $150,000","Cuatro lotes residenciales planos y listos para construir en Río Montaña, a 10-12 minutos de Nosara y Playa Guiones. Cada lote tiene frente directo al Río Montaña, con una línea de bosque natural que crea un buffer verde permanente a lo largo del borde del río. Parte del proyecto Aluna, una subdivisión de 9 lotes en la Península de Nicoya, una de las cinco Zonas Azules certificadas del mundo. Los Premium Lots (P1 al P4) ocupan la parte superior del proyecto. Cada uno supera 1.2 acres, es completamente plano, y cuenta con agua y electricidad disponibles. Todos catastrados, subdivididos y registrados individualmente. Se venden por separado, a $150,000 cada uno. A $29-$30 por metro cuadrado, con frente directo al río y una línea de bosque que no puede ser desarrollada ni talada, estos lotes ofrecen una combinación de escala, entorno y privacidad poco común en el corredor de Nosara a este precio. Distribución y Espacios Cada lote es una parcela plana de más de 1.2 acres. El Río Montaña corre a lo largo de un borde, con la línea de bosque natural formando un límite vivo entre el lote y el río. Los cuatro lotes se organizan en secuencia en la parte superior del proyecto, con los Countryside Lots y la calle pública al sur. P1: 5,032 m² / 54,154 ft² / 1.244 acres P2: 5,036 m² / 54,197 ft² / 1.244 acres P3: 5,179 m² / 55,736 ft² / 1.280 acres (el más grande del proyecto) P4: 5,005 m² / 53,873 ft² / 1.237 acres (posición final, vecino en un solo lado) Áreas Exteriores y Amenidades El elemento central de los Premium Lots es el frente al Río Montaña. La línea de bosque natural a lo largo de la ribera es un buffer protegido que recorre todo el límite norte de los lotes. No se puede construir al otro lado. Los árboles permanecen. El río permanece. La zona circundante es rural y tranquila, con vegetación establecida y sin desarrollos de alta densidad en los alrededores. Río Montaña es una comunidad consolidada con presencia de familias costarricenses y residentes internacionales. Ubicación y Estilo de Vida Río Montaña está a 10-12 minutos de Nosara y Playa Guiones, con acceso a escuelas internacionales, escuelas de surf, estudios de yoga, mercados orgánicos y restaurantes. La Península de Nicoya es una de las cinco Zonas Azules certificadas del mundo. Distancias aproximadas: Playa Guiones, Nosara: 10-12 min Playa Ostional: 20 min Playa San Juanillo: 20-25 min Nicoya: 35-40 min Aeropuerto Internacional Liberia (LIR): aprox. 2 horas ¿Por qué elegir esta propiedad? Frente al río con bosque permanente. La línea de bosque natural a lo largo del Río Montaña es un borde que no cambia. No hay construcción posible al otro lado, ni tala autorizada. Es privacidad natural que no depende de quién compre el lote vecino. Más de 1.2 acres planos, listos para construir. A diferencia de la mayoría del terreno disponible cerca de Nosara, estos lotes son completamente planos. Sin nivelación, sin muros de contención, sin costos de preparación del sitio que encarecer el proyecto antes de empezar. Escala y precio difíciles de igualar en el corredor. Cuatro lotes de más de 5,000 m² cada uno, con frente a río, a $29-$30 por metro cuadrado, en un proyecto catastrado, subdividido y registrado, listo para construir. A este precio por metro cuadrado, en esta ubicación, esta combinación es inusual en el mercado actual.",Land,,2 Bathrooms,,,,"5,000m²–1 Hectare","{""Municipal Water"",""Water"",""Electricity""}",Beachfront|Riverfront|Rural,"{""Flat"",""Forested"",""Build Ready""}",,,150000,USD,+50689322992,https://photos.encuentra24.com/t_or_fh_m/f_auto/v1/cr/32/39/02/23/32390223_7ca1e93c57f7d8fed66410ebde04cb00-4d0a50e|https://photos.encuentra24.com/t_or_fh_m/f_auto/v1/cr/32/39/02/23/32390223_7ca1e93c57f7d8fed66410ebde04cb00-6c2307f|https://photos.encuentra24.com/t_or_fh_m/f_auto/v1/cr/32/39/02/23/32390223_7ca1e93c57f7d8fed66410ebde04cb00-53bb092|https://photos.encuentra24.com/t_or_fh_m/f_auto/v1/cr/32/39/02/23/32390223_7ca1e93c57f7d8fed66410ebde04cb00-29aa492|https://photos.encuentra24.com/t_or_fh_m/f_auto/v1/cr/32/39/02/23/32390223_7ca1e93c57f7d8fed66410ebde04cb00-8b86911|https://photos.encuentra24.com/t_or_fh_m/f_auto/v1/cr/32/39/02/23/32390223_7ca1e93c57f7d8fed66410ebde04cb00-d4c0015|https://photos.encuentra24.com/t_or_fh_m/f_auto/v1/cr/32/39/02/23/32390223_7ca1e93c57f7d8fed66410ebde04cb00-0c4a1d6|https://photos.encuentra24.com/t_or_fh_m/f_auto/v1/cr/32/39/02/23/32390223_a51ed53|https://photos.encuentra24.com/t_or_fh_m/f_auto/v1/cr/32/39/02/23/32390223_7ca1e93c57f7d8fed66410ebde04cb00-27aafd8|https://photos.encuentra24.com/t_user_logo/v1/users/logo/16/88/19/23/16881923_af130c|https://photos.encuentra24.com/t_or_fh_m/f_auto/v1/cr/29/35/63/57/29356357_9fb448|https://photos.encuentra24.com/t_or_fh_m/f_auto/v1/cr/32/39/00/81/32390081_3441826841f619f7906fe1b3d7692bf9-43ffec0|https://photos.encuentra24.com/t_or_fh_m/f_auto/v1/cr/32/01/03/96/32010396_690d351976237643100874b449055599-3141af0|https://photos.encuentra24.com/t_or_fh_m/f_auto/v1/cr/32/61/24/85/32612485_fef655ee9bbf2440a3193fbd7eef437c-bedecc1|https://photos.encuentra24.com/t_or_fh_m/f_auto/v1/cr/32/61/26/28/32612628_bd2ebb505c1d6af757416d122da21037-362d387|https://photos.encuentra24.com/t_or_fh_m/f_auto/v1/cr/32/61/27/90/32612790_9c03f6e2a8c46b4c882af8ecf5e61fd0-ff0e0ec|https://photos.encuentra24.com/t_or_fh_m/f_auto/v1/cr/31/36/34/97/31363497_33fef3|https://photos.encuentra24.com/t_or_fh_m/f_auto/v1/cr/31/96/02/27/31960227_3cad77249e1ad46f799c9560e9aad83d-9e98b71
encuentra24,31394661,https://www.encuentra24.com/costa-rica-es/bienes-raices-venta-de-propiedades-casas/casa-amueblada-en-venta-los-reyes-la-guacima-de-alajuela/31394661,sale,active,Alajuela provincia,Alajuela,Guácima,"Casa amueblada en venta, Los Reyes, La Guacima de Alajuela.","Casa de Lujo Estilo Toscano en Hacienda Los Reyes, La Guácima de Alajuela Exclusividad, confort y elegancia en una de las mejores residenciales del país Ubicada en la prestigiosa Ciudad Hacienda Los Reyes, esta magnífica residencia de 600 m² de construcción se levanta sobre un terreno de 1.901 m², compuesto por dos lotes que ofrecen amplitud y privacidad. Su arquitectura de inspiración toscana, materiales de primera calidad y espacios generosos la convierten en una verdadera joya inmobiliaria. Distribución y Espacios • Primer Nivel: • Imponente vestíbulo de bienvenida • Exclusiva cava de vinos • Oficina o dormitorio con baño completo, ideal para visitas o teletrabajo • Amplia sala y comedor integrados que se conectan con una acogedora terraza techada • Cocina espaciosa, de diseño único, con acceso directo a la terraza • Bar completamente amueblado, perfecto para reuniones sociales, también con acceso a la terraza • Baño completo para visitas • Área de lavandería equipada con lavadora y secadora • Cuarto de servicio de excelente tamaño y acabados premium Segundo Nivel: Escaleras amplias y elegantes Sala de TV con sistema de sonido ambiental Cinco habitaciones y tres baños completos Ventanas con filtro especial 3M que reduce la temperatura interior hasta 4°C Características Especiales • Sistema inteligente de iluminación y sonido en toda la casa • Sistema de seguridad con 13 cámaras de vigilancia y alarma • Sistema de riego automático en jardines • Aire acondicionado en todas las habitaciones • Techos de doble altura para mayor confort y frescura Dormitorio Principal • Aire acondicionado • Balcón privado • Baño con doble lavamanos, ducha, jacuzzi y mueble con sobre de mármol • Walk-in closet • Área de estar exclusiva Comodidades y Amenidades • La casa se entrega completamente amueblada • Garaje techado para 3 vehículos y parqueo adicional para 6 autos • Cuota de mantenimiento: US$200 • Acceso al Club Privado de Hacienda Los Reyes: piscinas, canchas de tenis, campo de golf y casa club Precio de Venta US$ 1,150,000.00 Viva en un entorno privilegiado, rodeado de naturaleza, seguridad y todas las comodidades que su familia merece. ¡Una oportunidad única en el mercado!",House,5+ Bedrooms,5+ Bathrooms,4+ Vehicles,,,,{},Riverfront|Rural|Urban,{},Walkable,,1150000,USD,+50686559703,https://photos.encuentra24.com/t_or_fh_m/f_auto/v1/cr/31/39/46/61/31394661_e612b1d|https://photos.encuentra24.com/t_or_fh_m/f_auto/v1/cr/31/39/46/61/31394661_d894cd|https://photos.encuentra24.com/t_or_fh_m/f_auto/v1/cr/31/39/46/61/31394661_c65ac83|https://photos.encuentra24.com/t_or_fh_m/f_auto/v1/cr/31/39/46/61/31394661_4df24ec|https://photos.encuentra24.com/t_or_fh_m/f_auto/v1/cr/31/39/46/61/31394661_27372fb|https://photos.encuentra24.com/t_or_fh_m/f_auto/v1/cr/31/39/46/61/31394661_5a64a83|https://photos.encuentra24.com/t_or_fh_m/f_auto/v1/cr/31/39/46/61/31394661_70def09|https://photos.encuentra24.com/t_or_fh_m/f_auto/v1/cr/31/39/46/61/31394661_93bf99f|https://photos.encuentra24.com/t_or_fh_m/f_auto/v1/cr/31/39/46/61/31394661_062ab96|https://photos.encuentra24.com/t_or_fh_m/f_auto/v1/cr/31/39/46/61/31394661_f798d54|https://photos.encuentra24.com/t_or_fh_m/f_auto/v1/cr/31/39/46/61/31394661_9b2b27e|https://photos.encuentra24.com/t_or_fh_m/f_auto/v1/cr/31/39/46/61/31394661_b5d59fb|https://photos.encuentra24.com/t_or_fh_m/f_auto/v1/cr/31/39/46/61/31394661_41b946b|https://photos.encuentra24.com/t_or_fh_m/f_auto/v1/cr/31/39/46/61/31394661_ed9d3b2|https://photos.encuentra24.com/t_or_fh_m/f_auto/v1/cr/31/39/46/61/31394661_123bbbb|https://photos.encuentra24.com/t_or_fh_m/f_auto/v1/cr/31/39/46/61/31394661_314b367|https://photos.encuentra24.com/t_or_fh_m/f_auto/v1/cr/31/39/46/61/31394661_c043d29|https://photos.encuentra24.com/t_or_fh_m/f_auto/v1/cr/31/39/46/61/31394661_7bb22e3|https://photos.encuentra24.com/t_or_fh_m/f_auto/v1/cr/31/39/46/61/31394661_174c96c|https://photos.encuentra24.com/t_or_fh_m/f_auto/v1/cr/31/39/46/61/31394661_4b35892|https://photos.encuentra24.com/t_user_logo/v1/users/logo/12/69/26/126926_8ea77d|https://photos.encuentra24.com/t_cnseal/v1697642511/cnseal/652ff80f42db6_Verified%20badge.png|https://photos.encuentra24.com/t_cnseal/v1594676252/cnseal/5f0cd41c4a555_Bildschirmfotocccbr.png|https://photos.encuentra24.com/t_or_fh_m/f_auto/v1/cr/32/40/26/08/32402608_4b709c7|https://photos.encuentra24.com/t_or_fh_m/f_auto/v1/cr/32/54/37/18/32543718_fa2668b9cbe5cb4b35796b1a552027eb-503be30|https://photos.encuentra24.com/t_or_fh_m/f_auto/v1/cr/32/53/83/47/32538347_119caa6c5b0de94647cb2d8487547685-5a08d59|https://photos.encuentra24.com/t_or_fh_m/f_auto/v1/cr/32/55/17/46/32551746_8b6dcaf6e9e69068010e927ac438bff6-32da5bf|https://photos.encuentra24.com/t_or_fh_m/f_auto/v1/cr/25/39/49/66/25394966_ff4b2fc|https://photos.encuentra24.com/t_or_fh_m/f_auto/v1/cr/16/66/25/75/16662575_78ee4d|https://photos.encuentra24.com/t_or_fh_m/f_auto/v1/cr/30/94/37/54/30943754_02fd07|https://photos.encuentra24.com/t_or_fh_m/f_auto/v1/cr/28/82/74/68/28827468_15a6f1|https://photos.encuentra24.com/t_or_fh_m/f_auto/v1/cr/29/12/59/66/29125966_089c84|https://photos.encuentra24.com/t_or_fh_m/f_auto/v1/cr/30/13/01/38/30130138_79c76f|https://photos.encuentra24.com/t_or_fh_m/f_auto/v1/cr/31/87/60/39/31876039_1f7f9b|https://photos.encuentra24.com/t_or_fh_m/f_auto/v1/cr/32/46/11/25/32461125_3c9cb8e|https://photos.encuentra24.com/t_or_fh_m/f_auto/v1/cr/32/40/02/52/32400252_c711857|https://photos.encuentra24.com/t_or_fh_m/f_auto/v1/cr/32/50/85/75/32508575_a674c0124e7acbf17e40c4759b31ea5e-c1a1b42
encuentra24,32444419,https://www.encuentra24.com/costa-rica-es/bienes-raices-venta-de-propiedades-casas/venta-de-casa-en-patarra-de-desamparados-eu/32444419,sale,active,San José provincia,Desamparados,,Venta de casa en Patarrá de Desamparados -EU,"La planta baja integra una oficina, sala, comedor y cocina en un ambiente funcional, complementado por una sala de televisión y un baño completo. La propiedad dispone de jardines en los costados frontal, lateral y trasero, los cuales ofrecen un área exterior amplia y privada. Asimismo, la infraestructura incluye un cargador para vehículo eléctrico, adaptándose a las necesidades actuales de movilidad. El segundo nivel alberga tres habitaciones, destacando la principal por su walk-in closet. Una de las habitaciones secundarias posee la versatilidad de adaptarse como terraza o balcón, permitiendo aprovechar la ventilación e iluminación natural. Esta casa, situada en Patarrá de Desamparados, cuenta con 180 metros cuadrados de construcción sobre un terreno de 197 metros cuadrados, además de espacio de garaje para dos vehículos.",House,,4 Bathrooms,2 Vehicles,,,100–500m²,{},,{},Walkable,,80000000,CRC,+50661288111,https://photos.encuentra24.com/t_or_fh_m/f_auto/v1/cr/32/44/44/19/32444419_ea3157a|https://photos.encuentra24.com/t_or_fh_m/f_auto/v1/cr/32/44/44/19/32444419_b7c132d|https://photos.encuentra24.com/t_or_fh_m/f_auto/v1/cr/32/44/44/19/32444419_a581d58|https://photos.encuentra24.com/t_or_fh_m/f_auto/v1/cr/32/44/44/19/32444419_3c661e8|https://photos.encuentra24.com/t_or_fh_m/f_auto/v1/cr/32/44/44/19/32444419_dbac873|https://photos.encuentra24.com/t_or_fh_m/f_auto/v1/cr/32/44/44/19/32444419_2a329b6|https://photos.encuentra24.com/t_or_fh_m/f_auto/v1/cr/32/44/44/19/32444419_b937a20|https://photos.encuentra24.com/t_or_fh_m/f_auto/v1/cr/32/44/44/19/32444419_6df6349|https://photos.encuentra24.com/t_or_fh_m/f_auto/v1/cr/32/44/44/19/32444419_1e23cd6|https://photos.encuentra24.com/t_or_fh_m/f_auto/v1/cr/32/44/44/19/32444419_534f7ac|https://photos.encuentra24.com/t_or_fh_m/f_auto/v1/cr/32/44/44/19/32444419_522fc82|https://photos.encuentra24.com/t_or_fh_m/f_auto/v1/cr/32/44/44/19/32444419_e122a83|https://photos.encuentra24.com/t_or_fh_m/f_auto/v1/cr/32/44/44/19/32444419_f6f54f4|https://photos.encuentra24.com/t_or_fh_m/f_auto/v1/cr/32/44/44/19/32444419_d7a4fd7|https://photos.encuentra24.com/t_or_fh_m/f_auto/v1/cr/32/44/44/19/32444419_4452255|https://photos.encuentra24.com/t_or_fh_m/f_auto/v1/cr/32/44/44/19/32444419_4dc7e40|https://photos.encuentra24.com/t_or_fh_m/f_auto/v1/cr/32/44/44/19/32444419_b35edf7|https://photos.encuentra24.com/t_user_logo/v1/users/logo/17/98/00/1798001_62bc4a|https://photos.encuentra24.com/t_cnseal/v1697642511/cnseal/652ff80f42db6_Verified%20badge.png|https://photos.encuentra24.com/t_or_fh_m/f_auto/v1/cr/32/65/79/45/32657945_5953998e2e5c682f35ce93c37235aacf-deff9b0|https://photos.encuentra24.com/t_or_cvr/f_auto/v1/public/no-img-re.png|https://photos.encuentra24.com/t_or_fh_m/f_auto/v1/cr/32/66/32/34/32663234_7f68b4ba566ed1255b8f2cdefd3ae096-0033a3d|https://photos.encuentra24.com/t_or_fh_m/f_auto/v1/cr/32/36/34/64/32363464_56011348136e1b7175105c9117bb65ce-8c2892c|https://photos.encuentra24.com/t_or_fh_m/f_auto/v1/cr/31/76/10/74/31761074_ab22df|https://photos.encuentra24.com/t_or_fh_m/f_auto/v1/cr/31/66/09/44/31660944_39e7fd|https://photos.encuentra24.com/t_or_fh_m/f_auto/v1/cr/31/97/47/83/31974783_2c676a9003f8bd3f6866d30735962d09-2c7eeea|https://photos.encuentra24.com/t_or_fh_m/f_auto/v1/cr/32/58/52/94/32585294_9f9f00736039f1c9b6a82860e8158924-8e32de9|https://photos.encuentra24.com/t_or_fh_m/f_auto/v1/cr/32/14/71/91/32147191_e203383|https://photos.encuentra24.com/t_or_fh_m/f_auto/v1/cr/31/95/40/92/31954092_f364fd4ed589921977b8747e4bb0ecd0-bc1d05c|https://photos.encuentra24.com/t_or_fh_m/f_auto/v1/cr/31/95/61/57/31956157_79aeb18c68b9afb91420050b529aa150-2de0f94|https://photos.encuentra24.com/t_or_fh_m/f_auto/v1/cr/31/89/01/94/31890194_9be6b13|https://photos.encuentra24.com/t_or_fh_m/f_auto/v1/cr/32/31/25/02/32312502_d10717c7d93bf68886d477874c66a76b-78e343b|https://photos.encuentra24.com/t_or_fh_m/f_auto/v1/cr/32/45/12/22/32451222_46412bc
encuentra24,31954092,https://www.encuentra24.com/costa-rica-es/bienes-raices-venta-de-propiedades-casas/venta-de-casa-en-condominio-km/31954092,sale,active,San José provincia,Moravia,La Trinidad,Venta de Casa en Condominio- KM,"Se vende casa en condominio en Moravia, construcción 100% en block, ideal para familias que buscan confort y seguridad. Planta baja: cochera para 2 vehículos, sala-comedor de concepto abierto, cocina con muebles Euromobilia y sobres de granito importado, medio baño de visitas, bodega externa, patio cementado tipo terraza y amplia zona de lavado. Segunda planta: habitación principal amplia con walk-in closet y baño privado; dos habitaciones secundarias con clóset de pared que comparten baño completo. La vivienda destaca por su buena iluminación y ventilación natural. El condominio ofrece amplias amenidades: seguridad 24/7, con CCTV de seguridad de vigilancia, piscinas temperadas para niños y adultos, casa club equipada, gimnasio con área de pesas y cardio, cancha de fútbol 5 con césped artificial, ranchos BBQ, parque para mascotas, playgrounds, área de crossfit, parqueos para visitas y electricidad subterránea. Vivienda con excelente ubicación dentro del condominio, cerca de todas las amenidades y con parqueo de visitas al frente. Cuota condominal: ¢89.000 mensuales.",Condo,3 Bedrooms,3 Bathrooms,2 Vehicles,,100–200m²,100–500m²,"{""Electricity""}",,{},Walkable,,90000000,CRC,+50688517139,https://photos.encuentra24.com/t_or_fh_m/f_auto/v1/cr/31/95/40/92/31954092_f364fd4ed589921977b8747e4bb0ecd0-bc1d05c|https://photos.encuentra24.com/t_or_fh_m/f_auto/v1/cr/31/95/40/92/31954092_f364fd4ed589921977b8747e4bb0ecd0-775f746|https://photos.encuentra24.com/t_or_fh_m/f_auto/v1/cr/31/95/40/92/31954092_f364fd4ed589921977b8747e4bb0ecd0-ed41b8f|https://photos.encuentra24.com/t_or_fh_m/f_auto/v1/cr/31/95/40/92/31954092_f364fd4ed589921977b8747e4bb0ecd0-04b2b53|https://photos.encuentra24.com/t_or_fh_m/f_auto/v1/cr/31/95/40/92/31954092_f364fd4ed589921977b8747e4bb0ecd0-7382d03|https://photos.encuentra24.com/t_or_fh_m/f_auto/v1/cr/31/95/40/92/31954092_f364fd4ed589921977b8747e4bb0ecd0-ef20258|https://photos.encuentra24.com/t_or_fh_m/f_auto/v1/cr/31/95/40/92/31954092_f364fd4ed589921977b8747e4bb0ecd0-5c5de2a|https://photos.encuentra24.com/t_or_fh_m/f_auto/v1/cr/31/95/40/92/31954092_f364fd4ed589921977b8747e4bb0ecd0-275264c|https://photos.encuentra24.com/t_or_fh_m/f_auto/v1/cr/31/95/40/92/31954092_f364fd4ed589921977b8747e4bb0ecd0-3fc3ac2|https://photos.encuentra24.com/t_or_fh_m/f_auto/v1/cr/31/95/40/92/31954092_f364fd4ed589921977b8747e4bb0ecd0-9cfc2be|https://photos.encuentra24.com/t_or_fh_m/f_auto/v1/cr/31/95/40/92/31954092_f364fd4ed589921977b8747e4bb0ecd0-63d53c2|https://photos.encuentra24.com/t_or_fh_m/f_auto/v1/cr/31/95/40/92/31954092_f364fd4ed589921977b8747e4bb0ecd0-66e4dfc|https://photos.encuentra24.com/t_or_fh_m/f_auto/v1/cr/31/95/40/92/31954092_f364fd4ed589921977b8747e4bb0ecd0-a1de9c1|https://photos.encuentra24.com/t_or_fh_m/f_auto/v1/cr/31/95/40/92/31954092_f364fd4ed589921977b8747e4bb0ecd0-f03bab2|https://photos.encuentra24.com/t_or_fh_m/f_auto/v1/cr/31/95/40/92/31954092_f364fd4ed589921977b8747e4bb0ecd0-43b7a32|https://photos.encuentra24.com/t_user_logo/v1/users/logo/17/98/00/1798001_62bc4a|https://photos.encuentra24.com/t_cnseal/v1697642511/cnseal/652ff80f42db6_Verified%20badge.png|https://photos.encuentra24.com/t_or_fh_m/f_auto/v1/cr/23/90/27/80/23902780_72482a|https://photos.encuentra24.com/t_or_fh_m/f_auto/v1/cr/32/67/08/08/32670808_4fffb09b9c93aeb1f2774fb5341916df-e3f4d74|https://photos.encuentra24.com/t_or_fh_m/f_auto/v1/cr/32/47/70/78/32477078_0b67483|https://photos.encuentra24.com/t_or_fh_m/f_auto/v1/cr/31/25/48/18/31254818_baa420|https://photos.encuentra24.com/t_or_fh_m/f_auto/v1/cr/28/31/35/98/28313598_8624a0|https://photos.encuentra24.com/t_or_fh_m/f_auto/v1/cr/31/93/38/16/31933816_6656320953a4403380b050c65840128f-f2a26ea|https://photos.encuentra24.com/t_or_fh_m/f_auto/v1/cr/32/55/72/45/32557245_841cf73cf9ee0c827635c9700356653d-ae9bae5|https://photos.encuentra24.com/t_or_fh_m/f_auto/v1/cr/32/58/52/94/32585294_9f9f00736039f1c9b6a82860e8158924-8e32de9|https://photos.encuentra24.com/t_or_fh_m/f_auto/v1/cr/32/14/71/91/32147191_e203383|https://photos.encuentra24.com/t_or_fh_m/f_auto/v1/cr/31/95/61/57/31956157_79aeb18c68b9afb91420050b529aa150-2de0f94|https://photos.encuentra24.com/t_or_fh_m/f_auto/v1/cr/32/44/44/19/32444419_ea3157a|https://photos.encuentra24.com/t_or_fh_m/f_auto/v1/cr/31/89/01/94/31890194_9be6b13|https://photos.encuentra24.com/t_or_fh_m/f_auto/v1/cr/32/31/25/02/32312502_d10717c7d93bf68886d477874c66a76b-78e343b|https://photos.encuentra24.com/t_or_fh_m/f_auto/v1/cr/32/45/12/22/32451222_46412bc
encuentra24,31890194,https://www.encuentra24.com/costa-rica-es/bienes-raices-venta-de-propiedades-casas/venta-de-apartamento-en-tibas-km/31890194,sale,active,San José provincia,Tibás,Cinco Esquinas,Venta de Apartamento en Tibás - KM,"Se vende apartamento en primera planta con jardín ubicado en Torre con seguridad y excelentes amenidades. Ideal para inversión. Cuenta con cocina equipada con línea blanca y desayunador. Cuarto de pila torre de lavado y calentador de água. Amplios ventanales, jardín en verde. Dos baños completos uno dispuesto para las visitas. Habitación con walkincloset y baño privado completo. La distribución del apartamento permite que se construya una segunda habitación. El condominio cuenta con piscina, gimnasio, parque para niños, sala para eventos, cancha multiusos, seguridad con control de acceso con guarda 24/7",Condo,1 Bedroom,1 Bathroom,1 Vehicle,,,,"{""Water""}",,{},Walkable,,135000,USD,+50686349090,https://photos.encuentra24.com/t_or_fh_m/f_auto/v1/cr/31/89/01/94/31890194_9be6b13|https://photos.encuentra24.com/t_or_fh_m/f_auto/v1/cr/31/89/01/94/31890194_184d7f6|https://photos.encuentra24.com/t_or_fh_m/f_auto/v1/cr/31/89/01/94/31890194_d4cb23b|https://photos.encuentra24.com/t_or_fh_m/f_auto/v1/cr/31/89/01/94/31890194_4500ab4|https://photos.encuentra24.com/t_or_fh_m/f_auto/v1/cr/31/89/01/94/31890194_c308b11|https://photos.encuentra24.com/t_or_fh_m/f_auto/v1/cr/31/89/01/94/31890194_8a84ad2|https://photos.encuentra24.com/t_or_fh_m/f_auto/v1/cr/31/89/01/94/31890194_29fb988|https://photos.encuentra24.com/t_or_fh_m/f_auto/v1/cr/31/89/01/94/31890194_f8a9e74|https://photos.encuentra24.com/t_or_fh_m/f_auto/v1/cr/31/89/01/94/31890194_65c184e|https://photos.encuentra24.com/t_or_fh_m/f_auto/v1/cr/31/89/01/94/31890194_f3254c8|https://photos.encuentra24.com/t_or_fh_m/f_auto/v1/cr/31/89/01/94/31890194_170ab0e|https://photos.encuentra24.com/t_or_fh_m/f_auto/v1/cr/31/89/01/94/31890194_2fec0c1|https://photos.encuentra24.com/t_user_logo/v1/users/logo/17/98/00/1798001_62bc4a|https://photos.encuentra24.com/t_cnseal/v1697642511/cnseal/652ff80f42db6_Verified%20badge.png|https://photos.encuentra24.com/t_or_fh_m/f_auto/v1/cr/31/46/17/15/31461715_3be825|https://photos.encuentra24.com/t_or_fh_m/f_auto/v1/cr/32/61/36/30/32613630_3e75484e268c7948a2956cb77da8f38d-359e909|https://photos.encuentra24.com/t_or_fh_m/f_auto/v1/cr/32/58/52/94/32585294_9f9f00736039f1c9b6a82860e8158924-8e32de9|https://photos.encuentra24.com/t_or_fh_m/f_auto/v1/cr/32/14/71/91/32147191_e203383|https://photos.encuentra24.com/t_or_fh_m/f_auto/v1/cr/31/95/40/92/31954092_f364fd4ed589921977b8747e4bb0ecd0-bc1d05c|https://photos.encuentra24.com/t_or_fh_m/f_auto/v1/cr/31/95/61/57/31956157_79aeb18c68b9afb91420050b529aa150-2de0f94|https://photos.encuentra24.com/t_or_fh_m/f_auto/v1/cr/32/44/44/19/32444419_ea3157a|https://photos.encuentra24.com/t_or_fh_m/f_auto/v1/cr/32/31/25/02/32312502_d10717c7d93bf68886d477874c66a76b-78e343b|https://photos.encuentra24.com/t_or_fh_m/f_auto/v1/cr/32/45/12/22/32451222_46412bc
encuentra24,32401889,https://www.encuentra24.com/costa-rica-es/bienes-raices-venta-de-propiedades-lotes-y-terrenos/se-vende-preciosa-quinta-con-impresionante-vista-como-la-del-mirador-de-ujarras/32401889,sale,active,Cartago provincia,Paraíso,Paraíso Centro,Se Vende Preciosa Quinta con Impresionante Vista como la del Mirador de Ujarras,"Se vende preciosa quinta de descanso con una increíble vista hacia el Valle de Ujarrás ubicada en Paraíso de Cartago, muy cerca del mirador de Ujarrás, toda enzacatada, con cancha de fútbol y muchos jardines! La propiedad tiene 7800m2 de terreno, en los cuales hay 3 construcciones: 1-Casa de aproximadamente 65m2 en block con techo de teja de Plycem en fibrocemento y verjas: la cual tiene 2 dormitorios, 1 baño, cuarto de pilas y cocina/sala. 2-Casa para cuidador o jardinero de la quinta de aproximadamente 55m2, prefabricada con verjas, la cual tiene 2 dormitorios, 1 baño, cuarto de pilas, cocina/sala, con cubierta de techo de zinc imitación teja, además tiene un baño completo en la parte de afuera más una bodega. 3-Rancho de aproximadamente 60m2, construido en block, el cual cuenta con bodega amplia (con todas las paredes en concreto reforzado), 2 baños con inodoro separados y una ducha separada, lavatorio en pasillo, rancho con fregadero y área para sentarse, además de área de BBQ, la cubierta de techo en fibrocemento tipo teja de Plycem. Todo el perímetro de la quinta tiene cerca de alambre de púas con bambú ya adulto y tupido. Toda la quinta tiene zacate San Agustín, amplias áreas verdes con árboles frutales de muchos tipos como cas, limón dulce, limón acido (3 clases), naranja, mandarinas, guayaba, nispero, guayabita del perú, manzana de agua, guayaba-cas, mora, durazno y algunos cultivos como yuca y medicinales. Los jardines tienen muchos tipos de plantas, flores, arboles y arbustos. Cancha de fútbol al frente del rancho. Cuenta con un parqueo bien amplio en el que han parqueado unos 14 carros. Las gradas centrales en piedra llevan a la parte espectacular de la quinta (también tiene acceso por calle en lastre con muros de piedra y contención a un costado), que es la super vista de revista donde se puede observar todo el Valle de Ujarrás y el lago de Cachí con sus montañas, cuenta con una amplia explanada lista para construir ya sea la casa de sus sueños o un gran rancho para sus actividades y fiestas, las imágenes hablan por si sólas. El uso de suelo de la zona permite construir casa de habitación, rancho para actividades...no se permite cabinas ni hotel, pero esto en un futuro podría cambiar. La entrada principal cuenta con muros de piedra y concreto, cubierta en teja de fibrocemento de Plycem con 2 portones anchos y altos en madera y metal con techo. La inversión para comprar esta bellísima propiedad es de $660.000 (la cual cuenta con avalúo profesional). No se reciben otras propiedades ni otros bienes. ¡Si está interesado no dude en contactarme!",House,,2 Bathrooms,,,,"5,000m²–1 Hectare","{""Municipal Water"",""Water""}",Riverfront|Lakefront,"{""River Valley""}",,,660000,USD,+50688567070,https://photos.encuentra24.com/t_or_fh_m/f_auto/v1/cr/32/40/18/89/32401889_f2385a410bca26f72119e6124af8380e-8310ac6|https://photos.encuentra24.com/t_or_fh_m/f_auto/v1/cr/32/40/18/89/32401889_f2385a410bca26f72119e6124af8380e-82141cb|https://photos.encuentra24.com/t_or_fh_m/f_auto/v1/cr/32/40/18/89/32401889_f2385a410bca26f72119e6124af8380e-e0eb73c|https://photos.encuentra24.com/t_or_fh_m/f_auto/v1/cr/32/40/18/89/32401889_f2385a410bca26f72119e6124af8380e-9cd5efe|https://photos.encuentra24.com/t_or_fh_m/f_auto/v1/cr/32/40/18/89/32401889_f2385a410bca26f72119e6124af8380e-476fefa|https://photos.encuentra24.com/t_or_fh_m/f_auto/v1/cr/32/40/18/89/32401889_f2385a410bca26f72119e6124af8380e-ca2bf80|https://photos.encuentra24.com/t_or_fh_m/f_auto/v1/cr/32/40/18/89/32401889_f2385a410bca26f72119e6124af8380e-003756f|https://photos.encuentra24.com/t_or_fh_m/f_auto/v1/cr/32/40/18/89/32401889_f2385a410bca26f72119e6124af8380e-75299e9|https://photos.encuentra24.com/t_or_fh_m/f_auto/v1/cr/32/40/18/89/32401889_f2385a410bca26f72119e6124af8380e-71bd959|https://photos.encuentra24.com/t_or_fh_m/f_auto/v1/cr/32/40/18/89/32401889_f2385a410bca26f72119e6124af8380e-507419c|https://photos.encuentra24.com/t_or_fh_m/f_auto/v1/cr/32/40/18/89/32401889_f2385a410bca26f72119e6124af8380e-0340a85|https://photos.encuentra24.com/t_or_fh_m/f_auto/v1/cr/32/40/18/89/32401889_f2385a410bca26f72119e6124af8380e-b59b6fb|https://photos.encuentra24.com/t_or_fh_m/f_auto/v1/cr/32/40/18/89/32401889_f2385a410bca26f72119e6124af8380e-f6ee2cd|https://photos.encuentra24.com/t_or_fh_m/f_auto/v1/cr/32/40/18/89/32401889_f2385a410bca26f72119e6124af8380e-e072fce|https://photos.encuentra24.com/t_or_fh_m/f_auto/v1/cr/32/40/18/89/32401889_f2385a410bca26f72119e6124af8380e-05fc356|https://photos.encuentra24.com/t_or_fh_m/f_auto/v1/cr/32/18/83/33/32188333_8b03166475a6c50883b59c937dafe778-33aec40|https://photos.encuentra24.com/t_or_fh_m/f_auto/v1/cr/31/92/34/65/31923465_0076c5|https://photos.encuentra24.com/t_or_fh_m/f_auto/v1/cr/31/86/55/80/31865580_43ab2c|https://photos.encuentra24.com/t_or_fh_m/f_auto/v1/cr/32/40/17/55/32401755_a77d6f90200980c9a662c629a1051e09-34198c7
encuentra24,32673502,https://www.encuentra24.com/costa-rica-es/bienes-raices-venta-de-propiedades-lotes-y-terrenos/precio-reducido-lote-para-desarrollo-con-15-disponibilidades-de-agua-en-artola/32673502,sale,active,Guanacaste provincia,Carrillo,Sardinal,Precio Reducido | Lote para Desarrollo con 15 Disponibilidades de Agua en Artola,"Descubre esta hermosa propiedad de 10,317 m² en Artola, Guanacaste, un rincón rodeado de naturaleza donde la tranquilidad y la belleza escénica se combinan a la perfección. El terreno está rodeado de árboles y cuenta con un pintoresco río, creando un ambiente único y sereno ideal para desarrollar un proyecto habitacional o turístico. Además, la propiedad ya cuenta con un anteproyecto listo para la construcción de 14 casas, perfectas para renta a largo plazo o plataformas como Airbnb. Se vende únicamente la propiedad (no incluye construcción). Características principales: • Área total: 10,317 m² • Anteproyecto: diseño listo para construir 14 casas (renta o Airbnb) • Disponibilidades de agua: 15 en total • Uso de suelo: apto para construcción de apartamentos o proyectos habitacionales • Servicios: electricidad y agua disponibles para desarrollar de inmediato • Accesos: ingreso desde carretera principal y ruta alterna Ubicación estratégica: • A solo 20 minutos de playas como Flamingo, Potrero, Penca y Playa del Coco • Cerca de proyectos de alto crecimiento como Zapotal y Las Catalinas, garantizando valorización continua • Hoteles y resorts de renombre, como el Riu, a pocos minutos ¿Por qué elegir esta propiedad? Porque combina un entorno natural incomparable, ubicación estratégica, acceso completo a servicios, plusvalía garantizada y un anteproyecto ya listo, lo que te permite ahorrar tiempo y avanzar rápidamente con tu desarrollo inmobiliario. ¡No dejes pasar esta oportunidad! Contáctanos hoy mismo para más información o para coordinar una visita.",Condo,,2 Bathrooms,,,,1–5 Hectares,"{""Municipal Water"",""Water"",""Electricity""}",Beachfront,"{""Build Ready""}",,,185000,USD,+50688476556,https://photos.encuentra24.com/t_or_fh_m/f_auto/v1/cr/32/67/35/02/32673502_540bbb2257c75a3bbc674bbdfd410abf-c3968a3|https://photos.encuentra24.com/t_or_fh_m/f_auto/v1/cr/32/67/35/02/32673502_540bbb2257c75a3bbc674bbdfd410abf-f62f30e|https://photos.encuentra24.com/t_or_fh_m/f_auto/v1/cr/32/67/35/02/32673502_540bbb2257c75a3bbc674bbdfd410abf-1e6645f|https://photos.encuentra24.com/t_or_fh_m/f_auto/v1/cr/32/67/35/02/32673502_540bbb2257c75a3bbc674bbdfd410abf-6012fb8|https://photos.encuentra24.com/t_or_fh_m/f_auto/v1/cr/32/67/35/02/32673502_540bbb2257c75a3bbc674bbdfd410abf-0407253|https://photos.encuentra24.com/t_or_fh_m/f_auto/v1/cr/32/67/35/02/32673502_540bbb2257c75a3bbc674bbdfd410abf-e9d5c7b|https://photos.encuentra24.com/t_or_fh_m/f_auto/v1/cr/32/67/35/02/32673502_540bbb2257c75a3bbc674bbdfd410abf-c580c0e|https://photos.encuentra24.com/t_or_fh_m/f_auto/v1/cr/28/19/12/95/28191295_721cc3|https://photos.encuentra24.com/t_or_fh_m/f_auto/v1/cr/31/94/94/30/31949430_d414a6ac744a7d005425035a7a616b23-415acfd|https://photos.encuentra24.com/t_or_fh_m/f_auto/v1/cr/32/30/19/69/32301969_93db7cc44022791019b30902fb136860-fdd0200|https://photos.encuentra24.com/t_or_fh_m/f_auto/v1/cr/32/35/11/97/32351197_f94d9bd08c56e99a56de96332217663c-09873d7|https://photos.encuentra24.com/t_or_fh_m/f_auto/v1/cr/29/83/78/37/29837837_af15cc|https://photos.encuentra24.com/t_or_fh_m/f_auto/v1/cr/28/19/14/11/28191411_731111|https://photos.encuentra24.com/t_or_fh_m/f_auto/v1/cr/25/61/49/77/25614977_becfe6|https://photos.encuentra24.com/t_or_fh_m/f_auto/v1/cr/32/30/23/69/32302369_e492c99377f19dcc33bc4885c72dba49-dd9002e|https://photos.encuentra24.com/t_or_fh_m/f_auto/v1/cr/32/49/52/34/32495234_56d8d16539ec104158c607e619cd7bba-7ffdd4f|https://photos.encuentra24.com/t_or_fh_m/f_auto/v1/cr/32/49/52/78/32495278_69750ee5bd3bbef1ed9d110911a2db15-15d3658|https://photos.encuentra24.com/t_or_fh_m/f_auto/v1/cr/32/59/99/41/32599941_04bbe9e7ae8fca57f2d506cef5d1a1c9-88b9607|https://photos.encuentra24.com/t_or_fh_m/f_auto/v1/cr/32/41/04/66/32410466_8bfe46f21d706b26a2b2fe3688ed31d9-6081ecc|https://photos.encuentra24.com/t_or_fh_m/f_auto/v1/cr/32/62/13/04/32621304_7ef47e28e89ec702610652e1f52e21ff-43ed763|https://photos.encuentra24.com/t_or_fh_m/f_auto/v1/cr/31/95/04/72/31950472_3cec0bfe9097d977bc22d14fc671cf65-d3fb49b
encuentra24,32067491,https://www.encuentra24.com/costa-rica-es/bienes-raices-venta-de-propiedades-casas/desarrolla-tu-proyecto-comercial-o-habitacional-en-un-punto-de-maxima-visibilidad/32067491,sale,active,San José provincia,Goicoechea,Ipis,Desarrolla TU Proyecto Comercial o Habitacional en un Punto de Máxima Visibilidad,"Inversión estratégica con alto potencial comercial - Ipís de Guadalupe Propiedad amplia, en ubicación altamente comercial, frente a uno de los supermercados de mayor tránsito en Ipís y a pocos metros de la vía principal. Zona de alto flujo, excelente visibilidad y plusvalía comprobada. Cuenta con casa de cinco habitaciones, sólida y bien construida; aunque de algunos años, es totalmente remodelable y permite aprovechar el resto del terreno para desarrollo habitacional, proyecto comercial o expansión según su estrategia de inversión. Uso de suelo mixto que maximiza las posibilidades. Oportunidad ideal para inversionistas y desarrolladores que buscan ubicación, exposición y retorno potencial en una zona consolidada.",House,,5+ Bathrooms,2 Vehicles,,,100–500m²,{},,{},,,125000000,CRC,+50683163406,https://photos.encuentra24.com/t_or_fh_m/f_auto/v1/cr/32/06/74/91/32067491_05e0fdf3898cc1e863096e6cf37c95d4-67c870e|https://photos.encuentra24.com/t_or_fh_m/f_auto/v1/cr/32/06/74/91/32067491_05e0fdf3898cc1e863096e6cf37c95d4-5d21234|https://photos.encuentra24.com/t_or_fh_m/f_auto/v1/cr/32/06/74/91/32067491_05e0fdf3898cc1e863096e6cf37c95d4-16378b8|https://photos.encuentra24.com/t_or_fh_m/f_auto/v1/cr/32/06/74/91/32067491_05e0fdf3898cc1e863096e6cf37c95d4-e838f29|https://photos.encuentra24.com/t_or_fh_m/f_auto/v1/cr/32/06/74/91/32067491_05e0fdf3898cc1e863096e6cf37c95d4-3ff7843|https://photos.encuentra24.com/t_or_fh_m/f_auto/v1/cr/32/06/74/91/32067491_05e0fdf3898cc1e863096e6cf37c95d4-859ab30|https://photos.encuentra24.com/t_or_fh_m/f_auto/v1/cr/32/06/74/91/32067491_05e0fdf3898cc1e863096e6cf37c95d4-1100eee|https://photos.encuentra24.com/t_or_fh_m/f_auto/v1/cr/32/06/74/91/32067491_05e0fdf3898cc1e863096e6cf37c95d4-9980ce5|https://photos.encuentra24.com/t_or_fh_m/f_auto/v1/cr/32/06/74/91/32067491_05e0fdf3898cc1e863096e6cf37c95d4-08dfd3b|https://photos.encuentra24.com/t_or_fh_m/f_auto/v1/cr/32/06/74/91/32067491_05e0fdf3898cc1e863096e6cf37c95d4-c39010d|https://photos.encuentra24.com/t_or_fh_m/f_auto/v1/cr/32/06/74/91/32067491_05e0fdf3898cc1e863096e6cf37c95d4-c3843a8|https://photos.encuentra24.com/t_or_fh_m/f_auto/v1/cr/32/06/74/91/32067491_05e0fdf3898cc1e863096e6cf37c95d4-54fba97|https://photos.encuentra24.com/t_or_fh_m/f_auto/v1/cr/32/06/74/91/32067491_05e0fdf3898cc1e863096e6cf37c95d4-73be840|https://photos.encuentra24.com/t_or_fh_m/f_auto/v1/cr/32/06/74/91/32067491_05e0fdf3898cc1e863096e6cf37c95d4-8fd07a6|https://photos.encuentra24.com/t_user_logo/v1/users/logo/52/08/96/5208967_69fa68|https://photos.encuentra24.com/t_or_fh_m/f_auto/v1/cr/32/37/79/37/32377937_97a29b3f56f9137f81abcc7aa601b897-327433a|https://photos.encuentra24.com/t_or_fh_m/f_auto/v1/cr/32/01/96/64/32019664_22e29437f335b0ad00aaee8e95d0ae76-581687b|https://photos.encuentra24.com/t_or_fh_m/f_auto/v1/cr/29/56/82/39/29568239_507898|https://photos.encuentra24.com/t_or_fh_m/f_auto/v1/cr/31/96/79/78/31967978_98de61d|https://photos.encuentra24.com/t_or_fh_m/f_auto/v1/cr/31/50/78/15/31507815_244d48|https://photos.encuentra24.com/t_or_fh_m/f_auto/v1/cr/31/80/08/53/31800853_6809ea|https://photos.encuentra24.com/t_or_fh_m/f_auto/v1/cr/31/71/17/22/31711722_026f4b|https://photos.encuentra24.com/t_or_fh_m/f_auto/v1/cr/32/34/81/28/32348128_5314450eeaa10cf4eb4c1f9fb2dd48a0-891def7|https://photos.encuentra24.com/t_or_fh_m/f_auto/v1/cr/32/67/29/44/32672944_5297047087461bedce9c3a8a7d4c22fa-d358f70|https://photos.encuentra24.com/t_or_fh_m/f_auto/v1/cr/32/58/69/60/32586960_b52137185a8d09cb8a4fa6d6f3554bb9-6c947a9|https://photos.encuentra24.com/t_or_fh_m/f_auto/v1/cr/32/00/93/95/32009395_85c18fc69cc57a35010f524c31e0d68f-0971f0e|https://photos.encuentra24.com/t_or_fh_m/f_auto/v1/cr/32/64/58/60/32645860_f3d55dd2026b7b465073c55250dca2ee-42b0b6d|https://photos.encuentra24.com/t_or_fh_m/f_auto/v1/cr/32/66/78/47/32667847_cc3b81d3fa32115f95a169ebbc985bac-3fd4c00|https://photos.encuentra24.com/t_or_fh_m/f_auto/v1/cr/32/67/02/54/32670254_4ab3054c57d7188a76bdd5892c730ad3-e0a24d4
encuentra24,32000083,https://www.encuentra24.com/costa-rica-es/bienes-raices-venta-de-propiedades-casas/casa-en-venta-en-moravia-residencial-abierto-1-planta-5pjg9789035/32000083,sale,active,San José provincia,Moravia,San Vicente,"Casa en Venta, en Moravia, Residencial Abierto,1 Planta,:5PJG9789035","CODIGO: PJG9789035 Casa en Venta de Una Planta, Ideal para Adultos Mayores o personas que no desean subir gradas, con Aposentos ventilados e iluminados de Luz Natural, con Previstas para segundo piso, en Residencial Abierto, con seguridad por camaras y Guarda en la calle,24/7. Zona muy Segura. . Resumen de la Propiedad: Area de Lote: 160,55 M2 Area de Construccion: 160,55 M2 Precio de Ventas: Colones 2 Cocheras 3 Habitaciones 2 Baños Sala Comedor Cocina Independiente Cuarto de Pilas Patio Ceramica 20 M2 Sala de TV Atico . Descripcion de la Propiedad: Casa de una planta que consta de dos cocheras, con porton electrico y acceso para peatones, sala-comedor, cocina independiente, con muebles y sobres de melamine en muy buenas condiciones, incluye estufa de microceramica, con horno, extractor de grasa y lavaplatos automatico, en perfecto funcionamiento, cuarto de pilas de buen tamaño para lavadora y secadora por separado, patio trasero con piso de ceramica, de aproximadamente 18 a 20 m2, sin embargo se puede cambiar por zacate a gusto del cliente, con acceso a habitaciones secundarias por puertas corredizas de aluminio PVC con cristales oscuros, sala de TV o Hall de Alcobas, dos habitaciones secundrias de 12 m2 aproximadamente para cama matrimonial con closets con puertas en romanilla y muebles internos de excelente calidad en melamine, una de estas habitaciones posee un atico de 12 m2, estas habitaciones comparten un baño secundario, que consta de lavatorio moderno, con sobre de granito y mueble de melamine en excelente estado, inodoro y area de ducha con manpara de cristal de seguridad, habitacion principal para cama king de 25 M2, con closet de pared a pared con puertas de romanilla y acabados internos de melamine de primera, baño con lavatorio con sobre y mueble de melamine muy bien cuidado, area de ducha con tina y ducha con puertas corredizas en cristal con marcos de aluminio PVC . Los pisos son de ceramica, paredes tanto internas como externas en blocks, cielos rasos de buena altura lo que da amplitud y frescura en toda la casa, con cornisas, rodapies, puertas y ventanas de madera de cedro, con excelente mantenimiento. Posee previstas para un segundo piso. . Descripcion de la Zona: Parada de buses cercanas, abastecedores, supermercados, panaderias, centros de salud, Pequeño Mundo, Megasuper, Pali, Supermercados, sodas, restaurantes, colegios y universidades, diferentes vias de acceso, etc.",House,,2 Bathrooms,2 Vehicles,,100–200m²,100–500m²,"{""Electricity""}",Riverfront|Urban,"{""Steep Slope""}",,,95000000,CRC,+50683530096,https://photos.encuentra24.com/t_or_fh_m/f_auto/v1/cr/32/00/00/83/32000083_5b8773|https://photos.encuentra24.com/t_or_fh_m/f_auto/v1/cr/32/00/00/83/32000083_a1ea21|https://photos.encuentra24.com/t_or_fh_m/f_auto/v1/cr/32/00/00/83/32000083_b35325|https://photos.encuentra24.com/t_or_fh_m/f_auto/v1/cr/32/00/00/83/32000083_987b95|https://photos.encuentra24.com/t_or_fh_m/f_auto/v1/cr/32/00/00/83/32000083_4ceb36|https://photos.encuentra24.com/t_or_fh_m/f_auto/v1/cr/32/00/00/83/32000083_72465b|https://photos.encuentra24.com/t_or_fh_m/f_auto/v1/cr/32/00/00/83/32000083_dab450|https://photos.encuentra24.com/t_or_fh_m/f_auto/v1/cr/32/00/00/83/32000083_e4166e|https://photos.encuentra24.com/t_or_fh_m/f_auto/v1/cr/32/00/00/83/32000083_00b62c|https://photos.encuentra24.com/t_or_fh_m/f_auto/v1/cr/32/00/00/83/32000083_87ea9d|https://photos.encuentra24.com/t_or_fh_m/f_auto/v1/cr/32/00/00/83/32000083_99d232|https://photos.encuentra24.com/t_or_fh_m/f_auto/v1/cr/32/00/00/83/32000083_71aa52|https://photos.encuentra24.com/t_or_fh_m/f_auto/v1/cr/32/00/00/83/32000083_1f3736|https://photos.encuentra24.com/t_or_fh_m/f_auto/v1/cr/32/00/00/83/32000083_19f78c|https://photos.encuentra24.com/t_or_fh_m/f_auto/v1/cr/32/00/00/83/32000083_ba58a2|https://photos.encuentra24.com/t_or_fh_m/f_auto/v1/cr/32/00/00/83/32000083_f21ab6|https://photos.encuentra24.com/t_or_fh_m/f_auto/v1/cr/32/00/00/83/32000083_7f42a7|https://photos.encuentra24.com/t_or_fh_m/f_auto/v1/cr/32/00/00/83/32000083_644083|https://photos.encuentra24.com/t_or_fh_m/f_auto/v1/cr/32/00/00/83/32000083_b1a77f|https://photos.encuentra24.com/t_or_fh_m/f_auto/v1/cr/32/00/00/83/32000083_8ff787|https://photos.encuentra24.com/t_user_logo/v1/users/logo/63/57/63578_d5a40c|https://photos.encuentra24.com/t_cnseal/v1594676252/cnseal/5f0cd41c4a555_Bildschirmfotocccbr.png|https://photos.encuentra24.com/t_cnseal/v1697642511/cnseal/652ff80f42db6_Verified%20badge.png|https://photos.encuentra24.com/t_or_fh_m/f_auto/v1/cr/30/98/81/48/30988148_66244e|https://photos.encuentra24.com/t_or_fh_m/f_auto/v1/cr/32/42/52/98/32425298_71a84de9d05ae531310060d7c638b3d1-d0cc77c|https://photos.encuentra24.com/t_or_fh_m/f_auto/v1/cr/30/56/57/28/30565728_e04466|https://photos.encuentra24.com/t_or_fh_m/f_auto/v1/cr/32/55/48/77/32554877_f6097b1|https://photos.encuentra24.com/t_or_fh_m/f_auto/v1/cr/32/63/84/17/32638417_a2c28d038d36f98f10fdc9682795bf1d-57cc8fc|https://photos.encuentra24.com/t_or_fh_m/f_auto/v1/cr/32/58/75/67/32587567_08c8249d1ac3c87b25ee84e52d14737b-4a0102f|https://photos.encuentra24.com/t_or_fh_m/f_auto/v1/cr/31/29/52/86/31295286_93b1218|https://photos.encuentra24.com/t_or_fh_m/f_auto/v1/cr/32/57/92/00/32579200_bac84e|https://photos.encuentra24.com/t_or_fh_m/f_auto/v1/cr/32/39/30/12/32393012_0a4538|https://photos.encuentra24.com/t_or_fh_m/f_auto/v1/cr/32/40/59/61/32405961_a6c8fc|https://photos.encuentra24.com/t_or_fh_m/f_auto/v1/cr/30/95/84/54/30958454_36209b|https://photos.encuentra24.com/t_or_fh_m/f_auto/v1/cr/31/76/28/96/31762896_4abf0d|https://photos.encuentra24.com/t_or_fh_m/f_auto/v1/cr/30/51/71/58/30517158_bdd06f|https://photos.encuentra24.com/t_or_fh_m/f_auto/v1/cr/30/51/71/82/30517182_8fdb86
encuentra24,30958454,https://www.encuentra24.com/costa-rica-es/bienes-raices-venta-de-propiedades-casas/casa-en-venta-en-moravia-una-planta-casa-independiente-5pdc9294182/30958454,sale,active,San José provincia,Moravia,San Vicente,"Casa en venta en Moravia, una planta casa independiente, 5PDC9294182","Codigo 5PDC9294182 Casa en venta en Moravia, Excelente ubicacion, Casa independiente de una planta sin desniveles con amplio frente ubicada en uno de los mejores residenciales de Moravia con gran frente ideal para familias grandes con adultos mayores o con cierta discapacidad para sibir gradas, o tambien como oportunidad para construccion de unidades para rentar. Resumen del Inmueble Area de lote, m2: 567 Frente, m: 20,11 m Area de Construcción,m2: 392 4 Habitaciones 3,5 Baños Parqueo para 3 vehículos Habitación de servicio Estudio u Oficina Sala de TV Vestíbulo Sala y comedor integrados Patio trasero verde Antejardin Patio de tendido para ropa Terraza Seguridad externa 24/7 Portón Eléctrico Calentador por demanda o eléctrico programable o no Patio de luz Una planta Vigilancia 25.000 colones Precio de venta: 175.000.000 colones Descripción del Inmueble Casa con estilo clasico moderno, independiente, construida en 1977 de un solo nivel, entrada nivel de calle, sin desniveles internos, con amplio frente de 20 m. Entrada independiente de la cochera, paredes internas de concreto, techos artesanados de madera, orientacion de la casa al este, cochera techada con pisos de ceramica para tres vehiculos para vehiculos dos en tandem y otro paralelo para dos vehiculos grnades o uno grande otro mediano y uno pequeño, la cochera posee motor electrico. Cocina con alacena integrada con desayunador o independiente, isla de trabajo con sonre de polimero, el resto de los sobres de la cocina son de ceramica, area de lavado para torre o equipos separados con pila, cuarto de servicio con baño y closet Habitación principal para cama tamaño King con closet con baño privado, tres habitaciones secundarias para cama tamaño queen con closet con baño compartido Sala - comedor integrados con acceso amplia terraza con bar, cerrada con ventanalaes que tiene vista al amplio patio verde. Calentador bajo demanda para baños y cocina, patio de luz, La casa es apta para personas con discapacidad o adulto mayor. La casa posee electricidad 110 y 220. La casa posee paredes de concreto pisos de ceramica en las areas comunes y madera en las habitaciones, techos artesanados de madera, las aguas se vierten al sistema de alcantarillado municipal. Características de la zona Moravia cuenta con centros comerciales, supermercados, restaurantes, clínicas y todo lo necesario para el día a día, sin perder su esencia tranquila. Además, está a pocos minutos del centro de San José. Es sede de algunos de los colegios más reconocidos del país, tanto públicos como privados. Esto lo convierte en una opción ideal para familias con hijos en edad escolar. Es una zona muy tranquila y acogedora, con calles limpias y calmadas. A pocos pasos está Plaza Lincoln Mall, supermercados (Auto Mercado, PriceSmart), bancos, tiendas AMPM/pulperías… todo accesible caminando. También hay parques públicos y zonas verdes bien cuidadas, como el Parque Infantil Los Colegios, con paradas de bus cercanas Fácil acceso a rutas principales, paradas de autobús frecuentes, incluyendo rutas a San José, Guadalupe, Tibás, UCR; la estación de tren UCR está a ~10 minutos caminando, ideal para moverse sin necesidad de carro, aunque tener vehículo facilita aún más la movilidad. Su altitud (~1200m) aporta un clima fresco y agradable. El viento llega desde Coronado, generando temperaturas agradables todo el año",House,4 Bedrooms,5+ Bathrooms,3 Vehicles,,200–400m²,"500–1,000m²","{""Water"",""Electricity"",""Sewer""}",Riverfront|Urban,"{""Steep Slope""}",Walkable,,175000000,CRC,+50684826072,https://photos.encuentra24.com/t_or_fh_m/f_auto/v1/cr/30/95/84/54/30958454_36209b|https://photos.encuentra24.com/t_or_fh_m/f_auto/v1/cr/30/95/84/54/30958454_96dcb8|https://photos.encuentra24.com/t_or_fh_m/f_auto/v1/cr/30/95/84/54/30958454_fe5b0d|https://photos.encuentra24.com/t_or_fh_m/f_auto/v1/cr/30/95/84/54/30958454_73a02c|https://photos.encuentra24.com/t_or_fh_m/f_auto/v1/cr/30/95/84/54/30958454_efb8ce|https://photos.encuentra24.com/t_or_fh_m/f_auto/v1/cr/30/95/84/54/30958454_40cc5a|https://photos.encuentra24.com/t_or_fh_m/f_auto/v1/cr/30/95/84/54/30958454_792216|https://photos.encuentra24.com/t_or_fh_m/f_auto/v1/cr/30/95/84/54/30958454_42c708|https://photos.encuentra24.com/t_or_fh_m/f_auto/v1/cr/30/95/84/54/30958454_38b8bc|https://photos.encuentra24.com/t_or_fh_m/f_auto/v1/cr/30/95/84/54/30958454_6ab78b|https://photos.encuentra24.com/t_or_fh_m/f_auto/v1/cr/30/95/84/54/30958454_fe9be1|https://photos.encuentra24.com/t_user_logo/v1/users/logo/63/57/63578_d5a40c|https://photos.encuentra24.com/t_cnseal/v1594676252/cnseal/5f0cd41c4a555_Bildschirmfotocccbr.png|https://photos.encuentra24.com/t_cnseal/v1697642511/cnseal/652ff80f42db6_Verified%20badge.png|https://photos.encuentra24.com/t_or_fh_m/f_auto/v1/cr/32/58/65/64/32586564_447e6c9f646edfe20e16ef45616f7e0f-38f6577|https://photos.encuentra24.com/t_or_fh_m/f_auto/v1/cr/32/05/25/33/32052533_8e59c4ef174f295b25708136c48eb278-d852de9|https://photos.encuentra24.com/t_or_fh_m/f_auto/v1/cr/29/36/17/63/29361763_f691ad|https://photos.encuentra24.com/t_or_fh_m/f_auto/v1/cr/32/64/38/43/32643843_1fc125611b5e42db30f0f5326f0cbe86-9b5160d|https://photos.encuentra24.com/t_or_fh_m/f_auto/v1/cr/31/55/08/93/31550893_db7586|https://photos.encuentra24.com/t_or_fh_m/f_auto/v1/cr/32/63/15/22/32631522_51570d63c86e3cf287d460065448338d-6a67537|https://photos.encuentra24.com/t_or_fh_m/f_auto/v1/cr/32/16/58/12/32165812_8a9a86cc71636ae6ef70c7faf815f02f-74b7877|https://photos.encuentra24.com/t_or_fh_m/f_auto/v1/cr/32/57/92/00/32579200_bac84e|https://photos.encuentra24.com/t_or_fh_m/f_auto/v1/cr/32/00/00/83/32000083_5b8773|https://photos.encuentra24.com/t_or_fh_m/f_auto/v1/cr/32/39/30/12/32393012_0a4538|https://photos.encuentra24.com/t_or_fh_m/f_auto/v1/cr/32/40/59/61/32405961_a6c8fc|https://photos.encuentra24.com/t_or_fh_m/f_auto/v1/cr/31/76/28/96/31762896_4abf0d|https://photos.encuentra24.com/t_or_fh_m/f_auto/v1/cr/30/51/71/58/30517158_bdd06f|https://photos.encuentra24.com/t_or_fh_m/f_auto/v1/cr/30/51/71/82/30517182_8fdb86
encuentra24,30517158,https://www.encuentra24.com/costa-rica-es/bienes-raices-venta-de-propiedades-lotes-y-terrenos/lotes-en-venta-sarapiqui-heredia-5piv8996099/30517158,sale,active,Heredia provincia,Sarapiquí,,"Lotes en venta Sarapiqui, Heredia 5PIV8996099","Codigo 5PIV8996099 Tres Preciosos lotes ideales para la construccion de una o varias viviendas, con arboles frutales, a pocos kilometros de la ciudad, en zona de hermosa fauna y flora, y excelente clima. Resumen del Inmueble Lote 1: Area de Lote: 4.315 m2 Topografia totalmente plana Lote esquinero Frente 1: 54.27m Frente 2: 77.86 m Uso de suelo agricola Disponibilidad de agua: Posee una paja de agua Precio. C ,00 Lote 2 Area de Lote: 5000 m2 Topografia totalmente plana Lote medianero Frente: 47.21 m Uso de suelo agricola Disponibilidad de agua: Posee una paja de agua Precio. C ,00 Lote 3: Area de Lote: 5.002 m2 Topografia totalmente plana Lote medianero Frente: 55.68 m Uso de suelo agricola Disponibilidad de agua: Posee una paja de agua Precio. C ,00 Descripcion Lotes a nivel de calle, Todos los servicios publicos disponibles, servidumbre agricola por ambos frentes, el lote 1, se encuentra con cerca de cemento, con excelente mantenimiento constante, plantas ornamentales. A pocos metros de calle publica nacional y ampliacion de intersesion. Colindan con otras Quintas, sin edificacion al igual que esta. Descripcion de la Zona Zona agricola de desarrollo de Quintas, potencial desarrrollo urbano, cerca del centro de Sarapiqui y facil acceso a calle publica principal. A solo 45 min de San Jose, ampliacion de la Ruta 32, la cual disminuira el tiempo de llegada desde San Jose. A tan solo 30 km de Puerto Viejo",Land,,3 Bathrooms,,,,"5,000m²–1 Hectare","{""Water""}",Urban,"{""Agricultural Terrain""}",,,39375000,CRC,+50687709797,https://photos.encuentra24.com/t_or_fh_m/f_auto/v1/cr/30/51/71/58/30517158_bdd06f|https://photos.encuentra24.com/t_or_fh_m/f_auto/v1/cr/30/51/71/58/30517158_5c3862|https://photos.encuentra24.com/t_or_fh_m/f_auto/v1/cr/30/51/71/58/30517158_49a1c8|https://photos.encuentra24.com/t_or_fh_m/f_auto/v1/cr/30/51/71/58/30517158_cc0197|https://photos.encuentra24.com/t_or_fh_m/f_auto/v1/cr/30/51/71/58/30517158_35781c|https://photos.encuentra24.com/t_or_fh_m/f_auto/v1/cr/30/51/71/58/30517158_ff0f11|https://photos.encuentra24.com/t_or_fh_m/f_auto/v1/cr/30/51/71/58/30517158_7cb736|https://photos.encuentra24.com/t_or_fh_m/f_auto/v1/cr/30/51/71/58/30517158_2ab0b0|https://photos.encuentra24.com/t_user_logo/v1/users/logo/63/57/63578_d5a40c|https://photos.encuentra24.com/t_cnseal/v1594676252/cnseal/5f0cd41c4a555_Bildschirmfotocccbr.png|https://photos.encuentra24.com/t_cnseal/v1697642511/cnseal/652ff80f42db6_Verified%20badge.png|https://photos.encuentra24.com/t_or_fh_m/f_auto/v1/cr/32/54/58/31/32545831_b7683d2d883706bfe0fe57626ef04174-3d3560c|https://photos.encuentra24.com/t_or_fh_m/f_auto/v1/cr/30/51/71/69/30517169_063922|https://photos.encuentra24.com/t_or_fh_m/f_auto/v1/cr/32/33/37/99/32333799_0b062c7ea5f581d941f44e5f142485dc-47f7f1b|https://photos.encuentra24.com/t_or_fh_m/f_auto/v1/cr/32/21/26/66/32212666_495138ca8c95c901342ae562410a5af3-34e06ff|https://photos.encuentra24.com/t_or_fh_m/f_auto/v1/cr/32/66/26/89/32662689_3a69b4f44b74899492ef7ff5843a7846-da20ffa|https://photos.encuentra24.com/t_or_fh_m/f_auto/v1/cr/31/61/97/94/31619794_88ead3|https://photos.encuentra24.com/t_or_fh_m/f_auto/v1/cr/32/54/53/55/32545355_49870465e80ee453370a95323f9c282c-5927ea7|https://photos.encuentra24.com/t_or_fh_m/f_auto/v1/cr/32/57/92/00/32579200_bac84e|https://photos.encuentra24.com/t_or_fh_m/f_auto/v1/cr/32/00/00/83/32000083_5b8773|https://photos.encuentra24.com/t_or_fh_m/f_auto/v1/cr/32/39/30/12/32393012_0a4538|https://photos.encuentra24.com/t_or_fh_m/f_auto/v1/cr/32/40/59/61/32405961_a6c8fc|https://photos.encuentra24.com/t_or_fh_m/f_auto/v1/cr/30/95/84/54/30958454_36209b|https://photos.encuentra24.com/t_or_fh_m/f_auto/v1/cr/31/76/28/96/31762896_4abf0d|https://photos.encuentra24.com/t_or_fh_m/f_auto/v1/cr/30/51/71/82/30517182_8fdb86
encuentra24,31486367,https://www.encuentra24.com/costa-rica-es/bienes-raices-venta-de-propiedades-casas/casa-venta-en-heredia-los-angeles-res-abierto-cod-5pjg9542958/31486367,sale,active,Heredia provincia,Santo Domingo,,"Casa Venta en Heredia, Los Angeles. Res. Abierto-Cod.5PJG9542958","REFERENCIA: 5PJG9542958 Se vende casa en residencial abierto, de dos niveles en Los Angeles de Santo Domingo de Heredia. Cuenta con una habitacion en el primer piso`con baño completo para Adulto mayor o personas con incapacidad para subir gradas, tiene amplios aposentos, muy ventilada e iluminada con excelentes vistas hacia las montañas de Heredia, Valle Central Alajuela y con amplio patio con zacate. Zona de Montaña. Zona Muy Segura, rodeada de Cafetales lo que le da un ambiente tranquilo con excelente clima. Precio Negociable. Calle sin Salida. Resumen de la Propiedad: 2 Cocheras 2 Parqueos sin Techo Vestibulo 4 Habitaciones 3 Baños Completos 1 Medio Baño de Visitas Sala Comedor Cocina Integrada Terraza Bar Deck Patio de 200 M2 Cuarto de pilas Walk in Closet Jacuzzi Balcon Sala TV O Oficina Area de Lote: 415 m2 Area de Construccion: 325 m2 Precio de Venta: $300.000 Dolares (precio de oportunidad, valorada en $320.000) . Descripcion de la Propiedad: Casa moderna que consta de dos niveles en residencial abierto, en calle sin salida, con clima de montaña, excelente vista a las montañas de Heredia, zona muy segura, que consta de: Primer Nivel: Consta de cocheras, para 2 vehiculos grandes mas una moto, con porton electrico y 2 parqueos sin techo, con reja de segurida electrica, y acceso de peatones independiente, ademas posee un acceso la derecha de la propiedad que conduce a la parte posterior de la misma, donde tenemos un patio en zacate con arboles frutales como banano, aguacate, limon, etc, con un deck en finas maderas y techado que hace un total de 200 m2, terraza, bar con barra para reuniones sociales de 36 M2, con puertas corredizas que conduce al area de cocina integrada y sala- comedor, vestibulo, habitacion para oficina o adulto mayor para cama Queen, con baño completo ley 7600 al lado de la habitacion, amplia sala comedor, comoda cocina con sobres de granito y muebles en finas maderas, medio baño de visitas, cuarto de pilas para lavadora y secadora por separado con amplia area de tendido. . Segundo Nivel: Habitacion principal de 36 m2 para cama King, con walk in closet de 5 m2 y baño de 15 m2 el cual tiene finos acabados con balcon de 9 m2 con excelente vista a los atardeceres y hacia las montañas de Heredia y cafetales, mueble con doble lavatorio modernos en fina madera con sobres en marmol, ademas amplio jacuzzi y ducha por separaddo con vidrios de seguridad. Cuenta con 2 habitaciones secundarias, una de 14 m2 para cama Queen o Matrimonial, con amplio closet en madera de primera calidad y otra habitacion de 14 m2 para cama queen o matrimonial con closets en fina madera. Estas habitaciones comparten un baño completo con acabados de primera calidad que tiene doble acceso independiente en cada habitacion. Los pisos de toda la casa son en porcelanato, paredes de concreto con tapias de buen tamaño y cercaado electrico en todo el perietro de a propiedad, muebles de la cocina en finas maderas con sobres en granito y amplio desayunador, los baños tienen muebles en madera con sobres en marmol, el baño de la habitacion principal es de doble lavatorio moderno, y tiene un amplio jacuzzi, hermosas y unicas lamparas en Costa Rica. Sistema de alarma de seguridad con monitoreo, paneles solares que permite obtener un ahorro sustancial en el servicio de electricidad, tanque de captacion de aguas fluviales en el patio. Descripcion de la zona: Parques cercanos, transporte público, escuelas publicas y privadas, colegio Lincoln, centros de salud, abastecedores, bancos, ruta 32, diversas vias de accesos para san jose, Moravia y Heredia, Pali, ect.",House,,3 Bathrooms,4+ Vehicles,,200–400m²,100–500m²,"{""Water"",""Electricity"",""Solar Power""}",Riverfront|Mountain View|Urban,"{""Steep Slope"",""River Valley""}",Walkable,,300000,USD,+50684826072,https://photos.encuentra24.com/t_or_fh_m/f_auto/v1/cr/31/48/63/67/31486367_07420c|https://photos.encuentra24.com/t_or_fh_m/f_auto/v1/cr/31/48/63/67/31486367_f6e77d|https://photos.encuentra24.com/t_or_fh_m/f_auto/v1/cr/31/48/63/67/31486367_895ed3|https://photos.encuentra24.com/t_or_fh_m/f_auto/v1/cr/31/48/63/67/31486367_91751f|https://photos.encuentra24.com/t_or_fh_m/f_auto/v1/cr/31/48/63/67/31486367_17292f|https://photos.encuentra24.com/t_or_fh_m/f_auto/v1/cr/31/48/63/67/31486367_2bad63|https://photos.encuentra24.com/t_or_fh_m/f_auto/v1/cr/31/48/63/67/31486367_8eddfa|https://photos.encuentra24.com/t_or_fh_m/f_auto/v1/cr/31/48/63/67/31486367_989c3c|https://photos.encuentra24.com/t_or_fh_m/f_auto/v1/cr/31/48/63/67/31486367_94c8e7|https://photos.encuentra24.com/t_or_fh_m/f_auto/v1/cr/31/48/63/67/31486367_fec98d|https://photos.encuentra24.com/t_or_fh_m/f_auto/v1/cr/31/48/63/67/31486367_d354fe|https://photos.encuentra24.com/t_or_fh_m/f_auto/v1/cr/31/48/63/67/31486367_aeed15|https://photos.encuentra24.com/t_or_fh_m/f_auto/v1/cr/31/48/63/67/31486367_a4427e|https://photos.encuentra24.com/t_or_fh_m/f_auto/v1/cr/31/48/63/67/31486367_4d20c5|https://photos.encuentra24.com/t_or_fh_m/f_auto/v1/cr/31/48/63/67/31486367_b0e117|https://photos.encuentra24.com/t_or_fh_m/f_auto/v1/cr/31/48/63/67/31486367_f2379c|https://photos.encuentra24.com/t_or_fh_m/f_auto/v1/cr/31/48/63/67/31486367_88e9a5|https://photos.encuentra24.com/t_or_fh_m/f_auto/v1/cr/31/48/63/67/31486367_fb1e43|https://photos.encuentra24.com/t_or_fh_m/f_auto/v1/cr/31/48/63/67/31486367_4102b8|https://photos.encuentra24.com/t_or_fh_m/f_auto/v1/cr/31/48/63/67/31486367_e4edbb|https://photos.encuentra24.com/t_user_logo/v1/users/logo/63/57/63578_d5a40c|https://photos.encuentra24.com/t_cnseal/v1594676252/cnseal/5f0cd41c4a555_Bildschirmfotocccbr.png|https://photos.encuentra24.com/t_cnseal/v1697642511/cnseal/652ff80f42db6_Verified%20badge.png|https://photos.encuentra24.com/t_or_fh_m/f_auto/v1/cr/30/89/71/43/30897143_6d3d4a|https://photos.encuentra24.com/t_or_fh_m/f_auto/v1/cr/32/62/95/93/32629593_788caa0112e53e643f6c44ab31853209-1440b74|https://photos.encuentra24.com/t_or_fh_m/f_auto/v1/cr/32/48/52/23/32485223_9ca4fa9b246a6e1968d32de77f4f950e-f7ddffa|https://photos.encuentra24.com/t_or_fh_m/f_auto/v1/cr/32/57/75/63/32577563_9e6c7c876ddc2eb774fbf8171d109a7f-6fefeec|https://photos.encuentra24.com/t_or_fh_m/f_auto/v1/cr/29/75/99/03/29759903_a8b279|https://photos.encuentra24.com/t_or_fh_m/f_auto/v1/cr/32/38/32/92/32383292_8787ca3|https://photos.encuentra24.com/t_or_fh_m/f_auto/v1/cr/30/19/50/32/30195032_c66ecf|https://photos.encuentra24.com/t_or_fh_m/f_auto/v1/cr/32/57/92/00/32579200_bac84e|https://photos.encuentra24.com/t_or_fh_m/f_auto/v1/cr/32/00/00/83/32000083_5b8773|https://photos.encuentra24.com/t_or_fh_m/f_auto/v1/cr/32/39/30/12/32393012_0a4538|https://photos.encuentra24.com/t_or_fh_m/f_auto/v1/cr/32/40/59/61/32405961_a6c8fc|https://photos.encuentra24.com/t_or_fh_m/f_auto/v1/cr/30/95/84/54/30958454_36209b|https://photos.encuentra24.com/t_or_fh_m/f_auto/v1/cr/31/76/28/96/31762896_4abf0d|https://photos.encuentra24.com/t_or_fh_m/f_auto/v1/cr/30/51/71/58/30517158_bdd06f
encuentra24,31892370,https://www.encuentra24.com/costa-rica-es/bienes-raices-venta-de-propiedades-casas/casa-en-venta-en-moravia-la-guaria-una-planta-4pdc9726304/31892370,sale,active,San José provincia,Moravia,San Vicente,"Casa en venta en Moravia, La Guaria, una planta- 4PDC9726304","CODIGO: 4PDC9726304 Vendo casa independiente en residencial en uno de los mejores barrios de Moravia, construida en dos plantas sin embargo en el segundo piso solo hay una habitacion multiuso con baño, amplio patio verde. Ideal para familias grandes con mascotas y adultos mayores, Excelente Ubicacion. . Caracteristicas del Inmueble Area lote: 350 m2 Area construccion: 639 m2 Frente: 3 Dormitorios 1 Oficina o Habitación 1 cuarto se servico 3.5 Baños 2 espacios de parqueo Sala-Comedor Cocina Independiente Terraza barbecue Patio Cuarto de Pilas Area de Tendido y planchado Jardin externo PRECIO DE VENTA: USD $345.000 .Descripción del inmueble Casa independiente, ubicada en residencial abierto con seguridad en la calle que consta de: Primer Nivel: Cochera para dos vehiculos techada con porton electrico, jardines frontales, corredor o porche, recibidor, habitacion principal para cama king con baño completo, sala comedor, amplia terraza con barbecue, patio de aproximadamente 200 m2 con zacate, con acceso desde la sala cocina y habitaciones, cocina independiente de buen tamaño en buen estado, cuarto de pilas, cuarto de servicio con baño privado, bodega, baño de visitas completo comparte con las habitaciones secundarias, habitaciones secundarias para cama Queen. Segundo nivel: Se accesa por entrada principal, posee una amplia habitacion multiuso bien sea para oficina o habitacion, baño completo fuera de la habitacion. Los pisos de las areas comunes son de terracota, el piso de habitacion segundo nivel de madera, los pisos de las habitaciones de porcelanato, paredes de toda la casa son de concreto, puertas de madera. Techos machimbrados. Electricidad entubada Descripcion de la zona`: Paradas de buses cercanas, Mall Lincoln PLaza, Abastecedores, Mas x Menos, Peri mercado, Pequeño Mundo, Bancos, Centros de Salud, Escuelas y Universidades,Sodas, Restaurantes, etc.",House,4 Bedrooms,4 Bathrooms,2 Vehicles,,200–400m²,"500–1,000m²","{""Electricity""}",Urban,"{""Steep Slope""}",,,345000,USD,+50684826072,https://photos.encuentra24.com/t_or_fh_m/f_auto/v1/cr/31/89/23/70/31892370_36207b|https://photos.encuentra24.com/t_or_fh_m/f_auto/v1/cr/31/89/23/70/31892370_fda02d|https://photos.encuentra24.com/t_or_fh_m/f_auto/v1/cr/31/89/23/70/31892370_ec6de7|https://photos.encuentra24.com/t_or_fh_m/f_auto/v1/cr/31/89/23/70/31892370_129472|https://photos.encuentra24.com/t_or_fh_m/f_auto/v1/cr/31/89/23/70/31892370_7f28d5|https://photos.encuentra24.com/t_or_fh_m/f_auto/v1/cr/31/89/23/70/31892370_c93eed|https://photos.encuentra24.com/t_or_fh_m/f_auto/v1/cr/31/89/23/70/31892370_ccc8b2|https://photos.encuentra24.com/t_or_fh_m/f_auto/v1/cr/31/89/23/70/31892370_bf2044|https://photos.encuentra24.com/t_or_fh_m/f_auto/v1/cr/31/89/23/70/31892370_b3e6ba|https://photos.encuentra24.com/t_or_fh_m/f_auto/v1/cr/31/89/23/70/31892370_d0f760|https://photos.encuentra24.com/t_or_fh_m/f_auto/v1/cr/31/89/23/70/31892370_596da0|https://photos.encuentra24.com/t_or_fh_m/f_auto/v1/cr/31/89/23/70/31892370_729261|https://photos.encuentra24.com/t_or_fh_m/f_auto/v1/cr/31/89/23/70/31892370_52fdd1|https://photos.encuentra24.com/t_or_fh_m/f_auto/v1/cr/31/89/23/70/31892370_f1a221|https://photos.encuentra24.com/t_or_fh_m/f_auto/v1/cr/31/89/23/70/31892370_54009e|https://photos.encuentra24.com/t_or_fh_m/f_auto/v1/cr/31/89/23/70/31892370_c62aa3|https://photos.encuentra24.com/t_user_logo/v1/users/logo/63/57/63578_d5a40c|https://photos.encuentra24.com/t_cnseal/v1594676252/cnseal/5f0cd41c4a555_Bildschirmfotocccbr.png|https://photos.encuentra24.com/t_cnseal/v1697642511/cnseal/652ff80f42db6_Verified%20badge.png|https://photos.encuentra24.com/t_or_fh_m/f_auto/v1/cr/32/52/33/37/32523337_025d749d8457ec92815427662371efdd-fda25c5|https://photos.encuentra24.com/t_or_fh_m/f_auto/v1/cr/24/83/09/76/24830976_cb3df7|https://photos.encuentra24.com/t_or_fh_m/f_auto/v1/cr/32/66/33/85/32663385_1581496|https://photos.encuentra24.com/t_or_fh_m/f_auto/v1/cr/32/41/99/15/32419915_e6592f2fe1ebd5060346de5693a8784d-88ab2d1|https://photos.encuentra24.com/t_or_fh_m/f_auto/v1/cr/32/40/90/25/32409025_4f9bd5078206d50ced0ae4d9ddcd5636-e7e6ee5|https://photos.encuentra24.com/t_or_fh_m/f_auto/v1/cr/30/95/84/54/30958454_36209b|https://photos.encuentra24.com/t_or_fh_m/f_auto/v1/cr/31/96/08/14/31960814_fbee872|https://photos.encuentra24.com/t_or_fh_m/f_auto/v1/cr/32/57/92/00/32579200_bac84e|https://photos.encuentra24.com/t_or_fh_m/f_auto/v1/cr/32/00/00/83/32000083_5b8773|https://photos.encuentra24.com/t_or_fh_m/f_auto/v1/cr/32/39/30/12/32393012_0a4538|https://photos.encuentra24.com/t_or_fh_m/f_auto/v1/cr/32/40/59/61/32405961_a6c8fc|https://photos.encuentra24.com/t_or_fh_m/f_auto/v1/cr/31/76/28/96/31762896_4abf0d|https://photos.encuentra24.com/t_or_fh_m/f_auto/v1/cr/30/51/71/58/30517158_bdd06f
encuentra24,32591837,https://www.encuentra24.com/costa-rica-es/bienes-raices-venta-de-propiedades-apartamentos/the-oaks-condominio-en-residencial-privado/32591837,sale,active,Guanacaste provincia,Santa Cruz,Tamarindo,THE OAKS- Condominio en Residencial Privado,"Dueña Vende! Condominio en residencial cercano a las playas Tamarindo, Grande y Flamingo. Tres piscinas, Dos Ranchos con parrilla de gas, area para mascotas, tranquilo para caminar y seguro. Unidad en el segundo piso. Condominio se vende completamente equipado y amueblado. Camas Queen. En muy buen estado! Listo para comenzar a disfrutar de las playas mas lindas de Guanacaste.",Condo,,2 Bathrooms,1 Vehicle,,50–100m²,<100m²,"{""Municipal Water""}",Beachfront,{},,,233000,USD,+50687961947,https://photos.encuentra24.com/t_or_fh_m/f_auto/v1/cr/32/59/18/37/32591837_1cf0263|https://photos.encuentra24.com/t_or_fh_m/f_auto/v1/cr/32/59/18/37/32591837_9248046|https://photos.encuentra24.com/t_or_fh_m/f_auto/v1/cr/32/59/18/37/32591837_042ee1f|https://photos.encuentra24.com/t_or_fh_m/f_auto/v1/cr/32/59/18/37/32591837_151b75a|https://photos.encuentra24.com/t_or_fh_m/f_auto/v1/cr/32/59/18/37/32591837_9a99a46|https://photos.encuentra24.com/t_or_fh_m/f_auto/v1/cr/32/59/18/37/32591837_58eea48|https://photos.encuentra24.com/t_or_fh_m/f_auto/v1/cr/32/59/18/37/32591837_c122ce1|https://photos.encuentra24.com/t_or_fh_m/f_auto/v1/cr/32/59/18/37/32591837_f50a8d5|https://photos.encuentra24.com/t_or_fh_m/f_auto/v1/cr/32/59/18/37/32591837_d8cbebf|https://photos.encuentra24.com/t_or_fh_m/f_auto/v1/cr/32/59/18/37/32591837_7aba380|https://photos.encuentra24.com/t_or_fh_m/f_auto/v1/cr/32/59/18/37/32591837_8e3f633|https://photos.encuentra24.com/t_or_fh_m/f_auto/v1/cr/32/59/18/37/32591837_b531892|https://photos.encuentra24.com/t_or_fh_m/f_auto/v1/cr/32/59/18/37/32591837_d81d75a|https://photos.encuentra24.com/t_or_fh_m/f_auto/v1/cr/32/59/18/37/32591837_58ff282|https://photos.encuentra24.com/t_or_fh_m/f_auto/v1/cr/32/59/18/37/32591837_16401f7|https://photos.encuentra24.com/t_or_fh_m/f_auto/v1/cr/32/59/18/37/32591837_b5e5fcd|https://photos.encuentra24.com/t_or_fh_m/f_auto/v1/cr/32/59/18/37/32591837_af4bdc2|https://photos.encuentra24.com/t_or_fh_m/f_auto/v1/cr/31/87/46/89/31874689_185ab3|https://photos.encuentra24.com/t_or_fh_m/f_auto/v1/cr/32/66/76/47/32667647_7cdccb9d65844fabdd6dc687954a1cdf-becf9bd|https://photos.encuentra24.com/t_or_fh_m/f_auto/v1/cr/31/83/82/61/31838261_b5d19f7|https://photos.encuentra24.com/t_or_fh_m/f_auto/v1/cr/32/12/00/15/32120015_723663|https://photos.encuentra24.com/t_or_fh_m/f_auto/v1/cr/31/55/28/44/31552844_6045a1|https://photos.encuentra24.com/t_or_fh_m/f_auto/v1/cr/32/51/13/61/32511361_e1812e78b26148d272cc34a5a45c8df7-a5e7bf3
encuentra24,30543426,https://www.encuentra24.com/costa-rica-es/bienes-raices-venta-de-propiedades-casas/propiedad-unica-con-amplias-zonas-verdes-en-residencial-en-tres-rios/30543426,sale,active,Cartago provincia,La Unión,Tres Ríos,Propiedad Única con Amplias Zonas Verdes en Residencial en Tres Ríos,"En venta hermosa casa se encuentra en un pequeño y muy seguro residencial en Tres Ríos, con aguja, portón cerrado y guarda las 24 horas. Este residencial se ubica en una zona muy tranquila pero cerca de todos los supermercados y centros comerciales del este de la ciudad como Aleste, Ciudad del Este, Automercado, Mas x Menos y demás. La casa se ubica al fondo del residencial con una gran hermosa entrada con portón eléctrico y todo el área el piso de concreto está recién remodelada. Cuenta con un amplio espacio de planché que se puede utilizar tanto para parquear vehículos, como para utilizar para deportes o actividades. El garage cuenta con espacio para 4 vehículos y se conecta con la entrada principal de la casa, tanto como por el área de servicio. La sala principal cuenta con una chimenea y un amplio espacio de concepto abierto que se conecta con el comedor y siguiendo, la cocina. Las amplias ventanas en todo su alrededor le aporta luz natural a toda la propiedad y hermosas vistas a las amplias zonas verdes llenas de árboles en todo su alrededor. El comedor y la sala se conectan directamente con la extensa terraza techada que da al exterior, por lo que si se decide abrir las puertas corredizas, se crea un ambiente interior-exterior. Estos amplios espacios son ideales para actividades sociales. La propiedad cuenta con 4 habitaciones, las cuales todas cuentan con baño completo en cada habitación, lo que le da mucha privacidad y ninguna habitación debe compartir baño. La habitación principal y habitación secundaria cuenta con un amplio balcón con suficiente espacio para colocar muebles de exterior y crear un espacio propio de terraza en cada uno. En la habitación principal podrá encontrar un amplio walking closet con muchísimo espacio de almacenaje, un enorme baño con jacuzzi y ducha con luz natural. Esta habitación cuenta con un espacio de sala con una hermosa chimenea real y a su derecha, el acceso al balcón y terraza privada. La madera natural presente en cielo rasos y vigas le aportan gran calidez y carácter a la propiedad. En la primera planta se ubica una habitación de servicio con su propio baño completo en suite. El cuarto de pilas cuenta con pila, calentador de agua y y enorme espacio que conecta con el exterior de la casa. La propiedad cuenta con un patio enorme con zacate y hermosos árboles. Un espacio perfecto para una familia con varias mascotas donde pueden correr y jugar.",House,,5+ Bathrooms,4+ Vehicles,,,,"{""Water"",""Electricity""}",Urban,{},Walkable,,950000,USD,+50671139248,https://photos.encuentra24.com/t_or_fh_m/f_auto/v1/cr/30/54/34/26/30543426_80535c|https://photos.encuentra24.com/t_or_fh_m/f_auto/v1/cr/30/54/34/26/30543426_2bf214|https://photos.encuentra24.com/t_or_fh_m/f_auto/v1/cr/30/54/34/26/30543426_dd184e|https://photos.encuentra24.com/t_or_fh_m/f_auto/v1/cr/30/54/34/26/30543426_c5bcb6|https://photos.encuentra24.com/t_or_fh_m/f_auto/v1/cr/30/54/34/26/30543426_2c49b9|https://photos.encuentra24.com/t_or_fh_m/f_auto/v1/cr/30/54/34/26/30543426_4dc5c8|https://photos.encuentra24.com/t_or_fh_m/f_auto/v1/cr/30/54/34/26/30543426_238d55|https://photos.encuentra24.com/t_or_fh_m/f_auto/v1/cr/30/54/34/26/30543426_243f82|https://photos.encuentra24.com/t_or_fh_m/f_auto/v1/cr/30/54/34/26/30543426_004728|https://photos.encuentra24.com/t_or_fh_m/f_auto/v1/cr/30/54/34/26/30543426_62eff2|https://photos.encuentra24.com/t_or_fh_m/f_auto/v1/cr/30/54/34/26/30543426_c0c2b5|https://photos.encuentra24.com/t_or_fh_m/f_auto/v1/cr/30/54/34/26/30543426_f6f987|https://photos.encuentra24.com/t_or_fh_m/f_auto/v1/cr/30/54/34/26/30543426_ea2bd0|https://photos.encuentra24.com/t_or_fh_m/f_auto/v1/cr/30/54/34/26/30543426_37a160|https://photos.encuentra24.com/t_or_fh_m/f_auto/v1/cr/30/54/34/26/30543426_74ca2b|https://photos.encuentra24.com/t_or_fh_m/f_auto/v1/cr/30/54/34/26/30543426_6d0a1f|https://photos.encuentra24.com/t_or_fh_m/f_auto/v1/cr/30/54/34/26/30543426_cf2ea3|https://photos.encuentra24.com/t_or_fh_m/f_auto/v1/cr/30/54/34/26/30543426_711b85|https://photos.encuentra24.com/t_or_fh_m/f_auto/v1/cr/30/54/34/26/30543426_3f2a7f|https://photos.encuentra24.com/t_or_fh_m/f_auto/v1/cr/30/54/34/26/30543426_fe41d0|https://photos.encuentra24.com/t_user_logo/v1/users/logo/15/96/02/13/15960213_26b887|https://photos.encuentra24.com/t_or_fh_m/f_auto/v1/cr/32/19/83/64/32198364_a16bff5|https://photos.encuentra24.com/t_or_fh_m/f_auto/v1/cr/31/61/07/94/31610794_2b418d|https://photos.encuentra24.com/t_or_fh_m/f_auto/v1/cr/31/11/45/73/31114573_bf9178|https://photos.encuentra24.com/t_or_fh_m/f_auto/v1/cr/31/72/25/92/31722592_b8f925|https://photos.encuentra24.com/t_or_fh_m/f_auto/v1/cr/30/62/85/02/30628502_39293d|https://photos.encuentra24.com/t_or_fh_m/f_auto/v1/cr/32/22/72/51/32227251_11eff2f|https://photos.encuentra24.com/t_or_fh_m/f_auto/v1/cr/32/35/18/11/32351811_e272658923a20100999232542545010b-dfb8aff|https://photos.encuentra24.com/t_or_fh_m/f_auto/v1/cr/32/62/98/81/32629881_4c850ae86b179ff6ec3ae7397ad25c38-a089e6a|https://photos.encuentra24.com/t_or_fh_m/f_auto/v1/cr/31/59/46/90/31594690_6267a3d|https://photos.encuentra24.com/t_or_fh_m/f_auto/v1/cr/31/99/82/65/31998265_8a96d460d214d7e1d3b4452a11921946-f646d8d|https://photos.encuentra24.com/t_or_fh_m/f_auto/v1/cr/32/58/71/63/32587163_b2e9e0d982d26bac058a007fa9e80bef-4c58942|https://photos.encuentra24.com/t_or_fh_m/f_auto/v1/cr/30/75/61/36/30756136_ebac4a|https://photos.encuentra24.com/t_or_fh_m/f_auto/v1/cr/32/59/65/95/32596595_2c21cb683f1a2de37065a4758c31a4c0-41cd2e3|https://photos.encuentra24.com/t_or_fh_m/f_auto/v1/cr/31/63/51/72/31635172_5c7af8
encuentra24,32672930,https://www.encuentra24.com/costa-rica-es/bienes-raices-venta-de-propiedades-casas/casa-inteligente-de-2-niveles-4-parqueos-guachipelin-escazu/32672930,sale,active,San José provincia,Escazú,Escazú,Casa Inteligente de 2 Niveles | 4 Parqueos | Guachipelín Escazú,"Descubra una casa diseñada para quienes buscan comodidad, tecnología y una excelente ubicación. Con solo dos años de construcción, esta moderna residencia combina amplios espacios, acabados contemporáneos y funcionalidades inteligentes para disfrutar de un estilo de vida práctico y elegante en uno de los condominios más completos de Guachipelín de Escazú. Luego seguiría con: Características principales 250 m² de construcción 324 m² de lote 3 habitaciones Oficina o cuarto de servicio 2.5 baños Sala y comedor integrados Cocina moderna Jardín privado Terraza techada Sala de TV Balcón Ático de aproximadamente 28 m² 4 parqueos Cargador para vehículo eléctrico Aire acondicionado en sala y habitaciones Disfrute de amenidades diseñadas para toda la familia: • Piscina • Gimnasio • Fire Pit • Jacuzzi • Rancho BBQ • Casa Club • Seguridad 24/7 Una excelente oportunidad para quienes desean vivir en una ubicación estratégica, cerca de Multiplaza Escazú, Distrito Cuatro, hospitales, colegios privados y con rápido acceso a la Ruta 27. $425.000 negociable",Condo,3 Bedrooms,3 Bathrooms,4+ Vehicles,,,,{},,{},,,425000,USD,+50688365944,https://photos.encuentra24.com/t_or_fh_m/f_auto/v1/cr/32/67/29/30/32672930_47105341c16a84824689175216de410c-b26f83d|https://photos.encuentra24.com/t_or_fh_m/f_auto/v1/cr/32/67/29/30/32672930_47105341c16a84824689175216de410c-fe38c21|https://photos.encuentra24.com/t_or_fh_m/f_auto/v1/cr/32/67/29/30/32672930_47105341c16a84824689175216de410c-1856512|https://photos.encuentra24.com/t_or_fh_m/f_auto/v1/cr/32/67/29/30/32672930_47105341c16a84824689175216de410c-6a6c205|https://photos.encuentra24.com/t_or_fh_m/f_auto/v1/cr/32/67/29/30/32672930_47105341c16a84824689175216de410c-d84d4de|https://photos.encuentra24.com/t_or_fh_m/f_auto/v1/cr/32/67/29/30/32672930_47105341c16a84824689175216de410c-409a0d7|https://photos.encuentra24.com/t_or_fh_m/f_auto/v1/cr/32/67/29/30/32672930_47105341c16a84824689175216de410c-662f619|https://photos.encuentra24.com/t_or_fh_m/f_auto/v1/cr/32/67/29/30/32672930_47105341c16a84824689175216de410c-68ebf82|https://photos.encuentra24.com/t_or_fh_m/f_auto/v1/cr/32/67/29/30/32672930_47105341c16a84824689175216de410c-c98c4a2|https://photos.encuentra24.com/t_or_fh_m/f_auto/v1/cr/32/67/29/30/32672930_47105341c16a84824689175216de410c-ca9fd9d|https://photos.encuentra24.com/t_or_fh_m/f_auto/v1/cr/32/67/29/30/32672930_47105341c16a84824689175216de410c-5ee002e|https://photos.encuentra24.com/t_or_fh_m/f_auto/v1/cr/32/67/29/30/32672930_47105341c16a84824689175216de410c-e0112a0|https://photos.encuentra24.com/t_or_fh_m/f_auto/v1/cr/32/67/29/30/32672930_47105341c16a84824689175216de410c-92952f0|https://photos.encuentra24.com/t_or_fh_m/f_auto/v1/cr/32/67/29/30/32672930_47105341c16a84824689175216de410c-3520d16|https://photos.encuentra24.com/t_or_fh_m/f_auto/v1/cr/32/67/29/30/32672930_47105341c16a84824689175216de410c-451551b|https://photos.encuentra24.com/t_or_fh_m/f_auto/v1/cr/32/67/29/30/32672930_47105341c16a84824689175216de410c-75d5ca2|https://photos.encuentra24.com/t_or_fh_m/f_auto/v1/cr/32/67/29/30/32672930_47105341c16a84824689175216de410c-df7fd2c|https://photos.encuentra24.com/t_or_fh_m/f_auto/v1/cr/32/67/29/30/32672930_47105341c16a84824689175216de410c-8382a16|https://photos.encuentra24.com/t_or_fh_m/f_auto/v1/cr/32/67/29/30/32672930_47105341c16a84824689175216de410c-6d99b44|https://photos.encuentra24.com/t_user_logo/v1/users/logo/25/43/89/2543894_318d7a|https://photos.encuentra24.com/t_or_fh_m/f_auto/v1/cr/29/72/72/66/29727266_923966|https://photos.encuentra24.com/t_or_fh_m/f_auto/v1/cr/30/81/58/46/30815846_5d5d7a|https://photos.encuentra24.com/t_or_fh_m/f_auto/v1/cr/32/50/76/75/32507675_0d5ca8f|https://photos.encuentra24.com/t_or_fh_m/f_auto/v1/cr/32/63/61/45/32636145_3fe93a7|https://photos.encuentra24.com/t_or_fh_m/f_auto/v1/cr/32/47/78/05/32477805_cfd2db4d1f24d197e8245e3ab6495118-505e067|https://photos.encuentra24.com/t_or_fh_m/f_auto/v1/cr/31/56/23/05/31562305_1606ae|https://photos.encuentra24.com/t_or_fh_m/f_auto/v1/cr/32/26/66/95/32266695_de2bafb8b7cbd8e2d7cdc9bd2bc26016-6d362e6|https://photos.encuentra24.com/t_or_fh_m/f_auto/v1/cr/32/67/32/33/32673233_b8ff6f27ec76b63903fecb08c1720a56-e2a2e9d|https://photos.encuentra24.com/t_or_fh_m/f_auto/v1/cr/32/67/33/40/32673340_509b44f03f6ad2d26342b8487efe1327-090079b
encuentra24,32348128,https://www.encuentra24.com/costa-rica-es/bienes-raices-venta-de-propiedades-casas/casa-en-condominio-con-patio-amplio-y-vistas-espectaculares-en-moravia/32348128,sale,active,San José provincia,Goicoechea,Guadalupe,Casa en Condominio con Patio Amplio y Vistas Espectaculares en Moravia,"Ubicación Estratégica en Moravia. Descubre esta hermosa casa en condominio que combina diseño moderno, confort y una excelente ubicación. Con abundante luz natural y acabados de lujo, esta propiedad es ideal para quienes buscan vivir con estilo y comodidad. *Diseño contemporáneo con excelente iluminación natural *Cocina totalmente amueblada con finos acabados *Amplio patio privado, perfecto para disfrutar en familia o con mascotas *Balcón con espectaculares vistas *Espacios bien distribuidos y funcionales Ubicada a pocos minutos del centro de Moravia, con acceso rápido a Tibás, Ruta 32 y Circunvalación Norte, lo que facilita la movilidad hacia San José y otras zonas clave. Ideal para familias o profesionales que buscan seguridad, comodidad y plusvalía en una de las zonas más convenientes del GAM.",Condo,2 Bedrooms,2 Bathrooms,2 Vehicles,,,,"{""Electricity""}",Urban,{},,,220000,USD,+50683163406,https://photos.encuentra24.com/t_or_fh_m/f_auto/v1/cr/32/34/81/28/32348128_5314450eeaa10cf4eb4c1f9fb2dd48a0-891def7|https://photos.encuentra24.com/t_or_fh_m/f_auto/v1/cr/32/34/81/28/32348128_5314450eeaa10cf4eb4c1f9fb2dd48a0-a261e7a|https://photos.encuentra24.com/t_or_fh_m/f_auto/v1/cr/32/34/81/28/32348128_5314450eeaa10cf4eb4c1f9fb2dd48a0-69767f0|https://photos.encuentra24.com/t_or_fh_m/f_auto/v1/cr/32/34/81/28/32348128_5314450eeaa10cf4eb4c1f9fb2dd48a0-b280f87|https://photos.encuentra24.com/t_or_fh_m/f_auto/v1/cr/32/34/81/28/32348128_5314450eeaa10cf4eb4c1f9fb2dd48a0-dbb1671|https://photos.encuentra24.com/t_or_fh_m/f_auto/v1/cr/32/34/81/28/32348128_5314450eeaa10cf4eb4c1f9fb2dd48a0-19c2c80|https://photos.encuentra24.com/t_or_fh_m/f_auto/v1/cr/32/34/81/28/32348128_5314450eeaa10cf4eb4c1f9fb2dd48a0-e2112a2|https://photos.encuentra24.com/t_or_fh_m/f_auto/v1/cr/32/34/81/28/32348128_5314450eeaa10cf4eb4c1f9fb2dd48a0-2f4e088|https://photos.encuentra24.com/t_or_fh_m/f_auto/v1/cr/32/34/81/28/32348128_5314450eeaa10cf4eb4c1f9fb2dd48a0-fd7610e|https://photos.encuentra24.com/t_or_fh_m/f_auto/v1/cr/32/34/81/28/32348128_5314450eeaa10cf4eb4c1f9fb2dd48a0-6839b26|https://photos.encuentra24.com/t_or_fh_m/f_auto/v1/cr/32/34/81/28/32348128_5314450eeaa10cf4eb4c1f9fb2dd48a0-6a222d4|https://photos.encuentra24.com/t_or_fh_m/f_auto/v1/cr/32/34/81/28/32348128_5314450eeaa10cf4eb4c1f9fb2dd48a0-16fba67|https://photos.encuentra24.com/t_or_fh_m/f_auto/v1/cr/32/34/81/28/32348128_5314450eeaa10cf4eb4c1f9fb2dd48a0-793d61f|https://photos.encuentra24.com/t_or_fh_m/f_auto/v1/cr/32/34/81/28/32348128_5314450eeaa10cf4eb4c1f9fb2dd48a0-9eb7b3b|https://photos.encuentra24.com/t_or_fh_m/f_auto/v1/cr/32/34/81/28/32348128_5314450eeaa10cf4eb4c1f9fb2dd48a0-41ff8ec|https://photos.encuentra24.com/t_user_logo/v1/users/logo/52/08/96/5208967_69fa68|https://photos.encuentra24.com/t_or_fh_m/f_auto/v1/cr/32/16/49/65/32164965_600d3891574012602031808816108d50-61f678d|https://photos.encuentra24.com/t_or_fh_m/f_auto/v1/cr/30/70/78/75/30707875_c2037f|https://photos.encuentra24.com/t_or_fh_m/f_auto/v1/cr/31/27/99/24/31279924_fdb823|https://photos.encuentra24.com/t_or_fh_m/f_auto/v1/cr/25/59/54/34/25595434_3e511e|https://photos.encuentra24.com/t_or_fh_m/f_auto/v1/cr/32/61/87/33/32618733_8cf1dcc9a1d8c1285c13cbb29b53a93e-0f4ecb9|https://photos.encuentra24.com/t_or_fh_m/f_auto/v1/cr/32/21/63/73/32216373_c5860f09829a5d1970d85c5792c0f06b-38d8f46|https://photos.encuentra24.com/t_or_fh_m/f_auto/v1/cr/32/36/21/63/32362163_b00dc5154113b42480eea7b608c9097b-4275ac4|https://photos.encuentra24.com/t_or_fh_m/f_auto/v1/cr/32/06/74/91/32067491_05e0fdf3898cc1e863096e6cf37c95d4-67c870e|https://photos.encuentra24.com/t_or_fh_m/f_auto/v1/cr/32/67/29/44/32672944_5297047087461bedce9c3a8a7d4c22fa-d358f70|https://photos.encuentra24.com/t_or_fh_m/f_auto/v1/cr/32/58/69/60/32586960_b52137185a8d09cb8a4fa6d6f3554bb9-6c947a9|https://photos.encuentra24.com/t_or_fh_m/f_auto/v1/cr/32/00/93/95/32009395_85c18fc69cc57a35010f524c31e0d68f-0971f0e|https://photos.encuentra24.com/t_or_fh_m/f_auto/v1/cr/32/64/58/60/32645860_f3d55dd2026b7b465073c55250dca2ee-42b0b6d|https://photos.encuentra24.com/t_or_fh_m/f_auto/v1/cr/32/66/78/47/32667847_cc3b81d3fa32115f95a169ebbc985bac-3fd4c00|https://photos.encuentra24.com/t_or_fh_m/f_auto/v1/cr/32/67/02/54/32670254_4ab3054c57d7188a76bdd5892c730ad3-e0a24d4
encuentra24,32672944,https://www.encuentra24.com/costa-rica-es/bienes-raices-venta-de-propiedades-casas/residencia-de-lujo-santo-domingo-de-heredia-600-m-de-exclusividad/32672944,sale,active,Heredia provincia,Santo Domingo,,Residencia de Lujo | Santo Domingo de Heredia | 600 m² de Exclusividad,"Una residencia concebida para quienes entienden que el verdadero lujo es vivir con privacidad, amplitud y elegancia. Imagine celebrar los cumpleaños de sus hijos, recibir amigos o compartir una tarde de verano alrededor de la piscina, sin salir de casa. Una residencia diseñada para disfrutar de absoluta privacidad, lejos del ruido, pero a pocos minutos de todo. Ubicada en uno de los sectores residenciales más exclusivos de Santo Domingo, donde la tranquilidad convive con la cercanía a los mejores colegios, comercio y servicios. 26-2169",House,,4 Bathrooms,3 Vehicles,,,,{},,{},,,290000000,CRC,+50687012144,https://photos.encuentra24.com/t_or_fh_m/f_auto/v1/cr/32/67/29/44/32672944_5297047087461bedce9c3a8a7d4c22fa-d358f70|https://photos.encuentra24.com/t_or_fh_m/f_auto/v1/cr/32/67/29/44/32672944_5297047087461bedce9c3a8a7d4c22fa-4a78d9d|https://photos.encuentra24.com/t_or_fh_m/f_auto/v1/cr/32/67/29/44/32672944_5297047087461bedce9c3a8a7d4c22fa-9c58d68|https://photos.encuentra24.com/t_or_fh_m/f_auto/v1/cr/32/67/29/44/32672944_5297047087461bedce9c3a8a7d4c22fa-193c372|https://photos.encuentra24.com/t_or_fh_m/f_auto/v1/cr/32/67/29/44/32672944_5297047087461bedce9c3a8a7d4c22fa-f56bbe4|https://photos.encuentra24.com/t_or_fh_m/f_auto/v1/cr/32/67/29/44/32672944_5297047087461bedce9c3a8a7d4c22fa-7cd4949|https://photos.encuentra24.com/t_or_fh_m/f_auto/v1/cr/32/67/29/44/32672944_5297047087461bedce9c3a8a7d4c22fa-3eebdfa|https://photos.encuentra24.com/t_or_fh_m/f_auto/v1/cr/32/67/29/44/32672944_5297047087461bedce9c3a8a7d4c22fa-3095400|https://photos.encuentra24.com/t_or_fh_m/f_auto/v1/cr/32/67/29/44/32672944_5297047087461bedce9c3a8a7d4c22fa-486d637|https://photos.encuentra24.com/t_or_fh_m/f_auto/v1/cr/32/67/29/44/32672944_5297047087461bedce9c3a8a7d4c22fa-209ceab|https://photos.encuentra24.com/t_or_fh_m/f_auto/v1/cr/32/67/29/44/32672944_5297047087461bedce9c3a8a7d4c22fa-ca5b1f8|https://photos.encuentra24.com/t_or_fh_m/f_auto/v1/cr/32/67/29/44/32672944_5297047087461bedce9c3a8a7d4c22fa-3718a2d|https://photos.encuentra24.com/t_or_fh_m/f_auto/v1/cr/32/67/29/44/32672944_5297047087461bedce9c3a8a7d4c22fa-05b75cf|https://photos.encuentra24.com/t_or_fh_m/f_auto/v1/cr/32/67/29/44/32672944_5297047087461bedce9c3a8a7d4c22fa-361b961|https://photos.encuentra24.com/t_or_fh_m/f_auto/v1/cr/32/67/29/44/32672944_5297047087461bedce9c3a8a7d4c22fa-d072d42|https://photos.encuentra24.com/t_user_logo/v1/users/logo/52/08/96/5208967_69fa68|https://photos.encuentra24.com/t_or_fh_m/f_auto/v1/cr/32/66/83/17/32668317_dce37917d907b19fbb20bb19955b6c68-8bf21c9|https://photos.encuentra24.com/t_or_fh_m/f_auto/v1/cr/29/38/85/87/29388587_a37ab7|https://photos.encuentra24.com/t_or_fh_m/f_auto/v1/cr/32/54/69/67/32546967_47c1505a3410ec4d4f3bab929f987d7e-a743d82|https://photos.encuentra24.com/t_or_fh_m/f_auto/v1/cr/32/05/14/67/32051467_9fef27e38ce18b9a0f9a9a2ab86ec311-3d0dd00|https://photos.encuentra24.com/t_or_fh_m/f_auto/v1/cr/32/00/81/67/32008167_48f3bc53e2a3d4a296c3ae7a326f4582-98fd555|https://photos.encuentra24.com/t_or_fh_m/f_auto/v1/cr/30/23/19/07/30231907_a369a0|https://photos.encuentra24.com/t_or_fh_m/f_auto/v1/cr/30/14/16/96/30141696_453f9a|https://photos.encuentra24.com/t_or_fh_m/f_auto/v1/cr/32/34/81/28/32348128_5314450eeaa10cf4eb4c1f9fb2dd48a0-891def7|https://photos.encuentra24.com/t_or_fh_m/f_auto/v1/cr/32/06/74/91/32067491_05e0fdf3898cc1e863096e6cf37c95d4-67c870e|https://photos.encuentra24.com/t_or_fh_m/f_auto/v1/cr/32/58/69/60/32586960_b52137185a8d09cb8a4fa6d6f3554bb9-6c947a9|https://photos.encuentra24.com/t_or_fh_m/f_auto/v1/cr/32/00/93/95/32009395_85c18fc69cc57a35010f524c31e0d68f-0971f0e|https://photos.encuentra24.com/t_or_fh_m/f_auto/v1/cr/32/64/58/60/32645860_f3d55dd2026b7b465073c55250dca2ee-42b0b6d|https://photos.encuentra24.com/t_or_fh_m/f_auto/v1/cr/32/66/78/47/32667847_cc3b81d3fa32115f95a169ebbc985bac-3fd4c00|https://photos.encuentra24.com/t_or_fh_m/f_auto/v1/cr/32/67/02/54/32670254_4ab3054c57d7188a76bdd5892c730ad3-e0a24d4
encuentra24,32631346,https://www.encuentra24.com/costa-rica-es/bienes-raices-venta-de-propiedades-apartamentos/complejo-de-5-apartamentos-en-venta/32631346,sale,active,Heredia provincia,Santa Bárbara,,Complejo de 5 apartamentos en venta,"Se trata de una propiedad de 520 metros, en la cual hay construidos 5 apartamentos, cada uno con espacio para un vehículo. Todos son de 2 cuartos, sala, comedor, cochera, cuarto de pilas. Dos son de 2 pisos. Dos se encuentran en segundo piso y uno en primer piso. Info al . Ubicados a solo 10 minutos de San Joaquín y de muy fácil acceso a los principales centros comerciales, supermercados, restaurantes y Universidades de Heredia, a 20 minutos de los principales centros de trabajo y de las principales Zonas Francas de Heredia (American Free Zone, Global Park, Ultra Park, Zona Franca Metro) Excelente ubicación, Fácil acceso",Condo,,5+ Bathrooms,4+ Vehicles,,,"500–1,000m²",{},Urban,{},,,275000000,CRC,,https://photos.encuentra24.com/t_or_fh_m/f_auto/v1/cr/32/63/13/46/32631346_7198ff0|https://photos.encuentra24.com/t_or_fh_m/f_auto/v1/cr/32/63/13/46/32631346_210b13a|https://photos.encuentra24.com/t_or_fh_m/f_auto/v1/cr/32/63/13/46/32631346_09fe26a|https://photos.encuentra24.com/t_or_fh_m/f_auto/v1/cr/32/63/13/46/32631346_a407a8b|https://photos.encuentra24.com/t_or_fh_m/f_auto/v1/cr/32/63/13/46/32631346_f51867f|https://photos.encuentra24.com/t_or_fh_m/f_auto/v1/cr/32/63/13/46/32631346_bd1c6c0|https://photos.encuentra24.com/t_or_fh_m/f_auto/v1/cr/32/63/13/46/32631346_53e421f|https://photos.encuentra24.com/t_or_fh_m/f_auto/v1/cr/32/63/13/46/32631346_9f52e02|https://photos.encuentra24.com/t_or_fh_m/f_auto/v1/cr/32/63/13/46/32631346_d445891|https://photos.encuentra24.com/t_or_fh_m/f_auto/v1/cr/32/63/13/46/32631346_aab1dc7|https://photos.encuentra24.com/t_or_fh_m/f_auto/v1/cr/32/63/13/46/32631346_e52b590|https://photos.encuentra24.com/t_or_fh_m/f_auto/v1/cr/32/63/13/46/32631346_0bcffde|https://photos.encuentra24.com/t_or_fh_m/f_auto/v1/cr/32/63/13/46/32631346_a685161|https://photos.encuentra24.com/t_or_fh_m/f_auto/v1/cr/32/63/13/46/32631346_e6dfa96|https://photos.encuentra24.com/t_or_fh_m/f_auto/v1/cr/32/63/13/46/32631346_9bb6c16|https://photos.encuentra24.com/t_or_fh_m/f_auto/v1/cr/32/63/13/46/32631346_a77b74f|https://photos.encuentra24.com/t_or_fh_m/f_auto/v1/cr/32/63/13/46/32631346_0527ac6|https://photos.encuentra24.com/t_or_fh_m/f_auto/v1/cr/32/63/13/46/32631346_c2c8448|https://photos.encuentra24.com/t_or_fh_m/f_auto/v1/cr/32/63/13/46/32631346_2e422d3|https://photos.encuentra24.com/t_or_fh_m/f_auto/v1/cr/32/63/13/46/32631346_466b806
encuentra24,32582125,https://www.encuentra24.com/costa-rica-es/bienes-raices-venta-de-propiedades-casas/venta-de-casa-en-residencial-en-san-rafael-de-coronado/32582125,sale,active,San José provincia,Vázquez de Coronado,San Rafael,Venta de Casa en Residencial en San Rafael de Coronado,"Venta de espaciosa casa en San Rafael de Coronado. Ubicada en una de las zonas más exclusivas de Coronado, esta residencia de un solo nivel ofrece 325 m² de construcción en un amplio lote plano de 743 m², rodeado de hermosos jardines y un entorno natural que invita a la tranquilidad. Disfruta del clima fresco de montaña, privacidad y una arquitectura que destaca por sus cielos altos, excelente iluminación natural y finos detalles en madera en impecable estado, creando espacios cálidos y llenos de carácter. La propiedad ofrece: 4 amplias habitaciones con excelente luz natural Cuarto de servicio con baño privado Áreas sociales integradas, perfectas para compartir Jardines y zonas verdes que rodean toda la casa Un hogar diseñado para brindar confort, amplitud y armonía, ideal para quienes buscan vivir rodeados de naturaleza sin renunciar a la calidad y el bienestar. Un oasis único en Coronado, perfecto para familias que desean un hogar funcional, amplio y en excelente estado.",House,4 Bedrooms,4 Bathrooms,2 Vehicles,,,,"{""Electricity""}",,"{""Flat""}",,,250000000,CRC,+50672532251,https://photos.encuentra24.com/t_or_fh_m/f_auto/v1/cr/32/58/21/25/32582125_bc89e889cb175445e377e28b7248a30a-d847c37|https://photos.encuentra24.com/t_or_fh_m/f_auto/v1/cr/32/58/21/25/32582125_bc89e889cb175445e377e28b7248a30a-36e8a96|https://photos.encuentra24.com/t_or_fh_m/f_auto/v1/cr/32/58/21/25/32582125_bc89e889cb175445e377e28b7248a30a-21a7157|https://photos.encuentra24.com/t_or_fh_m/f_auto/v1/cr/32/58/21/25/32582125_bc89e889cb175445e377e28b7248a30a-3ffdf21|https://photos.encuentra24.com/t_or_fh_m/f_auto/v1/cr/32/58/21/25/32582125_bc89e889cb175445e377e28b7248a30a-7d1d0da|https://photos.encuentra24.com/t_or_fh_m/f_auto/v1/cr/32/58/21/25/32582125_f13ea6a|https://photos.encuentra24.com/t_or_fh_m/f_auto/v1/cr/32/58/21/25/32582125_bc89e889cb175445e377e28b7248a30a-88ad736|https://photos.encuentra24.com/t_or_fh_m/f_auto/v1/cr/32/58/21/25/32582125_bc89e889cb175445e377e28b7248a30a-a9e96db|https://photos.encuentra24.com/t_or_fh_m/f_auto/v1/cr/32/58/21/25/32582125_bc89e889cb175445e377e28b7248a30a-55b1cc7|https://photos.encuentra24.com/t_or_fh_m/f_auto/v1/cr/32/58/21/25/32582125_bc89e889cb175445e377e28b7248a30a-bd9a8b7|https://photos.encuentra24.com/t_or_fh_m/f_auto/v1/cr/32/58/21/25/32582125_bc89e889cb175445e377e28b7248a30a-5a12cf0|https://photos.encuentra24.com/t_or_fh_m/f_auto/v1/cr/32/58/21/25/32582125_bc89e889cb175445e377e28b7248a30a-2855863|https://photos.encuentra24.com/t_or_fh_m/f_auto/v1/cr/32/58/21/25/32582125_bc89e889cb175445e377e28b7248a30a-e6dbc3c|https://photos.encuentra24.com/t_or_fh_m/f_auto/v1/cr/32/58/21/25/32582125_bc89e889cb175445e377e28b7248a30a-5aaeef1|https://photos.encuentra24.com/t_or_fh_m/f_auto/v1/cr/32/58/21/25/32582125_bc89e889cb175445e377e28b7248a30a-aad50bb|https://photos.encuentra24.com/t_or_fh_m/f_auto/v1/cr/32/58/21/25/32582125_bc89e889cb175445e377e28b7248a30a-053fc25|https://photos.encuentra24.com/t_or_fh_m/f_auto/v1/cr/32/58/21/25/32582125_bc89e889cb175445e377e28b7248a30a-156e733|https://photos.encuentra24.com/t_or_fh_m/f_auto/v1/cr/32/58/21/25/32582125_bc89e889cb175445e377e28b7248a30a-6d15ad7|https://photos.encuentra24.com/t_or_fh_m/f_auto/v1/cr/32/58/21/25/32582125_bc89e889cb175445e377e28b7248a30a-d5d1ae7|https://photos.encuentra24.com/t_or_fh_m/f_auto/v1/cr/32/58/21/25/32582125_bc89e889cb175445e377e2|https://photos.encuentra24.com/t_user_logo/v1/users/logo/16/30/90/1630903_2bf7be|https://photos.encuentra24.com/t_or_fh_m/f_auto/v1/cr/31/25/27/06/31252706_a8e1d27|https://photos.encuentra24.com/t_or_fh_m/f_auto/v1/cr/31/91/04/54/31910454_d57ac3|https://photos.encuentra24.com/t_or_fh_m/f_auto/v1/cr/31/67/23/73/31672373_b74cc1|https://photos.encuentra24.com/t_or_fh_m/f_auto/v1/cr/31/84/07/72/31840772_fb0df7c|https://photos.encuentra24.com/t_or_fh_m/f_auto/v1/cr/32/41/55/02/32415502_3623dcf|https://photos.encuentra24.com/t_or_fh_m/f_auto/v1/cr/32/52/48/82/32524882_3d5b9a1|https://photos.encuentra24.com/t_or_fh_m/f_auto/v1/cr/32/24/92/71/32249271_e158b66130496d046d9016398c3f8a97-b1a095c|https://photos.encuentra24.com/t_or_fh_m/f_auto/v1/cr/32/58/16/73/32581673_9a6c5d532d229f588a9d5e6356836a2a-4048466|https://photos.encuentra24.com/t_or_fh_m/f_auto/v1/cr/32/60/10/68/32601068_27e4f84a18030001b1b0e38b0a39aa67-db5192e|https://photos.encuentra24.com/t_or_fh_m/f_auto/v1/cr/32/61/06/64/32610664_64b38386e29770ec56190066a659fa97-f63ee82|https://photos.encuentra24.com/t_or_fh_m/f_auto/v1/cr/32/57/54/40/32575440_c5f170333c408abdccd330eb8216c7ac-deb67eb|https://photos.encuentra24.com/t_or_fh_m/f_auto/v1/cr/32/58/53/11/32585311_495eca557f9d43b931067ca2a038164e-4c968ca|https://photos.encuentra24.com/t_or_fh_m/f_auto/v1/cr/32/58/53/75/32585375_ab6300bd0c71de924dfe79debf120497-277a7bf|https://photos.encuentra24.com/t_or_fh_m/f_auto/v1/cr/32/22/61/57/32226157_72b345bce56c02cdbdac92f3e8fb8085-58dd00d
encuentra24,32601068,https://www.encuentra24.com/costa-rica-es/bienes-raices-venta-de-propiedades-casas/venta-de-casa-tipo-cabana-en-jardin-de-dota-en-lote-de-726-m2/32601068,sale,active,San José provincia,Dota,Jardín,Venta de Casa tipo Cabaña en Jardin de Dota en lote de 726 m2,"Cabaña en Venta - El Jardín de Dota Hermosa cabaña de montaña rodeada de naturaleza, ideal para quienes buscan tranquilidad, privacidad y conexión con el entorno. Su diseño rústico en madera, combinado con amplios ventanales, permite disfrutar de excelente iluminación natural y vistas verdes en cada espacio. Distribución y confort La propiedad cuenta con 3 habitaciones y 2 baños, ofreciendo espacios cómodos y funcionales. La sala principal transmite calidez con acabados en madera y conexión directa hacia las áreas exteriores. Espacios exteriores con encanto Disfrute de una hermosa terraza y un rancho equipado tipo BBQ/cocina rústica, perfecto para reuniones y experiencias al aire libre. Sus jardines y entorno natural crean un ambiente tipo retiro. Comodidad y terreno Lote de 726 m², con parqueo para varios vehículos, bodega y amplias áreas verdes que brindan versatilidad y privacidad. Ideal para: Casa de descanso en la montaña Inversión tipo Airbnb o turismo rural Retiro privado en un entorno natural Una propiedad con carácter, lista para disfrutar o generar ingresos en una de las zonas más atractivas de montaña en Costa Rica. Contácteme para más información o agendar su visita.",House,,2 Bathrooms,4+ Vehicles,,,,{},Rural,{},,,75000000,CRC,+50672532251,https://photos.encuentra24.com/t_or_fh_m/f_auto/v1/cr/32/60/10/68/32601068_27e4f84a18030001b1b0e38b0a39aa67-db5192e|https://photos.encuentra24.com/t_or_fh_m/f_auto/v1/cr/32/60/10/68/32601068_27e4f84a18030001b1b0e38b0a39aa67-37275b4|https://photos.encuentra24.com/t_or_fh_m/f_auto/v1/cr/32/60/10/68/32601068_27e4f84a18030001b1b0e38b0a39aa67-1ca1424|https://photos.encuentra24.com/t_or_fh_m/f_auto/v1/cr/32/60/10/68/32601068_27e4f84a18030001b1b0e38b0a39aa67-207d236|https://photos.encuentra24.com/t_or_fh_m/f_auto/v1/cr/32/60/10/68/32601068_27e4f84a18030001b1b0e38b0a39aa67-2ce6f32|https://photos.encuentra24.com/t_or_fh_m/f_auto/v1/cr/32/60/10/68/32601068_27e4f84a18030001b1b0e38b0a39aa67-209a6fa|https://photos.encuentra24.com/t_or_fh_m/f_auto/v1/cr/32/60/10/68/32601068_27e4f84a18030001b1b0e38b0a39aa67-2642f66|https://photos.encuentra24.com/t_or_fh_m/f_auto/v1/cr/32/60/10/68/32601068_27e4f84a18030001b1b0e38b0a39aa67-3f76398|https://photos.encuentra24.com/t_or_fh_m/f_auto/v1/cr/32/60/10/68/32601068_27e4f84a18030001b1b0e38b0a39aa67-cb07a81|https://photos.encuentra24.com/t_or_fh_m/f_auto/v1/cr/32/60/10/68/32601068_27e4f84a18030001b1b0e38b0a39aa67-69beaff|https://photos.encuentra24.com/t_or_fh_m/f_auto/v1/cr/32/60/10/68/32601068_27e4f84a18030001b1b0e38b0a39aa67-afd84f9|https://photos.encuentra24.com/t_or_fh_m/f_auto/v1/cr/32/60/10/68/32601068_27e4f84a18030001b1b0e38b0a39aa67-4385a42|https://photos.encuentra24.com/t_or_fh_m/f_auto/v1/cr/32/60/10/68/32601068_27e4f84a18030001b1b0e38b0a39aa67-3b8cf09|https://photos.encuentra24.com/t_or_fh_m/f_auto/v1/cr/32/60/10/68/32601068_27e4f84a18030001b1b0e38b0a39aa67-7c52247|https://photos.encuentra24.com/t_or_fh_m/f_auto/v1/cr/32/60/10/68/32601068_27e4f84a18030001b1b0e38b0a39aa67-38eee20|https://photos.encuentra24.com/t_or_fh_m/f_auto/v1/cr/32/60/10/68/32601068_27e4f84a18030001b1b0e38b0a39aa67-3eb85d2|https://photos.encuentra24.com/t_or_fh_m/f_auto/v1/cr/32/60/10/68/32601068_27e4f84a18030001b1b0e38b0a39aa67-75ed44f|https://photos.encuentra24.com/t_or_fh_m/f_auto/v1/cr/32/60/10/68/32601068_27e4f84a18030001b1b0e38b0a39aa67-5d17a7f|https://photos.encuentra24.com/t_or_fh_m/f_auto/v1/cr/32/60/10/68/32601068_27e4f84a18030001b1b0e38b0a39aa67-4c3e82a|https://photos.encuentra24.com/t_user_logo/v1/users/logo/16/30/90/1630903_2bf7be|https://photos.encuentra24.com/t_or_fh_m/f_auto/v1/cr/32/49/01/74/32490174_01be29f5d6d4cc3dca1af645db281601-e10201b|https://photos.encuentra24.com/t_or_fh_m/f_auto/v1/cr/32/53/13/04/32531304_ff2e2ddc14b1b9b35cad84f1f1b3eacc-eac8e58|https://photos.encuentra24.com/t_or_fh_m/f_auto/v1/cr/32/52/67/66/32526766_821abefc30e9828de70c7626ab4b3139-be2cb83|https://photos.encuentra24.com/t_or_fh_m/f_auto/v1/cr/30/41/71/56/30417156_a59785|https://photos.encuentra24.com/t_or_fh_m/f_auto/v1/cr/32/23/55/11/32235511_480ae35a0d0afb3fc7cbbd16598d1597-49aaa09|https://photos.encuentra24.com/t_or_fh_m/f_auto/v1/cr/32/58/16/73/32581673_9a6c5d532d229f588a9d5e6356836a2a-4048466|https://photos.encuentra24.com/t_or_fh_m/f_auto/v1/cr/32/58/21/25/32582125_bc89e889cb175445e377e28b7248a30a-d847c37|https://photos.encuentra24.com/t_or_fh_m/f_auto/v1/cr/32/61/06/64/32610664_64b38386e29770ec56190066a659fa97-f63ee82|https://photos.encuentra24.com/t_or_fh_m/f_auto/v1/cr/32/57/54/40/32575440_c5f170333c408abdccd330eb8216c7ac-deb67eb|https://photos.encuentra24.com/t_or_fh_m/f_auto/v1/cr/32/58/53/11/32585311_495eca557f9d43b931067ca2a038164e-4c968ca|https://photos.encuentra24.com/t_or_fh_m/f_auto/v1/cr/32/58/53/75/32585375_ab6300bd0c71de924dfe79debf120497-277a7bf|https://photos.encuentra24.com/t_or_fh_m/f_auto/v1/cr/32/22/61/57/32226157_72b345bce56c02cdbdac92f3e8fb8085-58dd00d
encuentra24,32610664,https://www.encuentra24.com/costa-rica-es/bienes-raices-venta-de-propiedades-apartamentos/venta-de-apartamento-en-altos-y-torres-de-mayorca-san-rafael-escazu-oportunidad/32610664,sale,active,San José provincia,Escazú,San Rafael,Venta de Apartamento en Altos y Torres de Mayorca San Rafael Escazú Oportunidad,"Amplio apartamento de 192 m² en el exclusivo condominio Altos y Torres de Mayorca, San Rafael de Escazú. Disfruta de una distribución cómoda con sala y comedor amplios, 3 habitaciones y espacios generosos que ofrecen gran potencial. Es una excelente oportunidad para remodelarlo y actualizarlo a tu gusto, ubicado en una de las zonas más prestigiosas y cotizadas de Escazú, con acceso a comercios, servicios y un entorno residencial de alto nivel. Ideal para quienes buscan amplitud, ubicación privilegiada y un proyecto con gran proyección de valor.",Condo,3 Bedrooms,3 Bathrooms,2 Vehicles,,,,{},,{},,,290000,USD,+50672532251,https://photos.encuentra24.com/t_or_fh_m/f_auto/v1/cr/32/61/06/64/32610664_64b38386e29770ec56190066a659fa97-f63ee82|https://photos.encuentra24.com/t_or_fh_m/f_auto/v1/cr/32/61/06/64/32610664_64b38386e29770ec56190066a659fa97-862a9ed|https://photos.encuentra24.com/t_or_fh_m/f_auto/v1/cr/32/61/06/64/32610664_64b38386e29770ec56190066a659fa97-755b0f6|https://photos.encuentra24.com/t_or_fh_m/f_auto/v1/cr/32/61/06/64/32610664_64b38386e29770ec56190066a659fa97-d67d325|https://photos.encuentra24.com/t_or_fh_m/f_auto/v1/cr/32/61/06/64/32610664_64b38386e29770ec56190066a659fa97-d6f40f2|https://photos.encuentra24.com/t_or_fh_m/f_auto/v1/cr/32/61/06/64/32610664_64b38386e29770ec56190066a659fa97-de909ce|https://photos.encuentra24.com/t_or_fh_m/f_auto/v1/cr/32/61/06/64/32610664_64b38386e29770ec56190066a659fa97-8f23912|https://photos.encuentra24.com/t_or_fh_m/f_auto/v1/cr/32/61/06/64/32610664_64b38386e29770ec56190066a659fa97-6b95193|https://photos.encuentra24.com/t_or_fh_m/f_auto/v1/cr/32/61/06/64/32610664_64b38386e29770ec56190066a659fa97-3cd687c|https://photos.encuentra24.com/t_or_fh_m/f_auto/v1/cr/32/61/06/64/32610664_64b38386e29770ec56190066a659fa97-b0efab2|https://photos.encuentra24.com/t_or_fh_m/f_auto/v1/cr/32/61/06/64/32610664_64b38386e29770ec56190066a659fa97-c601df2|https://photos.encuentra24.com/t_or_fh_m/f_auto/v1/cr/32/61/06/64/32610664_64b38386e29770ec56190066a659fa97-e0993bb|https://photos.encuentra24.com/t_or_fh_m/f_auto/v1/cr/32/61/06/64/32610664_64b38386e29770ec56190066a659fa97-39f0727|https://photos.encuentra24.com/t_or_fh_m/f_auto/v1/cr/32/61/06/64/32610664_64b38386e29770ec56190066a659fa97-cec25b4|https://photos.encuentra24.com/t_or_fh_m/f_auto/v1/cr/32/61/06/64/32610664_64b38386e29770ec56190066a659fa97-109c24a|https://photos.encuentra24.com/t_or_fh_m/f_auto/v1/cr/32/61/06/64/32610664_64b38386e29770ec56190066a659fa97-816ec7a|https://photos.encuentra24.com/t_or_fh_m/f_auto/v1/cr/32/61/06/64/32610664_64b38386e29770ec56190066a659fa97-94979eb|https://photos.encuentra24.com/t_or_fh_m/f_auto/v1/cr/32/61/06/64/32610664_64b38386e29770ec56190066a659fa97-914696b|https://photos.encuentra24.com/t_user_logo/v1/users/logo/16/30/90/1630903_2bf7be|https://photos.encuentra24.com/t_or_fh_m/f_auto/v1/cr/32/51/92/07/32519207_d122126b65eb52037fee7e5dbcca0999-9826a6e|https://photos.encuentra24.com/t_or_fh_m/f_auto/v1/cr/32/62/72/07/32627207_2ee3d73789c1157d4c6e191c4b4e55ff-2820c79|https://photos.encuentra24.com/t_or_fh_m/f_auto/v1/cr/32/27/39/37/32273937_3882f61|https://photos.encuentra24.com/t_or_fh_m/f_auto/v1/cr/31/71/40/67/31714067_cc9a14|https://photos.encuentra24.com/t_or_fh_m/f_auto/v1/cr/31/87/04/47/31870447_ebc14f|https://photos.encuentra24.com/t_or_fh_m/f_auto/v1/cr/32/50/50/37/32505037_a6b5419989b6db8970c4ce69e23a5de5-f4aab3c|https://photos.encuentra24.com/t_or_fh_m/f_auto/v1/cr/31/79/88/07/31798807_6a8007|https://photos.encuentra24.com/t_or_fh_m/f_auto/v1/cr/32/58/16/73/32581673_9a6c5d532d229f588a9d5e6356836a2a-4048466|https://photos.encuentra24.com/t_or_fh_m/f_auto/v1/cr/32/58/21/25/32582125_bc89e889cb175445e377e28b7248a30a-d847c37|https://photos.encuentra24.com/t_or_fh_m/f_auto/v1/cr/32/60/10/68/32601068_27e4f84a18030001b1b0e38b0a39aa67-db5192e|https://photos.encuentra24.com/t_or_fh_m/f_auto/v1/cr/32/57/54/40/32575440_c5f170333c408abdccd330eb8216c7ac-deb67eb|https://photos.encuentra24.com/t_or_fh_m/f_auto/v1/cr/32/58/53/11/32585311_495eca557f9d43b931067ca2a038164e-4c968ca|https://photos.encuentra24.com/t_or_fh_m/f_auto/v1/cr/32/58/53/75/32585375_ab6300bd0c71de924dfe79debf120497-277a7bf|https://photos.encuentra24.com/t_or_fh_m/f_auto/v1/cr/32/22/61/57/32226157_72b345bce56c02cdbdac92f3e8fb8085-58dd00d
encuentra24,32575440,https://www.encuentra24.com/costa-rica-es/bienes-raices-venta-de-propiedades-apartamentos/venta-apartamento-torre-ifreses-curridabat/32575440,sale,active,San José provincia,Curridabat,,Venta apartamento Torre Ifreses Curridabat,"El hotspot de inversión en Airbnb del Este: Torre Ifreses, Curridabat Si buscas una propiedad con alta ocupación, excelente retorno y demanda constante, este apartamento de 30 m² en Torre Ifreses es exactamente el tipo de activo que funciona. Cuenta con cocina amueblada (plantilla, microondas y refrigeradora), espacios bien distribuidos y un diseño práctico que encanta a huéspedes y arrendatarios por igual. Perfecto para inversión, renta tradicional o plataformas digitales. La torre es uno de los proyectos con mayor atractivo para inversionistas gracias a sus 18 amenidades premium, que elevan la experiencia y aumentan la ocupación: Piscina con canal semiolímpico en el piso 25 Cine privado Gimnasio equipado Salón de música BBQ Lavandería Y mucho más Ifreses es una inversión segura, moderna y con plusvalía comprobada. Un activo que se paga solo y se mantiene siempre en demanda.",Condo,,1 Bathroom,,,,,{},,{},,,55000000,CRC,+50672532251,https://photos.encuentra24.com/t_or_fh_m/f_auto/v1/cr/32/57/54/40/32575440_c5f170333c408abdccd330eb8216c7ac-deb67eb|https://photos.encuentra24.com/t_or_fh_m/f_auto/v1/cr/32/57/54/40/32575440_c5f170333c408abdccd330eb8216c7ac-41e4776|https://photos.encuentra24.com/t_or_fh_m/f_auto/v1/cr/32/57/54/40/32575440_c5f170333c408abdccd330eb8216c7ac-b517b0b|https://photos.encuentra24.com/t_or_fh_m/f_auto/v1/cr/32/57/54/40/32575440_c5f170333c408abdccd330eb8216c7ac-f372f4b|https://photos.encuentra24.com/t_or_fh_m/f_auto/v1/cr/32/57/54/40/32575440_c5f170333c408abdccd330eb8216c7ac-b8f4df3|https://photos.encuentra24.com/t_or_fh_m/f_auto/v1/cr/32/57/54/40/32575440_c5f170333c408abdccd330eb8216c7ac-1a6336f|https://photos.encuentra24.com/t_or_fh_m/f_auto/v1/cr/32/57/54/40/32575440_c5f170333c408abdccd330eb8216c7ac-9c42d1a|https://photos.encuentra24.com/t_or_fh_m/f_auto/v1/cr/32/57/54/40/32575440_c5f170333c408abdccd330eb8216c7ac-9669305|https://photos.encuentra24.com/t_or_fh_m/f_auto/v1/cr/32/57/54/40/32575440_c5f170333c408abdccd330eb8216c7ac-d5f5857|https://photos.encuentra24.com/t_or_fh_m/f_auto/v1/cr/32/57/54/40/32575440_c5f170333c408abdccd330eb8216c7ac-65b0851|https://photos.encuentra24.com/t_or_fh_m/f_auto/v1/cr/32/57/54/40/32575440_c5f170333c408abdccd330eb8216c7ac-02e2b37|https://photos.encuentra24.com/t_or_fh_m/f_auto/v1/cr/32/57/54/40/32575440_c5f170333c408abdccd330eb8216c7ac-b702223|https://photos.encuentra24.com/t_or_fh_m/f_auto/v1/cr/32/57/54/40/32575440_c5f170333c408abdccd330eb8216c7ac-2632c59|https://photos.encuentra24.com/t_or_fh_m/f_auto/v1/cr/32/57/54/40/32575440_c5f170333c408abdccd330eb8216c7ac-a0c83f4|https://photos.encuentra24.com/t_user_logo/v1/users/logo/16/30/90/1630903_2bf7be|https://photos.encuentra24.com/t_or_fh_m/f_auto/v1/cr/32/63/51/08/32635108_5ad3e95af1547abc0906c5f27c13a5f5-3ee0260|https://photos.encuentra24.com/t_or_fh_m/f_auto/v1/cr/32/62/19/08/32621908_f17936e661cb1e069e6e1de979e8e29a-8a92b03|https://photos.encuentra24.com/t_or_fh_m/f_auto/v1/cr/30/22/33/27/30223327_892ae3|https://photos.encuentra24.com/t_or_fh_m/f_auto/v1/cr/32/50/12/27/32501227_9ffd0d8a9a085f406e72f01e1e81f959-18f8a0e|https://photos.encuentra24.com/t_or_fh_m/f_auto/v1/cr/32/40/74/77/32407477_9004bdaa4049114d1e21f45eb74b1286-e97168b|https://photos.encuentra24.com/t_or_fh_m/f_auto/v1/cr/32/62/38/46/32623846_09245988733225ede428d20176e30f41-a972aa5|https://photos.encuentra24.com/t_or_fh_m/f_auto/v1/cr/32/59/77/36/32597736_6066a8a58b83cec05c6b79538bf285ed-b8dd560|https://photos.encuentra24.com/t_or_fh_m/f_auto/v1/cr/32/58/16/73/32581673_9a6c5d532d229f588a9d5e6356836a2a-4048466|https://photos.encuentra24.com/t_or_fh_m/f_auto/v1/cr/32/58/21/25/32582125_bc89e889cb175445e377e28b7248a30a-d847c37|https://photos.encuentra24.com/t_or_fh_m/f_auto/v1/cr/32/60/10/68/32601068_27e4f84a18030001b1b0e38b0a39aa67-db5192e|https://photos.encuentra24.com/t_or_fh_m/f_auto/v1/cr/32/61/06/64/32610664_64b38386e29770ec56190066a659fa97-f63ee82|https://photos.encuentra24.com/t_or_fh_m/f_auto/v1/cr/32/58/53/11/32585311_495eca557f9d43b931067ca2a038164e-4c968ca|https://photos.encuentra24.com/t_or_fh_m/f_auto/v1/cr/32/58/53/75/32585375_ab6300bd0c71de924dfe79debf120497-277a7bf|https://photos.encuentra24.com/t_or_fh_m/f_auto/v1/cr/32/22/61/57/32226157_72b345bce56c02cdbdac92f3e8fb8085-58dd00d
encuentra24,32591466,https://www.encuentra24.com/costa-rica-es/bienes-raices-venta-de-propiedades-fincas/se-vende-finca-de-550-hectareas-con-vista/32591466,sale,active,San José provincia,Turrubares,Carara,Se vende Finca de 550 hectareas con vista,"Un paraíso real existe… y está en Costa Rica 550 hectáreas en La Pavona, Turrubares, en el corazón del Pacífico Central, con una vista 360° al mar y la montaña que simplemente quita el aliento. Naturaleza en su máxima expresión 250 hectáreas de bosque frondoso 300 hectáreas de potreros Gran biodiversidad y vida silvestre Más de 35 nacientes de agua dentro de la finca Un río que la rodea por 3 kilómetros Infraestructura lista Tendido eléctrico interno (8 km) Acueducto dentro de la propiedad Accesos internos Alto potencial de desarrollo Ideal para proyecto inmobiliario sostenible, eco-resort, reserva privada o desarrollo turístico premium, hotel, residencial de lujo en la naturaleza. Uso actual: actividad ganadera Anteproyecto de desarrollo inmobiliario existente Precio: USD $5,100,000",Farm,,5+ Bathrooms,,,,>5 Hectares,"{""Water""}",Riverfront,"{""Forested""}",,,5100000,USD,+50684760907,https://photos.encuentra24.com/t_or_fh_m/f_auto/v1/cr/32/59/14/66/32591466_8f5d3a9f626c5500922bd664fc548011-1883898|https://photos.encuentra24.com/t_or_fh_m/f_auto/v1/cr/32/59/14/66/32591466_8f5d3a9f626c5500922bd664fc548011-1bbbd6c|https://photos.encuentra24.com/t_or_fh_m/f_auto/v1/cr/32/59/14/66/32591466_8f5d3a9f626c5500922bd664fc548011-b82af58|https://photos.encuentra24.com/t_or_fh_m/f_auto/v1/cr/32/59/14/66/32591466_8f5d3a9f626c5500922bd664fc548011-28d7a2d|https://photos.encuentra24.com/t_or_fh_m/f_auto/v1/cr/32/59/14/66/32591466_8f5d3a9f626c5500922bd664fc548011-8f79fef|https://photos.encuentra24.com/t_or_fh_m/f_auto/v1/cr/32/59/14/66/32591466_8f5d3a9f626c5500922bd664fc548011-5ed0e84|https://photos.encuentra24.com/t_or_fh_m/f_auto/v1/cr/32/59/14/66/32591466_8f5d3a9f626c5500922bd664fc548011-f79c1eb|https://photos.encuentra24.com/t_or_fh_m/f_auto/v1/cr/32/59/14/66/32591466_8f5d3a9f626c5500922bd664fc548011-5a91fcc|https://photos.encuentra24.com/t_or_fh_m/f_auto/v1/cr/32/59/14/66/32591466_8f5d3a9f626c5500922bd664fc548011-f948637|https://photos.encuentra24.com/t_or_fh_m/f_auto/v1/cr/32/59/14/66/32591466_8f5d3a9f626c5500922bd664fc548011-6dfbdb1|https://photos.encuentra24.com/t_or_fh_m/f_auto/v1/cr/32/59/14/66/32591466_8f5d3a9f626c5500922bd664fc548011-e8befec|https://photos.encuentra24.com/t_or_fh_m/f_auto/v1/cr/32/59/14/66/32591466_8f5d3a9f626c5500922bd664fc548011-b15b143|https://photos.encuentra24.com/t_or_fh_m/f_auto/v1/cr/32/59/14/66/32591466_8f5d3a9f626c5500922bd664fc548011-617dae4|https://photos.encuentra24.com/t_or_fh_m/f_auto/v1/cr/32/59/14/66/32591466_8f5d3a9f626c5500922bd664fc548011-51b742c|https://photos.encuentra24.com/t_or_fh_m/f_auto/v1/cr/32/59/14/66/32591466_8f5d3a9f626c5500922bd664fc548011-14b6064|https://photos.encuentra24.com/t_or_fh_m/f_auto/v1/cr/32/59/14/66/32591466_8f5d3a9f626c5500922bd664fc548011-783de7f|https://photos.encuentra24.com/t_or_fh_m/f_auto/v1/cr/32/59/14/66/32591466_8f5d3a9f626c5500922bd664fc548011-7c43cf3|https://photos.encuentra24.com/t_or_fh_m/f_auto/v1/cr/32/59/14/66/32591466_8f5d3a9f626c5500922bd664fc548011-6f7ad24|https://photos.encuentra24.com/t_or_fh_m/f_auto/v1/cr/32/59/14/66/32591466_8f5d3a9f626c5500922bd664fc548011-1b2c879|https://photos.encuentra24.com/t_user_logo/v1/users/logo/12/47/65/21/12476521_ddf3e2|https://photos.encuentra24.com/t_or_fh_m/f_auto/v1/cr/32/66/53/83/32665383_37a5877937153c390c523682e1564b0c-6697823|https://photos.encuentra24.com/t_or_fh_m/f_auto/v1/cr/32/58/73/32/32587332_c30fbf44420a4dff65995cd4e17e2aaa-651c103|https://photos.encuentra24.com/t_or_fh_m/f_auto/v1/cr/32/63/98/44/32639844_c50724f76d503669a26c9a2cd72b44df-049f051|https://photos.encuentra24.com/t_or_fh_m/f_auto/v1/cr/32/58/73/94/32587394_7c1043f6a2df0a38652016923433bba4-56f458e|https://photos.encuentra24.com/t_or_fh_m/f_auto/v1/cr/32/58/74/34/32587434_e336820ad8e99a54d260262bbd857cc3-8057eed|https://photos.encuentra24.com/t_or_fh_m/f_auto/v1/cr/32/59/17/88/32591788_207a05c36607960740afa98a2469f8eb-da17d00|https://photos.encuentra24.com/t_or_fh_m/f_auto/v1/cr/32/61/11/38/32611138_b1d96b76d06f9a64f6c759ab7cca410c-ab202f6
encuentra24,32643376,https://www.encuentra24.com/costa-rica-es/bienes-raices-venta-de-propiedades-apartamentos/apartamento-grande-y-lujoso-de-3-habitaciones-en-venta-rohrmoser/32643376,sale,active,San José provincia,San José Capital,Rohrmoser,APARTAMENTO GRANDE Y LUJOSO DE 3 HABITACIONES EN VENTA ROHRMOSER,"Exclusivo apartamento de lujo ubicado en Nunciatura Flats, uno de los condominios residenciales más exclusivos de Rohrmoser. Esta es la unidad más grande del edificio, ofreciendo amplios espacios, privacidad y una ubicación privilegiada en una de las zonas de mayor plusvalía de San José. Precio de venta: $350,000 Distribución: 3 habitaciones (Habitación principal con amplio walk-in closet y baño privado) 2.5 baños 3 parqueos (4 con duplicador) 2 bodegas Acabados de lujo El edificio cuenta con únicamente 64 apartamentos, brindando un ambiente tranquilo, seguro y exclusivo. Características del apartamento: 124 m² habitables 180 m² totales incluyendo parqueos y bodegas Cocina amplia con excelente distribución Cuarto de lavandería independiente Sala y comedor de gran tamaño con excelente iluminación natural Los muebles puede incluirse en la venta y es negociable. Amenidades del edificio: Piscina en el último nivel con solárium y vista panorámica Jacuzzi Salón social y lounge completamente equipado Gimnasio totalmente equipado 2 amplias áreas de BBQ Jardín Playground 2 terrazas amplias Seguridad 24/7 Parqueo para visitas Ubicación: Ubicado en Nunciatura, Rohrmoser, cerca de supermercados, bancos, restaurantes, cafés, Parque La Sabana, Estadio Nacional y con rápido acceso a Escazú, Ruta 27 y el centro de San José. Para más información o coordinar una visita, contacte a Lawrence Home Real Estate.",Condo,3 Bedrooms,3 Bathrooms,3 Vehicles,,,,"{""Solar Power""}",Urban,"{""Steep Slope""}",Walkable,,350000,USD,+50662777750,https://photos.encuentra24.com/t_or_fh_m/f_auto/v1/cr/32/64/33/76/32643376_2c0938c652a8c037b86b36c869202469-f318c1f|https://photos.encuentra24.com/t_or_fh_m/f_auto/v1/cr/32/64/33/76/32643376_2c0938c652a8c037b86b36c869202469-9aa1351|https://photos.encuentra24.com/t_or_fh_m/f_auto/v1/cr/32/64/33/76/32643376_2c0938c652a8c037b86b36c869202469-6e17495|https://photos.encuentra24.com/t_or_fh_m/f_auto/v1/cr/32/64/33/76/32643376_2c0938c652a8c037b86b36c869202469-8ddae87|https://photos.encuentra24.com/t_or_fh_m/f_auto/v1/cr/32/64/33/76/32643376_2c0938c652a8c037b86b36c869202469-c172620|https://photos.encuentra24.com/t_or_fh_m/f_auto/v1/cr/32/64/33/76/32643376_2c0938c652a8c037b86b36c869202469-0d75fc2|https://photos.encuentra24.com/t_or_fh_m/f_auto/v1/cr/32/64/33/76/32643376_2c0938c652a8c037b86b36c869202469-b92002b|https://photos.encuentra24.com/t_or_fh_m/f_auto/v1/cr/32/64/33/76/32643376_2c0938c652a8c037b86b36c869202469-3d36f36|https://photos.encuentra24.com/t_or_fh_m/f_auto/v1/cr/32/64/33/76/32643376_2c0938c652a8c037b86b36c869202469-3e74fc7|https://photos.encuentra24.com/t_or_fh_m/f_auto/v1/cr/32/64/33/76/32643376_2c0938c652a8c037b86b36c869202469-cf63091|https://photos.encuentra24.com/t_or_fh_m/f_auto/v1/cr/32/64/33/76/32643376_2c0938c652a8c037b86b36c869202469-28a5790|https://photos.encuentra24.com/t_or_fh_m/f_auto/v1/cr/32/64/33/76/32643376_2c0938c652a8c037b86b36c869202469-0c1bd18|https://photos.encuentra24.com/t_or_fh_m/f_auto/v1/cr/32/64/33/76/32643376_2c0938c652a8c037b86b36c869202469-ed5777a|https://photos.encuentra24.com/t_or_fh_m/f_auto/v1/cr/32/64/33/76/32643376_2c0938c652a8c037b86b36c869202469-8f21b36|https://photos.encuentra24.com/t_or_fh_m/f_auto/v1/cr/32/64/33/76/32643376_2c0938c652a8c037b86b36c869202469-08763f0|https://photos.encuentra24.com/t_or_fh_m/f_auto/v1/cr/32/64/33/76/32643376_2c0938c652a8c037b86b36c869202469-68fd724|https://photos.encuentra24.com/t_or_fh_m/f_auto/v1/cr/32/64/33/76/32643376_2c0938c652a8c037b86b36c869202469-5ad031d|https://photos.encuentra24.com/t_or_fh_m/f_auto/v1/cr/32/64/33/76/32643376_2c0938c652a8c037b86b36c869202469-3f852a8|https://photos.encuentra24.com/t_or_fh_m/f_auto/v1/cr/32/64/33/76/32643376_2c0938c652a8c037b86b36c869202469-4290224|https://photos.encuentra24.com/t_user_logo/v1/users/logo/12/52/31/80/12523180_85a7f0|https://photos.encuentra24.com/t_cnseal/v1697642511/cnseal/652ff80f42db6_Verified%20badge.png|https://photos.encuentra24.com/t_or_fh_m/f_auto/v1/cr/31/89/73/58/31897358_ee49dd|https://photos.encuentra24.com/t_or_fh_m/f_auto/v1/cr/31/68/74/58/31687458_b81143|https://photos.encuentra24.com/t_or_fh_m/f_auto/v1/cr/32/60/19/28/32601928_b46216|https://photos.encuentra24.com/t_or_fh_m/f_auto/v1/cr/31/97/65/48/31976548_87856cffa358fbfc068a3107ef77d094-d8fd0b7|https://photos.encuentra24.com/t_or_fh_m/f_auto/v1/cr/32/40/08/78/32400878_bb594e5ab2301040d91ef5f35bf884da-d66a89d|https://photos.encuentra24.com/t_or_fh_m/f_auto/v1/cr/32/24/14/48/32241448_37f1d1d13ba4bd7edadebb824786b2eb-c0699c7|https://photos.encuentra24.com/t_or_fh_m/f_auto/v1/cr/32/37/96/88/32379688_6276f361b3f68d90b4e45d6bc1f9f534-6a159e4|https://photos.encuentra24.com/t_or_fh_m/f_auto/v1/cr/31/83/79/86/31837986_0d71c5|https://photos.encuentra24.com/t_or_fh_m/f_auto/v1/cr/31/74/13/40/31741340_c5da8a|https://photos.encuentra24.com/t_or_fh_m/f_auto/v1/cr/32/09/22/02/32092202_bdf181d74f7e57e476c2088b2d09f532-2196f27|https://photos.encuentra24.com/t_or_fh_m/f_auto/v1/cr/31/06/15/90/31061590_c35dde|https://photos.encuentra24.com/t_or_fh_m/f_auto/v1/cr/29/16/64/18/29166418_a1ad3c|https://photos.encuentra24.com/t_or_fh_m/f_auto/v1/cr/30/74/40/70/30744070_e32b6b|https://photos.encuentra24.com/t_or_fh_m/f_auto/v1/cr/32/10/11/15/32101115_f0574f4ced290580e72de81578ef5523-d80cea7
encuentra24,30983737,https://www.encuentra24.com/costa-rica-es/bienes-raices-venta-de-propiedades-casas/venta-casa-esquinera-en-santa-ana-centro-potencial-para-ampliar/30983737,sale,active,San José provincia,Santa Ana,Santa Ana Centro,VENTA - CASA ESQUINERA EN SANTA ANA CENTRO - POTENCIAL PARA AMPLIAR,"Oportunidad en Santa Ana Centro – Casa esquinera con gran potencial para remodelar, ampliar o desarrollar negocio Si buscas una propiedad con ubicación estratégica, amplios espacios y gran potencial de valorización, esta casa independiente en Santa Ana Centro es una excelente oportunidad. Gracias a su tamaño, distribución de un solo nivel y ubicación esquinera, es ideal tanto para vivienda familiar como para proyecto comercial u oficinas (sujeto a permisos municipales según actividad). La propiedad cuenta con 410 m² de terreno y 380 m² de construcción, ofreciendo espacios amplios y funcionales, además de gran potencial para remodelar, modernizar o ampliar, lo que la convierte en una excelente opción también para inversionistas. Características de la propiedad: 3 habitaciones amplias 3 baños completos + ½ baño de visitas Hasta 6 espacios de parqueo Casa independiente de un solo nivel 380 m² de construcción 410 m² de terreno Propiedad esquinera, con excelente exposición y fácil acceso Uso de suelo residencial y comercial (según permisos municipales) Gran potencial para remodelar, ampliar o adaptar para negocio Por su ubicación en Santa Ana Centro, esta propiedad es ideal para oficinas, consultorios, clínica, centro de servicios, academia o negocio, así como para quienes buscan una casa amplia con excelente conectividad y servicios cercanos. Precio de venta: $390,000 Alquiler: $2,000 mensuales Contáctanos para más información o para coordinar una visita.",House,3 Bedrooms,3 Bathrooms,4+ Vehicles,,,,{},Urban,"{""Steep Slope""}",,,179000000,CRC,+50661550374,https://photos.encuentra24.com/t_or_fh_m/f_auto/v1/cr/30/98/37/37/30983737_251f0db|https://photos.encuentra24.com/t_or_fh_m/f_auto/v1/cr/30/98/37/37/30983737_cf92801|https://photos.encuentra24.com/t_or_fh_m/f_auto/v1/cr/30/98/37/37/30983737_a59162f|https://photos.encuentra24.com/t_or_fh_m/f_auto/v1/cr/30/98/37/37/30983737_661b92e|https://photos.encuentra24.com/t_or_fh_m/f_auto/v1/cr/30/98/37/37/30983737_3c1dfe2|https://photos.encuentra24.com/t_or_fh_m/f_auto/v1/cr/30/98/37/37/30983737_872eab6|https://photos.encuentra24.com/t_or_fh_m/f_auto/v1/cr/30/98/37/37/30983737_f305939|https://photos.encuentra24.com/t_or_fh_m/f_auto/v1/cr/30/98/37/37/30983737_0266b87|https://photos.encuentra24.com/t_or_fh_m/f_auto/v1/cr/30/98/37/37/30983737_3403a9f|https://photos.encuentra24.com/t_or_fh_m/f_auto/v1/cr/30/98/37/37/30983737_679693f|https://photos.encuentra24.com/t_or_fh_m/f_auto/v1/cr/30/98/37/37/30983737_c17526f|https://photos.encuentra24.com/t_or_fh_m/f_auto/v1/cr/30/98/37/37/30983737_5657a0e|https://photos.encuentra24.com/t_or_fh_m/f_auto/v1/cr/30/98/37/37/30983737_f2393a7|https://photos.encuentra24.com/t_or_fh_m/f_auto/v1/cr/30/98/37/37/30983737_0698094|https://photos.encuentra24.com/t_or_fh_m/f_auto/v1/cr/30/98/37/37/30983737_3efb0fb|https://photos.encuentra24.com/t_or_fh_m/f_auto/v1/cr/30/98/37/37/30983737_d56156c|https://photos.encuentra24.com/t_or_fh_m/f_auto/v1/cr/30/98/37/37/30983737_635170b|https://photos.encuentra24.com/t_user_logo/v1/users/logo/29/30/02/2930026_d47704|https://photos.encuentra24.com/t_cnseal/v1594676252/cnseal/5f0cd41c4a555_Bildschirmfotocccbr.png|https://photos.encuentra24.com/t_cnseal/v1697642511/cnseal/652ff80f42db6_Verified%20badge.png|https://photos.encuentra24.com/t_or_fh_m/f_auto/v1/cr/32/29/63/84/32296384_14f3c56d999bb6807aae56fd6a78cdfe-27c39e3|https://photos.encuentra24.com/t_or_fh_m/f_auto/v1/cr/31/99/22/54/31992254_da3da8123947fcae03a6f44f2970ae84-f27d80f|https://photos.encuentra24.com/t_or_fh_m/f_auto/v1/cr/31/43/77/84/31437784_657ed0|https://photos.encuentra24.com/t_or_fh_m/f_auto/v1/cr/32/15/96/03/32159603_5c7eabc|https://photos.encuentra24.com/t_or_fh_m/f_auto/v1/cr/31/75/50/43/31755043_156274|https://photos.encuentra24.com/t_or_fh_m/f_auto/v1/cr/32/25/51/12/32255112_b1d92afc984e55f01fd8fe17f131a65b-0831d44|https://photos.encuentra24.com/t_or_fh_m/f_auto/v1/cr/30/75/96/61/30759661_6b4cf9|https://photos.encuentra24.com/t_or_fh_m/f_auto/v1/cr/31/66/39/04/31663904_e2dd855|https://photos.encuentra24.com/t_or_fh_m/f_auto/v1/cr/31/86/34/42/31863442_03ad84|https://photos.encuentra24.com/t_or_fh_m/f_auto/v1/cr/32/63/57/35/32635735_e0cb7e24eb2758388234f205fca9bfa3-430f82b|https://photos.encuentra24.com/t_or_fh_m/f_auto/v1/cr/32/56/33/04/32563304_4674c5d|https://photos.encuentra24.com/t_or_fh_m/f_auto/v1/cr/32/66/01/92/32660192_9424aefd41ef3c0c7c0d96d018b1fc4c-8f70703|https://photos.encuentra24.com/t_or_fh_m/f_auto/v1/cr/31/92/31/85/31923185_c0153ff|https://photos.encuentra24.com/t_or_fh_m/f_auto/v1/cr/32/11/06/36/32110636_bbeacbd0b3b8c3cdbce4b818306bceb7-65e32eb
encuentra24,32553203,https://www.encuentra24.com/costa-rica-es/bienes-raices-venta-de-propiedades-lotes-y-terrenos/lote-en-venta-con-vista-al-lago-arenal-tronadora-tilaran/32553203,sale,active,Guanacaste provincia,Tilarán,,"Lote en venta con Vista al Lago Arenal | Tronadora, Tilarán","La mayoría no va a entender lo que vale esto. 329 m² planos. Vista al Lago Arenal. La marina, los botes, el atardecer. No es ""cerca del lago"". Es el lago. Desde el lote. 35 millones. Para quien sabe leer números — ese es el dato más importante de este anuncio. Tronadora, Tilarán | Lote plano | Escritura lista | Servicios disponibles [número]",Land,,,,,,100–500m²,{},Lakefront,"{""Flat""}",,,35000000,CRC,+50689675312,https://photos.encuentra24.com/t_or_fh_m/f_auto/v1/cr/32/55/32/03/32553203_71e49a1|https://photos.encuentra24.com/t_or_fh_m/f_auto/v1/cr/32/55/32/03/32553203_989cc96|https://photos.encuentra24.com/t_or_fh_m/f_auto/v1/cr/32/55/32/03/32553203_1b88a4f|https://photos.encuentra24.com/t_or_fh_m/f_auto/v1/cr/32/55/32/03/32553203_4b0dd3f|https://photos.encuentra24.com/t_or_fh_m/f_auto/v1/cr/32/55/32/03/32553203_899ca69|https://photos.encuentra24.com/t_or_fh_m/f_auto/v1/cr/32/55/32/03/32553203_41a89d0|https://photos.encuentra24.com/t_or_fh_m/f_auto/v1/cr/32/55/32/03/32553203_98c39cd|https://photos.encuentra24.com/t_or_fh_m/f_auto/v1/cr/32/55/32/03/32553203_036cfad|https://photos.encuentra24.com/t_or_fh_m/f_auto/v1/cr/32/55/32/03/32553203_472dd10|https://photos.encuentra24.com/t_or_fh_m/f_auto/v1/cr/32/55/32/03/32553203_4f3daaf|https://photos.encuentra24.com/t_or_fh_m/f_auto/v1/cr/30/95/73/06/30957306_3e2c25|https://photos.encuentra24.com/t_or_fh_m/f_auto/v1/cr/32/07/47/43/32074743_5896d539bd2041af8432f0cbc0112788-34505e1|https://photos.encuentra24.com/t_or_fh_m/f_auto/v1/cr/32/53/71/92/32537192_af7063|https://photos.encuentra24.com/t_or_fh_m/f_auto/v1/cr/32/55/11/20/32551120_96c1a3e73e6dd34ad705d546bf3e3df5-fc80659|https://photos.encuentra24.com/t_or_fh_m/f_auto/v1/cr/32/29/30/69/32293069_2ec591dbdfc1260cae9237b817440cc1-788cba1|https://photos.encuentra24.com/t_or_fh_m/f_auto/v1/cr/31/95/00/45/31950045_c0ea8253047f0376d258063d07d224b5-8d91175|https://photos.encuentra24.com/t_or_fh_m/f_auto/v1/cr/32/61/67/37/32616737_30f9f85|https://photos.encuentra24.com/t_or_fh_m/f_auto/v1/cr/32/65/50/73/32655073_b36b349|https://photos.encuentra24.com/t_or_fh_m/f_auto/v1/cr/32/56/80/61/32568061_fd7d125b5657a54dc0490ccaf861c499-71f8d9f
encuentra24,32591172,https://www.encuentra24.com/costa-rica-es/bienes-raices-venta-de-propiedades-lotes-y-terrenos/lotes-residenciales-en-condominio-en-la-guacima/32591172,sale,active,Alajuela provincia,Alajuela,Guácima,Lotes Residenciales en condominio en La Guácima,"Lotes residenciales en condominio en La Guácima, Alajuela Construya la casa que siempre ha soñado en un exclusivo condominio privado ubicado detrás de Los Reyes, con fácil acceso a Ruta 27 y a pocos minutos de Automercado. Características del proyecto Lotes desde 300 m² hasta 467 m² Precio desde $85,353 Seguridad y acceso controlado 24/7 Piscina Casa Club Gimnasio equipado Cancha multiuso Juegos infantiles Pet Park Internet 100% fibra óptica Ubicación estratégica Condominio Los Solares se encuentra en una de las zonas con mayor crecimiento y plusvalía de La Guácima, cerca de supermercados, centros educativos, comercios y principales vías de acceso. Alta proyección de plusvalía Excelente ubicación Ideal para vivienda o inversión Amenidades para toda la familia Entorno seguro y exclusivo Solicite información Conozca la disponibilidad actual y encuentre el lote ideal para construir su próximo hogar o realizar una inversión inteligente en una de las zonas más atractivas del oeste del GAM.",Condo,,2 Bathrooms,,,,100–500m²,"{""Fiber Internet"",""Solar Power""}",Urban,{},,,85353,USD,+50688699281,https://photos.encuentra24.com/t_or_fh_m/f_auto/v1/cr/32/59/11/72/32591172_525898290abc15d3d1d7b48f09ab749e-aab4c63|https://photos.encuentra24.com/t_or_fh_m/f_auto/v1/cr/32/59/11/72/32591172_525898290abc15d3d1d7b48f09ab749e-75260f8|https://photos.encuentra24.com/t_or_fh_m/f_auto/v1/cr/32/59/11/72/32591172_525898290abc15d3d1d7b48f09ab749e-6763005|https://photos.encuentra24.com/t_or_fh_m/f_auto/v1/cr/32/59/11/72/32591172_525898290abc15d3d1d7b48f09ab749e-bdcfb61|https://photos.encuentra24.com/t_or_fh_m/f_auto/v1/cr/32/59/11/72/32591172_525898290abc15d3d1d7b48f09ab749e-acaf6c7|https://photos.encuentra24.com/t_or_fh_m/f_auto/v1/cr/32/59/11/72/32591172_525898290abc15d3d1d7b48f09ab749e-518efcd|https://photos.encuentra24.com/t_or_fh_m/f_auto/v1/cr/32/59/11/72/32591172_525898290abc15d3d1d7b48f09ab749e-6713519|https://photos.encuentra24.com/t_or_fh_m/f_auto/v1/cr/32/59/11/72/32591172_525898290abc15d3d1d7b48f09ab749e-05bdf2f|https://photos.encuentra24.com/t_or_fh_m/f_auto/v1/cr/32/59/11/72/32591172_525898290abc15d3d1d7b48f09ab749e-c3668c9|https://photos.encuentra24.com/t_user_logo/v1/users/logo/46/22/26/462226_206dfb|https://photos.encuentra24.com/t_or_fh_m/f_auto/v1/cr/32/44/50/37/32445037_69cfe53b586462e68468488d41d25ee6-33b5d04|https://photos.encuentra24.com/t_or_fh_m/f_auto/v1/cr/31/44/46/47/31444647_ec3a523|https://photos.encuentra24.com/t_or_fh_m/f_auto/v1/cr/32/21/29/57/32212957_4b3ffc09ed229fa3d336c9da787140ba-ea846a2|https://photos.encuentra24.com/t_or_fh_m/f_auto/v1/cr/31/70/61/96/31706196_13f557|https://photos.encuentra24.com/t_or_fh_m/f_auto/v1/cr/32/56/26/35/32562635_a9beb4b05e017621443cd548610b4cbb-084072b|https://photos.encuentra24.com/t_or_fh_m/f_auto/v1/cr/31/88/98/25/31889825_540a4d|https://photos.encuentra24.com/t_or_fh_m/f_auto/v1/cr/31/83/90/83/31839083_f226ef|https://photos.encuentra24.com/t_or_fh_m/f_auto/v1/cr/32/59/05/25/32590525_ca27cfae9eaf99b63a9ceea3ffc64eb1-580581a|https://photos.encuentra24.com/t_or_fh_m/f_auto/v1/cr/31/53/82/09/31538209_b127a4|https://photos.encuentra24.com/t_or_fh_m/f_auto/v1/cr/31/98/10/30/31981030_40990025fe869386712e620244d4a5ad-a8b5aa2|https://photos.encuentra24.com/t_or_fh_m/f_auto/v1/cr/31/24/57/10/31245710_0dc4b7|https://photos.encuentra24.com/t_or_fh_m/f_auto/v1/cr/31/15/65/24/31156524_c23454|https://photos.encuentra24.com/t_or_fh_m/f_auto/v1/cr/31/35/94/91/31359491_7c127b8|https://photos.encuentra24.com/t_or_fh_m/f_auto/v1/cr/31/95/02/53/31950253_f6754791c637a8840b11144a77e918e6-60c0157
encuentra24,13070866,https://www.encuentra24.com/costa-rica-es/bienes-raices-venta-de-propiedades-apartamentos/venta-lujoso-apartamento-de-2-habitaciones-en-cortijo-los-laureles/13070866,sale,active,San José provincia,Escazú,,Venta Lujoso Apartamento de 2 habitaciones en Cortijo Los Laureles,"Apartamento de lujo en Condominio Cortijo Los Laureles, 2 habitaciones, ubicado en la mejor zona de Escazú. Ubicación inmejorable: Seguridad garantizada, entre Residencias de Embajada de EEUU y Británica Fácil y rápido acceso a Ruta 27 y principales vías de comunicación A 25 minutos del Aeropuerto Internacional Juan Santamaría A 5 minutos del principal centro comercial de la ciudad, Multiplaza Escazú Frente a Plaza Comercial Los Laureles A 5 minutos del Hospital CIMA, Avenida Escazú, y Plaza Tempo Cercanía a múltiples tiendas comerciales y restaurantes de calidad A hora y media de la Costa del Pacífico Central y otros destinos de interés turístico del Valle Central Amenidades: Front desk Piscina climatizada Gimnasio Sauna Baño de vapor Área de coworking Área infantil Área de mascotas Seguridad 24/7/365 Bar inglés Área de lectura Lounge social Lavadero de vehículos Área Comercial Descripción del Apartamento: Cocina abierta Sala Principal/Comedor 1 Baño de visitas 1 Dormitorio Principal con su respectivo baño, ducha, tina y un amplio Walk-in Closet 1 Dormitorio Secundario y 1 baño secundario completo Amplia zona de servicio / lavandería 1 Baño de servicio, con su respectiva ducha 2 Espacios de estacionamiento 1 Bodega Precio no incluye muebles (imágenes con fines ilustrativos) Área habitable: 111,56 m2 Área total: 144,38 m2",Condo,,2 Bathrooms,2 Vehicles,,,,{},Riverfront|Urban,"{""River Valley""}",Walkable,,435000,USD,+50689907399,https://photos.encuentra24.com/t_or_fh_m/f_auto/v1/cr/13/07/08/66/13070866_33d7fc|https://photos.encuentra24.com/t_or_fh_m/f_auto/v1/cr/13/07/08/66/13070866_1ee346|https://photos.encuentra24.com/t_or_fh_m/f_auto/v1/cr/13/07/08/66/13070866_84cbac|https://photos.encuentra24.com/t_or_fh_m/f_auto/v1/cr/13/07/08/66/13070866_6b01ff|https://photos.encuentra24.com/t_or_fh_m/f_auto/v1/cr/13/07/08/66/13070866_860d0d|https://photos.encuentra24.com/t_or_fh_m/f_auto/v1/cr/13/07/08/66/13070866_a88218|https://photos.encuentra24.com/t_or_fh_m/f_auto/v1/cr/13/07/08/66/13070866_e0c983|https://photos.encuentra24.com/t_or_fh_m/f_auto/v1/cr/13/07/08/66/13070866_d945b2|https://photos.encuentra24.com/t_or_fh_m/f_auto/v1/cr/13/07/08/66/13070866_a3109d|https://photos.encuentra24.com/t_or_fh_m/f_auto/v1/cr/13/07/08/66/13070866_4b35ab|https://photos.encuentra24.com/t_or_fh_m/f_auto/v1/cr/13/07/08/66/13070866_bb913c|https://photos.encuentra24.com/t_or_fh_m/f_auto/v1/cr/13/07/08/66/13070866_65194c|https://photos.encuentra24.com/t_or_fh_m/f_auto/v1/cr/13/07/08/66/13070866_b65379|https://photos.encuentra24.com/t_or_fh_m/f_auto/v1/cr/13/07/08/66/13070866_e86e92|https://photos.encuentra24.com/t_or_fh_m/f_auto/v1/cr/13/07/08/66/13070866_a87e0a|https://photos.encuentra24.com/t_user_logo/v1/users/logo/15/42/46/1542468_7472d2|https://photos.encuentra24.com/t_cnseal/v1697642511/cnseal/652ff80f42db6_Verified%20badge.png|https://photos.encuentra24.com/t_or_fh_m/f_auto/v1/cr/32/65/71/29/32657129_a28270b5701c6e236bf6ae682cb25026-aaa70ad|https://photos.encuentra24.com/t_or_fh_m/f_auto/v1/cr/32/15/38/39/32153839_66e504|https://photos.encuentra24.com/t_or_fh_m/f_auto/v1/cr/32/56/29/49/32562949_a49725d9465a451c3dad1a76db6c8545-717b87d|https://photos.encuentra24.com/t_or_fh_m/f_auto/v1/cr/32/62/58/59/32625859_58eb222401049bc693e74fc7b0f7ae2c-b7cee56|https://photos.encuentra24.com/t_or_fh_m/f_auto/v1/cr/32/46/26/19/32462619_37af38|https://photos.encuentra24.com/t_or_fh_m/f_auto/v1/cr/32/58/85/89/32588589_b17f9c|https://photos.encuentra24.com/t_or_fh_m/f_auto/v1/cr/30/85/55/49/30855549_7a6eb5|https://photos.encuentra24.com/t_or_fh_m/f_auto/v1/cr/13/06/15/43/13061543_08fe9b|https://photos.encuentra24.com/t_or_fh_m/f_auto/v1/cr/13/06/68/70/13066870_d2406f|https://photos.encuentra24.com/t_or_fh_m/f_auto/v1/cr/13/06/95/61/13069561_2edd72|https://photos.encuentra24.com/t_or_fh_m/f_auto/v1/cr/31/16/45/85/31164585_b90ff33|https://photos.encuentra24.com/t_or_fh_m/f_auto/v1/cr/19/38/19/03/19381903_e615ea|https://photos.encuentra24.com/t_or_fh_m/f_auto/v1/cr/22/12/92/79/22129279_0bfdbf|https://photos.encuentra24.com/t_or_fh_m/f_auto/v1/cr/31/98/27/72/31982772_21b57429ecf18ef963ba9818f1f0f034-ff70041
encuentra24,29957160,https://www.encuentra24.com/costa-rica-es/bienes-raices-venta-de-propiedades-casas/casa-remodelada-en-hacienda-gregal-curridabat/29957160,sale,active,San José provincia,Curridabat,Ciudad Curridabat,CASA REMODELADA EN HACIENDA GREGAL CURRIDABAT,"Hermosa casa en venta ubicada en la tranquila y segura zona de Curridabat, en la provincia de San José. Con un área de terreno de 538 metros cuadrados y una construcción de 300 metros cuadrados, esta propiedad es perfecta para aquellas personas que buscan amplitud y comodidad en su nuevo hogar. Con un total de 3 habitaciones y 2, 5baños, esta casa es ideal para una familia. Además, cuenta con un amplio espacio para 3 vehículos, lo cual es una gran ventaja en una zona tan concurrida como Curridabat. Al entrar en la propiedad, podrás disfrutar de un hermoso balcón con una vista privilegiada, perfecto para relajarse en las tardes y disfrutar del clima característico de Costa Rica. También cuenta con baño auxiliar y una zona de lavandería para mayor comodidad. Otra gran ventaja de esta casa es que admite mascotas, lo que la convierte en una excelente opción para aquellas familias que tienen amigos de cuatro patas. Además, cuenta con aire acondicionado para hacer frente a los días más calurosos y armarios empotrados en todas las habitaciones para un almacenamiento eficiente. La habitación principal cuenta con su propio baño y clósets, ofreciendo privacidad y espacio personal para sus dueños. La cocina está totalmente equipada y cuenta con una doble ventana que permite una excelente iluminación y ventilación natural. Pero las ventajas de esta propiedad no terminan en su interior. En el exterior, se encuentra en una urbanización cerrada con vigilancia las 24 horas, lo que garantiza la seguridad de sus habitantes. También cuenta con una cochera / garaje, ideal para proteger su vehículo de las inclemencias del clima. Para aquellos que tienen hijos en edad escolar, esta casa se encuentra cerca de colegios y universidades reconocidos, lo que facilita el acceso a la educación de calidad. También cuenta con un hermoso jardín y patio para que los niños puedan jugar y disfrutar al aire libre. Además, la propiedad cuenta con una espaciosa terraza para disfrutar de reuniones al aire libre con familiares y amigos. Para aquellos que les gusta mantenerse activos, se encuentra cerca de canchas de tenis, fútbol y zonas deportivas. También cuenta con acceso para personas con discapacidad, garantizando la inclusión de todos. La ubicación de esta casa también es una gran ventaja, ya que se encuentra cerca de centros comerciales, por lo que tendrás todo lo que necesitas a pocos minutos de tu hogar. La zona también cuenta con una garita de entrada para un mayor control de acceso y hermosas áreas verdes para disfrutar de la naturaleza. En resumen, esta casa es una excelente opción para aquellos que buscan un hogar espacioso, cómodo, seguro y con múltiples ventajas tanto en su interior como en su exterior. ¡No pierdas la oportunidad de ser el dueño de esta propiedad en una de las mejores zonas de Costa Rica! Contácteme para más información y para programar una visita.",House,3 Bedrooms,5+ Bathrooms,3 Vehicles,,,,{},Urban,{},,,795000,USD,+50684574854,https://photos.encuentra24.com/t_or_fh_m/f_auto/v1/cr/29/95/71/60/29957160_ca6977|https://photos.encuentra24.com/t_or_fh_m/f_auto/v1/cr/29/95/71/60/29957160_638b20|https://photos.encuentra24.com/t_or_fh_m/f_auto/v1/cr/29/95/71/60/29957160_aa7f5c|https://photos.encuentra24.com/t_or_fh_m/f_auto/v1/cr/29/95/71/60/29957160_0ab4c0|https://photos.encuentra24.com/t_or_fh_m/f_auto/v1/cr/29/95/71/60/29957160_615f17|https://photos.encuentra24.com/t_or_fh_m/f_auto/v1/cr/29/95/71/60/29957160_156efc|https://photos.encuentra24.com/t_or_fh_m/f_auto/v1/cr/29/95/71/60/29957160_bfc263|https://photos.encuentra24.com/t_or_fh_m/f_auto/v1/cr/29/95/71/60/29957160_9e4f27|https://photos.encuentra24.com/t_or_fh_m/f_auto/v1/cr/29/95/71/60/29957160_8f30ff|https://photos.encuentra24.com/t_or_fh_m/f_auto/v1/cr/29/95/71/60/29957160_21c401|https://photos.encuentra24.com/t_or_fh_m/f_auto/v1/cr/29/95/71/60/29957160_f7eb2b|https://photos.encuentra24.com/t_or_fh_m/f_auto/v1/cr/29/95/71/60/29957160_25af2d|https://photos.encuentra24.com/t_or_fh_m/f_auto/v1/cr/29/95/71/60/29957160_6e549f|https://photos.encuentra24.com/t_or_fh_m/f_auto/v1/cr/29/95/71/60/29957160_ec23fe|https://photos.encuentra24.com/t_or_fh_m/f_auto/v1/cr/29/95/71/60/29957160_426b92|https://photos.encuentra24.com/t_or_fh_m/f_auto/v1/cr/29/95/71/60/29957160_169bc2|https://photos.encuentra24.com/t_or_fh_m/f_auto/v1/cr/29/95/71/60/29957160_469ce9|https://photos.encuentra24.com/t_or_fh_m/f_auto/v1/cr/29/95/71/60/29957160_59e5fa|https://photos.encuentra24.com/t_or_fh_m/f_auto/v1/cr/29/95/71/60/29957160_7abb15|https://photos.encuentra24.com/t_user_logo/v1/users/logo/30/44/93/304493_6a1ddd|https://photos.encuentra24.com/t_cnseal/v1697642511/cnseal/652ff80f42db6_Verified%20badge.png|https://photos.encuentra24.com/t_or_fh_m/f_auto/v1/cr/32/63/51/81/32635181_03d7243f9a356fa5d44616f3a1b67796-dba6743|https://photos.encuentra24.com/t_or_fh_m/f_auto/v1/cr/32/62/37/10/32623710_de2ebded66373ec9b9af25a6886b2c75-75dbe74|https://photos.encuentra24.com/t_or_fh_m/f_auto/v1/cr/32/66/23/29/32662329_62f032f643920a0ae30cf76a06ae30ea-6130f61|https://photos.encuentra24.com/t_or_fh_m/f_auto/v1/cr/32/13/35/09/32133509_6f23ee8f2afc2ec205b631023e0594bb-b552665|https://photos.encuentra24.com/t_or_fh_m/f_auto/v1/cr/29/84/02/79/29840279_e239b4|https://photos.encuentra24.com/t_or_fh_m/f_auto/v1/cr/29/08/42/68/29084268_aba10d|https://photos.encuentra24.com/t_or_fh_m/f_auto/v1/cr/32/44/38/88/32443888_07b45aaf0fbc1a374565f9c7a56cbb78-b375d43|https://photos.encuentra24.com/t_or_fh_m/f_auto/v1/cr/32/29/50/52/32295052_d213e64|https://photos.encuentra24.com/t_or_fh_m/f_auto/v1/cr/31/26/99/01/31269901_2049dd|https://photos.encuentra24.com/t_or_fh_m/f_auto/v1/cr/32/65/27/69/32652769_9a9031f|https://photos.encuentra24.com/t_or_fh_m/f_auto/v1/cr/31/98/91/61/31989161_4b6c03c|https://photos.encuentra24.com/t_or_fh_m/f_auto/v1/cr/32/61/23/16/32612316_b05c8c8|https://photos.encuentra24.com/t_or_fh_m/f_auto/v1/cr/32/66/34/27/32663427_b525262|https://photos.encuentra24.com/t_or_fh_m/f_auto/v1/cr/30/73/44/13/30734413_3327a9
encuentra24,31125750,https://www.encuentra24.com/costa-rica-es/bienes-raices-venta-de-propiedades-casas/casa-de-ensueno-con-jardines-exuberantes-y-piscina-privada/31125750,sale,active,San José provincia,Santa Ana,Brasil,Casa de Ensueño con Jardines Exuberantes y Piscina Privada,"¡Oportunidad única de adquirir una hermosa casa en una ubicación estratégica! Diseñada por los arquitectos Peter Vanselow y Joaquín Yglesias, esta propiedad se encuentra en una excelente ubicación, aprovechando los vientos frescos del sureste y construida por Grupo Icon. Cuenta con un diseño neocolonial y una distribución pensada para ofrecer comodidad y privacidad. Detalles clave de la casa: Área total de construcción: 302 m² de casa y 433 m² de exteriores (piscina, estacionamiento, bodegas y rancho). Piscina: Lap pool de 20 metros diseñada y construida por Luxart. Seguridad: Cerco eléctrico, cámaras de seguridad y portón de 4 metros con motor italiano. Tecnología: Casa con acceso remoto y baterías de emergencia. Climatización: Aire acondicionado en la habitación principal y ventilación cruzada natural. Distribución: Sala, comedor, cocina con electrodomésticos, terraza con deck, baño de visitas, 1 dormitorio/oficina y área de lavado en el primer nivel. En el segundo nivel, dormitorio principal con balcón, walk in closet y baño con jacuzzi, 1 dormitorio secundario y un área para expansión futura (con planos y permisos). Exteriores: Hermosos jardines diseñados por Proverde y mantenimiento bisemanal. Rancho con palapa, cuarto de máquinas y bodega. Acceso vehicular adoquinado y áreas de descanso al aire libre. Otros detalles de la propiedad: Materiales de alta calidad: Pisos de cerámica española, mármol en baño principal, madera en puertas y closets. Sistemas avanzados: Riego automático (no en uso pero listo para reinstalar), sistema eléctrico de ahorro energético, y tanque de agua potable con bomba. Árboles y frutales: Amplio jardín con especies locales y frutales como limón, mango, aguacate, entre otros. ¡Una casa con todo lo que necesitas para disfrutar de un estilo de vida cómodo, seguro y en contacto con la naturaleza! ¡Contáctanos para más información!",House,,3 Bathrooms,4+ Vehicles,,,,"{""Water""}",Riverfront,"{""Flat""}",Walkable,,550000,USD,+50688255888,https://photos.encuentra24.com/t_or_fh_m/f_auto/v1/cr/31/12/57/50/31125750_006721|https://photos.encuentra24.com/t_or_fh_m/f_auto/v1/cr/31/12/57/50/31125750_8caa7a|https://photos.encuentra24.com/t_or_fh_m/f_auto/v1/cr/31/12/57/50/31125750_ed3633|https://photos.encuentra24.com/t_or_fh_m/f_auto/v1/cr/31/12/57/50/31125750_e1fbe2|https://photos.encuentra24.com/t_or_fh_m/f_auto/v1/cr/31/12/57/50/31125750_0643d1|https://photos.encuentra24.com/t_or_fh_m/f_auto/v1/cr/31/12/57/50/31125750_b3dffe|https://photos.encuentra24.com/t_or_fh_m/f_auto/v1/cr/31/12/57/50/31125750_ee7db8|https://photos.encuentra24.com/t_or_fh_m/f_auto/v1/cr/31/12/57/50/31125750_644417|https://photos.encuentra24.com/t_or_fh_m/f_auto/v1/cr/31/12/57/50/31125750_f2cfbd|https://photos.encuentra24.com/t_or_fh_m/f_auto/v1/cr/31/12/57/50/31125750_91fb80|https://photos.encuentra24.com/t_or_fh_m/f_auto/v1/cr/31/12/57/50/31125750_7f6dc9|https://photos.encuentra24.com/t_or_fh_m/f_auto/v1/cr/31/12/57/50/31125750_e22b7d|https://photos.encuentra24.com/t_or_fh_m/f_auto/v1/cr/31/12/57/50/31125750_7557aa|https://photos.encuentra24.com/t_or_fh_m/f_auto/v1/cr/31/12/57/50/31125750_a944d7|https://photos.encuentra24.com/t_or_fh_m/f_auto/v1/cr/31/12/57/50/31125750_0e6ca8|https://photos.encuentra24.com/t_or_fh_m/f_auto/v1/cr/31/12/57/50/31125750_72df12|https://photos.encuentra24.com/t_or_fh_m/f_auto/v1/cr/31/12/57/50/31125750_4fcfaa|https://photos.encuentra24.com/t_or_fh_m/f_auto/v1/cr/31/12/57/50/31125750_402b29|https://photos.encuentra24.com/t_or_fh_m/f_auto/v1/cr/31/12/57/50/31125750_c65c29|https://photos.encuentra24.com/t_user_logo/v1/users/logo/12/36/93/123693_2adffd|https://photos.encuentra24.com/t_cnseal/v1697642511/cnseal/652ff80f42db6_Verified%20badge.png|https://photos.encuentra24.com/t_or_fh_m/f_auto/v1/cr/32/47/79/96/32477996_c757f6ccc22ac74e831e256b24507394-83826ad|https://photos.encuentra24.com/t_or_fh_m/f_auto/v1/cr/32/43/93/14/32439314_5a99cdb|https://photos.encuentra24.com/t_or_fh_m/f_auto/v1/cr/31/93/32/84/31933284_6ac7c0cd3f6a344ae10f11d63ac166b4-a48e092|https://photos.encuentra24.com/t_or_fh_m/f_auto/v1/cr/30/65/72/13/30657213_355eb7|https://photos.encuentra24.com/t_or_fh_m/f_auto/v1/cr/30/86/27/11/30862711_84a15d|https://photos.encuentra24.com/t_or_fh_m/f_auto/v1/cr/32/53/86/31/32538631_0f44b822c4ae232522df2f8cb6143f63-97d3843|https://photos.encuentra24.com/t_or_fh_m/f_auto/v1/cr/32/65/95/19/32659519_a2346253fc3a321dabdfda38e1421cc8-82f1771|https://photos.encuentra24.com/t_or_fh_m/f_auto/v1/cr/32/53/14/18/32531418_65de67c32dff3420d2d7615a40b1faf8-f481972|https://photos.encuentra24.com/t_or_fh_m/f_auto/v1/cr/32/59/32/98/32593298_8ffc04236bdd2c0fdbeee3362f2a7809-a6b1b83|https://photos.encuentra24.com/t_or_fh_m/f_auto/v1/cr/31/93/90/87/31939087_ffa8bbe|https://photos.encuentra24.com/t_or_fh_m/f_auto/v1/cr/32/34/15/74/32341574_31b4ec5|https://photos.encuentra24.com/t_or_fh_m/f_auto/v1/cr/32/63/65/20/32636520_3f0fe0|https://photos.encuentra24.com/t_or_fh_m/f_auto/v1/cr/32/58/87/05/32588705_6c8040|https://photos.encuentra24.com/t_or_fh_m/f_auto/v1/cr/31/71/90/12/31719012_8a351b
encuentra24,29125966,https://www.encuentra24.com/costa-rica-es/bienes-raices-venta-de-propiedades-casas/venta-de-casa-con-piscina-santa-ana/29125966,sale,active,San José provincia,Santa Ana,Santa Ana Centro,"Venta de Casa con piscina , Santa Ana.","Casa con piscina, Santa Ana. Dos plantas, con acabados de lujo, ubicada en un condominio muy exclusivo de tan solo 14 casas separadas entre ellas, con seguridad las 24 hora. Cuenta con áreas comunes con piscina, rancho y amplios jardines. La casa es de dos plantas con la siguiente distribución: Primer nivel: Vestíbulo, dormitorio con baño completo u oficina, sala de TV, Sala formal, comedor, amplia terraza, cocina moderna con desayunador y encimeras de cuarzo. Rancho con bar, BBQ, piscina temperada, patio, área de lavandería, cuarto de servicio con baño, patio de tendido, ático muy amplio que funciona como bodega, garaje para dos carros grandes bajo techo y dos más a la intemperie; dos bodegas adicionales y un precioso jardín frontal. En segundo nivel cuenta con: Dos dormitorios secundarios con aire acondicionado, con baño completo cada uno. Oficina. El dormitorio principal es muy amplio, con aire acondicionado, balcón, w/closet, área de estar, baño con doble lavatorio y ducha. Total: 5 dormitorios, 4 baños y cuarto de servicio con baño. Construcción: 490 m2 Terreno 500 m2 Cuota condominal: $380 Precio de venta $725,000.00",Condo,5+ Bedrooms,4 Bathrooms,4+ Vehicles,,,,{},Riverfront,{},,,725000,USD,+50688927474,https://photos.encuentra24.com/t_or_fh_m/f_auto/v1/cr/29/12/59/66/29125966_089c84|https://photos.encuentra24.com/t_or_fh_m/f_auto/v1/cr/29/12/59/66/29125966_91c60d|https://photos.encuentra24.com/t_or_fh_m/f_auto/v1/cr/29/12/59/66/29125966_82b5b9|https://photos.encuentra24.com/t_or_fh_m/f_auto/v1/cr/29/12/59/66/29125966_b2a578|https://photos.encuentra24.com/t_or_fh_m/f_auto/v1/cr/29/12/59/66/29125966_0a9c6c|https://photos.encuentra24.com/t_or_fh_m/f_auto/v1/cr/29/12/59/66/29125966_2729a0|https://photos.encuentra24.com/t_or_fh_m/f_auto/v1/cr/29/12/59/66/29125966_9daf00|https://photos.encuentra24.com/t_or_fh_m/f_auto/v1/cr/29/12/59/66/29125966_9ba37e|https://photos.encuentra24.com/t_or_fh_m/f_auto/v1/cr/29/12/59/66/29125966_273487|https://photos.encuentra24.com/t_or_fh_m/f_auto/v1/cr/29/12/59/66/29125966_22ce17|https://photos.encuentra24.com/t_or_fh_m/f_auto/v1/cr/29/12/59/66/29125966_fd9ce9|https://photos.encuentra24.com/t_or_fh_m/f_auto/v1/cr/29/12/59/66/29125966_c06c6d|https://photos.encuentra24.com/t_or_fh_m/f_auto/v1/cr/29/12/59/66/29125966_46d077|https://photos.encuentra24.com/t_or_fh_m/f_auto/v1/cr/29/12/59/66/29125966_470119|https://photos.encuentra24.com/t_or_fh_m/f_auto/v1/cr/29/12/59/66/29125966_4ecf75|https://photos.encuentra24.com/t_or_fh_m/f_auto/v1/cr/29/12/59/66/29125966_ee4d12|https://photos.encuentra24.com/t_or_fh_m/f_auto/v1/cr/29/12/59/66/29125966_211d08|https://photos.encuentra24.com/t_user_logo/v1/users/logo/12/69/26/126926_8ea77d|https://photos.encuentra24.com/t_cnseal/v1697642511/cnseal/652ff80f42db6_Verified%20badge.png|https://photos.encuentra24.com/t_cnseal/v1594676252/cnseal/5f0cd41c4a555_Bildschirmfotocccbr.png|https://photos.encuentra24.com/t_or_fh_m/f_auto/v1/cr/32/66/33/64/32663364_1ef2677797849d78a7f9ff4f5e892897-fd78fa9|https://photos.encuentra24.com/t_or_fh_m/f_auto/v1/cr/32/36/77/84/32367784_59b83a6ef71dcc60e1e966fa9c8efb04-0603b85|https://photos.encuentra24.com/t_or_fh_m/f_auto/v1/cr/32/66/78/33/32667833_650cb4b|https://photos.encuentra24.com/t_or_fh_m/f_auto/v1/cr/32/19/90/91/32199091_4f5a927290a290acb349e55a7e19b63b-9fc6e58|https://photos.encuentra24.com/t_or_fh_m/f_auto/v1/cr/30/78/15/08/30781508_40448a|https://photos.encuentra24.com/t_or_fh_m/f_auto/v1/cr/32/49/13/87/32491387_fa1d5ce8b0b9bb143c04d8fda26d2af3-189008f|https://photos.encuentra24.com/t_or_fh_m/f_auto/v1/cr/31/73/78/27/31737827_e06c55|https://photos.encuentra24.com/t_or_fh_m/f_auto/v1/cr/28/82/74/68/28827468_15a6f1|https://photos.encuentra24.com/t_or_fh_m/f_auto/v1/cr/30/13/01/38/30130138_79c76f|https://photos.encuentra24.com/t_or_fh_m/f_auto/v1/cr/31/87/60/39/31876039_1f7f9b|https://photos.encuentra24.com/t_or_fh_m/f_auto/v1/cr/31/39/46/61/31394661_e612b1d|https://photos.encuentra24.com/t_or_fh_m/f_auto/v1/cr/32/46/11/25/32461125_3c9cb8e|https://photos.encuentra24.com/t_or_fh_m/f_auto/v1/cr/32/40/02/52/32400252_c711857|https://photos.encuentra24.com/t_or_fh_m/f_auto/v1/cr/32/50/85/75/32508575_a674c0124e7acbf17e40c4759b31ea5e-c1a1b42
encuentra24,32132377,https://www.encuentra24.com/costa-rica-es/bienes-raices-venta-de-propiedades-casas/casa-en-venta-en-condominio-en-los-reyes-la-guacima-de-alajuela/32132377,sale,active,Alajuela provincia,Alajuela,Guácima,Casa en venta en condominio en Los Reyes – La Guácima de Alajuela,"Casa nueva de un nivel, ubicada en el Condominio Las Mesetas, un proyecto residencial planificado que ofrece tranquilidad, seguridad y excelente ubicación. La propiedad cuenta con una distribución funcional, acabados de calidad y espacios diseñados para una vida cómoda y práctica. 3 habitaciones | 2 baños | 2 parqueos | Terraza Sala, comedor y cocina integrados Área de terreno: 313 m² Área de construcción: 155 m² Precio: US$310,000 Cuota condominal: 75,000. La casa dispone de sala, comedor y cocina integrados, terraza, ático con escalera retráctil, previstas para aire acondicionado en dormitorios y área social, iluminación LED en toda la vivienda y prevista para cargador de vehículo eléctrico. Acabados: pisos de porcelanato español, sobres de cuarzo en cocina y baños, muebles de cocina en melamina hidrófuga, grifería de alta calidad, ventanería de aluminio anodizado y puertas con acabado automotriz. Amenidades del condominio: rancho para actividades sociales, áreas verdes, juegos infantiles, cancha multiusos y acceso controlado. Ubicada en La Guácima de Alajuela, a pocos minutos de Automercado, centros educativos, comercios y con fácil acceso a Alajuela centro, San José y Ruta 27. Posibilidad de asociarse al Los Reyes Country Club.",Condo,3 Bedrooms,2 Bathrooms,2 Vehicles,,,,{},Urban,{},,,310000,USD,+50671052082,https://photos.encuentra24.com/t_or_fh_m/f_auto/v1/cr/32/13/23/77/32132377_c2ae407ec5bb52b015e72a2db17788ab-d389ca0|https://photos.encuentra24.com/t_or_fh_m/f_auto/v1/cr/32/13/23/77/32132377_c2ae407ec5bb52b015e72a2db17788ab-6ae2745|https://photos.encuentra24.com/t_or_fh_m/f_auto/v1/cr/32/13/23/77/32132377_c2ae407ec5bb52b015e72a2db17788ab-115f0b9|https://photos.encuentra24.com/t_or_fh_m/f_auto/v1/cr/32/13/23/77/32132377_c2ae407ec5bb52b015e72a2db17788ab-c554802|https://photos.encuentra24.com/t_or_fh_m/f_auto/v1/cr/32/13/23/77/32132377_c2ae407ec5bb52b015e72a2db17788ab-48c05a5|https://photos.encuentra24.com/t_or_fh_m/f_auto/v1/cr/32/13/23/77/32132377_c2ae407ec5bb52b015e72a2db17788ab-c0b2bbd|https://photos.encuentra24.com/t_or_fh_m/f_auto/v1/cr/32/13/23/77/32132377_c2ae407ec5bb52b015e72a2db17788ab-83e5875|https://photos.encuentra24.com/t_or_fh_m/f_auto/v1/cr/32/13/23/77/32132377_c2ae407ec5bb52b015e72a2db17788ab-fac968f|https://photos.encuentra24.com/t_or_fh_m/f_auto/v1/cr/32/13/23/77/32132377_c2ae407ec5bb52b015e72a2db17788ab-d6dbb5a|https://photos.encuentra24.com/t_or_fh_m/f_auto/v1/cr/32/13/23/77/32132377_c2ae407ec5bb52b015e72a2db17788ab-bdbd0a6|https://photos.encuentra24.com/t_or_fh_m/f_auto/v1/cr/32/13/23/77/32132377_c2ae407ec5bb52b015e72a2db17788ab-df66eb4|https://photos.encuentra24.com/t_or_fh_m/f_auto/v1/cr/32/13/23/77/32132377_c2ae407ec5bb52b015e72a2db17788ab-8904edc|https://photos.encuentra24.com/t_or_fh_m/f_auto/v1/cr/32/13/23/77/32132377_c2ae407ec5bb52b015e72a2db17788ab-1616899|https://photos.encuentra24.com/t_or_fh_m/f_auto/v1/cr/32/13/23/77/32132377_c2ae407ec5bb52b015e72a2db17788ab-2a47da6|https://photos.encuentra24.com/t_or_fh_m/f_auto/v1/cr/32/13/23/77/32132377_c2ae407ec5bb52b015e72a2db17788ab-fa22e31|https://photos.encuentra24.com/t_or_fh_m/f_auto/v1/cr/32/13/23/77/32132377_c2ae407ec5bb52b015e72a2db17788ab-45dcbeb|https://photos.encuentra24.com/t_or_fh_m/f_auto/v1/cr/32/13/23/77/32132377_c2ae407ec5bb52b015e72a2db17788ab-b080f40|https://photos.encuentra24.com/t_or_fh_m/f_auto/v1/cr/32/13/23/77/32132377_c2ae407ec5bb52b015e72a2db17788ab-e54e923|https://photos.encuentra24.com/t_or_fh_m/f_auto/v1/cr/32/13/23/77/32132377_c2ae407ec5bb52b015e72a2db17788ab-792c367|https://photos.encuentra24.com/t_user_logo/v1/users/logo/13/69/59/70/13695970_15b60e|https://photos.encuentra24.com/t_cnseal/v1697642511/cnseal/652ff80f42db6_Verified%20badge.png|https://photos.encuentra24.com/t_cnseal/v1594676252/cnseal/5f0cd41c4a555_Bildschirmfotocccbr.png|https://photos.encuentra24.com/t_or_fh_m/f_auto/v1/cr/31/29/77/25/31297725_3d5f85|https://photos.encuentra24.com/t_or_fh_m/f_auto/v1/cr/30/98/01/65/30980165_c546ed|https://photos.encuentra24.com/t_or_fh_m/f_auto/v1/cr/32/35/74/95/32357495_722438b7f86dc245d28a61bbac7f1468-bebd942|https://photos.encuentra24.com/t_or_fh_m/f_auto/v1/cr/32/45/59/15/32455915_b11a095a3ed9ac75329bee1b0338bf69-5af1fb6|https://photos.encuentra24.com/t_or_fh_m/f_auto/v1/cr/32/39/70/45/32397045_b08b193ed7f199afb9ddda04472c69f1-67c054a|https://photos.encuentra24.com/t_or_fh_m/f_auto/v1/cr/32/45/76/25/32457625_4e8dc3de9429d00e89ba98ad617f15ce-7ffb139|https://photos.encuentra24.com/t_or_fh_m/f_auto/v1/cr/31/88/54/95/31885495_9c3a48|https://photos.encuentra24.com/t_or_fh_m/f_auto/v1/cr/32/51/86/19/32518619_53125cea79513edef5d411e4fdd53bfb-d8b4a2b|https://photos.encuentra24.com/t_or_fh_m/f_auto/v1/cr/32/00/30/88/32003088_7d8a53a270b8789adb26063fde4d1d8b-37bd269|https://photos.encuentra24.com/t_or_fh_m/f_auto/v1/cr/32/02/01/69/32020169_086aad3b56e61660fea9886b95749bcd-1a3727a|https://photos.encuentra24.com/t_or_fh_m/f_auto/v1/cr/31/86/83/49/31868349_27d2e5|https://photos.encuentra24.com/t_or_fh_m/f_auto/v1/cr/31/97/64/64/31976464_593bf1a064e41e8ed288d2d1f33c651d-42fe109|https://photos.encuentra24.com/t_or_fh_m/f_auto/v1/cr/31/70/65/46/31706546_a9e02d|https://photos.encuentra24.com/t_or_fh_m/f_auto/v1/cr/31/22/82/89/31228289_952c91
encuentra24,32578188,https://www.encuentra24.com/costa-rica-es/bienes-raices-venta-de-propiedades-casas/oportunidad-amplia-casa-de-5-habitaciones-en-alajuelita-espacio-comodidad-y-excelente-ubicacion/32578188,sale,active,San José provincia,Alajuelita,,"Oportunidad: Amplia Casa de 5 Habitaciones en Alajuelita – Espacio, Comodidad y Excelente Ubicación","Descubra esta amplia y funcional propiedad de 160 m², ideal para familias que buscan comodidad, amplitud y una ubicación estratégica cerca de todos los servicios. Distribución y características: 5 habitaciones 2 baños completos Sala amplia y acogedora Cocina equipada Cuarto de pilas Parqueo para 1 vehículo Extras que agregan valor a la propiedad: Tanque de almacenamiento de agua de 1.000 litros con bomba y filtros purificadores. Cocina dúo eléctrica y de gas. Horno empotrado. Encimera de granito. Mueble de cocina elaborado en fina madera de laurel. 3 sillas para desayunador incluidas. Calentador de agua en planta alta para la ducha principal. Ubicación privilegiada Situada cerca de supermercados, escuelas, colegios, farmacias, centros de salud, bancos, transporte público y una amplia oferta comercial, brindando comodidad y facilidad de acceso para toda la familia. Una propiedad con espacios generosos, detalles que aportan confort y una excelente ubicación para disfrutar de una mejor calidad de vida.",House,,2 Bathrooms,1 Vehicle,,,,"{""Water""}",Urban,{},,,65000000,CRC,+50685781038,https://photos.encuentra24.com/t_or_fh_m/f_auto/v1/cr/32/57/81/88/32578188_56cb34a5592a41a076a5000361a51ffe-67d97ce|https://photos.encuentra24.com/t_or_fh_m/f_auto/v1/cr/32/57/81/88/32578188_56cb34a5592a41a076a5000361a51ffe-e2234cf|https://photos.encuentra24.com/t_or_fh_m/f_auto/v1/cr/32/57/81/88/32578188_56cb34a5592a41a076a5000361a51ffe-2a7dbca|https://photos.encuentra24.com/t_or_fh_m/f_auto/v1/cr/32/57/81/88/32578188_56cb34a5592a41a076a5000361a51ffe-eba1cb8|https://photos.encuentra24.com/t_or_fh_m/f_auto/v1/cr/32/57/81/88/32578188_56cb34a5592a41a076a5000361a51ffe-74e0fbe|https://photos.encuentra24.com/t_or_fh_m/f_auto/v1/cr/32/57/81/88/32578188_56cb34a5592a41a076a5000361a51ffe-14e1918|https://photos.encuentra24.com/t_or_fh_m/f_auto/v1/cr/32/57/81/88/32578188_56cb34a5592a41a076a5000361a51ffe-eb0b5ba|https://photos.encuentra24.com/t_or_fh_m/f_auto/v1/cr/32/57/81/88/32578188_56cb34a5592a41a076a5000361a51ffe-4851e4e|https://photos.encuentra24.com/t_or_fh_m/f_auto/v1/cr/32/57/81/88/32578188_56cb34a5592a41a076a5000361a51ffe-be68cac|https://photos.encuentra24.com/t_or_fh_m/f_auto/v1/cr/32/57/81/88/32578188_56cb34a5592a41a076a5000361a51ffe-a2671be|https://photos.encuentra24.com/t_or_fh_m/f_auto/v1/cr/32/57/81/88/32578188_56cb34a5592a41a076a5000361a51ffe-0750d92|https://photos.encuentra24.com/t_or_fh_m/f_auto/v1/cr/32/57/81/88/32578188_56cb34a5592a41a076a5000361a51ffe-7adecee|https://photos.encuentra24.com/t_or_fh_m/f_auto/v1/cr/32/57/81/88/32578188_56cb34a5592a41a076a5000361a51ffe-85b59b7|https://photos.encuentra24.com/t_or_fh_m/f_auto/v1/cr/32/57/81/88/32578188_56cb34a5592a41a076a5000361a51ffe-87d74b7|https://photos.encuentra24.com/t_or_fh_m/f_auto/v1/cr/32/57/81/88/32578188_56cb34a5592a41a076a5000361a51ffe-082dd71|https://photos.encuentra24.com/t_or_fh_m/f_auto/v1/cr/32/57/81/88/32578188_56cb34a5592a41a076a5000361a51ffe-1e0195c|https://photos.encuentra24.com/t_or_fh_m/f_auto/v1/cr/32/57/81/88/32578188_56cb34a5592a41a076a5000361a51ffe-791bf32|https://photos.encuentra24.com/t_or_fh_m/f_auto/v1/cr/32/57/81/88/32578188_56cb34a5592a41a076a5000361a51ffe-58c11c7|https://photos.encuentra24.com/t_or_fh_m/f_auto/v1/cr/32/57/81/88/32578188_56cb34a5592a41a076a5000361a51ffe-1687855|https://photos.encuentra24.com/t_or_fh_m/f_auto/v1/cr/32/08/91/78/32089178_9802ea8aa773904e1ceb3eb74cc8122b-588e407|https://photos.encuentra24.com/t_or_fh_m/f_auto/v1/cr/32/31/44/78/32314478_06e4e4e6ef6ad97010c321c94c1bef11-58ae74a|https://photos.encuentra24.com/t_or_fh_m/f_auto/v1/cr/31/13/59/18/31135918_b19692a|https://photos.encuentra24.com/t_or_fh_m/f_auto/v1/cr/32/63/47/56/32634756_27f92d8|https://photos.encuentra24.com/t_or_fh_m/f_auto/v1/cr/32/65/32/15/32653215_0164197b9f8e99bc3ca25485c0edfb94-b13bd6b|https://photos.encuentra24.com/t_or_fh_m/f_auto/v1/cr/32/61/78/65/32617865_98a8c4589997d4709fad8211015237ac-04afc8b|https://photos.encuentra24.com/t_or_fh_m/f_auto/v1/cr/32/08/20/05/32082005_268857d|https://photos.encuentra24.com/t_or_fh_m/f_auto/v1/cr/32/60/01/05/32600105_0e861de8bbae6c8b0db0d9437a06b1bb-1752880|https://photos.encuentra24.com/t_or_fh_m/f_auto/v1/cr/32/42/99/42/32429942_eb81cf4f2854b4a199a7025d0c2f2edf-e772ee9|https://photos.encuentra24.com/t_or_fh_m/f_auto/v1/cr/32/44/41/75/32444175_9abe8d6|https://photos.encuentra24.com/t_or_fh_m/f_auto/v1/cr/32/44/94/18/32449418_1077a98|https://photos.encuentra24.com/t_or_fh_m/f_auto/v1/cr/32/55/12/13/32551213_ddb7ce9|https://photos.encuentra24.com/t_or_fh_m/f_auto/v1/cr/32/56/19/92/32561992_9c64265eb74d3f607c7f5021e13c7def-ca4acf4|https://photos.encuentra24.com/t_or_fh_m/f_auto/v1/cr/32/43/00/37/32430037_ecbc531
encuentra24,32600105,https://www.encuentra24.com/costa-rica-es/bienes-raices-venta-de-propiedades-lotes-y-terrenos/oportunidad-unica-en-corralillo-de-cartago-vistas-espectaculares-y-gran-potencial-de-desarrollo/32600105,sale,active,Cartago provincia,Cartago,Corralillo,OPORTUNIDAD ÚNICA EN CORRALILLO DE CARTAGO – VISTAS ESPECTACULARES Y GRAN POTENCIAL DE DESARROLLO,"Descubra una propiedad excepcional ubicada en San Antonio de Corralillo, Cartago, una zona caracterizada por su clima fresco, tranquilidad, belleza natural y creciente desarrollo residencial y comercial, a tan solo 45 minutos de Cartago centro y San José.. Este hermoso terreno de 1.372 m² ofrece una combinación difícil de encontrar: ubicación estratégica, infraestructura lista para construir, impresionantes vistas panorámicas y uso de suelo, lo que amplía significativamente sus posibilidades de aprovechamiento. Características Principales • Área total: 1.372 m² • Topografía mixta • Uso de suelo • Frente de aproximadamente 25 metros sobre carretera principal • Acceso adicional mediante servidumbre de paso inscrita en plano • Excavación ya realizada para construcción • Escritura y plano catastrado al día • Impuestos municipales al día • Disponibilidad de agua con medidor instalado • Disponibilidad de servicio eléctrico • Listo para desarrollar su proyecto Entorno Natural Privilegiado La propiedad cuenta con cultivo de café en producción y diversos árboles frutales, creando un ambiente natural ideal para quienes buscan calidad de vida, privacidad y conexión con la naturaleza. Desde el terreno se disfrutan impresionantes vistas hacia: • Frailes de Desamparados • Llano Los Ángeles • San Cristóbal Norte Cada amanecer y atardecer ofrece un espectáculo natural que convierte esta propiedad en un lugar verdaderamente especial. Ideal para: • Construcción de vivienda familiar • Quinta de recreo • Cabañas o proyecto turístico • Desarrollo residencial • Proyecto comercial de bajo impacto • Inversión con alta proyección de valorización Ubicación Estratégica Ubicado en una de las zonas más atractivas de Cartago, combina la tranquilidad de la montaña con fácil acceso a servicios, centros educativos, comercios y rutas principales. Su clima fresco durante todo el año, la seguridad de la zona y la belleza de sus paisajes hacen de Corralillo uno de los sectores más buscados para vivir o invertir. Una propiedad con documentación completa, servicios disponibles, vistas inigualables y gran potencial de desarrollo. Contáctenos para más información o para coordinar una visita y descubrir personalmente todo lo que esta propiedad tiene para ofrecer.",Land,,2 Bathrooms,,,,"1,000–5,000m²","{""Water""}",Urban,"{""Flat""}",,Survey Available,23500000,CRC,+50685781038,https://photos.encuentra24.com/t_or_fh_m/f_auto/v1/cr/32/60/01/05/32600105_0e861de8bbae6c8b0db0d9437a06b1bb-1752880|https://photos.encuentra24.com/t_or_fh_m/f_auto/v1/cr/32/60/01/05/32600105_0e861de8bbae6c8b0db0d9437a06b1bb-545a9d4|https://photos.encuentra24.com/t_or_fh_m/f_auto/v1/cr/32/60/01/05/32600105_0e861de8bbae6c8b0db0d9437a06b1bb-1b47e92|https://photos.encuentra24.com/t_or_fh_m/f_auto/v1/cr/32/60/01/05/32600105_0e861de8bbae6c8b0db0d9437a06b1bb-98d2d73|https://photos.encuentra24.com/t_or_fh_m/f_auto/v1/cr/32/60/01/05/32600105_0e861de8bbae6c8b0db0d9437a06b1bb-242c275|https://photos.encuentra24.com/t_or_fh_m/f_auto/v1/cr/32/60/01/05/32600105_0e861de8bbae6c8b0db0d9437a06b1bb-5a103ea|https://photos.encuentra24.com/t_or_fh_m/f_auto/v1/cr/32/60/01/05/32600105_0e861de8bbae6c8b0db0d9437a06b1bb-06f5bef|https://photos.encuentra24.com/t_or_fh_m/f_auto/v1/cr/32/60/01/05/32600105_0e861de8bbae6c8b0db0d9437a06b1bb-d38272b|https://photos.encuentra24.com/t_or_fh_m/f_auto/v1/cr/32/60/01/05/32600105_0e861de8bbae6c8b0db0d9437a06b1bb-f285fb0|https://photos.encuentra24.com/t_or_fh_m/f_auto/v1/cr/32/60/01/05/32600105_0e861de8bbae6c8b0db0d9437a06b1bb-f8a11db|https://photos.encuentra24.com/t_or_fh_m/f_auto/v1/cr/32/60/01/05/32600105_0e861de8bbae6c8b0db0d9437a06b1bb-1690e28|https://photos.encuentra24.com/t_or_fh_m/f_auto/v1/cr/32/60/01/05/32600105_0e861de8bbae6c8b0db0d9437a06b1bb-f8a934a|https://photos.encuentra24.com/t_or_fh_m/f_auto/v1/cr/32/60/01/05/32600105_0e861de8bbae6c8b0db0d9437a06b1bb-6718ac2|https://photos.encuentra24.com/t_or_fh_m/f_auto/v1/cr/32/60/01/05/32600105_0e861de8bbae6c8b0db0d9437a06b1bb-f3354d0|https://photos.encuentra24.com/t_or_fh_m/f_auto/v1/cr/32/60/01/05/32600105_0e861de8bbae6c8b0db0d9437a06b1bb-9d471ee|https://photos.encuentra24.com/t_or_fh_m/f_auto/v1/cr/32/60/01/05/32600105_0e861de8bbae6c8b0db0d9437a06b1bb-0b7ac5d|https://photos.encuentra24.com/t_or_fh_m/f_auto/v1/cr/32/60/01/05/32600105_0e861de8bbae6c8b0db0d9437a06b1bb-c6dd955|https://photos.encuentra24.com/t_or_fh_m/f_auto/v1/cr/32/60/01/05/32600105_0e861de8bbae6c8b0db0d9437a06b1bb-9977cf9|https://photos.encuentra24.com/t_or_fh_m/f_auto/v1/cr/32/60/01/05/32600105_0e861de8bbae6c8b0db0d9437a06b1bb-8136f53|https://photos.encuentra24.com/t_or_fh_m/f_auto/v1/cr/32/66/66/54/32666654_4a1ec7ecf22adf36e0ad02bbea2d5c60-efab3d0|https://photos.encuentra24.com/t_or_fh_m/f_auto/v1/cr/32/57/81/88/32578188_56cb34a5592a41a076a5000361a51ffe-67d97ce|https://photos.encuentra24.com/t_or_fh_m/f_auto/v1/cr/32/42/99/42/32429942_eb81cf4f2854b4a199a7025d0c2f2edf-e772ee9|https://photos.encuentra24.com/t_or_fh_m/f_auto/v1/cr/32/44/41/75/32444175_9abe8d6|https://photos.encuentra24.com/t_or_fh_m/f_auto/v1/cr/32/44/94/18/32449418_1077a98|https://photos.encuentra24.com/t_or_fh_m/f_auto/v1/cr/32/55/12/13/32551213_ddb7ce9|https://photos.encuentra24.com/t_or_fh_m/f_auto/v1/cr/32/56/19/92/32561992_9c64265eb74d3f607c7f5021e13c7def-ca4acf4|https://photos.encuentra24.com/t_or_fh_m/f_auto/v1/cr/32/43/00/37/32430037_ecbc531
encuentra24,32565737,https://www.encuentra24.com/costa-rica-es/bienes-raices-venta-de-propiedades-casas/casa-en-venta-en-guachipelin-escazu-con-3-habitaciones-y-amenidades/32565737,sale,active,San José provincia,Escazú,San Rafael,"Casa en Venta en Guachipelín, Escazú con 3 Habitaciones y Amenidades","Distribución: 3 niveles 3 habitaciones (la principal con doble walk-in closet y baño completo; las secundarias con clóset). 2 baños y dos medios baños. Cochera para dos vehículos. Cocina con isla y sobres de cuarzo. Pisos de porcelanato. Sala de tv o playroom en tercer piso Oficina o Habitación de Servicio Áreas comunes: Piscina temperada con carril de nado, pet park, fire pit, rancho BBQ, playground, gimnasio, sauna y jacuzzi. Otros detalles: Cuota condominal: 110,000 Seguridad 24/7 Ubicación privilegiada: A solo 5 minutos de Terrazas Lindora, 6 minutos del Hospital Metropolitano de Santa Ana, 8 minutos de Distrito 4 y 10 minutos de Multiplaza Escazú. Agende su cita hoy mismo.",Condo,,2 Bathrooms,2 Vehicles,,,,{},,{},Walkable,,387000,USD,+50689986245,https://photos.encuentra24.com/t_or_fh_m/f_auto/v1/cr/32/56/57/37/32565737_db2732c|https://photos.encuentra24.com/t_or_fh_m/f_auto/v1/cr/32/56/57/37/32565737_88f138a|https://photos.encuentra24.com/t_or_fh_m/f_auto/v1/cr/32/56/57/37/32565737_0873293|https://photos.encuentra24.com/t_or_fh_m/f_auto/v1/cr/32/56/57/37/32565737_99b2737|https://photos.encuentra24.com/t_or_fh_m/f_auto/v1/cr/32/56/57/37/32565737_0582b6c|https://photos.encuentra24.com/t_or_fh_m/f_auto/v1/cr/32/56/57/37/32565737_bcef2c8|https://photos.encuentra24.com/t_or_fh_m/f_auto/v1/cr/32/56/57/37/32565737_09c280c|https://photos.encuentra24.com/t_or_fh_m/f_auto/v1/cr/32/56/57/37/32565737_30a2d22|https://photos.encuentra24.com/t_or_fh_m/f_auto/v1/cr/32/56/57/37/32565737_98db35f|https://photos.encuentra24.com/t_or_fh_m/f_auto/v1/cr/32/56/57/37/32565737_6aad130|https://photos.encuentra24.com/t_or_fh_m/f_auto/v1/cr/32/56/57/37/32565737_2f47f4e|https://photos.encuentra24.com/t_or_fh_m/f_auto/v1/cr/32/56/57/37/32565737_4d609c3|https://photos.encuentra24.com/t_or_fh_m/f_auto/v1/cr/32/56/57/37/32565737_114d9db|https://photos.encuentra24.com/t_or_fh_m/f_auto/v1/cr/32/56/57/37/32565737_832e5c7|https://photos.encuentra24.com/t_or_fh_m/f_auto/v1/cr/32/56/57/37/32565737_0b2afb3|https://photos.encuentra24.com/t_or_fh_m/f_auto/v1/cr/32/56/57/37/32565737_ae149ba|https://photos.encuentra24.com/t_or_fh_m/f_auto/v1/cr/32/56/57/37/32565737_2dd88ee|https://photos.encuentra24.com/t_or_fh_m/f_auto/v1/cr/32/56/57/37/32565737_2c17104|https://photos.encuentra24.com/t_user_logo/v1/users/logo/23/02/96/230296_121b5e|https://photos.encuentra24.com/t_or_fh_m/f_auto/v1/cr/32/45/20/73/32452073_bfe19c48743ab25a8f76fc4c2e8278d5-319ce1d|https://photos.encuentra24.com/t_or_fh_m/f_auto/v1/cr/32/66/00/03/32660003_a68cf79|https://photos.encuentra24.com/t_or_fh_m/f_auto/v1/cr/32/27/49/73/32274973_bbdc50d884516cf995cb9dd71bb9ccd8-903df10|https://photos.encuentra24.com/t_or_fh_m/f_auto/v1/cr/31/45/67/13/31456713_26720b|https://photos.encuentra24.com/t_or_fh_m/f_auto/v1/cr/31/83/31/43/31833143_3130faf|https://photos.encuentra24.com/t_or_fh_m/f_auto/v1/cr/31/37/87/03/31378703_3ca624d|https://photos.encuentra24.com/t_or_fh_m/f_auto/v1/cr/32/57/10/73/32571073_fd33dcd5443cb180d8f3f652bc99e31a-c781d13|https://photos.encuentra24.com/t_or_fh_m/f_auto/v1/cr/32/60/02/96/32600296_30cbea3|https://photos.encuentra24.com/t_or_fh_m/f_auto/v1/cr/32/61/26/15/32612615_6fe233c|https://photos.encuentra24.com/t_or_fh_m/f_auto/v1/cr/32/63/56/10/32635610_43baa7aa89f3699e97f4bab113141918-70e9edc|https://photos.encuentra24.com/t_or_fh_m/f_auto/v1/cr/32/53/78/01/32537801_b17f57a|https://photos.encuentra24.com/t_or_fh_m/f_auto/v1/cr/32/40/15/34/32401534_a389423|https://photos.encuentra24.com/t_or_fh_m/f_auto/v1/cr/32/60/03/64/32600364_2c4d8dc|https://photos.encuentra24.com/t_or_fh_m/f_auto/v1/cr/32/31/99/45/32319945_02410a2407733a1ccb4e9ff3a41b9f3d-942e38c
encuentra24,32266876,https://www.encuentra24.com/costa-rica-es/bienes-raices-venta-de-propiedades-casas/casa-amueblada-con-piscina-san-isidro-de-grecia-ala-juela/32266876,sale,active,Alajuela provincia,Grecia,Grecia,Casa Amueblada con Piscina-San Isidro de Grecia Ala Juela,"¡Los vendedores dicen: ¡Vendan esta casa!»! Amplia vivienda de 4 dormitorios y 2,5 baños —de aproximadamente 289 m² sobre un lote de 493 m² — que se ofrece totalmente lista para usar («llave en mano») y amueblada; lista para entrar a vivir o para alquilar. Se incluye todo el mobiliario artesanal hecho a medida con maderas preciosas costarricenses, televisores, electrodomésticos (cocina eléctrica, lavavajillas, refrigerador nuevo de marzo de 2026, instalación eléctrica lista para triturador de basura), lavadora, secadora, sistema de alarma, cámaras y ropa de cama. Esta casa, remodelada y mantenida con gran esmero, cuenta con una entrada cerrada con portón y un patio delantero que conduce a las salas de estar y comedor; una cocina tipo pasillo totalmente equipada con encimeras de granito y área de desayuno; un dormitorio en la planta principal; un baño completo más un medio baño adicional; y un cuarto de lavado con lavadero. Toda la propiedad cuenta con pisos de cerámica y ventiladores de techo, y un calentador de agua exclusivo abastece a la cocina y al baño principal. La terraza familiar ofrece vistas a una hermosa piscina de 4 x 7 metros. La planta alta dispone de 3 dormitorios adicionales (con capacidad total para alojar hasta 10 personas), un baño completo con agua caliente, balcones tipo «Julieta» en los dormitorios y una terraza mirador accesible desde el pasillo. Estacionamiento para hasta 7 vehículos dentro del recinto (la entrada principal tiene capacidad para 5, más 2 en la cochera techada), amplios espacios de almacenamiento y pintura recién aplicada completan esta propiedad excepcional. A 10 minutos en auto de Grecia, a 30 minutos de Alajuela y 40 min de SJO aeropuerto. ¡Bienvenido a casa!",House,4 Bedrooms,5+ Bathrooms,4+ Vehicles,,,,"{""Water""}",Riverfront,{},,,344990,USD,+50663849255,https://photos.encuentra24.com/t_or_fh_m/f_auto/v1/cr/32/26/68/76/32266876_a864ad9|https://photos.encuentra24.com/t_or_fh_m/f_auto/v1/cr/32/26/68/76/32266876_e5f55d2|https://photos.encuentra24.com/t_or_fh_m/f_auto/v1/cr/32/26/68/76/32266876_0dd911c|https://photos.encuentra24.com/t_or_fh_m/f_auto/v1/cr/32/26/68/76/32266876_6b1fb2e|https://photos.encuentra24.com/t_or_fh_m/f_auto/v1/cr/32/26/68/76/32266876_32c3987|https://photos.encuentra24.com/t_or_fh_m/f_auto/v1/cr/32/26/68/76/32266876_7e5b520|https://photos.encuentra24.com/t_or_fh_m/f_auto/v1/cr/32/26/68/76/32266876_95658aa|https://photos.encuentra24.com/t_or_fh_m/f_auto/v1/cr/32/26/68/76/32266876_2e839f7|https://photos.encuentra24.com/t_or_fh_m/f_auto/v1/cr/32/26/68/76/32266876_7f44e1a|https://photos.encuentra24.com/t_or_fh_m/f_auto/v1/cr/32/26/68/76/32266876_c2a9a4b|https://photos.encuentra24.com/t_or_fh_m/f_auto/v1/cr/32/26/68/76/32266876_eda867d|https://photos.encuentra24.com/t_or_fh_m/f_auto/v1/cr/32/26/68/76/32266876_9d634a6|https://photos.encuentra24.com/t_or_fh_m/f_auto/v1/cr/32/26/68/76/32266876_86a39e7|https://photos.encuentra24.com/t_or_fh_m/f_auto/v1/cr/32/26/68/76/32266876_584c681|https://photos.encuentra24.com/t_or_fh_m/f_auto/v1/cr/32/26/68/76/32266876_d846476|https://photos.encuentra24.com/t_or_fh_m/f_auto/v1/cr/32/26/68/76/32266876_b8dcba7|https://photos.encuentra24.com/t_or_fh_m/f_auto/v1/cr/32/26/68/76/32266876_ca8498d|https://photos.encuentra24.com/t_or_fh_m/f_auto/v1/cr/32/26/68/76/32266876_2be8c1e|https://photos.encuentra24.com/t_or_fh_m/f_auto/v1/cr/32/26/68/76/32266876_a88c98b|https://photos.encuentra24.com/t_or_fh_m/f_auto/v1/cr/32/26/68/76/32266876_97ca45b|https://photos.encuentra24.com/t_or_fh_m/f_auto/v1/cr/32/58/60/79/32586079_0cd2a1da048ff27701a8754936708c24-d6ecd17|https://photos.encuentra24.com/t_or_fh_m/f_auto/v1/cr/32/32/93/39/32329339_ece56ed475532ac08362412accf5b0e1-4bd7b41|https://photos.encuentra24.com/t_or_fh_m/f_auto/v1/cr/31/86/28/98/31862898_0afff9|https://photos.encuentra24.com/t_or_fh_m/f_auto/v1/cr/32/58/57/58/32585758_0016d0ef0a7140871979ba11d5c6e184-0c96104|https://photos.encuentra24.com/t_or_fh_m/f_auto/v1/cr/32/36/66/68/32366668_ef3f133|https://photos.encuentra24.com/t_or_fh_m/f_auto/v1/cr/30/89/89/08/30898908_fb9696|https://photos.encuentra24.com/t_or_fh_m/f_auto/v1/cr/31/72/19/97/31721997_ce6fd8|https://photos.encuentra24.com/t_or_fh_m/f_auto/v1/cr/32/61/27/96/32612796_bd8a772cf13eabd1364e882f26d31792-1878566|https://photos.encuentra24.com/t_or_fh_m/f_auto/v1/cr/32/62/58/12/32625812_e645693|https://photos.encuentra24.com/t_or_fh_m/f_auto/v1/cr/32/27/42/25/32274225_3b78986|https://photos.encuentra24.com/t_or_fh_m/f_auto/v1/cr/32/49/29/79/32492979_4a924b6|https://photos.encuentra24.com/t_or_fh_m/f_auto/v1/cr/32/26/65/88/32266588_c97c17b|https://photos.encuentra24.com/t_or_fh_m/f_auto/v1/cr/32/58/34/87/32583487_815553a|https://photos.encuentra24.com/t_or_fh_m/f_auto/v1/cr/32/53/08/66/32530866_d530afe0752d356fdbe95ab341917ee7-f417644
encuentra24,32135810,https://www.encuentra24.com/costa-rica-es/bienes-raices-venta-de-propiedades-casas/se-vende-casa-la-suiza-de-occidente-santa-barbara/32135810,sale,active,Heredia provincia,Santa Bárbara,,SE VENDE CASA LA SUIZA DE OCCIDENTE SANTA BARBARA,"Ubicación: Residencial El Barrio, Santa Bárbara de Heredia Área de lote: 7.318 m² Área de construcción: 163 m² Se ofrece hermosa propiedad ubicada en una de las zonas más privilegiadas y frescas de La Suiza de Occidente, ideal para quienes buscan tranquilidad, naturaleza y una vista espectacular. La propiedad cuenta con una excelente distribución y espacios diseñados para disfrutar del entorno natural. Características de la propiedad Habitación principal con baño completo y walk-in closet Segunda habitación con baño completo y closet Oficina que puede utilizarse como tercer dormitorio Cocina, sala y comedor integrados con chimenea Amplia terraza con impresionante vista panorámica hacia las montañas y hacia las provincias de Heredia, San José y Alajuela Amplio terreno con gran variedad de árboles en el frente de la propiedad La casa cuenta con internet y servicio de televisión por cable. Ideal para Vivir rodeado de naturaleza y tranquilidad Casa de descanso con un clima fresco y agradable todo el año Inversión para Airbnb o turismo rural Precio de venta: $400,000 Precio negociable",House,2 Bedrooms,2 Bathrooms,4+ Vehicles,,,,{},Riverfront|Rural,{},Walkable,,325000,USD,+50687472211,https://photos.encuentra24.com/t_or_fh_m/f_auto/v1/cr/32/13/58/10/32135810_834f537813fb8428b108be1fe4706793-e1909b5|https://photos.encuentra24.com/t_or_fh_m/f_auto/v1/cr/32/13/58/10/32135810_834f537813fb8428b108be1fe4706793-4d7098f|https://photos.encuentra24.com/t_or_fh_m/f_auto/v1/cr/32/13/58/10/32135810_834f537813fb8428b108be1fe4706793-d923333|https://photos.encuentra24.com/t_or_fh_m/f_auto/v1/cr/32/13/58/10/32135810_834f537813fb8428b108be1fe4706793-8816f5e|https://photos.encuentra24.com/t_or_fh_m/f_auto/v1/cr/32/13/58/10/32135810_834f537813fb8428b108be1fe4706793-74edc92|https://photos.encuentra24.com/t_or_fh_m/f_auto/v1/cr/32/13/58/10/32135810_834f537813fb8428b108be1fe4706793-145d84d|https://photos.encuentra24.com/t_or_fh_m/f_auto/v1/cr/32/13/58/10/32135810_834f537813fb8428b108be1fe4706793-0895cc0|https://photos.encuentra24.com/t_or_fh_m/f_auto/v1/cr/32/13/58/10/32135810_834f537813fb8428b108be1fe4706793-f637f4f|https://photos.encuentra24.com/t_or_fh_m/f_auto/v1/cr/32/13/58/10/32135810_834f537813fb8428b108be1fe4706793-5b261ff|https://photos.encuentra24.com/t_or_fh_m/f_auto/v1/cr/32/13/58/10/32135810_834f537813fb8428b108be1fe4706793-dd5d896|https://photos.encuentra24.com/t_user_logo/v1/users/logo/11/29/23/1129237_04b68d|https://photos.encuentra24.com/t_cnseal/v1697642511/cnseal/652ff80f42db6_Verified%20badge.png|https://photos.encuentra24.com/t_or_fh_m/f_auto/v1/cr/30/26/40/09/30264009_01fad6|https://photos.encuentra24.com/t_or_fh_m/f_auto/v1/cr/32/55/03/88/32550388_d35aee5cd553fc3508f2b31029e80f88-fba89f4|https://photos.encuentra24.com/t_or_fh_m/f_auto/v1/cr/31/07/74/77/31077477_ae7533|https://photos.encuentra24.com/t_or_fh_m/f_auto/v1/cr/32/49/13/93/32491393_acae33a|https://photos.encuentra24.com/t_or_fh_m/f_auto/v1/cr/31/88/50/92/31885092_02d3f7|https://photos.encuentra24.com/t_or_fh_m/f_auto/v1/cr/25/37/06/51/25370651_1f9764|https://photos.encuentra24.com/t_or_fh_m/f_auto/v1/cr/32/16/44/30/32164430_e34d7e|https://photos.encuentra24.com/t_or_fh_m/f_auto/v1/cr/32/55/10/11/32551011_75e8dd174de47b3f6e1da221e66086f1-ef800d6|https://photos.encuentra24.com/t_or_fh_m/f_auto/v1/cr/32/07/41/47/32074147_5e6d3aae1855a75a64a79132c74ce1db-136a292|https://photos.encuentra24.com/t_or_fh_m/f_auto/v1/cr/32/19/84/97/32198497_37e78317a47eae3c5493f1fefe9fd26a-bcfed4f|https://photos.encuentra24.com/t_or_fh_m/f_auto/v1/cr/32/38/07/69/32380769_74bc9ec708eb27d4fbc93571fe6897d1-9d39233|https://photos.encuentra24.com/t_or_fh_m/f_auto/v1/cr/32/13/58/39/32135839_9ebcaf1|https://photos.encuentra24.com/t_or_fh_m/f_auto/v1/cr/30/24/15/90/30241590_3bb77f|https://photos.encuentra24.com/t_or_fh_m/f_auto/v1/cr/32/10/10/74/32101074_8f275b8
encuentra24,31437340,https://www.encuentra24.com/costa-rica-es/bienes-raices-venta-de-propiedades-fincas/propiedad-en-venta-en-fortuna-de-bagaces-guanacaste/31437340,sale,active,Guanacaste provincia,Bagaces,,"PROPIEDAD EN VENTA EN FORTUNA DE BAGACES, GUANACASTE","Ubicada en Fortuna de Bagaces, una zona reconocida por su exuberante naturaleza, aguas termales y cercanía al Parque Nacional Volcán Miravalles, esta propiedad ofrece la combinación perfecta entre belleza natural, rentabilidad y ubicación privilegiada. Fortuna es una región hotelera y ganadera, rodeada de prestigiosos hoteles como Río Perdido, con carreteras totalmente asfaltadas y fácil acceso desde la vía principal. La finca colinda con un río de aguas cristalinas, cuyo suave sonido puede disfrutarse desde distintos puntos de la propiedad, además de ofrecer vistas panorámicas a las montañas y espectaculares atardeceres. Se encuentra a 40 minutos de Liberia, ciudad en crecimiento con alto flujo turístico; a 1 hora y 20 minutos del Aeropuerto Internacional Daniel Oduber Quirós; y aproximadamente a 2 horas de las mejores playas del Pacífico. CARACTERÍSTICAS DE LA PROPIEDAD: • Área total: 6.4318 hectáreas • Precio por m²: $15 – oportunidad de inversión • Totalmente cercada con malla metálica y mantenimiento constante • Entrada principal con portón eléctrico • Casa principal de 50 m² con 2 habitaciones • Rancho con vista panorámica, ideal para descanso o reuniones familiares • Cabaña de 90 m², actualmente en alquiler vacacional, generando ingresos constantes: o Amplios ventanales con vista a la montaña o Acabados en madera de teca y guanacaste o Habitación amplia, baño privado, sala y comedor • Pozo artesanal funcional • Corrales y apartos divididos, listos para uso ganadero • Seis establos, manga ganadera y corral techado para alimentación • Dos medidores de agua (ganadero y residencial) y un medidor eléctrico • Disponibilidad de fibra óptica POTENCIAL DE DESARROLLO SIN RESTRICCIONES: Esta propiedad no está regulada por ningún plan regulador urbano, lo que brinda total libertad para construir según sus necesidades, convirtiéndola en una oportunidad excepcional para inversionistas que buscan flexibilidad. VERSATILIDAD Y UBICACIÓN: La finca cuenta con topografía mixta, permitiendo desarrollos sectorizados con vistas espectaculares y privacidad. Es ideal para cabañas turísticas, proyectos ecológicos, desarrollos residenciales, agrícolas o una combinación de estos. Ubicada en una de las regiones más estables y naturalmente ricas de Costa Rica, esta finca ofrece potencial inmediato de ingresos por alquiler vacacional y una oportunidad de inversión única.",House,,3 Bathrooms,,,,>5 Hectares,"{""Municipal Water"",""Well Water"",""Water"",""Fiber Internet""}",Beachfront|Riverfront|Mountain View|Urban,"{""River Valley"",""Agricultural Terrain""}",,,950000,USD,+50670902289,https://photos.encuentra24.com/t_or_fh_m/f_auto/v1/cr/31/43/73/40/31437340_a201d9|https://photos.encuentra24.com/t_or_fh_m/f_auto/v1/cr/31/43/73/40/31437340_f7ee4c|https://photos.encuentra24.com/t_or_fh_m/f_auto/v1/cr/31/43/73/40/31437340_de94ab|https://photos.encuentra24.com/t_or_fh_m/f_auto/v1/cr/31/43/73/40/31437340_4d82e2|https://photos.encuentra24.com/t_or_fh_m/f_auto/v1/cr/31/43/73/40/31437340_ac03bc|https://photos.encuentra24.com/t_or_fh_m/f_auto/v1/cr/31/43/73/40/31437340_b23c0b|https://photos.encuentra24.com/t_or_fh_m/f_auto/v1/cr/31/43/73/40/31437340_a2cb42|https://photos.encuentra24.com/t_or_fh_m/f_auto/v1/cr/31/43/73/40/31437340_478d45|https://photos.encuentra24.com/t_or_fh_m/f_auto/v1/cr/31/43/73/40/31437340_d560da|https://photos.encuentra24.com/t_or_fh_m/f_auto/v1/cr/31/43/73/40/31437340_3ad7b3|https://photos.encuentra24.com/t_or_fh_m/f_auto/v1/cr/31/43/73/40/31437340_659a35|https://photos.encuentra24.com/t_or_fh_m/f_auto/v1/cr/31/43/73/40/31437340_21c9d7|https://photos.encuentra24.com/t_or_fh_m/f_auto/v1/cr/31/43/73/40/31437340_ad78d5|https://photos.encuentra24.com/t_or_fh_m/f_auto/v1/cr/31/43/73/40/31437340_e6a976|https://photos.encuentra24.com/t_or_fh_m/f_auto/v1/cr/31/43/73/40/31437340_8c5180|https://photos.encuentra24.com/t_or_fh_m/f_auto/v1/cr/31/43/73/40/31437340_c2f5e8|https://photos.encuentra24.com/t_or_fh_m/f_auto/v1/cr/31/43/73/40/31437340_c309af|https://photos.encuentra24.com/t_or_fh_m/f_auto/v1/cr/31/43/73/40/31437340_4e9d1f|https://photos.encuentra24.com/t_or_fh_m/f_auto/v1/cr/31/43/73/40/31437340_9e8954|https://photos.encuentra24.com/t_or_fh_m/f_auto/v1/cr/31/43/73/40/31437340_ee45a8|https://photos.encuentra24.com/t_user_logo/v1/users/logo/68/73/78/687378_7eb498|https://photos.encuentra24.com/t_cnseal/v1697642511/cnseal/652ff80f42db6_Verified%20badge.png|https://photos.encuentra24.com/t_or_fh_m/f_auto/v1/cr/32/29/80/75/32298075_d3a60853acd09a9f1f053f873b3f130a-c16ee86|https://photos.encuentra24.com/t_or_fh_m/f_auto/v1/cr/32/58/20/98/32582098_896c3bb3a79d7a3f5435afbdddd7efed-fd83766|https://photos.encuentra24.com/t_or_fh_m/f_auto/v1/cr/32/29/19/77/32291977_cd7ab34|https://photos.encuentra24.com/t_or_fh_m/f_auto/v1/cr/31/40/03/00/31400300_3df4c1|https://photos.encuentra24.com/t_or_fh_m/f_auto/v1/cr/31/98/03/67/31980367_4915b21a3b644470ca901a5ece3d40cd-d46dabf|https://photos.encuentra24.com/t_or_fh_m/f_auto/v1/cr/32/59/85/90/32598590_7a776c3|https://photos.encuentra24.com/t_or_fh_m/f_auto/v1/cr/32/49/05/95/32490595_17fa011|https://photos.encuentra24.com/t_or_fh_m/f_auto/v1/cr/31/86/44/38/31864438_0734b3|https://photos.encuentra24.com/t_or_fh_m/f_auto/v1/cr/32/17/76/26/32177626_604a14a
encuentra24,32631248,https://www.encuentra24.com/costa-rica-es/bienes-raices-venta-de-propiedades-lotes-y-terrenos/venta-de-lote-en-zapote-barrio-montealegre/32631248,sale,active,San José provincia,San José Capital,Zapote,"Venta de Lote en Zapote, barrio Montealegre","Excelente oportunidad de inversión en una de las zonas con mayor desarrollo y plusvalía del este de San José. Se vende amplio lote de 942 m², ubicado en Barrio Montealegre, Zapote, en una ubicación estratégica con fácil acceso a las principales vías de la ciudad. Ubicación privilegiada: • A pocos minutos del Colegio de Abogados y Abogadas de Costa Rica. • Muy cerca de la Universidad Veritas. • Próximo a la Escuela Libre de Derecho. • Cercano al Registro Nacional. • A pocos minutos de Multiplaza del Este y una amplia oferta de comercios, restaurantes, centros educativos y servicios. Su excelente ubicación lo convierte en una alternativa ideal para el desarrollo de un proyecto residencial, oficinas, consultorios o una inversión de alta proyección, sujeto a la normativa urbanística vigente. Características del lote: • Área: 942 m². • Topografía con excelente potencial para desarrollo. • Zona de alta plusvalía y gran conectividad",Land,,,,,,"500–1,000m²",{},Riverfront|Urban,{},,,245000,USD,+50672321588,https://photos.encuentra24.com/t_or_fh_m/f_auto/v1/cr/32/63/12/48/32631248_02592a149df2cfd1f4d3f513d42d3228-cc6ee96|https://photos.encuentra24.com/t_or_fh_m/f_auto/v1/cr/32/63/12/48/32631248_02592a149df2cfd1f4d3f513d42d3228-dc15f97|https://photos.encuentra24.com/t_or_fh_m/f_auto/v1/cr/32/63/12/48/32631248_02592a149df2cfd1f4d3f513d42d3228-c3a9d3b|https://photos.encuentra24.com/t_or_fh_m/f_auto/v1/cr/32/63/12/48/32631248_02592a149df2cfd1f4d3f513d42d3228-4d68f03|https://photos.encuentra24.com/t_or_fh_m/f_auto/v1/cr/32/63/12/48/32631248_02592a149df2cfd1f4d3f513d42d3228-66e6424|https://photos.encuentra24.com/t_or_fh_m/f_auto/v1/cr/32/63/12/48/32631248_02592a149df2cfd1f4d3f513d42d3228-6eb789a|https://photos.encuentra24.com/t_or_fh_m/f_auto/v1/cr/32/63/12/48/32631248_02592a149df2cfd1f4d3f513d42d3228-540076d|https://photos.encuentra24.com/t_or_fh_m/f_auto/v1/cr/32/60/47/25/32604725_1e3c1f386e285d533ae26684bf5cb089-e660360|https://photos.encuentra24.com/t_or_fh_m/f_auto/v1/cr/32/15/24/02/32152402_f2a3f7e|https://photos.encuentra24.com/t_or_fh_m/f_auto/v1/cr/29/08/83/70/29088370_d54aec|https://photos.encuentra24.com/t_or_fh_m/f_auto/v1/cr/30/80/53/21/30805321_46d2cb|https://photos.encuentra24.com/t_or_fh_m/f_auto/v1/cr/32/06/93/62/32069362_6703232dfdca83cf1ce4a7428bfc0406-7c3b3bb|https://photos.encuentra24.com/t_or_fh_m/f_auto/v1/cr/31/62/04/96/31620496_822e6a|https://photos.encuentra24.com/t_or_fh_m/f_auto/v1/cr/32/54/82/20/32548220_a64ace55d210d29b5b284077866049e9-4fe02bb|https://photos.encuentra24.com/t_or_cvr/f_auto/v1/public/no-img-re.png|https://photos.encuentra24.com/t_or_fh_m/f_auto/v1/cr/31/26/17/52/31261752_6b7ecc|https://photos.encuentra24.com/t_or_fh_m/f_auto/v1/cr/30/87/77/76/30877776_9a0e74
encuentra24,32291977,https://www.encuentra24.com/costa-rica-es/bienes-raices-venta-de-propiedades-casas/casa-con-2-viviendas-independientes-y-piscina-privada-inversion-en-guanacaste/32291977,sale,active,Guanacaste provincia,Santa Cruz,Veintisiete de Abril,Casa con 2 Viviendas Independientes y Piscina Privada | Inversión en Guanacaste,"Excelente oportunidad de inversión en Guanacaste. Esta propiedad ofrece dos viviendas completamente independientes, cada una con su propia entrada y piscina privada, convirtiéndola en una excelente opción para vivir, generar ingresos por alquiler de largo plazo, alquiler vacacional o disfrutar con la familia. Ubicada a pocos minutos de San Juanillo, Marbella, Playa Negra y otras de las playas más hermosas de Guanacaste, combina privacidad, comodidad y un gran potencial de valorización. *Características de la propiedad Área del lote: 1.900 m² (20.451 ft²) Casa Principal – 150 m² • 2 habitaciones • 3 baños completos • Sala, comedor y cocina de concepto abierto • Cocina moderna • Aire acondicionado en toda la casa • Terraza • Piscina privada Segunda Casa – 100 m² • 2 habitaciones • 2 baños completos • Sala y comedor de concepto abierto • Aire acondicionado en toda la casa • Terraza privada Ideal para: • Inversión inmobiliaria • Airbnb • Alquiler de largo plazo • Casa de vacaciones • Retiro en Costa Rica • Vivir en una casa y alquilar la otra para generar ingresos Precio de venta: USD $280,000",House,4 Bedrooms,3 Bathrooms,4+ Vehicles,,,,"{""Municipal Water""}",Beachfront,"{""Steep Slope""}",,,280000,USD,+50663127470,https://photos.encuentra24.com/t_or_fh_m/f_auto/v1/cr/32/29/19/77/32291977_cd7ab34|https://photos.encuentra24.com/t_or_fh_m/f_auto/v1/cr/32/29/19/77/32291977_9ed28ca937acefe8c086d04552433d61-c79cf35|https://photos.encuentra24.com/t_or_fh_m/f_auto/v1/cr/32/29/19/77/32291977_9ed28ca937acefe8c086d04552433d61-06835f2|https://photos.encuentra24.com/t_or_fh_m/f_auto/v1/cr/32/29/19/77/32291977_9ed28ca937acefe8c086d04552433d61-6fd2f6a|https://photos.encuentra24.com/t_or_fh_m/f_auto/v1/cr/32/29/19/77/32291977_9ed28ca937acefe8c086d04552433d61-224583e|https://photos.encuentra24.com/t_or_fh_m/f_auto/v1/cr/32/29/19/77/32291977_9ed28ca937acefe8c086d04552433d61-b771ca5|https://photos.encuentra24.com/t_or_fh_m/f_auto/v1/cr/32/29/19/77/32291977_9ed28ca937acefe8c086d04552433d61-5bc0eeb|https://photos.encuentra24.com/t_or_fh_m/f_auto/v1/cr/32/29/19/77/32291977_9ed28ca937acefe8c086d04552433d61-7c521c0|https://photos.encuentra24.com/t_or_fh_m/f_auto/v1/cr/32/29/19/77/32291977_9ed28ca937acefe8c086d04552433d61-38e3e31|https://photos.encuentra24.com/t_or_fh_m/f_auto/v1/cr/32/29/19/77/32291977_9ed28ca937acefe8c086d04552433d61-26d2438|https://photos.encuentra24.com/t_or_fh_m/f_auto/v1/cr/32/29/19/77/32291977_9ed28ca937acefe8c086d04552433d61-f0810a3|https://photos.encuentra24.com/t_or_fh_m/f_auto/v1/cr/32/29/19/77/32291977_9ed28ca937acefe8c086d04552433d61-cffe02f|https://photos.encuentra24.com/t_or_fh_m/f_auto/v1/cr/32/29/19/77/32291977_9ed28ca937acefe8c086d04552433d61-a745fca|https://photos.encuentra24.com/t_or_fh_m/f_auto/v1/cr/32/29/19/77/32291977_9ed28ca937acefe8c086d04552433d61-0d8683b|https://photos.encuentra24.com/t_or_fh_m/f_auto/v1/cr/32/29/19/77/32291977_9ed28ca937acefe8c086d04552433d61-6632e6b|https://photos.encuentra24.com/t_or_fh_m/f_auto/v1/cr/32/29/19/77/32291977_9ed28ca937acefe8c086d04552433d61-df3a84d|https://photos.encuentra24.com/t_or_fh_m/f_auto/v1/cr/32/29/19/77/32291977_9ed28ca937acefe8c086d04552433d61-6035a12|https://photos.encuentra24.com/t_or_fh_m/f_auto/v1/cr/32/29/19/77/32291977_9ed28ca937acefe8c086d04552433d61-780712b|https://photos.encuentra24.com/t_or_fh_m/f_auto/v1/cr/32/29/19/77/32291977_9ed28ca937acefe8c086d04552433d61-eefcb37|https://photos.encuentra24.com/t_or_fh_m/f_auto/v1/cr/32/29/19/77/32291977_9ed28ca937acefe8c086d0|https://photos.encuentra24.com/t_user_logo/v1/users/logo/68/73/78/687378_7eb498|https://photos.encuentra24.com/t_cnseal/v1697642511/cnseal/652ff80f42db6_Verified%20badge.png|https://photos.encuentra24.com/t_or_fh_m/f_auto/v1/cr/31/94/89/95/31948995_31f701444db7a336dbe6dab7c584110f-c1dec9f|https://photos.encuentra24.com/t_or_fh_m/f_auto/v1/cr/31/43/73/40/31437340_a201d9|https://photos.encuentra24.com/t_or_fh_m/f_auto/v1/cr/31/40/03/00/31400300_3df4c1|https://photos.encuentra24.com/t_or_fh_m/f_auto/v1/cr/31/98/03/67/31980367_4915b21a3b644470ca901a5ece3d40cd-d46dabf|https://photos.encuentra24.com/t_or_fh_m/f_auto/v1/cr/32/59/85/90/32598590_7a776c3|https://photos.encuentra24.com/t_or_fh_m/f_auto/v1/cr/32/49/05/95/32490595_17fa011|https://photos.encuentra24.com/t_or_fh_m/f_auto/v1/cr/31/86/44/38/31864438_0734b3|https://photos.encuentra24.com/t_or_fh_m/f_auto/v1/cr/32/17/76/26/32177626_604a14a
encuentra24,31400300,https://www.encuentra24.com/costa-rica-es/bienes-raices-venta-de-propiedades-comercios/propiedad-comercial-en-venta-guayabo-bagaces-guanacaste/31400300,sale,active,Guanacaste provincia,Bagaces,,"PROPIEDAD COMERCIAL EN VENTA GUAYABO, BAGACES, GUANACASTE","¡Oportunidad de inversión única en el corazón de Guayabo de Bagaces, Guanacaste! Ubicada en una zona de alto tráfico con excelente visibilidad, esta propiedad ofrece un gran potencial comercial. Características de la propiedad: *7 locales comerciales, incluyendo 4 unidades espaciosas (10 × 7 m cada una) generando ingresos permanentes *Propiedad esquinera sobre la calle principal *Tamaño del lote: 214 m² (2,303 pies cuadrados) *Construcción sólida de concreto *8 medidores de electricidad *8 medidores de agua **PRECIO REDUCIDO** Anterior: USD 565,000 Ahora: USD 350,000 ¡Excelente oportunidad!",Land,,5+ Bathrooms,4+ Vehicles,,,,"{""Municipal Water"",""Water"",""Electricity""}",,{},,,350000,USD,+50670902289,https://photos.encuentra24.com/t_or_fh_m/f_auto/v1/cr/31/40/03/00/31400300_3df4c1|https://photos.encuentra24.com/t_or_fh_m/f_auto/v1/cr/31/40/03/00/31400300_59121f|https://photos.encuentra24.com/t_or_fh_m/f_auto/v1/cr/31/40/03/00/31400300_554faa|https://photos.encuentra24.com/t_or_fh_m/f_auto/v1/cr/31/40/03/00/31400300_eba79e|https://photos.encuentra24.com/t_or_fh_m/f_auto/v1/cr/31/40/03/00/31400300_5acadb|https://photos.encuentra24.com/t_or_fh_m/f_auto/v1/cr/31/40/03/00/31400300_bf4cd5|https://photos.encuentra24.com/t_or_fh_m/f_auto/v1/cr/31/40/03/00/31400300_fffd24|https://photos.encuentra24.com/t_or_fh_m/f_auto/v1/cr/31/40/03/00/31400300_69d93b|https://photos.encuentra24.com/t_or_fh_m/f_auto/v1/cr/31/40/03/00/31400300_6edf14|https://photos.encuentra24.com/t_or_fh_m/f_auto/v1/cr/31/40/03/00/31400300_d16193|https://photos.encuentra24.com/t_or_fh_m/f_auto/v1/cr/31/40/03/00/31400300_c8dc14|https://photos.encuentra24.com/t_or_fh_m/f_auto/v1/cr/31/40/03/00/31400300_34b03a|https://photos.encuentra24.com/t_or_fh_m/f_auto/v1/cr/31/40/03/00/31400300_d18b20|https://photos.encuentra24.com/t_user_logo/v1/users/logo/68/73/78/687378_7eb498|https://photos.encuentra24.com/t_cnseal/v1697642511/cnseal/652ff80f42db6_Verified%20badge.png|https://photos.encuentra24.com/t_or_fh_m/f_auto/v1/cr/32/29/19/77/32291977_cd7ab34|https://photos.encuentra24.com/t_or_fh_m/f_auto/v1/cr/31/43/73/40/31437340_a201d9|https://photos.encuentra24.com/t_or_fh_m/f_auto/v1/cr/31/98/03/67/31980367_4915b21a3b644470ca901a5ece3d40cd-d46dabf|https://photos.encuentra24.com/t_or_fh_m/f_auto/v1/cr/32/59/85/90/32598590_7a776c3|https://photos.encuentra24.com/t_or_fh_m/f_auto/v1/cr/32/49/05/95/32490595_17fa011|https://photos.encuentra24.com/t_or_fh_m/f_auto/v1/cr/31/86/44/38/31864438_0734b3|https://photos.encuentra24.com/t_or_fh_m/f_auto/v1/cr/32/17/76/26/32177626_604a14a
encuentra24,32457577,https://www.encuentra24.com/costa-rica-es/bienes-raices-venta-de-propiedades-lotes-y-terrenos/venta-terreno-comercial-calle-matapalo-escazu/32457577,sale,active,San José provincia,Escazú,Escazú,Venta Terreno Comercial / Calle Matapalo / Escazú,"Ubicado en una de las zonas con mayor crecimiento y plusvalía de Escazú, este terreno representa una excelente oportunidad para desarrollo residencial vertical, proyecto mixed-use o inversión patrimonial de alto impacto. La propiedad se encuentra sobre Calle Matapalo, detrás de Multiplaza Escazú y muy cerca de centros corporativos, restaurantes, comercios y rutas principales del oeste de San José. Características de la propiedad: • Área total aproximada: 3,908 m² • Frente total aproximado: 262.08 m • Topografía con excelente potencial de desarrollo • Amplio frente y exposición estratégica • Acceso inmediato a vías principales • Zona de alta plusvalía y crecimiento urbano Precio: • US$4,495,000 • Aproximadamente US$1,150 por m² Potencial de desarrollo: • Proyecto residencial vertical • Desarrollo mixed-use residencial/comercial • Oficinas corporativas • Plaza comercial urbana • Apartamentos tipo lifestyle • Proyecto de inversión patrimonial Parámetros urbanísticos relevantes: • Zonificación: ZCL-CM — Zona de Comercio Lineal Calle Matapalo • Con altura máxima permitida • Uso condicional para condominio vertical en altura • Posibilidad de densidad aumentada con incentivos municipales Ubicación estratégica: • Detrás de Multiplaza Escazú • Cerca de Escazú Village • Fácil acceso a Ruta 27 • Cercano a Lindora y centros corporativos • Zona altamente comercial y residencial Ideal para: • Desarrolladores • Inversionistas • Proyecto residencial vertical • Desarrollo comercial de alto nivel • Proyecto mixed-use Contáctenos para más información o coordinar una visita privada.",Condo,,,,,,"1,000–5,000m²",{},Urban,{},,,4495000,USD,+50684063876,https://photos.encuentra24.com/t_or_fh_m/f_auto/v1/cr/32/45/75/77/32457577_9d1dd0c|https://photos.encuentra24.com/t_or_fh_m/f_auto/v1/cr/32/45/75/77/32457577_d5f6c73|https://photos.encuentra24.com/t_or_fh_m/f_auto/v1/cr/32/45/75/77/32457577_b0baabe|https://photos.encuentra24.com/t_or_fh_m/f_auto/v1/cr/32/45/75/77/32457577_9eeefd3|https://photos.encuentra24.com/t_or_fh_m/f_auto/v1/cr/32/45/75/77/32457577_92d3a7f0699625d4f6efb2d2946c85f6-4965614|https://photos.encuentra24.com/t_or_fh_m/f_auto/v1/cr/32/45/75/77/32457577_92d3a7f0699625d4f6efb2d2946c85f6-587077f|https://photos.encuentra24.com/t_user_logo/v1/users/logo/17/61/34/45/17613445_c4580b|https://photos.encuentra24.com/t_or_fh_m/f_auto/v1/cr/30/41/74/95/30417495_477b34|https://photos.encuentra24.com/t_or_fh_m/f_auto/v1/cr/32/59/17/20/32591720_1f9604264542eba453efce5946abbf91-b80e674|https://photos.encuentra24.com/t_or_fh_m/f_auto/v1/cr/32/35/81/45/32358145_ef08413|https://photos.encuentra24.com/t_or_fh_m/f_auto/v1/cr/32/53/61/17/32536117_18418373474028c662c8809b5e49fe27-9e1596b|https://photos.encuentra24.com/t_or_fh_m/f_auto/v1/cr/32/44/72/36/32447236_3be39a6fa9caacfb36fc7c87e90da3ab-219c12c|https://photos.encuentra24.com/t_or_fh_m/f_auto/v1/cr/32/35/29/63/32352963_38f1ff10d5d97a0016dfa37c80bf7f85-75993d5|https://photos.encuentra24.com/t_or_fh_m/f_auto/v1/cr/32/35/79/33/32357933_4504849|https://photos.encuentra24.com/t_or_fh_m/f_auto/v1/cr/32/45/66/00/32456600_428642f16ef808685c7dd3e1ad583834-3125d50|https://photos.encuentra24.com/t_or_fh_m/f_auto/v1/cr/32/45/74/45/32457445_89389cb0d6c15aac5245754f0d76ae40-b54e00d
encuentra24,32358145,https://www.encuentra24.com/costa-rica-es/bienes-raices-venta-de-propiedades-lotes-y-terrenos/venta-de-lotes-en-tramonto-condominio-pozos-santa-ana/32358145,sale,active,San José provincia,Santa Ana,Pozos,"Venta de Lotes en Tramonto Condominio | Pozos, Santa Ana","¿Te imaginas construir tu hogar dentro de una comunidad privada, moderna y rodeada de tranquilidad en una de las zonas con mayor crecimiento y plusvalía de Santa Ana? Tramonto Condominio es un proyecto residencial exclusivo diseñado para quienes buscan seguridad, ubicación estratégica y una excelente inversión a futuro. Actualmente contamos con varios lotes disponibles dentro del proyecto, ideales para desarrollar viviendas modernas de alto nivel. Lotes disponibles: • FFPI #1 — 438.43 m² — $164,411.25 ($375/m²) • FFPI #2 — 436.76 m² — $163,785.00 ($375/m²) • FFPI #10 — 549.00 m² — $205,875,00 ($375/m²) • FFPI #11 — 477.29 m² — $178,983.75 ($375/m²) • FFPI #12 — 416.05 m² — $156,018.75 ($375/m²) Precio por m²: • $375 por m² Características del proyecto: • Condominio residencial privado y exclusivo • Seguridad 24/7 con acceso controlado • Electrificación subterránea • Calles en adoquín y aceras • Amplias áreas verdes • Parque para mascotas • Parqueo para visitas • Tapia perimetral Amenidades proyectadas: • Piscina • Área para cardio • Casa BBQ y área social para eventos Ubicación: Pozos, Santa Ana, cerca de Lindora, supermercados, restaurantes, centros corporativos y principales rutas de acceso. Ideal para quienes buscan construir una residencia moderna dentro de un entorno seguro, exclusivo y con excelente proyección de plusvalía. Contáctenos para más información o coordinar una visita al proyecto Tramonto Condominio.",Condo,,,,,,100–500m²,"{""Well Water""}",Urban,{},,,164339,USD,+50689132121,https://photos.encuentra24.com/t_or_fh_m/f_auto/v1/cr/32/35/81/45/32358145_ef08413|https://photos.encuentra24.com/t_or_fh_m/f_auto/v1/cr/32/35/81/45/32358145_1d1a4d6|https://photos.encuentra24.com/t_or_fh_m/f_auto/v1/cr/32/35/81/45/32358145_2ea7f15|https://photos.encuentra24.com/t_or_fh_m/f_auto/v1/cr/32/35/81/45/32358145_dd50aa8|https://photos.encuentra24.com/t_or_fh_m/f_auto/v1/cr/32/35/81/45/32358145_660b71d|https://photos.encuentra24.com/t_or_fh_m/f_auto/v1/cr/32/35/81/45/32358145_8c3e044|https://photos.encuentra24.com/t_or_fh_m/f_auto/v1/cr/32/35/81/45/32358145_da2f387|https://photos.encuentra24.com/t_or_fh_m/f_auto/v1/cr/32/35/81/45/32358145_17779b7|https://photos.encuentra24.com/t_or_fh_m/f_auto/v1/cr/32/35/81/45/32358145_3b0964e|https://photos.encuentra24.com/t_or_fh_m/f_auto/v1/cr/32/35/81/45/32358145_372e4cb|https://photos.encuentra24.com/t_or_fh_m/f_auto/v1/cr/32/35/81/45/32358145_f71e744|https://photos.encuentra24.com/t_or_fh_m/f_auto/v1/cr/32/35/81/45/32358145_7317667|https://photos.encuentra24.com/t_user_logo/v1/users/logo/17/61/34/45/17613445_c4580b|https://photos.encuentra24.com/t_or_fh_m/f_auto/v1/cr/31/63/29/12/31632912_7bef82|https://photos.encuentra24.com/t_or_fh_m/f_auto/v1/cr/32/41/28/50/32412850_470cbb45260f66093a810932269b7d1f-2dd6731|https://photos.encuentra24.com/t_or_fh_m/f_auto/v1/cr/32/16/98/19/32169819_fc9dcb0|https://photos.encuentra24.com/t_or_fh_m/f_auto/v1/cr/32/64/98/37/32649837_b847db382646352917c30acc66325887-7411616|https://photos.encuentra24.com/t_or_fh_m/f_auto/v1/cr/32/03/38/97/32033897_1e7094ea5047359517a0d7cb7a2e9620-84eab3e|https://photos.encuentra24.com/t_or_fh_m/f_auto/v1/cr/31/92/50/25/31925025_2b7bc4|https://photos.encuentra24.com/t_or_fh_m/f_auto/v1/cr/31/02/40/15/31024015_5c048d|https://photos.encuentra24.com/t_or_fh_m/f_auto/v1/cr/32/45/75/77/32457577_9d1dd0c|https://photos.encuentra24.com/t_or_fh_m/f_auto/v1/cr/32/53/61/17/32536117_18418373474028c662c8809b5e49fe27-9e1596b|https://photos.encuentra24.com/t_or_fh_m/f_auto/v1/cr/32/44/72/36/32447236_3be39a6fa9caacfb36fc7c87e90da3ab-219c12c|https://photos.encuentra24.com/t_or_fh_m/f_auto/v1/cr/32/35/29/63/32352963_38f1ff10d5d97a0016dfa37c80bf7f85-75993d5|https://photos.encuentra24.com/t_or_fh_m/f_auto/v1/cr/32/35/79/33/32357933_4504849|https://photos.encuentra24.com/t_or_fh_m/f_auto/v1/cr/32/45/66/00/32456600_428642f16ef808685c7dd3e1ad583834-3125d50|https://photos.encuentra24.com/t_or_fh_m/f_auto/v1/cr/32/45/74/45/32457445_89389cb0d6c15aac5245754f0d76ae40-b54e00d
encuentra24,32508543,https://www.encuentra24.com/costa-rica-es/bienes-raices-venta-de-propiedades-fincas/hermosa-finca-de-6-7-ha-con-casa-amenidades-potreros/32508543,sale,active,Alajuela provincia,Orotina,,"Hermosa finca de 6,7 HA con Casa, Amenidades, Potreros","Finca de Ensueño en Orotina: Privacidad, Naturaleza y Vistas Espectaculares Un lugar donde la tranquilidad del campo se combina con el confort de una residencia moderna y una ubicación estratégica, esta extraordinaria finca en Orotina te sorprenderá desde el primer momento. Ubicada en un entorno natural privilegiado, esta propiedad de 67.924 m² ofrece 340 m² de construcción cuidadosamente distribuidos para brindar comodidad, privacidad y una conexión permanente con la naturaleza. Desde diversos puntos de la finca podrás disfrutar de una impresionante vista hacia el majestuoso Cerro Turrubares, convirtiendo cada amanecer y atardecer en una experiencia inolvidable. La casa principal está ubicada en el centro de la propiedad en la parte más elevada de la finca lo que le aporta privacidad y hermosas vistas, el acceso es mediante carretera interna, destaca por su diseño moderno, espacioso, techos altos y amplios ventanales panorámicos que llenan de luz natural cada ambiente. Cuenta con 4 amplios dormitorios, 3.5 baños, una gran lavandería, parqueo techado para dos vehículos y una espectacular terraza de 360 grados en el segundo nivel, ideal para contemplar los paisajes que rodean la propiedad. Para disfrutar al máximo del clima cálido de Orotina, la finca cuenta con un amplio rancho abierto con área de BBQ y piscina, el escenario perfecto para compartir momentos especiales con familiares y amigos mientras se disfruta de la paz y privacidad que ofrece el entorno. Como valor agregado, la propiedad dispone de una casa secundaria para el cuidador, equipada con 2 habitaciones, brindando independencia y funcionalidad para el manejo de la finca . El terreno posee una topografía mixta, con aproximadamente un 30% de superficie plana y el resto conformado por desniveles que aportan carácter, belleza escénica y excelentes perspectivas visuales. Además, cuenta con áreas de potreros para animales, lo que la convierte en una excelente opción para quienes desean desarrollar actividades agropecuarias, tener caballos o simplemente disfrutar de amplios espacios abiertos. La seguridad y privacidad han sido cuidadosamente consideradas mediante una cerca electrificada alrededor de la vivienda principal y cerco perimetral que delimita la propiedad. Los árboles frutales de limón, mango y aguacate complementan este hermoso entorno natural, ofreciendo sombra, producción y un ambiente auténticamente campestre. Ubicación Estratégica A tan solo 5 minutos del centro de Orotina. A 3 minutos de la Ruta 27. A 15 minutos del Río Machuca. A menos de 30 minutos de las playas del Pacífico Central. A 45 minutos del Aeropuerto Internacional Juan Santamaría. Ideal para: Residencia familiar permanente. Quinta de recreo o descanso. Proyecto turístico o Airbnb. Retiro para extranjeros y nómadas digitales. Finca para caballos o pequeños proyectos agropecuarios. Inversión con alto potencial de valorización.",House,,4 Bathrooms,,,,>5 Hectares,"{""Municipal Water"",""Water"",""Electricity""}",Beachfront|Riverfront|Rural|Urban,{},,,599000,USD,+50685916234,https://photos.encuentra24.com/t_or_fh_m/f_auto/v1/cr/32/50/85/43/32508543_0e97670|https://photos.encuentra24.com/t_or_fh_m/f_auto/v1/cr/32/50/85/43/32508543_e91e78bebc7a2d0f006d67a9a91f872d-bc786c6|https://photos.encuentra24.com/t_or_fh_m/f_auto/v1/cr/32/50/85/43/32508543_e91e78bebc7a2d0f006d67a9a91f872d-c6e8483|https://photos.encuentra24.com/t_or_fh_m/f_auto/v1/cr/32/50/85/43/32508543_e91e78bebc7a2d0f006d67a9a91f872d-0792239|https://photos.encuentra24.com/t_or_fh_m/f_auto/v1/cr/32/50/85/43/32508543_e91e78bebc7a2d0f006d67a9a91f872d-d47691e|https://photos.encuentra24.com/t_or_fh_m/f_auto/v1/cr/32/50/85/43/32508543_e91e78bebc7a2d0f006d67a9a91f872d-ff4bbf3|https://photos.encuentra24.com/t_or_fh_m/f_auto/v1/cr/32/50/85/43/32508543_e91e78bebc7a2d0f006d67a9a91f872d-dd90f85|https://photos.encuentra24.com/t_or_fh_m/f_auto/v1/cr/32/50/85/43/32508543_e91e78bebc7a2d0f006d67a9a91f872d-20e1b74|https://photos.encuentra24.com/t_or_fh_m/f_auto/v1/cr/32/50/85/43/32508543_e91e78bebc7a2d0f006d67a9a91f872d-aea1a60|https://photos.encuentra24.com/t_or_fh_m/f_auto/v1/cr/32/50/85/43/32508543_e91e78bebc7a2d0f006d67a9a91f872d-3f2647e|https://photos.encuentra24.com/t_or_fh_m/f_auto/v1/cr/32/50/85/43/32508543_e91e78bebc7a2d0f006d67a9a91f872d-3813014|https://photos.encuentra24.com/t_or_fh_m/f_auto/v1/cr/32/50/85/43/32508543_e91e78bebc7a2d0f006d67a9a91f872d-8109566|https://photos.encuentra24.com/t_or_fh_m/f_auto/v1/cr/32/50/85/43/32508543_e91e78bebc7a2d0f006d67a9a91f872d-2f27ebb|https://photos.encuentra24.com/t_or_fh_m/f_auto/v1/cr/32/50/85/43/32508543_e91e78bebc7a2d0f006d67a9a91f872d-6b80a7f|https://photos.encuentra24.com/t_or_fh_m/f_auto/v1/cr/32/50/85/43/32508543_e91e78bebc7a2d0f006d67a9a91f872d-5b55765|https://photos.encuentra24.com/t_user_logo/v1/users/logo/14/49/35/96/14493596_a4a303|https://photos.encuentra24.com/t_cnseal/v1594676252/cnseal/5f0cd41c4a555_Bildschirmfotocccbr.png|https://photos.encuentra24.com/t_or_fh_m/f_auto/v1/cr/29/88/13/92/29881392_734bbb|https://photos.encuentra24.com/t_or_fh_m/f_auto/v1/cr/19/38/38/90/19383890_fd6985|https://photos.encuentra24.com/t_or_fh_m/f_auto/v1/cr/31/44/45/73/31444573_fb5756|https://photos.encuentra24.com/t_or_fh_m/f_auto/v1/cr/32/08/50/92/32085092_48f0717|https://photos.encuentra24.com/t_or_fh_m/f_auto/v1/cr/32/42/59/69/32425969_6b893b|https://photos.encuentra24.com/t_or_fh_m/f_auto/v1/cr/32/07/97/27/32079727_8096ee983e918ee8c53a3d0d58e7f412-b992460|https://photos.encuentra24.com/t_or_fh_m/f_auto/v1/cr/90/03/71/9003713_4a9268|https://photos.encuentra24.com/t_or_fh_m/f_auto/v1/cr/32/51/47/65/32514765_2626b2416fc0de938fe83d4e87ca6cc2-3c30308|https://photos.encuentra24.com/t_or_fh_m/f_auto/v1/cr/32/61/79/26/32617926_e6714f13bdc68b71f746ea22d5f005e8-b291e3c|https://photos.encuentra24.com/t_or_fh_m/f_auto/v1/cr/32/63/17/62/32631762_610ac46|https://photos.encuentra24.com/t_or_fh_m/f_auto/v1/cr/32/55/72/47/32557247_e057c4bb7df99738c133f974ddc22593-7c876fc|https://photos.encuentra24.com/t_or_fh_m/f_auto/v1/cr/32/65/97/48/32659748_cc85959598b190291067f0931b1243f1-0b60b03|https://photos.encuentra24.com/t_or_fh_m/f_auto/v1/cr/32/51/18/98/32511898_68071b37e7d60bca5d90ea42b3bace2b-cb88a58|https://photos.encuentra24.com/t_or_fh_m/f_auto/v1/cr/30/77/93/55/30779355_7e6c49
encuentra24,32608378,https://www.encuentra24.com/costa-rica-es/bienes-raices-venta-de-propiedades-casas/hermosa-casa-con-dos-apartamentos-de-alquiler-en-lourdes-montes-de-oca/32608378,sale,active,San José provincia,Montes de Oca,San Pedro,"HERMOSA CASA CON DOS APARTAMENTOS DE ALQUILER EN LOURDES, MONTES DE OCA","¡ATENCIÓN INVERSIONISTAS! Propiedad con Alta Rentabilidad en Lourdes de Montes de Oca ¿Buscando una inversión segura con flujo de caja garantizado? Esta propiedad es una joya estratégica, ubicada a solo 5 minutos caminando de la Universidad Latina y la Universidad Fidélitas, y muy cerca de la UCR, Plaza del Sol y Muñoz y Nanne. ¡Ideal para alquiler estudiantil o residencial! Precio: $360.000 TRESCIENTOS SESENTA MIL DOLARES DE EE.UU. Detalles de la Propiedad: Terreno: 377 m² Construcción: 100% concreto de alta calidad, acabados premium (pisos de porcelanato, grifería alemana, sobres de granito). Casa Moderna (2 Plantas / 228 m²) 3 Amplios dormitorios (Principal con baño, walk-in closet y balcón). Sala, comedor y área para sala de TV u oficina. Cocina equipada con mueble de granito y una gran isla central. Terraza, patio, jardín y cuarto de pilas. 2.5 Baños. 2 Apartamentos Tipo Estudio (35 m² cada uno) Concepto abierto: sala / cocina / comedor / dormitorio. 1 Baño completo y cuarto de pilas independiente en cada uno. Potencial de Expansión: Cuenta con prevista lista para construir 4 apartamentos más (para un gran total de 6). Comodidades y Seguridad Garaje para 4 vehículos + espacio para 2 adicionales. Portón eléctrico y cerca electrificada. Bodega de almacenamiento. ¡Contáctanos hoy mismo y agenda tu visita! Teléfono y WhatsApp: / Sitio Web: Nuestras Redes y Más: linktr.ee/inmobiliariajmk Únete a nuestro canal de WhatsApp: Canal Inmobiliaria JMK Airbnb Host: #Inversión #BienesRaícesCR #MontesDeOca #InmobiliariaJMK #Apartamentos #EstudiantesUCR #Ulatina #Fidelitas #CasaEnVenta #CostaRica Real Estate",Condo,,3 Bathrooms,4+ Vehicles,,200–400m²,100–500m²,{},,"{""Steep Slope""}",Walkable,,360000,USD,+50660190789,https://photos.encuentra24.com/t_or_fh_m/f_auto/v1/cr/32/60/83/78/32608378_d685e6ed329ae84bd3066dfd9dcb2b0c-5756f2a|https://photos.encuentra24.com/t_or_fh_m/f_auto/v1/cr/32/60/83/78/32608378_d685e6ed329ae84bd3066dfd9dcb2b0c-2c5a546|https://photos.encuentra24.com/t_or_fh_m/f_auto/v1/cr/32/60/83/78/32608378_d685e6ed329ae84bd3066dfd9dcb2b0c-a36e93b|https://photos.encuentra24.com/t_or_fh_m/f_auto/v1/cr/32/60/83/78/32608378_d685e6ed329ae84bd3066dfd9dcb2b0c-09558fb|https://photos.encuentra24.com/t_or_fh_m/f_auto/v1/cr/32/60/83/78/32608378_d685e6ed329ae84bd3066dfd9dcb2b0c-661578a|https://photos.encuentra24.com/t_or_fh_m/f_auto/v1/cr/32/60/83/78/32608378_d685e6ed329ae84bd3066dfd9dcb2b0c-6d29705|https://photos.encuentra24.com/t_or_fh_m/f_auto/v1/cr/32/60/83/78/32608378_d685e6ed329ae84bd3066dfd9dcb2b0c-fedd67d|https://photos.encuentra24.com/t_or_fh_m/f_auto/v1/cr/32/60/83/78/32608378_d685e6ed329ae84bd3066dfd9dcb2b0c-0693589|https://photos.encuentra24.com/t_or_fh_m/f_auto/v1/cr/32/60/83/78/32608378_d685e6ed329ae84bd3066dfd9dcb2b0c-c9c7134|https://photos.encuentra24.com/t_or_fh_m/f_auto/v1/cr/32/60/83/78/32608378_d685e6ed329ae84bd3066dfd9dcb2b0c-baca9ff|https://photos.encuentra24.com/t_or_fh_m/f_auto/v1/cr/32/60/83/78/32608378_d685e6ed329ae84bd3066dfd9dcb2b0c-1d9a972|https://photos.encuentra24.com/t_or_fh_m/f_auto/v1/cr/32/60/83/78/32608378_d685e6ed329ae84bd3066dfd9dcb2b0c-b7c1051|https://photos.encuentra24.com/t_or_fh_m/f_auto/v1/cr/32/60/83/78/32608378_d685e6ed329ae84bd3066dfd9dcb2b0c-0df4e8b|https://photos.encuentra24.com/t_or_fh_m/f_auto/v1/cr/32/60/83/78/32608378_d685e6ed329ae84bd3066dfd9dcb2b0c-532f99b|https://photos.encuentra24.com/t_or_fh_m/f_auto/v1/cr/32/60/83/78/32608378_d685e6ed329ae84bd3066dfd9dcb2b0c-4955128|https://photos.encuentra24.com/t_or_fh_m/f_auto/v1/cr/32/60/83/78/32608378_d685e6ed329ae84bd3066dfd9dcb2b0c-782ecfc|https://photos.encuentra24.com/t_or_fh_m/f_auto/v1/cr/32/60/83/78/32608378_d685e6ed329ae84bd3066dfd9dcb2b0c-800fbf8|https://photos.encuentra24.com/t_or_fh_m/f_auto/v1/cr/32/60/83/78/32608378_d685e6ed329ae84bd3066dfd9dcb2b0c-10bfc83|https://photos.encuentra24.com/t_or_fh_m/f_auto/v1/cr/32/60/83/78/32608378_d685e6ed329ae84bd3066dfd9dcb2b0c-2ef941c|https://photos.encuentra24.com/t_user_logo/v1/users/logo/13/45/48/27/13454827_5d10a7|https://photos.encuentra24.com/t_or_fh_m/f_auto/v1/cr/32/47/97/07/32479707_02443706d9729edc6215885db1b8f8fe-600e9fd|https://photos.encuentra24.com/t_or_fh_m/f_auto/v1/cr/32/67/22/06/32672206_d47b02624d69a24eca7742986f1192c6-d5e1de1|https://photos.encuentra24.com/t_or_fh_m/f_auto/v1/cr/32/52/59/66/32525966_363791795e8af4402dafe67956025eb5-3e2ca8f|https://photos.encuentra24.com/t_or_fh_m/f_auto/v1/cr/32/10/18/35/32101835_88837b2|https://photos.encuentra24.com/t_or_fh_m/f_auto/v1/cr/32/41/88/95/32418895_86d97dc|https://photos.encuentra24.com/t_or_fh_m/f_auto/v1/cr/24/73/11/55/24731155_5e8152|https://photos.encuentra24.com/t_or_fh_m/f_auto/v1/cr/32/34/51/65/32345165_cf085dc8936a3488ca61a31829b36e3d-146bdc6|https://photos.encuentra24.com/t_or_fh_m/f_auto/v1/cr/31/99/99/02/31999902_d3117599a51aa2589d57755e6df9285a-3cdbecc|https://photos.encuentra24.com/t_or_fh_m/f_auto/v1/cr/32/31/09/35/32310935_fa3de6e17372cb804806a2e27661ca20-45cc199|https://photos.encuentra24.com/t_or_fh_m/f_auto/v1/cr/31/93/53/38/31935338_4487bf0b6830d895273db0c550961fe6-6bcfa5f|https://photos.encuentra24.com/t_or_fh_m/f_auto/v1/cr/32/62/05/83/32620583_8ed24860092e8176ec887c99be9ba57b-e7a36e7|https://photos.encuentra24.com/t_or_fh_m/f_auto/v1/cr/32/62/07/27/32620727_5d70f9e71bfb94ffbd39c8c9daba5126-371df00|https://photos.encuentra24.com/t_or_fh_m/f_auto/v1/cr/32/63/99/17/32639917_d864f32fa9ceb6cf684c6a49f430ca4a-a6c0cbe|https://photos.encuentra24.com/t_or_fh_m/f_auto/v1/cr/31/87/92/64/31879264_a883b3
encuentra24,32664886,https://www.encuentra24.com/costa-rica-es/bienes-raices-venta-de-propiedades-apartamentos/excelente-inversion-apartamento-en-venta-en-nunciatura/32664886,sale,active,San José provincia,San José Capital,Pavas,"EXCELENTE INVERSION, APARTAMENTO EN VENTA EN NUNCIATURA","¡EXCELENTE OPORTINIDAD EN NUNCIATURA! ¿Buscás vivir en el corazón de la zona más top de la ciudad? Este apartamento es para vos. Estilo, confort y una ubicación estratégica. Detalles de la Propiedad Tipo: Apartamento (Para estrenar) Precio: $135.000 Ubicación: Nunciatura, San José Habitaciones: 2 amplias con clóset Baños: 2 completos Extras: Aire Acondicionado (A/C) Estacionamiento: 2 espacios bajo techo Amueblado: No Mascotas: Se acepta mascota pequeña ¡Contactanos hoy mismo! No dejés pasar esta oportunidad en una de las zonas con mayor plusvalía. Teléfono y WhatsApp: Sitio Web: Nuestras redes: linktr.ee/inmobiliariajmk Airbnb Host: Unite a nuestro grupo de WhatsApp: Clic aquí #BienesRaícesCR #Nunciatura #ApartamentoEnAlquiler #InmobiliariaJMK #Estrenar #CostaRicaRealEstate #PetFriendly",Condo,,2 Bathrooms,2 Vehicles,,50–100m²,<100m²,{},Urban,{},,,135000,USD,+50688324151,https://photos.encuentra24.com/t_or_fh_m/f_auto/v1/cr/32/66/48/86/32664886_c29b7e1|https://photos.encuentra24.com/t_or_fh_m/f_auto/v1/cr/32/66/48/86/32664886_02c3907|https://photos.encuentra24.com/t_or_fh_m/f_auto/v1/cr/32/66/48/86/32664886_83799af|https://photos.encuentra24.com/t_or_fh_m/f_auto/v1/cr/32/66/48/86/32664886_6ec13a55918baf701cabe8b17b48f41b-9d1b6e8|https://photos.encuentra24.com/t_or_fh_m/f_auto/v1/cr/32/66/48/86/32664886_7e0629d|https://photos.encuentra24.com/t_or_fh_m/f_auto/v1/cr/32/66/48/86/32664886_6ec13a55918baf701cabe8b17b48f41b-4dcf473|https://photos.encuentra24.com/t_or_fh_m/f_auto/v1/cr/32/66/48/86/32664886_6ec13a55918baf701cabe8b17b48f41b-189e4fe|https://photos.encuentra24.com/t_or_fh_m/f_auto/v1/cr/32/66/48/86/32664886_6ec13a55918baf701cabe8b17b48f41b-b81570a|https://photos.encuentra24.com/t_or_fh_m/f_auto/v1/cr/32/66/48/86/32664886_e8d7506|https://photos.encuentra24.com/t_or_fh_m/f_auto/v1/cr/32/66/48/86/32664886_6ec13a55918baf701cabe8b17b48f41b-7c315f4|https://photos.encuentra24.com/t_or_fh_m/f_auto/v1/cr/32/66/48/86/32664886_2b297eb|https://photos.encuentra24.com/t_or_fh_m/f_auto/v1/cr/32/66/48/86/32664886_6ec13a55918baf701cabe8b17b48f41b-db5bdd8|https://photos.encuentra24.com/t_or_fh_m/f_auto/v1/cr/32/66/48/86/32664886_b10a45f|https://photos.encuentra24.com/t_or_fh_m/f_auto/v1/cr/32/66/48/86/32664886_6ec13a55918baf701cabe8b17b48f41b-6c89cbb|https://photos.encuentra24.com/t_or_fh_m/f_auto/v1/cr/32/66/48/86/32664886_ca91d55|https://photos.encuentra24.com/t_or_fh_m/f_auto/v1/cr/32/66/48/86/32664886_6ec13a55918baf701cabe8b17b48f41b-98aa13b|https://photos.encuentra24.com/t_or_fh_m/f_auto/v1/cr/32/66/48/86/32664886_e0bb2ec|https://photos.encuentra24.com/t_or_fh_m/f_auto/v1/cr/32/66/48/86/32664886_6ec13a55918baf701cabe8b17b48f41b-dfdc767|https://photos.encuentra24.com/t_or_fh_m/f_auto/v1/cr/32/66/48/86/32664886_1ef0502|https://photos.encuentra24.com/t_or_fh_m/f_auto/v1/cr/32/66/48/86/32664886_6ec13a55918baf701cabe8b17b48f41b-087be3a|https://photos.encuentra24.com/t_or_fh_m/f_auto/v1/cr/32/66/48/86/32664886_6ec13a55918baf701cabe8b17b48f41b-4aca054|https://photos.encuentra24.com/t_user_logo/v1/users/logo/13/45/48/27/13454827_5d10a7|https://photos.encuentra24.com/t_or_fh_m/f_auto/v1/cr/32/65/06/89/32650689_485aecfd6f84e7f663b16d9fc50159b2-f96f0d7|https://photos.encuentra24.com/t_or_fh_m/f_auto/v1/cr/31/92/42/56/31924256_7ed3caa|https://photos.encuentra24.com/t_or_fh_m/f_auto/v1/cr/32/56/11/85/32561185_2427acd|https://photos.encuentra24.com/t_or_fh_m/f_auto/v1/cr/31/68/36/53/31683653_85a42ff|https://photos.encuentra24.com/t_or_fh_m/f_auto/v1/cr/32/11/77/52/32117752_5af98f05ca6a2d3fac3723f18d24c45d-c2afaea|https://photos.encuentra24.com/t_or_fh_m/f_auto/v1/cr/32/07/27/84/32072784_35b3d15133f351dc65e12ca322221303-a6a5a36|https://photos.encuentra24.com/t_or_fh_m/f_auto/v1/cr/32/65/81/73/32658173_e894f0|https://photos.encuentra24.com/t_or_fh_m/f_auto/v1/cr/31/99/99/02/31999902_d3117599a51aa2589d57755e6df9285a-3cdbecc|https://photos.encuentra24.com/t_or_fh_m/f_auto/v1/cr/32/31/09/35/32310935_fa3de6e17372cb804806a2e27661ca20-45cc199|https://photos.encuentra24.com/t_or_fh_m/f_auto/v1/cr/32/60/83/78/32608378_d685e6ed329ae84bd3066dfd9dcb2b0c-5756f2a|https://photos.encuentra24.com/t_or_fh_m/f_auto/v1/cr/31/93/53/38/31935338_4487bf0b6830d895273db0c550961fe6-6bcfa5f|https://photos.encuentra24.com/t_or_fh_m/f_auto/v1/cr/32/62/05/83/32620583_8ed24860092e8176ec887c99be9ba57b-e7a36e7|https://photos.encuentra24.com/t_or_fh_m/f_auto/v1/cr/32/62/07/27/32620727_5d70f9e71bfb94ffbd39c8c9daba5126-371df00|https://photos.encuentra24.com/t_or_fh_m/f_auto/v1/cr/32/63/99/17/32639917_d864f32fa9ceb6cf684c6a49f430ca4a-a6c0cbe
encuentra24,32588196,https://www.encuentra24.com/costa-rica-es/bienes-raices-venta-de-propiedades-casas/casa-mas-apartamento-en-guayabos-de-curridabat/32588196,sale,active,San José provincia,Curridabat,Ciudad Curridabat,CASA MAS APARTAMENTO EN GUAYABOS DE CURRIDABAT,"Exclusiva propiedad ubicada en zona residencial de Guayabos, Curridabat, en una calle sin salida dentro de una de las zonas residenciales de mayor plusvalía y demanda del este de San José. La propiedad ofrece privacidad, amplitud, seguridad y una excelente ubicación cerca de importantes puntos comerciales y de conveniencia como Vindi, Fresh Market, Aleste, Hospital Clínica Bíblica y muchos otros comercios, restaurantes, servicios y centros educativos de alto nivel. CASA PRINCIPAL La vivienda principal se distribuye en tres niveles y cuenta con acabados de alta calidad y detalles exclusivos. Entre sus principales características destacan pisos de madera de almendro rojo, pisos de cerámica, revestimientos en piedra decorativa, ventanería Extralum, puertas principales en Laurel, sobres de cocina en granito Blue Pearl y loza y grifería Bellagio. Además, la propiedad incluye muebles empotrados y muebles de cocina. 4 habitaciones 2 salas 2 baños completos y medio baño Cocina amplia Comedor Cuarto de lavado Bodega Patio Zona verde Garaje para 3 vehículos con portón eléctrico Además, incluye elementos de alto valor agregado como: Biblioteca en cedro amargo Mobiliario empotrado en melanina hidrófuga Muebles de cocina incluidos Lámparas artesanales de vitrales Lámpara decorativa valorada en USD 3.000 Barandas de acero inoxidable Sistema de circuito cerrado con 5 cámaras de seguridad APARTAMENTO INDEPENDIENTE La propiedad incorpora un apartamento independiente de 74 m² distribuido en dos plantas, ideal para alquiler, visitas o uso familiar. El apartamento cuenta con: Cocina y sala integrada Medio baño en la primera planta Dos patios 2 habitaciones 1 baño completo en la segunda planta El lote presenta una topografía desarrollada en terrazas, lo que mejora el aprovechamiento funcional de los espacios y aporta mayor privacidad y diseño al inmueble. La propiedad se encuentra en excelente estado de conservación y fue construida en el año 2020.",Condo,,2 Bathrooms,3 Vehicles,,200–400m²,100–500m²,"{""Municipal Water""}",Riverfront|Urban,"{""Steep Slope""}",,,375000000,CRC,+50689718301,https://photos.encuentra24.com/t_or_fh_m/f_auto/v1/cr/32/58/81/96/32588196_f0325c42102aaa7de16fab8713118805-dc31d25|https://photos.encuentra24.com/t_or_fh_m/f_auto/v1/cr/32/58/81/96/32588196_f0325c42102aaa7de16fab8713118805-b0025ec|https://photos.encuentra24.com/t_or_fh_m/f_auto/v1/cr/32/58/81/96/32588196_f0325c42102aaa7de16fab8713118805-d2610df|https://photos.encuentra24.com/t_or_fh_m/f_auto/v1/cr/32/58/81/96/32588196_f0325c42102aaa7de16fab8713118805-30f149c|https://photos.encuentra24.com/t_or_fh_m/f_auto/v1/cr/32/58/81/96/32588196_f0325c42102aaa7de16fab8713118805-06876e7|https://photos.encuentra24.com/t_or_fh_m/f_auto/v1/cr/32/58/81/96/32588196_f0325c42102aaa7de16fab8713118805-8baebe6|https://photos.encuentra24.com/t_or_fh_m/f_auto/v1/cr/32/58/81/96/32588196_f0325c42102aaa7de16fab8713118805-c17bf60|https://photos.encuentra24.com/t_or_fh_m/f_auto/v1/cr/32/58/81/96/32588196_f0325c42102aaa7de16fab8713118805-353d972|https://photos.encuentra24.com/t_or_fh_m/f_auto/v1/cr/32/58/81/96/32588196_f0325c42102aaa7de16fab8713118805-caecec2|https://photos.encuentra24.com/t_or_fh_m/f_auto/v1/cr/32/58/81/96/32588196_f0325c42102aaa7de16fab8713118805-e6d5d16|https://photos.encuentra24.com/t_or_fh_m/f_auto/v1/cr/32/58/81/96/32588196_f0325c42102aaa7de16fab8713118805-1b6dfb9|https://photos.encuentra24.com/t_or_fh_m/f_auto/v1/cr/32/58/81/96/32588196_f0325c42102aaa7de16fab8713118805-9526212|https://photos.encuentra24.com/t_or_fh_m/f_auto/v1/cr/32/58/81/96/32588196_f0325c42102aaa7de16fab8713118805-1a3705b|https://photos.encuentra24.com/t_or_fh_m/f_auto/v1/cr/32/58/81/96/32588196_f0325c42102aaa7de16fab8713118805-996f72e|https://photos.encuentra24.com/t_or_fh_m/f_auto/v1/cr/32/58/81/96/32588196_f0325c42102aaa7de16fab8713118805-3ccffe1|https://photos.encuentra24.com/t_or_fh_m/f_auto/v1/cr/32/58/81/96/32588196_f0325c42102aaa7de16fab8713118805-c954601|https://photos.encuentra24.com/t_or_fh_m/f_auto/v1/cr/32/58/81/96/32588196_f0325c42102aaa7de16fab8713118805-7afc517|https://photos.encuentra24.com/t_or_fh_m/f_auto/v1/cr/32/58/81/96/32588196_f0325c42102aaa7de16fab8713118805-5cb7dfd|https://photos.encuentra24.com/t_or_fh_m/f_auto/v1/cr/32/58/81/96/32588196_f0325c42102aaa7de16fab8713118805-a5085df|https://photos.encuentra24.com/t_user_logo/v1/users/logo/18/98/34/1898342_ac1cf2|https://photos.encuentra24.com/t_cnseal/v1594676252/cnseal/5f0cd41c4a555_Bildschirmfotocccbr.png|https://photos.encuentra24.com/t_cnseal/v1697642511/cnseal/652ff80f42db6_Verified%20badge.png|https://photos.encuentra24.com/t_or_fh_m/f_auto/v1/cr/32/25/43/76/32254376_4c1a4457cb4a51338b9dd85be12d1e95-be80954|https://photos.encuentra24.com/t_or_fh_m/f_auto/v1/cr/32/26/13/75/32261375_2667e6b|https://photos.encuentra24.com/t_or_fh_m/f_auto/v1/cr/32/11/60/55/32116055_acf5043750592ec8d4dd1b098f2b5d92-40ecad2|https://photos.encuentra24.com/t_or_fh_m/f_auto/v1/cr/31/96/72/04/31967204_b66eb0255b337ad32a93064b0408334a-a5560b5|https://photos.encuentra24.com/t_or_fh_m/f_auto/v1/cr/32/58/71/42/32587142_b9a0fb99b60d3f8e77f0d59d162af6fa-067f97e|https://photos.encuentra24.com/t_or_fh_m/f_auto/v1/cr/32/63/51/81/32635181_03d7243f9a356fa5d44616f3a1b67796-dba6743|https://photos.encuentra24.com/t_or_fh_m/f_auto/v1/cr/29/95/71/60/29957160_ca6977|https://photos.encuentra24.com/t_or_fh_m/f_auto/v1/cr/32/15/32/64/32153264_72c458a8e85ee04beb4d3d2d75c38eb8-3fae55b|https://photos.encuentra24.com/t_or_fh_m/f_auto/v1/cr/32/15/33/58/32153358_87c00ea|https://photos.encuentra24.com/t_or_fh_m/f_auto/v1/cr/32/32/81/90/32328190_9a1b7b128f295b928842edf3f68abe1e-6e2914b|https://photos.encuentra24.com/t_or_fh_m/f_auto/v1/cr/32/15/34/23/32153423_28e7a2b9d76e79dfa751a51e6e4f6484-9419d1f|https://photos.encuentra24.com/t_or_fh_m/f_auto/v1/cr/30/31/73/33/30317333_e89bc05
encuentra24,32450464,https://www.encuentra24.com/costa-rica-es/bienes-raices-venta-de-propiedades-casas/se-vende-casa-en-san-francisco-de-heredia/32450464,sale,active,Heredia provincia,Heredia,San Francisco,Se vende casa en San Francisco de Heredia,Se vende casa en San Francisco de Heredia a 250 metros oeste de la esquina sur oeste del Mall Óxigeno. Recién remodelada.,House,,4 Bathrooms,1 Vehicle,,100–200m²,100–500m²,{},,{},,,65000000,CRC,+50671079990,https://photos.encuentra24.com/t_or_fh_m/f_auto/v1/cr/32/45/04/64/32450464_8bba047|https://photos.encuentra24.com/t_or_fh_m/f_auto/v1/cr/32/45/04/64/32450464_a60b916|https://photos.encuentra24.com/t_or_fh_m/f_auto/v1/cr/32/45/04/64/32450464_452502d|https://photos.encuentra24.com/t_or_fh_m/f_auto/v1/cr/32/45/04/64/32450464_baa6c57|https://photos.encuentra24.com/t_or_fh_m/f_auto/v1/cr/32/45/04/64/32450464_c367038|https://photos.encuentra24.com/t_or_fh_m/f_auto/v1/cr/32/45/04/64/32450464_7a071a4|https://photos.encuentra24.com/t_or_fh_m/f_auto/v1/cr/32/45/04/64/32450464_8aaf07f|https://photos.encuentra24.com/t_or_fh_m/f_auto/v1/cr/32/45/04/64/32450464_6b2fc89|https://photos.encuentra24.com/t_or_fh_m/f_auto/v1/cr/32/45/04/64/32450464_1fef8f6|https://photos.encuentra24.com/t_or_fh_m/f_auto/v1/cr/32/45/04/64/32450464_94e4649|https://photos.encuentra24.com/t_or_fh_m/f_auto/v1/cr/32/63/51/62/32635162_9fe23abd542e5a97bee2bc77755fccf8-1fa7c4f|https://photos.encuentra24.com/t_or_fh_m/f_auto/v1/cr/32/31/31/61/32313161_d9e6fdc3f2a1d16881563e92abc60d3c-4d58939|https://photos.encuentra24.com/t_or_fh_m/f_auto/v1/cr/32/17/17/31/32171731_c7e62f8|https://photos.encuentra24.com/t_or_fh_m/f_auto/v1/cr/29/08/62/01/29086201_15abec|https://photos.encuentra24.com/t_or_fh_m/f_auto/v1/cr/31/34/16/70/31341670_aa420f|https://photos.encuentra24.com/t_or_fh_m/f_auto/v1/cr/29/08/48/26/29084826_0e3b7d|https://photos.encuentra24.com/t_or_fh_m/f_auto/v1/cr/32/43/07/15/32430715_15792cbe75f17fab5b76bcfdff61fbfc-6132552
encuentra24,30777161,https://www.encuentra24.com/costa-rica-es/bienes-raices-venta-de-propiedades-casas/casa-en-condominio-boutique-venta-las-vueltas-la-guacima-em59/30777161,sale,active,Alajuela provincia,Alajuela,Guácima,CASA EN CONDOMINIO BOUTIQUE VENTA LAS VUELTAS LA GUACIMA EM59,"Privacidad, diseño y calidad de vida en un entorno exclusivo en La Guácima. Descubrí esta hermosa casa en Las Vueltas de La Guácima, ubicada en un condominio boutique de solo 8 unidades, ideal para quienes buscan tranquilidad, seguridad y un hogar con carácter propio. Esta propiedad destaca por su diseño contemporáneo, espacios abiertos y excelente iluminación natural, creando un ambiente acogedor y funcional. Además, al estar completamente separada de las casas vecinas, ofrece un nivel de privacidad poco común en el mercado. Con 173 m² de construcción sobre un lote de 230 m², la casa ofrece una distribución versátil que incluye 2 habitaciones, 2.5 baños y una sala de TV/oficina que puede adaptarse como tercera habitación, ideal para familias o quienes trabajan desde casa. El área social se integra perfectamente con un amplio patio y terrazas en ambos niveles, ideales para disfrutar al aire libre o recibir visitas. Sus acabados de alta calidad, como pisos de porcelanato italiano, sobres en cuarzo y granito, aire acondicionado en la habitación principal y walk-in closet, elevan la experiencia de confort. Además, cuenta con cochera para 2 vehículos ampliable hasta 4, lavandería interna y sistema de alarma, brindando funcionalidad y seguridad en el día a día. Una excelente oportunidad para vivir o invertir en una de las zonas con mayor crecimiento del oeste. Precio: $185,000 Código: EM59 Contáctanos para más información o para coordinar tu visita.",Condo,2 Bedrooms,3 Bathrooms,4+ Vehicles,,,,{},,{},Walkable,,185000,USD,+50685901515,https://photos.encuentra24.com/t_or_fh_m/f_auto/v1/cr/30/77/71/61/30777161_955c18c|https://photos.encuentra24.com/t_or_fh_m/f_auto/v1/cr/30/77/71/61/30777161_1577065|https://photos.encuentra24.com/t_or_fh_m/f_auto/v1/cr/30/77/71/61/30777161_000dddf|https://photos.encuentra24.com/t_or_fh_m/f_auto/v1/cr/30/77/71/61/30777161_17c9864|https://photos.encuentra24.com/t_or_fh_m/f_auto/v1/cr/30/77/71/61/30777161_34aca12|https://photos.encuentra24.com/t_or_fh_m/f_auto/v1/cr/30/77/71/61/30777161_20ed8d8|https://photos.encuentra24.com/t_or_fh_m/f_auto/v1/cr/30/77/71/61/30777161_d2b4670|https://photos.encuentra24.com/t_or_fh_m/f_auto/v1/cr/30/77/71/61/30777161_66c2d9b|https://photos.encuentra24.com/t_or_fh_m/f_auto/v1/cr/30/77/71/61/30777161_45c5cc3|https://photos.encuentra24.com/t_or_fh_m/f_auto/v1/cr/30/77/71/61/30777161_a0addca|https://photos.encuentra24.com/t_or_fh_m/f_auto/v1/cr/30/77/71/61/30777161_535c6af|https://photos.encuentra24.com/t_or_fh_m/f_auto/v1/cr/30/77/71/61/30777161_fc6b1d6|https://photos.encuentra24.com/t_or_fh_m/f_auto/v1/cr/30/77/71/61/30777161_26b6da3|https://photos.encuentra24.com/t_or_fh_m/f_auto/v1/cr/30/77/71/61/30777161_a3f4c51|https://photos.encuentra24.com/t_or_fh_m/f_auto/v1/cr/30/77/71/61/30777161_73b55ad|https://photos.encuentra24.com/t_or_fh_m/f_auto/v1/cr/30/77/71/61/30777161_bbf25a4|https://photos.encuentra24.com/t_or_fh_m/f_auto/v1/cr/30/77/71/61/30777161_09bbb3f|https://photos.encuentra24.com/t_or_fh_m/f_auto/v1/cr/30/77/71/61/30777161_0e4f20b|https://photos.encuentra24.com/t_or_fh_m/f_auto/v1/cr/30/77/71/61/30777161_b1fd07c|https://photos.encuentra24.com/t_user_logo/v1/users/logo/75/58/53/755853_a8892b|https://photos.encuentra24.com/t_or_fh_m/f_auto/v1/cr/31/83/24/82/31832482_26e7c6|https://photos.encuentra24.com/t_or_fh_m/f_auto/v1/cr/31/88/12/72/31881272_4636b2|https://photos.encuentra24.com/t_or_fh_m/f_auto/v1/cr/32/67/33/01/32673301_7ca4ad074153cb1596b6427cffd5fdc8-0481410|https://photos.encuentra24.com/t_or_fh_m/f_auto/v1/cr/24/40/39/21/24403921_588c53|https://photos.encuentra24.com/t_or_fh_m/f_auto/v1/cr/31/96/69/70/31966970_828f4e7|https://photos.encuentra24.com/t_or_fh_m/f_auto/v1/cr/32/11/53/00/32115300_04c6c93|https://photos.encuentra24.com/t_or_fh_m/f_auto/v1/cr/32/51/85/89/32518589_99fe0b9|https://photos.encuentra24.com/t_or_fh_m/f_auto/v1/cr/31/15/92/26/31159226_d9c6ee|https://photos.encuentra24.com/t_or_fh_m/f_auto/v1/cr/25/58/29/27/25582927_b1346d|https://photos.encuentra24.com/t_or_fh_m/f_auto/v1/cr/30/98/23/79/30982379_ff3cd2|https://photos.encuentra24.com/t_or_fh_m/f_auto/v1/cr/32/53/63/16/32536316_f47860b2f8aacbc8464786a5007dbab7-65d9329|https://photos.encuentra24.com/t_or_fh_m/f_auto/v1/cr/32/53/64/07/32536407_f08e12a3791bc9a405ed1ee9e6efa550-ebe062e|https://photos.encuentra24.com/t_or_fh_m/f_auto/v1/cr/32/53/65/21/32536521_03014cd2fed3a2d99cbc467d6b277f9b-a688c41|https://photos.encuentra24.com/t_or_fh_m/f_auto/v1/cr/32/28/30/01/32283001_47135fe05e8456deaffe1d72f5fbf449-6fff4d3
encuentra24,32103624,https://www.encuentra24.com/costa-rica-es/bienes-raices-venta-de-propiedades-apartamentos/barrio-escalante-apartamento-estudio-en-torre-ser-escalante/32103624,sale,active,San José provincia,San José Capital,Barrio Escalante,BARRIO ESCALANTE. APARTAMENTO ESTUDIO EN TORRE SER ESCALANTE,"Piso 3 Vista al Parque Francia $115.000 Viví en el corazón de Barrio Escalante, en una de las torres más exclusivas y modernas de San José. Este elegante estudio amoblado, ubicado en el piso 3, ofrece una vista espectacular hacia el Parque Francia y una atmósfera perfecta para quienes buscan comodidad, diseño, una ubicación privilegiada o para invertir. Lo que ofrece este estudio • Excelente iluminación natural y distribución eficiente • Totalmente amoblado y listo para mudarse • Vista abierta hacia el Parque Francia y la ciudad • Ambiente moderno, cómodo y funcional Amenidades de la torre • Espacio de coworking ideal para profesionales y nómadas digitales • Terraza con jacuzzi y vistas panorámicas • Lounge para actividades sociales • Gimnasio completamente equipado • Seguridad 24/7 • Cafetería en planta baja Precio de venta: $115.000 Contáctanos para más información o para agendar una visita.",Condo,1 Bedroom,1 Bathroom,,,,<100m²,{},Riverfront|Urban,{},,,115000,USD,+50660597215,https://photos.encuentra24.com/t_or_fh_m/f_auto/v1/cr/32/10/36/24/32103624_f9960752a503baec8a7fbf9d411beb4b-a0e55c5|https://photos.encuentra24.com/t_or_fh_m/f_auto/v1/cr/32/10/36/24/32103624_57c8d96|https://photos.encuentra24.com/t_or_fh_m/f_auto/v1/cr/32/10/36/24/32103624_9a20f06|https://photos.encuentra24.com/t_or_fh_m/f_auto/v1/cr/32/10/36/24/32103624_1241ac8|https://photos.encuentra24.com/t_or_fh_m/f_auto/v1/cr/32/10/36/24/32103624_f9960752a503baec8a7fbf9d411beb4b-4c6b239|https://photos.encuentra24.com/t_or_fh_m/f_auto/v1/cr/32/10/36/24/32103624_f9960752a503baec8a7fbf9d411beb4b-a12641c|https://photos.encuentra24.com/t_or_fh_m/f_auto/v1/cr/32/10/36/24/32103624_f9960752a503baec8a7fbf9d411beb4b-867483d|https://photos.encuentra24.com/t_or_fh_m/f_auto/v1/cr/32/10/36/24/32103624_f9960752a503baec8a7fbf9d411beb4b-66d2427|https://photos.encuentra24.com/t_cnseal/v1697642511/cnseal/652ff80f42db6_Verified%20badge.png|https://photos.encuentra24.com/t_or_fh_m/f_auto/v1/cr/31/72/31/40/31723140_ec1562|https://photos.encuentra24.com/t_or_fh_m/f_auto/v1/cr/31/97/52/50/31975250_b17c2a3|https://photos.encuentra24.com/t_or_fh_m/f_auto/v1/cr/32/09/03/30/32090330_4e4f23c1829cf69a623c8e4a6f9ed011-d691c5d|https://photos.encuentra24.com/t_or_fh_m/f_auto/v1/cr/32/18/03/69/32180369_aa7988f7343b84c3d7a3bc9a1d6c2f41-d152978|https://photos.encuentra24.com/t_or_fh_m/f_auto/v1/cr/32/64/01/09/32640109_7b289b3ed26f957b8d03d26368649522-a8743bc|https://photos.encuentra24.com/t_or_fh_m/f_auto/v1/cr/32/22/65/19/32226519_9a40e6e|https://photos.encuentra24.com/t_or_fh_m/f_auto/v1/cr/32/64/81/48/32648148_6399490f75f6b2e1c1e4370fe073d718-5d006dc|https://photos.encuentra24.com/t_or_fh_m/f_auto/v1/cr/32/59/87/45/32598745_efdb37f4987caf78f6490032d076f81e-0f209fc|https://photos.encuentra24.com/t_or_fh_m/f_auto/v1/cr/32/63/20/55/32632055_86c0cab546a9b7a21acb610511576879-0d58ca7|https://photos.encuentra24.com/t_or_fh_m/f_auto/v1/cr/31/97/69/27/31976927_150c72c|https://photos.encuentra24.com/t_or_fh_m/f_auto/v1/cr/32/21/30/03/32213003_d447b5cfd23a63577ed35a728dfab9be-bf00a9d|https://photos.encuentra24.com/t_or_fh_m/f_auto/v1/cr/32/21/30/78/32213078_8d6f3cf10bb460181b5d7ef37a464ad6-d076e89|https://photos.encuentra24.com/t_or_fh_m/f_auto/v1/cr/32/45/74/41/32457441_562925c|https://photos.encuentra24.com/t_or_fh_m/f_auto/v1/cr/32/48/58/63/32485863_5ed5eb1
encuentra24,31976927,https://www.encuentra24.com/costa-rica-es/bienes-raices-venta-de-propiedades-apartamentos/residencia-de-lujo-en-venta-con-vistas-i-colinas-de-montealegre-itres-rios/31976927,sale,active,Cartago provincia,La Unión,Tres Ríos,RESIDENCIA DE LUJO EN VENTA | CON VISTAS I COLINAS DE MONTEALEGRE ITRES RIOS,"Naturaleza, privacidad y elegancia en su máxima expresión Descubra una residencia única donde cada espacio ha sido diseñado para disfrutar la luz natural, la amplitud y las vistas abiertas hacia la montaña. Ubicada en uno de los condominios más exclusivos del Este, esta casa de 3 niveles ofrece una experiencia de vida sofisticada, rodeada de tranquilidad y seguridad. LO QUE LA HACE ESPECIAL • Vistas panorámicas desde áreas sociales y habitaciones • Amplios espacios ideales para vivir y entretener • Integración perfecta entre interior y exterior 4 habitaciones | 4+ baños 500 m² construcción | 1.502 m² terreno INCLUYE Terraza techada + terraza exterior Cocina amplia + área BBQ Oficina, gimnasio y sala de TV Cuarto de servicio completo Parqueo para múltiples vehículos CONDOMINIO Seguridad 24/7 Piscina, gimnasio y áreas verdes Ubicación privilegiada cerca de todo $1.350.000 Opciones de financiamiento disponibles Una casa para quienes valoran espacio, privacidad y calidad de vida Agende su visita privada",Condo,,5+ Bathrooms,4+ Vehicles,,,,"{""Electricity""}",,{},,Financing Available,1350000,USD,+50687220808,https://photos.encuentra24.com/t_or_fh_m/f_auto/v1/cr/31/97/69/27/31976927_150c72c|https://photos.encuentra24.com/t_or_fh_m/f_auto/v1/cr/31/97/69/27/31976927_9c098ff|https://photos.encuentra24.com/t_or_fh_m/f_auto/v1/cr/31/97/69/27/31976927_c1d4540|https://photos.encuentra24.com/t_or_fh_m/f_auto/v1/cr/31/97/69/27/31976927_2a6cc1f|https://photos.encuentra24.com/t_or_fh_m/f_auto/v1/cr/31/97/69/27/31976927_87b3a78|https://photos.encuentra24.com/t_or_fh_m/f_auto/v1/cr/31/97/69/27/31976927_76b1fb2|https://photos.encuentra24.com/t_or_fh_m/f_auto/v1/cr/31/97/69/27/31976927_c11a6fb|https://photos.encuentra24.com/t_or_fh_m/f_auto/v1/cr/31/97/69/27/31976927_cdd3887|https://photos.encuentra24.com/t_or_fh_m/f_auto/v1/cr/31/97/69/27/31976927_a92fecb|https://photos.encuentra24.com/t_or_fh_m/f_auto/v1/cr/31/97/69/27/31976927_179a3ac|https://photos.encuentra24.com/t_or_fh_m/f_auto/v1/cr/31/97/69/27/31976927_27e4192|https://photos.encuentra24.com/t_or_fh_m/f_auto/v1/cr/31/97/69/27/31976927_c9d43f7|https://photos.encuentra24.com/t_or_fh_m/f_auto/v1/cr/31/97/69/27/31976927_95903db|https://photos.encuentra24.com/t_or_fh_m/f_auto/v1/cr/31/97/69/27/31976927_dc0ea93|https://photos.encuentra24.com/t_or_fh_m/f_auto/v1/cr/31/97/69/27/31976927_1c349b7|https://photos.encuentra24.com/t_or_fh_m/f_auto/v1/cr/31/97/69/27/31976927_bbfa963|https://photos.encuentra24.com/t_cnseal/v1697642511/cnseal/652ff80f42db6_Verified%20badge.png|https://photos.encuentra24.com/t_or_fh_m/f_auto/v1/cr/32/45/84/58/32458458_c2150b|https://photos.encuentra24.com/t_or_fh_m/f_auto/v1/cr/32/10/36/24/32103624_f9960752a503baec8a7fbf9d411beb4b-a0e55c5|https://photos.encuentra24.com/t_or_fh_m/f_auto/v1/cr/32/59/87/45/32598745_efdb37f4987caf78f6490032d076f81e-0f209fc|https://photos.encuentra24.com/t_or_fh_m/f_auto/v1/cr/32/63/20/55/32632055_86c0cab546a9b7a21acb610511576879-0d58ca7|https://photos.encuentra24.com/t_or_fh_m/f_auto/v1/cr/32/21/30/03/32213003_d447b5cfd23a63577ed35a728dfab9be-bf00a9d|https://photos.encuentra24.com/t_or_fh_m/f_auto/v1/cr/32/21/30/78/32213078_8d6f3cf10bb460181b5d7ef37a464ad6-d076e89|https://photos.encuentra24.com/t_or_fh_m/f_auto/v1/cr/32/45/74/41/32457441_562925c|https://photos.encuentra24.com/t_or_fh_m/f_auto/v1/cr/32/48/58/63/32485863_5ed5eb1
encuentra24,31563589,https://www.encuentra24.com/costa-rica-es/bienes-raices-venta-de-propiedades-casas/casa-en-cartago-4-habitaciones-una-planta-residencial-con-seguridad/31563589,sale,active,Cartago provincia,Cartago,Occidental,"CASA EN CARTAGO 4 HABITACIONES UNA PLANTA, RESIDENCIAL CON SEGURIDAD","Vive en la comodidad de un solo nivel en un residencial con acceso restringido, ubicada estratégicamente en Taras–San Nicolás, Cartago. Casa amplia, cómoda y muy iluminada, con acabados finos y espacios pensados para la vida en familia: cocina moderna concepto abierto con muebles de madera y sobres de granito, isla central integrada al comedor, sala de estar independiente y sala de TV/oficina. Dormitorio principal con walk-in closet y baño privado. Además, pequeña terraza frontal, patio trasero verde para disfrutar al aire libre y un cuarto de lavado muy amplio. Estacionamiento para 4 vehículos (2 bajo techo y 2 externos). Incluye lámparas, espejos de baño, mamparas y cortinas. ¡Lista para mudarse! Ficha técnica Ubicación: Taras–San Nicolás, Cartago Urbanización: Seguridad y acceso restringido Año: 2015 Terreno: 229 m² Construcción: 195 m² Distribución: 4 habitaciones 2 baños completos Principal con walk-in closet y baño Cocina amplia y moderna, concepto abierto, isla Comedor integrado | Sala de estar independiente Sala de TV / Oficina Terraza frontal | Patio trasero verde Cuarto de lavado muy amplio Parqueo: 4 (2 bajo techo + 2 externos) Acabados: Madera, sobres de granito, finos detalles Accesibilidad: Una sola planta, sin gradas ni desniveles Precio Venta: 118,000,000 colones Alquiler 900,000 colones",House,,2 Bathrooms,4+ Vehicles,,,100–500m²,{},Riverfront,"{""Steep Slope""}",Walkable,,114999000,CRC,+50688163514,https://photos.encuentra24.com/t_or_fh_m/f_auto/v1/cr/31/56/35/89/31563589_e87fb9c|https://photos.encuentra24.com/t_or_fh_m/f_auto/v1/cr/31/56/35/89/31563589_4175483|https://photos.encuentra24.com/t_or_fh_m/f_auto/v1/cr/31/56/35/89/31563589_ee97279|https://photos.encuentra24.com/t_or_fh_m/f_auto/v1/cr/31/56/35/89/31563589_cd4f225|https://photos.encuentra24.com/t_or_fh_m/f_auto/v1/cr/31/56/35/89/31563589_447f98b|https://photos.encuentra24.com/t_or_fh_m/f_auto/v1/cr/31/56/35/89/31563589_3a17158|https://photos.encuentra24.com/t_or_fh_m/f_auto/v1/cr/31/56/35/89/31563589_45dfda1|https://photos.encuentra24.com/t_or_fh_m/f_auto/v1/cr/31/56/35/89/31563589_c78c4fd|https://photos.encuentra24.com/t_or_fh_m/f_auto/v1/cr/31/56/35/89/31563589_89826ce|https://photos.encuentra24.com/t_or_fh_m/f_auto/v1/cr/31/56/35/89/31563589_8c02e96|https://photos.encuentra24.com/t_or_fh_m/f_auto/v1/cr/31/56/35/89/31563589_02423f8|https://photos.encuentra24.com/t_or_fh_m/f_auto/v1/cr/31/56/35/89/31563589_ad26c74|https://photos.encuentra24.com/t_or_fh_m/f_auto/v1/cr/31/56/35/89/31563589_9fd7642|https://photos.encuentra24.com/t_or_fh_m/f_auto/v1/cr/31/56/35/89/31563589_1e3e168|https://photos.encuentra24.com/t_or_fh_m/f_auto/v1/cr/31/56/35/89/31563589_7e6b098|https://photos.encuentra24.com/t_or_fh_m/f_auto/v1/cr/31/56/35/89/31563589_c8c5573|https://photos.encuentra24.com/t_or_fh_m/f_auto/v1/cr/31/56/35/89/31563589_ef3fb7e|https://photos.encuentra24.com/t_or_fh_m/f_auto/v1/cr/31/56/35/89/31563589_960d375|https://photos.encuentra24.com/t_or_fh_m/f_auto/v1/cr/31/56/35/89/31563589_5d07052|https://photos.encuentra24.com/t_or_fh_m/f_auto/v1/cr/31/56/35/89/31563589_2c48d11|https://photos.encuentra24.com/t_user_logo/v1/users/logo/63/61/82/6361829_9a982c|https://photos.encuentra24.com/t_cnseal/v1697642511/cnseal/652ff80f42db6_Verified%20badge.png|https://photos.encuentra24.com/t_cnseal/v1594676252/cnseal/5f0cd41c4a555_Bildschirmfotocccbr.png|https://photos.encuentra24.com/t_or_fh_m/f_auto/v1/cr/32/58/76/24/32587624_26eb54e37c29a3db15da36de2726c156-eb2947a|https://photos.encuentra24.com/t_or_fh_m/f_auto/v1/cr/32/66/77/12/32667712_b6b4c9e|https://photos.encuentra24.com/t_or_fh_m/f_auto/v1/cr/28/50/83/00/28508300_f1bcab|https://photos.encuentra24.com/t_or_fh_m/f_auto/v1/cr/28/97/48/80/28974880_cfb36f|https://photos.encuentra24.com/t_or_fh_m/f_auto/v1/cr/31/53/54/89/31535489_d6cd90|https://photos.encuentra24.com/t_or_fh_m/f_auto/v1/cr/32/35/83/16/32358316_ab5eeefaa3099e37ecb79711e1107974-118cf01|https://photos.encuentra24.com/t_or_fh_m/f_auto/v1/cr/31/24/65/65/31246565_210676|https://photos.encuentra24.com/t_or_fh_m/f_auto/v1/cr/32/61/22/37/32612237_6dd13df|https://photos.encuentra24.com/t_or_fh_m/f_auto/v1/cr/32/61/25/04/32612504_f4f9b6ed9b460a4bfe2dc9eec0928c69-0569088|https://photos.encuentra24.com/t_or_fh_m/f_auto/v1/cr/30/55/30/91/30553091_7e1991|https://photos.encuentra24.com/t_or_fh_m/f_auto/v1/cr/32/61/26/57/32612657_397d0d9d1223fd1ad704c0931b73127c-30847cf|https://photos.encuentra24.com/t_or_fh_m/f_auto/v1/cr/32/23/61/95/32236195_ad6b701|https://photos.encuentra24.com/t_or_fh_m/f_auto/v1/cr/31/47/29/97/31472997_5c6bce|https://photos.encuentra24.com/t_or_fh_m/f_auto/v1/cr/32/47/99/54/32479954_cf01cefb3bc199f11c582e7b9f0f4422-451ed58
encuentra24,32010396,https://www.encuentra24.com/costa-rica-es/bienes-raices-venta-de-propiedades-casas-y-terrenos-de-playas/san-juanillo-casa-hotel-boutique-2-unidades-6bed-4bath/32010396,sale,active,Guanacaste provincia,Santa Cruz,Cuajiniquil,San Juanillo | Casa + Hotel Boutique (2 Unidades) | 6Bed/4Bath,"Ubicada dentro de una comunidad privada llamada Paradise Point, en Guanacaste, Alegría & Alchemy son dos infraestructuras independientes residenciales compuestas por múltiples unidades dentro de un mismo proyecto. Rodeada de bosque tropical y diseñada para ofrecer privacidad y funcionalidad, esta propiedad combina vivienda y potencial de renta en un solo terreno. Se asienta sobre un lote de 5,000 m² (1.23 acres), ofreciendo amplitud, baja densidad y una configuración ideal para vivir en una unidad mientras se rentan las otras, o para uso familiar compartido. Distribución y Componentes Residenciales ALEGRIA: Es una casa confortable e independiente que funciona como una vivienda dentro del proyecto, con acceso directo a áreas exteriores y piscina privada: - 2 dormitorios con acceso a la terraza y piscina - 2 baños completos - 85 m² de construcción interior - 30 m² de terraza techada - Piscina privada - Sala, comedor y cocina integrados con salida directa a la terraza - Ideal como residencia principal o para ocupación a largo plazo. - Múltiples parqueos ALCHEMY (2 UNIDADES): Con potencial de renta. Diseñada para corto o largo plazo, con espacios independientes y funcionales. Ideal para nómadas digitales, mochileros, familias para corta estancia y aplica muy bien para turismo nacional como extranjero. Cada una de las 2 unidades incluye: - 2 dormitorios - 1 baño completo - Cocina básica Amenidades en común para Alchemy: - 120 m² de construcción - Amplia área de estar con A/C - Piscina de 3x10 metros - Múltiples parqueos Total Alchemy: - 235 m² de construcción - 4 dormitorios - 2 baños - 2 cocinas báscias - Amplia área social - 1 piscina compartida de 3x10 metros ALEGRIA & ALCHEMY - 2 piscinas dentro del proyecto - Terraza compartida de aproximadamente 80–100 m² - Entorno natural con vegetación madura - Espacios exteriores diseñados para descanso y convivencia Ubicación y Estilo de Vida: - Ubicada sobre Calle Pachamama, dentro de comunidad privada llamada Paradise Point - Entorno residencial de baja densidad rodeado de vegetación - Cercana a playas y puntos clave de Guanacaste - Fácil acceso a servicios y zonas comerciales ¿Por qué elegir esta propiedad? Alegría & Alchemy ofrecen una configuración poco común en Guanacaste: múltiples unidades dentro de un mismo terreno, permitiendo vivir en una y generar ingresos con las otras. Una propiedad versátil, funcional y con potencial de renta, ideal para quienes buscan flexibilidad, privacidad y retorno a la inversión en una zona de alta demanda.",House,,2 Bathrooms,4+ Vehicles,,,"5,000m²–1 Hectare","{""Municipal Water""}",Beachfront,"{""Steep Slope"",""Forested""}",,,449000,USD,+50689322992,https://photos.encuentra24.com/t_or_fh_m/f_auto/v1/cr/32/01/03/96/32010396_690d351976237643100874b449055599-3141af0|https://photos.encuentra24.com/t_or_fh_m/f_auto/v1/cr/32/01/03/96/32010396_690d351976237643100874b449055599-25e89a7|https://photos.encuentra24.com/t_or_fh_m/f_auto/v1/cr/32/01/03/96/32010396_690d351976237643100874b449055599-c5833b9|https://photos.encuentra24.com/t_or_fh_m/f_auto/v1/cr/32/01/03/96/32010396_690d351976237643100874b449055599-51f13aa|https://photos.encuentra24.com/t_or_fh_m/f_auto/v1/cr/32/01/03/96/32010396_690d351976237643100874b449055599-23b48f3|https://photos.encuentra24.com/t_or_fh_m/f_auto/v1/cr/32/01/03/96/32010396_690d351976237643100874b449055599-9289ece|https://photos.encuentra24.com/t_or_fh_m/f_auto/v1/cr/32/01/03/96/32010396_690d351976237643100874b449055599-f9bc41c|https://photos.encuentra24.com/t_or_fh_m/f_auto/v1/cr/32/01/03/96/32010396_690d351976237643100874b449055599-755b545|https://photos.encuentra24.com/t_or_fh_m/f_auto/v1/cr/32/01/03/96/32010396_690d351976237643100874b449055599-e8d24fb|https://photos.encuentra24.com/t_or_fh_m/f_auto/v1/cr/32/01/03/96/32010396_690d351976237643100874b449055599-4cfcd71|https://photos.encuentra24.com/t_or_fh_m/f_auto/v1/cr/32/01/03/96/32010396_690d351976237643100874b449055599-e92de58|https://photos.encuentra24.com/t_or_fh_m/f_auto/v1/cr/32/01/03/96/32010396_690d351976237643100874b449055599-0368e14|https://photos.encuentra24.com/t_or_fh_m/f_auto/v1/cr/32/01/03/96/32010396_690d351976237643100874b449055599-4741848|https://photos.encuentra24.com/t_or_fh_m/f_auto/v1/cr/32/01/03/96/32010396_690d351976237643100874b449055599-1134648|https://photos.encuentra24.com/t_or_fh_m/f_auto/v1/cr/32/01/03/96/32010396_690d351976237643100874b449055599-4677a11|https://photos.encuentra24.com/t_or_fh_m/f_auto/v1/cr/32/01/03/96/32010396_690d351976237643100874b449055599-fb7612c|https://photos.encuentra24.com/t_or_fh_m/f_auto/v1/cr/32/01/03/96/32010396_690d351976237643100874b449055599-ec93053|https://photos.encuentra24.com/t_or_fh_m/f_auto/v1/cr/32/01/03/96/32010396_690d351976237643100874b449055599-551941e|https://photos.encuentra24.com/t_or_fh_m/f_auto/v1/cr/32/01/03/96/32010396_690d351976237643100874b449055599-0977a2d|https://photos.encuentra24.com/t_user_logo/v1/users/logo/16/88/19/23/16881923_af130c|https://photos.encuentra24.com/t_or_fh_m/f_auto/v1/cr/30/28/39/48/30283948_75edc2|https://photos.encuentra24.com/t_or_fh_m/f_auto/v1/cr/32/39/00/81/32390081_3441826841f619f7906fe1b3d7692bf9-43ffec0|https://photos.encuentra24.com/t_or_fh_m/f_auto/v1/cr/32/39/02/23/32390223_7ca1e93c57f7d8fed66410ebde04cb00-4d0a50e|https://photos.encuentra24.com/t_or_fh_m/f_auto/v1/cr/32/61/24/85/32612485_fef655ee9bbf2440a3193fbd7eef437c-bedecc1|https://photos.encuentra24.com/t_or_fh_m/f_auto/v1/cr/32/61/26/28/32612628_bd2ebb505c1d6af757416d122da21037-362d387|https://photos.encuentra24.com/t_or_fh_m/f_auto/v1/cr/32/61/27/90/32612790_9c03f6e2a8c46b4c882af8ecf5e61fd0-ff0e0ec|https://photos.encuentra24.com/t_or_fh_m/f_auto/v1/cr/31/36/34/97/31363497_33fef3|https://photos.encuentra24.com/t_or_fh_m/f_auto/v1/cr/31/96/02/27/31960227_3cad77249e1ad46f799c9560e9aad83d-9e98b71
encuentra24,32572816,https://www.encuentra24.com/costa-rica-es/bienes-raices-venta-de-propiedades-casas/venta-de-casa-moderna-condominio-lomas-de-santa-ana/32572816,sale,active,San José provincia,Santa Ana,,"Venta de Casa, moderna, Condominio Lomas de Santa Ana","(antes $220,000) Preciosa casa con muchos extras! Impecable, casa de 2 niveles, ubicada en un condominio de pocas unidades Construcción: 170 m2 / Terreno: 188 m2 La casa cuenta con: 3 habitaciones, principal con walk in closet, baño propio con ducha y balcón. Las 2 habitaciones secundarias tienen un closet y comparten un baño, 2.5 baños, Cocina concepto abierto, con sobres de cuarzo y muebles aéreos; Sala comedor integrado a la cocina, Lavandería, Jardin, Oficina en el segundo nivel 2. parqueos bajo techo. El Condominio cuenta con amenidades tales como: Casa Club con wifi, Zona de BBQ, Áreas de juegos infantiles, Piscina para niños y adultos con deck, Gimnasio equipado, Parqueo de visitas, Cámaras de seguridad, Tapia perimetral con cerca electrificada y seguridad 24/7. Condominio muy seguro, tranquilo y privado Cuota condominal 110,000 colones",Condo,3 Bedrooms,3 Bathrooms,2 Vehicles,,,,{},,{},Walkable,,199500,USD,+50641084040,https://photos.encuentra24.com/t_or_fh_m/f_auto/v1/cr/32/57/28/16/32572816_a223e79|https://photos.encuentra24.com/t_or_fh_m/f_auto/v1/cr/32/57/28/16/32572816_dc5d5ff|https://photos.encuentra24.com/t_or_fh_m/f_auto/v1/cr/32/57/28/16/32572816_41b4761|https://photos.encuentra24.com/t_or_fh_m/f_auto/v1/cr/32/57/28/16/32572816_a817330|https://photos.encuentra24.com/t_or_fh_m/f_auto/v1/cr/32/57/28/16/32572816_12873f0|https://photos.encuentra24.com/t_or_fh_m/f_auto/v1/cr/32/57/28/16/32572816_ab102fc|https://photos.encuentra24.com/t_or_fh_m/f_auto/v1/cr/32/57/28/16/32572816_f7f295d|https://photos.encuentra24.com/t_or_fh_m/f_auto/v1/cr/32/57/28/16/32572816_09dd8f0|https://photos.encuentra24.com/t_or_fh_m/f_auto/v1/cr/32/57/28/16/32572816_eba6920|https://photos.encuentra24.com/t_or_fh_m/f_auto/v1/cr/32/57/28/16/32572816_14f6f46|https://photos.encuentra24.com/t_or_fh_m/f_auto/v1/cr/32/57/28/16/32572816_e82928b|https://photos.encuentra24.com/t_or_fh_m/f_auto/v1/cr/32/57/28/16/32572816_b822179|https://photos.encuentra24.com/t_or_fh_m/f_auto/v1/cr/32/57/28/16/32572816_247a730|https://photos.encuentra24.com/t_or_fh_m/f_auto/v1/cr/32/57/28/16/32572816_f4803eb|https://photos.encuentra24.com/t_or_fh_m/f_auto/v1/cr/32/57/28/16/32572816_f6662ae|https://photos.encuentra24.com/t_or_fh_m/f_auto/v1/cr/32/57/28/16/32572816_e7fc0d5|https://photos.encuentra24.com/t_or_fh_m/f_auto/v1/cr/32/57/28/16/32572816_4d1c822|https://photos.encuentra24.com/t_or_fh_m/f_auto/v1/cr/32/57/28/16/32572816_4f5f2d4|https://photos.encuentra24.com/t_or_fh_m/f_auto/v1/cr/32/57/28/16/32572816_2ca14c2|https://photos.encuentra24.com/t_user_logo/v1/users/logo/36/93/88/369388_9075ec|https://photos.encuentra24.com/t_cnseal/v1594676252/cnseal/5f0cd41c4a555_Bildschirmfotocccbr.png|https://photos.encuentra24.com/t_cnseal/v1697642511/cnseal/652ff80f42db6_Verified%20badge.png|https://photos.encuentra24.com/t_or_fh_m/f_auto/v1/cr/32/39/80/93/32398093_d60a9330daca0d553f845f65b3cf2a57-8109b23|https://photos.encuentra24.com/t_or_fh_m/f_auto/v1/cr/30/80/12/03/30801203_e17bd8f|https://photos.encuentra24.com/t_or_fh_m/f_auto/v1/cr/31/91/27/63/31912763_7382ac|https://photos.encuentra24.com/t_or_fh_m/f_auto/v1/cr/31/39/36/63/31393663_b24c70|https://photos.encuentra24.com/t_or_fh_m/f_auto/v1/cr/32/11/08/93/32110893_4a0133b|https://photos.encuentra24.com/t_or_fh_m/f_auto/v1/cr/32/10/80/83/32108083_3146deeb5b73440890f380f32e3d3cca-dae6e0f|https://photos.encuentra24.com/t_or_fh_m/f_auto/v1/cr/31/94/43/32/31944332_37780ad94e9bb043ee4ed87583b9d086-6bf7660|https://photos.encuentra24.com/t_or_fh_m/f_auto/v1/cr/31/35/84/32/31358432_98768ef|https://photos.encuentra24.com/t_or_fh_m/f_auto/v1/cr/29/93/78/32/29937832_528dd52|https://photos.encuentra24.com/t_or_fh_m/f_auto/v1/cr/32/56/08/45/32560845_12ee650|https://photos.encuentra24.com/t_or_fh_m/f_auto/v1/cr/24/64/74/81/24647481_703a43a|https://photos.encuentra24.com/t_or_fh_m/f_auto/v1/cr/31/51/20/09/31512009_44ed86f|https://photos.encuentra24.com/t_or_fh_m/f_auto/v1/cr/31/47/16/26/31471626_32e9353|https://photos.encuentra24.com/t_or_fh_m/f_auto/v1/cr/29/25/15/96/29251596_5232648
encuentra24,32561007,https://www.encuentra24.com/costa-rica-es/bienes-raices-venta-de-propiedades-apartamentos/venta-de-apartamento-condominio-valle-arriba-escazu-remate/32561007,sale,active,San José provincia,Escazú,,"Venta de apartamento, Condominio Valle Arriba, Escazú, Remate","Apartamento de Lujo en Venta – Condominio Valle Arriba, San Rafael de Escazú Precio de venta: $395,000 Propiedad bancaria – El precio es de oportunidad y se escuchan ofertas! Descubra una excelente oportunidad de inversión y vivienda en uno de los condominios más exclusivos de San Rafael de Escazú. Este elegante apartamento se encuentra en el quinto piso, ofreciendo una vista panorámica espectacular al Valle Central, donde podrá disfrutar de impresionantes amaneceres, atardeceres y una sensación de amplitud única. Con una construcción de 224 m², la propiedad cuenta con espacios amplios, excelente iluminación natural y una distribución ideal para la vida familiar o ejecutiva. Características del apartamento: • 224 m² de construcción • Ubicado en el piso 5 • 3 amplios dormitorios • 2 baños completos • Sala y comedor de gran tamaño con abundante luz natural • Cocina funcional con excelente espacio de almacenamiento • Área de lavandería y Bodega • Terrazas muy amplias • Vista privilegiada al Valle Central Amenidades del Condominio Valle Arriba: • Piscina recreativa • Gimnasio completamente equipado • Casa club • Salón para eventos • Áreas verdes y jardines • Parqueo para visitas • Seguridad 24/7 con acceso controlado • Caseta de vigilancia • Ascensores y lobby de acceso 301.824 de cuota mantenimiento Ubicación estratégica Valle Arriba se encuentra en San Rafael de Escazú, una de las zonas de mayor plusvalía del país, a pocos minutos de la Milla de Oro, Multiplaza Escazú, Distrito Cuatro, hospitales privados, supermercados, centros corporativos, restaurantes, cafeterías, escuelas y colegios de prestigio. Esta propiedad representa una excelente oportunidad para quienes buscan amplitud, seguridad, ubicación privilegiada y una vista inigualable. Contáctenos para más información o para coordinar una visita.",Condo,3 Bedrooms,2 Bathrooms,2 Vehicles,,,,"{""Electricity""}",Urban,"{""River Valley""}",,,395000,USD,+50683490715,https://photos.encuentra24.com/t_or_fh_m/f_auto/v1/cr/32/56/10/07/32561007_7571b9484907e847fc7983573095f402-1e6612f|https://photos.encuentra24.com/t_or_fh_m/f_auto/v1/cr/32/56/10/07/32561007_7571b9484907e847fc7983573095f402-abad512|https://photos.encuentra24.com/t_or_fh_m/f_auto/v1/cr/32/56/10/07/32561007_7571b9484907e847fc7983573095f402-998299d|https://photos.encuentra24.com/t_or_fh_m/f_auto/v1/cr/32/56/10/07/32561007_7571b9484907e847fc7983573095f402-6aaa8c7|https://photos.encuentra24.com/t_or_fh_m/f_auto/v1/cr/32/56/10/07/32561007_7571b9484907e847fc7983573095f402-12c7cae|https://photos.encuentra24.com/t_or_fh_m/f_auto/v1/cr/32/56/10/07/32561007_7571b9484907e847fc7983573095f402-4429cc9|https://photos.encuentra24.com/t_or_fh_m/f_auto/v1/cr/32/56/10/07/32561007_7571b9484907e847fc7983573095f402-5e72901|https://photos.encuentra24.com/t_or_fh_m/f_auto/v1/cr/32/56/10/07/32561007_7571b9484907e847fc7983573095f402-10d75f0|https://photos.encuentra24.com/t_or_fh_m/f_auto/v1/cr/32/56/10/07/32561007_7571b9484907e847fc7983573095f402-1f50a63|https://photos.encuentra24.com/t_or_fh_m/f_auto/v1/cr/32/56/10/07/32561007_7571b9484907e847fc7983573095f402-49bde81|https://photos.encuentra24.com/t_or_fh_m/f_auto/v1/cr/32/56/10/07/32561007_7571b9484907e847fc7983573095f402-286b306|https://photos.encuentra24.com/t_or_fh_m/f_auto/v1/cr/32/56/10/07/32561007_7571b9484907e847fc7983573095f402-3dfaa83|https://photos.encuentra24.com/t_or_fh_m/f_auto/v1/cr/32/56/10/07/32561007_7571b9484907e847fc7983573095f402-cef39ef|https://photos.encuentra24.com/t_or_fh_m/f_auto/v1/cr/32/56/10/07/32561007_7571b9484907e847fc7983573095f402-535d8bd|https://photos.encuentra24.com/t_or_fh_m/f_auto/v1/cr/32/56/10/07/32561007_7571b9484907e847fc7983573095f402-5f651fe|https://photos.encuentra24.com/t_or_fh_m/f_auto/v1/cr/32/56/10/07/32561007_7571b9484907e847fc7983573095f402-bc0ebc5|https://photos.encuentra24.com/t_or_fh_m/f_auto/v1/cr/32/56/10/07/32561007_7571b9484907e847fc7983573095f402-b9c1b81|https://photos.encuentra24.com/t_or_fh_m/f_auto/v1/cr/32/56/10/07/32561007_7571b9484907e847fc7983573095f402-d0ee5f9|https://photos.encuentra24.com/t_user_logo/v1/users/logo/98/46/95/984695_fc0546|https://photos.encuentra24.com/t_cnseal/v1697642511/cnseal/652ff80f42db6_Verified%20badge.png|https://photos.encuentra24.com/t_or_fh_m/f_auto/v1/cr/32/42/60/63/32426063_bdb5799477a48af889ef3b118a6111f3-03567c1|https://photos.encuentra24.com/t_or_fh_m/f_auto/v1/cr/32/65/13/23/32651323_ee8629|https://photos.encuentra24.com/t_or_fh_m/f_auto/v1/cr/32/46/06/23/32460623_24acca4|https://photos.encuentra24.com/t_or_fh_m/f_auto/v1/cr/31/95/02/53/31950253_f6754791c637a8840b11144a77e918e6-60c0157|https://photos.encuentra24.com/t_or_fh_m/f_auto/v1/cr/32/50/26/33/32502633_5f54c08bfbc61143ff9ba435d5e359f1-219fab5|https://photos.encuentra24.com/t_or_fh_m/f_auto/v1/cr/32/56/26/03/32562603_87241c7d9e6820429d92a4bd5d1afc3b-5230a32|https://photos.encuentra24.com/t_or_fh_m/f_auto/v1/cr/32/52/91/73/32529173_15f887a7ea7d390a028a05421962d9c0-f0dca0d|https://photos.encuentra24.com/t_or_fh_m/f_auto/v1/cr/32/59/75/90/32597590_7d6d32dbf638edccbaea2f3f32274099-36ff8f6|https://photos.encuentra24.com/t_or_fh_m/f_auto/v1/cr/32/35/13/47/32351347_60e7e44|https://photos.encuentra24.com/t_or_fh_m/f_auto/v1/cr/32/56/00/91/32560091_12ec235|https://photos.encuentra24.com/t_or_fh_m/f_auto/v1/cr/32/07/45/59/32074559_497cb0a|https://photos.encuentra24.com/t_or_fh_m/f_auto/v1/cr/32/46/72/26/32467226_edc0fc2|https://photos.encuentra24.com/t_or_fh_m/f_auto/v1/cr/32/56/76/30/32567630_bdddf41|https://photos.encuentra24.com/t_or_fh_m/f_auto/v1/cr/32/51/31/69/32513169_990a8db
encuentra24,32629928,https://www.encuentra24.com/costa-rica-es/bienes-raices-venta-de-propiedades-casas/alquiler-local-comercial-1-barrio-escalante/32629928,sale,active,San José provincia,San José Capital,Barrio Escalante,Alquiler Local Comercial # 1 - Barrio Escalante,"Local Comercial en Alquiler — Eskina Escalante, Barrio Escalante Local 1 · 134 m² · $2,900/mes Local comercial disponible en Eskina Escalante, edificio de uso mixto ubicado en el corazón de Barrio Escalante — una de las zonas gastronómicas y comerciales más consolidadas de San José. Características del espacio: 134 m² distribuidos en dos plantas Doble terraza — ideal para restaurante, café o concepto con área exterior Estructura lista para adaptar según su operación Ubicación: Barrio Escalante, San José Edificio compartido con marcas reconocidas: Tvans, Souvlaky, Vainilla Limón y Clínica Karen Soto, otros. Zona de alto tránsito peatonal y consolidada gastronómicamente Ideal para: Restaurante, café, concepto gastronómico o retail que busque posicionarse en Barrio Escalante.",House,5+ Bedrooms,2 Bathrooms,,,100–200m²,100–500m²,{},Riverfront,{},,,2900,USD,+50685131212,https://photos.encuentra24.com/t_or_fh_m/f_auto/v1/cr/32/62/99/28/32629928_81d35659a907c33971636110e17b8563-5bcc9d5|https://photos.encuentra24.com/t_or_fh_m/f_auto/v1/cr/32/62/99/28/32629928_81d35659a907c33971636110e17b8563-c3bcbf3|https://photos.encuentra24.com/t_or_fh_m/f_auto/v1/cr/32/62/99/28/32629928_81d35659a907c33971636110e17b8563-c9d62fb|https://photos.encuentra24.com/t_or_fh_m/f_auto/v1/cr/32/62/99/28/32629928_81d35659a907c33971636110e17b8563-e64612b|https://photos.encuentra24.com/t_or_fh_m/f_auto/v1/cr/32/62/99/28/32629928_81d35659a907c33971636110e17b8563-bc0b2cc|https://photos.encuentra24.com/t_or_fh_m/f_auto/v1/cr/32/62/99/28/32629928_81d35659a907c33971636110e17b8563-9672e3c|https://photos.encuentra24.com/t_or_fh_m/f_auto/v1/cr/32/62/99/28/32629928_81d35659a907c33971636110e17b8563-fd1797e|https://photos.encuentra24.com/t_or_fh_m/f_auto/v1/cr/32/62/99/28/32629928_81d35659a907c33971636110e17b8563-ef9cba6|https://photos.encuentra24.com/t_or_fh_m/f_auto/v1/cr/32/62/99/28/32629928_81d35659a907c33971636110e17b8563-14d1244|https://photos.encuentra24.com/t_or_fh_m/f_auto/v1/cr/32/62/99/28/32629928_81d35659a907c33971636110e17b8563-bd1659d|https://photos.encuentra24.com/t_or_fh_m/f_auto/v1/cr/32/62/99/28/32629928_81d35659a907c33971636110e17b8563-9b9450f|https://photos.encuentra24.com/t_or_fh_m/f_auto/v1/cr/32/62/99/28/32629928_81d35659a907c33971636110e17b8563-80f7314|https://photos.encuentra24.com/t_or_fh_m/f_auto/v1/cr/32/62/99/28/32629928_81d35659a907c33971636110e17b8563-87736a3|https://photos.encuentra24.com/t_or_fh_m/f_auto/v1/cr/32/62/99/28/32629928_81d35659a907c33971636110e17b8563-ee3f6fc|https://photos.encuentra24.com/t_or_fh_m/f_auto/v1/cr/32/62/99/28/32629928_81d35659a907c33971636110e17b8563-6aba481|https://photos.encuentra24.com/t_or_fh_m/f_auto/v1/cr/32/62/99/28/32629928_81d35659a907c33971636110e17b8563-75e713a|https://photos.encuentra24.com/t_or_fh_m/f_auto/v1/cr/32/62/99/28/32629928_81d35659a907c33971636110e17b8563-af28945|https://photos.encuentra24.com/t_or_fh_m/f_auto/v1/cr/32/62/99/28/32629928_81d35659a907c33971636110e17b8563-a4875bb|https://photos.encuentra24.com/t_user_logo/v1/users/logo/16/13/22/31/16132231_2e2b5d|https://photos.encuentra24.com/t_or_fh_m/f_auto/v1/cr/32/63/01/13/32630113_c8307d2994bfecc65fca94f72d5da831-dfa4efe|https://photos.encuentra24.com/t_or_fh_m/f_auto/v1/cr/32/66/86/96/32668696_f4dc64485f83c9896bb4e90a3eac3dea-3355102|https://photos.encuentra24.com/t_or_fh_m/f_auto/v1/cr/32/63/00/89/32630089_ce5c79088d390d7b721f6e9565caf602-3fa50ad|https://photos.encuentra24.com/t_or_fh_m/f_auto/v1/cr/32/65/66/24/32656624_90da742|https://photos.encuentra24.com/t_or_fh_m/f_auto/v1/cr/32/63/00/65/32630065_7861d28e193184da5fb9005db8466fcc-7bbb5ef|https://photos.encuentra24.com/t_or_fh_m/f_auto/v1/cr/32/65/67/26/32656726_d007d31|https://photos.encuentra24.com/t_or_fh_m/f_auto/v1/cr/32/63/00/49/32630049_637f9306d3204f24e103ba28ebff4a55-a892cfe
encuentra24,16433770,https://www.encuentra24.com/costa-rica-es/bienes-raices-venta-de-propiedades-casas/amplia-casa-4-habitaciones-en-condominio-5-min-de-pinares-de-curridabat/16433770,sale,active,San José provincia,Curridabat,,Amplia Casa 4 habitaciones en Condominio 5 min de Pinares de Curridabat,"Modernas y Amplias Casas con Acabados de lujo en la mejor Zona de Tres Ríos y cerca de Curridabat , Alta Plusvalía ENTREGA INMEDIATA ESCOJA SUS ACABADOS EN UNIDADES DISPONIBLES CASAS DE 3 NIVELES 170 MILLONES CONDOMINIO ACQUA Y LOS MEJORES PROYECTOS DE LA ZONA ELIJA LA COCINA DE SUS SUEÑOS Y sus Acabados en unidades disponibles CONSULTE MAS MODELOS Y OPCIONES DE ENTREGA INMEDIATA DISEÑOS PERSONALIZADOS Y PRESUPUESTO Amenidades: -Piscina semi olímpica -Gimnasio – Casa Club – Piscina NIños – Lap pool – Parque con áreas verdes – Parque para mascotas – Área de juegos infantiles – Cancha de Fútbol – Seguridad 24/7 – Hidromasajes – Spa – Vistas panorámicas",Condo,,4 Bathrooms,,,,,{},,{},,,156000000,USD,+50672073299,https://photos.encuentra24.com/t_or_fh_m/f_auto/v1/cr/16/43/37/70/16433770_6aa6aed|https://photos.encuentra24.com/t_or_fh_m/f_auto/v1/cr/16/43/37/70/16433770_81c914c|https://photos.encuentra24.com/t_or_fh_m/f_auto/v1/cr/16/43/37/70/16433770_1f3a3ff|https://photos.encuentra24.com/t_or_fh_m/f_auto/v1/cr/16/43/37/70/16433770_4b082b0|https://photos.encuentra24.com/t_or_fh_m/f_auto/v1/cr/16/43/37/70/16433770_07fff45|https://photos.encuentra24.com/t_or_fh_m/f_auto/v1/cr/16/43/37/70/16433770_589f6f9|https://photos.encuentra24.com/t_or_fh_m/f_auto/v1/cr/16/43/37/70/16433770_020a85c|https://photos.encuentra24.com/t_or_fh_m/f_auto/v1/cr/16/43/37/70/16433770_970b133|https://photos.encuentra24.com/t_or_fh_m/f_auto/v1/cr/16/43/37/70/16433770_5a3044b|https://photos.encuentra24.com/t_or_fh_m/f_auto/v1/cr/16/43/37/70/16433770_22f092d|https://photos.encuentra24.com/t_or_fh_m/f_auto/v1/cr/16/43/37/70/16433770_e7b261b|https://photos.encuentra24.com/t_or_fh_m/f_auto/v1/cr/16/43/37/70/16433770_8060f9d|https://photos.encuentra24.com/t_or_fh_m/f_auto/v1/cr/16/43/37/70/16433770_f0c87dc|https://photos.encuentra24.com/t_or_fh_m/f_auto/v1/cr/16/43/37/70/16433770_e10df93|https://photos.encuentra24.com/t_or_fh_m/f_auto/v1/cr/16/43/37/70/16433770_203d3ff|https://photos.encuentra24.com/t_or_fh_m/f_auto/v1/cr/16/43/37/70/16433770_3b48589|https://photos.encuentra24.com/t_or_fh_m/f_auto/v1/cr/16/43/37/70/16433770_2d62dd|https://photos.encuentra24.com/t_user_logo/v1/users/logo/42/95/42957_78874c|https://photos.encuentra24.com/t_or_fh_m/f_auto/v1/cr/32/66/81/74/32668174_8cbb27120fe01e16a36c06d691e044b9-01e0a95|https://photos.encuentra24.com/t_or_fh_m/f_auto/v1/cr/32/63/43/34/32634334_fa88ca98f0cff6af586b274cc612237e-f45cc1e|https://photos.encuentra24.com/t_or_fh_m/f_auto/v1/cr/31/26/80/74/31268074_49f0d6|https://photos.encuentra24.com/t_or_fh_m/f_auto/v1/cr/32/63/73/94/32637394_af2e94686045568b659ff580d5b1989a-3e61251|https://photos.encuentra24.com/t_or_fh_m/f_auto/v1/cr/32/62/26/34/32622634_c8d64bb69c1d7fefe65df94cf889b3d6-280c837|https://photos.encuentra24.com/t_or_fh_m/f_auto/v1/cr/32/61/80/74/32618074_084f9047d804db395b87748c548159d2-512e416|https://photos.encuentra24.com/t_or_fh_m/f_auto/v1/cr/32/58/80/34/32588034_8c74132015fcf0b2ff6c264b069eee5e-2d7d319|https://photos.encuentra24.com/t_or_fh_m/f_auto/v1/cr/32/00/89/93/32008993_8fb3d07|https://photos.encuentra24.com/t_or_fh_m/f_auto/v1/cr/23/21/78/91/23217891_2f56b0a|https://photos.encuentra24.com/t_or_fh_m/f_auto/v1/cr/14/43/98/53/14439853_02bfa14|https://photos.encuentra24.com/t_or_fh_m/f_auto/v1/cr/25/07/70/71/25077071_55caf7f|https://photos.encuentra24.com/t_or_fh_m/f_auto/v1/cr/25/97/07/83/25970783_6f57941|https://photos.encuentra24.com/t_or_fh_m/f_auto/v1/cr/18/81/87/41/18818741_b447c98|https://photos.encuentra24.com/t_or_fh_m/f_auto/v1/cr/24/43/66/90/24436690_189ead
encuentra24,32577929,https://www.encuentra24.com/costa-rica-es/bienes-raices-venta-de-propiedades-lotes-y-terrenos/venta-de-exclusiva-propiedad-para-desarrollo-en-playa-flamingo/32577929,sale,active,Guanacaste provincia,Santa Cruz,Playa Flamingo,Venta de exclusiva propiedad para desarrollo en Playa Flamingo,"Ubicado en Flamingo, impresionante terreno de 5.000 m² ofrece una combinación única de vistas panorámicas al océano y a las montañas, privacidad y un entorno de lujo en una de las zonas de mayor plusvalía de Guanacaste. Mar Vista es reconocido por sus espectaculares vistas al Pacífico, seguridad y exclusivas amenidades. Características destacadas: 5.000 m² de terreno en un exclusivo desarrollo residencial. Vista al mar y a la montaña desde múltiples puntos de la propiedad. Área destinada para casa principal con vista panorámica al océano. Espacio para guest house con excelente ubicación y vistas privilegiadas. Rodeado de naturaleza, tranquilidad y espectaculares atardeceres. Ideal para desarrollar una residencia de lujo o una propiedad de inversión. Disfrute de la cercanía a las playas más exclusivas de la zona, como Playa Flamingo, Playa Conchal y Playa Brasilito, además de acceso a servicios, restaurantes y actividades recreativas de primer nivel.",House,,2 Bathrooms,,,,"5,000m²–1 Hectare","{""Municipal Water""}",Beachfront,{},,,900000,USD,+50684166371,https://photos.encuentra24.com/t_or_fh_m/f_auto/v1/cr/32/57/79/29/32577929_0c89352|https://photos.encuentra24.com/t_or_fh_m/f_auto/v1/cr/32/57/79/29/32577929_9cbb18717a185a5defd9fef6336d8555-6902cae|https://photos.encuentra24.com/t_or_fh_m/f_auto/v1/cr/32/57/79/29/32577929_9cbb18717a185a5defd9fef6336d8555-9b783d4|https://photos.encuentra24.com/t_or_fh_m/f_auto/v1/cr/32/57/79/29/32577929_9cbb18717a185a5defd9fef6336d8555-b1c9bed|https://photos.encuentra24.com/t_or_fh_m/f_auto/v1/cr/32/57/79/29/32577929_9cbb18717a185a5defd9fef6336d8555-f70b8c8|https://photos.encuentra24.com/t_or_fh_m/f_auto/v1/cr/32/57/79/29/32577929_9cbb18717a185a5defd9fef6336d8555-45d492f|https://photos.encuentra24.com/t_or_fh_m/f_auto/v1/cr/32/57/79/29/32577929_9cbb18717a185a5defd9fef6336d8555-1eb6970|https://photos.encuentra24.com/t_or_fh_m/f_auto/v1/cr/32/57/79/29/32577929_9cbb18717a185a5defd9fef6336d8555-b341bbb|https://photos.encuentra24.com/t_or_fh_m/f_auto/v1/cr/32/57/79/29/32577929_9cbb18717a185a5defd9fef6336d8555-73fc03e|https://photos.encuentra24.com/t_or_fh_m/f_auto/v1/cr/32/57/79/29/32577929_9cbb18717a185a5defd9fef6336d8555-a4f38db|https://photos.encuentra24.com/t_user_logo/v1/users/logo/13/68/24/72/13682472_dc1f17|https://photos.encuentra24.com/t_cnseal/v1697642511/cnseal/652ff80f42db6_Verified%20badge.png|https://photos.encuentra24.com/t_or_fh_m/f_auto/v1/cr/31/92/11/39/31921139_e260859|https://photos.encuentra24.com/t_or_fh_m/f_auto/v1/cr/32/11/95/93/32119593_94f7ca2|https://photos.encuentra24.com/t_or_fh_m/f_auto/v1/cr/32/06/17/68/32061768_fb7cb1b2ca2ed1aabf96a062ed00f538-d0b9b0b|https://photos.encuentra24.com/t_or_fh_m/f_auto/v1/cr/32/26/96/95/32269695_0ac0857|https://photos.encuentra24.com/t_or_fh_m/f_auto/v1/cr/32/37/45/94/32374594_54e1ee7e9a2101db771044238a47310e-a0bd6c0|https://photos.encuentra24.com/t_or_fh_m/f_auto/v1/cr/32/17/56/03/32175603_31ed5ba4a25269ee7ea791691961aa9b-8a6d6b0|https://photos.encuentra24.com/t_or_fh_m/f_auto/v1/cr/32/49/03/22/32490322_0623d54a3def167a21815de94fc88ec1-641b846
encuentra24,32579200,https://www.encuentra24.com/costa-rica-es/bienes-raices-venta-de-propiedades-casas/casa-en-venta-en-escazu-san-rafael-independiente-5pvv/32579200,sale,active,San José provincia,Escazú,San Rafael,"Casa en venta en Escazú, San Rafael. Independiente. 5PVV","Casa Independiente con Vista Panorámica al Valle Central | Alto de Las Palomas, Escazú PVV Casa en VENTA en la zona de San Rafael de Escazú. Con vista panoramica al Valle Central. Una casa con excelente ubicación en Alto de Las Palomas, amplio terreno, vista panorámica. Gran potencial de modernización. Resumen del Inmueble Área del terreno: 486.53 m² Área de construcción: 205 m² 3 dormitorios Sala principal, comedor Terraza con vista panorámica Patio 2.5 baños Cuarto de pilas con área de tendido Cuarto de servicio con su baño Sistema eléctrico entubado Espacio abierto para 4 vehículos PRECIO DE VENTA: USD $378,000.00 Descripción del inmueble: Jardín frontal, parqueo para 4 vehículos, 2 techados. 3 dormitorios espaciosos, 2 baños completos, 1 baño para invitados, amplia zona social para sala y comedor, terraza cubierta con vistas panorámicas, amplia cocina, cuarto de lavado y tendido, dormitorio de servicio con su baño privado,jardín. Hermosos techos de madera y detalles de ladrillo al aire. Ventanas de suelo a techo con abundante luz natural. Colector de aguas negras a tanque séptico. Hay 3 fotos ambientadas por IA. Descripción de la Zona: Alto de Las Palomas es una de las zonas residenciales más exclusivas y cotizadas del oeste de San José. Ubicada estratégicamente entre Escazú y Santa Ana, ofrece una combinación ideal de tranquilidad, privacidad, seguridad y fácil acceso a los principales centros comerciales, corporativos y de servicios del país.",House,,3 Bathrooms,2 Vehicles,,200–400m²,100–500m²,"{""Water"",""Electricity"",""Septic""}",Riverfront|Urban,"{""Steep Slope"",""River Valley""}",,,378000,USD,+50684826072,https://photos.encuentra24.com/t_or_fh_m/f_auto/v1/cr/32/57/92/00/32579200_bac84e|https://photos.encuentra24.com/t_or_fh_m/f_auto/v1/cr/32/57/92/00/32579200_609cea|https://photos.encuentra24.com/t_or_fh_m/f_auto/v1/cr/32/57/92/00/32579200_cef7df|https://photos.encuentra24.com/t_or_fh_m/f_auto/v1/cr/32/57/92/00/32579200_fc3567|https://photos.encuentra24.com/t_or_fh_m/f_auto/v1/cr/32/57/92/00/32579200_3dbfc2|https://photos.encuentra24.com/t_or_fh_m/f_auto/v1/cr/32/57/92/00/32579200_d9b22f|https://photos.encuentra24.com/t_or_fh_m/f_auto/v1/cr/32/57/92/00/32579200_04ff43|https://photos.encuentra24.com/t_or_fh_m/f_auto/v1/cr/32/57/92/00/32579200_165438|https://photos.encuentra24.com/t_or_fh_m/f_auto/v1/cr/32/57/92/00/32579200_c21a2a|https://photos.encuentra24.com/t_or_fh_m/f_auto/v1/cr/32/57/92/00/32579200_d9fb2f|https://photos.encuentra24.com/t_or_fh_m/f_auto/v1/cr/32/57/92/00/32579200_24786a|https://photos.encuentra24.com/t_or_fh_m/f_auto/v1/cr/32/57/92/00/32579200_31d9f0|https://photos.encuentra24.com/t_or_fh_m/f_auto/v1/cr/32/57/92/00/32579200_1084e4|https://photos.encuentra24.com/t_or_fh_m/f_auto/v1/cr/32/57/92/00/32579200_fa53a8|https://photos.encuentra24.com/t_or_fh_m/f_auto/v1/cr/32/57/92/00/32579200_4db83f|https://photos.encuentra24.com/t_or_fh_m/f_auto/v1/cr/32/57/92/00/32579200_7fff50|https://photos.encuentra24.com/t_or_fh_m/f_auto/v1/cr/32/57/92/00/32579200_5820ec|https://photos.encuentra24.com/t_or_fh_m/f_auto/v1/cr/32/57/92/00/32579200_87629b|https://photos.encuentra24.com/t_or_fh_m/f_auto/v1/cr/32/57/92/00/32579200_9e2d62|https://photos.encuentra24.com/t_or_fh_m/f_auto/v1/cr/32/57/92/00/32579200_c656ec|https://photos.encuentra24.com/t_user_logo/v1/users/logo/63/57/63578_d5a40c|https://photos.encuentra24.com/t_cnseal/v1594676252/cnseal/5f0cd41c4a555_Bildschirmfotocccbr.png|https://photos.encuentra24.com/t_cnseal/v1697642511/cnseal/652ff80f42db6_Verified%20badge.png|https://photos.encuentra24.com/t_or_fh_m/f_auto/v1/cr/31/80/22/24/31802224_f754b7|https://photos.encuentra24.com/t_or_fh_m/f_auto/v1/cr/32/58/83/84/32588384_a062d7e9bb845ceb955e8ef976ce38b9-1daa5f1|https://photos.encuentra24.com/t_or_fh_m/f_auto/v1/cr/31/89/76/54/31897654_e91347|https://photos.encuentra24.com/t_or_fh_m/f_auto/v1/cr/32/44/69/94/32446994_2a0845c96646e764f836a2cce77022aa-22db21b|https://photos.encuentra24.com/t_or_fh_m/f_auto/v1/cr/32/29/31/14/32293114_77757e53640cafb74a3d9eafa87f113e-fed77ca|https://photos.encuentra24.com/t_or_fh_m/f_auto/v1/cr/32/13/56/44/32135644_90e1429f86acd62adb32facf1c29ddcf-5cad39b|https://photos.encuentra24.com/t_or_fh_m/f_auto/v1/cr/31/95/71/14/31957114_866f1d41d0f978ada2ce2f2b741927d6-0cd26b4|https://photos.encuentra24.com/t_or_fh_m/f_auto/v1/cr/32/00/00/83/32000083_5b8773|https://photos.encuentra24.com/t_or_fh_m/f_auto/v1/cr/32/39/30/12/32393012_0a4538|https://photos.encuentra24.com/t_or_fh_m/f_auto/v1/cr/32/40/59/61/32405961_a6c8fc|https://photos.encuentra24.com/t_or_fh_m/f_auto/v1/cr/30/95/84/54/30958454_36209b|https://photos.encuentra24.com/t_or_fh_m/f_auto/v1/cr/31/76/28/96/31762896_4abf0d|https://photos.encuentra24.com/t_or_fh_m/f_auto/v1/cr/30/51/71/58/30517158_bdd06f|https://photos.encuentra24.com/t_or_fh_m/f_auto/v1/cr/30/51/71/82/30517182_8fdb86
encuentra24,31999902,https://www.encuentra24.com/costa-rica-es/bienes-raices-venta-de-propiedades-apartamentos/apartamento-rn-venta-en-rohrmoser-bellavista/31999902,sale,active,San José provincia,San José Capital,Rohrmoser,APARTAMENTO RN VENTA EN ROHRMOSER - BELLAVISTA,"¡Oportunidad Única en Rohrmoser! Apartamento cerca del Parque Bellavista ¡Vive donde siempre quisiste! Este acogedor apartamento de 63 m² combina comodidad, ubicación y un precio inmejorable en una de las zonas con mayor plusvalía de San José. Ideal para parejas, profesionales o como inversión. Características Principales: * 2 Dormitorios amplios y con excelente iluminación natural. * 1 Baño completo con acabados modernos. * 1 Espacio de parqueo techado. * Sala-Comedor de concepto abierto, perfecta para compartir. * Cocina funcional con buenos espacios de almacenamiento. * 63 m² habitables con distribución eficiente. Ubicación Estratégica: A solo pasos del Parque Bellavista, disfrutá de áreas verdes, frescura y tranquilidad, manteniendo la cercanía con centros comerciales, bancos y las mejores rutas de acceso. Precio de Venta: $135,000 USD ¡Solicitá tu visita hoy mismo! No dejes pasar esta oportunidad de inversión en Rohrmoser. Teléfono / WhatsApp: Web: Catálogo y Redes: linktr.ee/inmobiliariajmk #BienesRaicesCR #Rohrmoser #ApartamentoEnVenta #InmobiliariaJMK #InversionInteligente #Costa Rica RealEstate",Condo,,2 Bathrooms,1 Vehicle,,50–100m²,<100m²,{},Urban,{},,,135000,USD,+50686546486,https://photos.encuentra24.com/t_or_fh_m/f_auto/v1/cr/31/99/99/02/31999902_d3117599a51aa2589d57755e6df9285a-3cdbecc|https://photos.encuentra24.com/t_or_fh_m/f_auto/v1/cr/31/99/99/02/31999902_d3117599a51aa2589d57755e6df9285a-8b7273f|https://photos.encuentra24.com/t_or_fh_m/f_auto/v1/cr/31/99/99/02/31999902_d3117599a51aa2589d57755e6df9285a-4f34d4d|https://photos.encuentra24.com/t_or_fh_m/f_auto/v1/cr/31/99/99/02/31999902_d3117599a51aa2589d57755e6df9285a-52bebc8|https://photos.encuentra24.com/t_or_fh_m/f_auto/v1/cr/31/99/99/02/31999902_d3117599a51aa2589d57755e6df9285a-057419f|https://photos.encuentra24.com/t_or_fh_m/f_auto/v1/cr/31/99/99/02/31999902_d3117599a51aa2589d57755e6df9285a-35ce651|https://photos.encuentra24.com/t_or_fh_m/f_auto/v1/cr/31/99/99/02/31999902_d3117599a51aa2589d57755e6df9285a-627ca77|https://photos.encuentra24.com/t_or_fh_m/f_auto/v1/cr/31/99/99/02/31999902_d3117599a51aa2589d57755e6df9285a-71d82f2|https://photos.encuentra24.com/t_or_fh_m/f_auto/v1/cr/31/99/99/02/31999902_d3117599a51aa2589d57755e6df9285a-912bcfd|https://photos.encuentra24.com/t_or_fh_m/f_auto/v1/cr/31/99/99/02/31999902_d3117599a51aa2589d57755e6df9285a-d20f0e9|https://photos.encuentra24.com/t_or_fh_m/f_auto/v1/cr/31/99/99/02/31999902_d3117599a51aa2589d57755e6df9285a-c9ec22f|https://photos.encuentra24.com/t_or_fh_m/f_auto/v1/cr/31/99/99/02/31999902_d3117599a51aa2589d57755e6df9285a-1fbf054|https://photos.encuentra24.com/t_user_logo/v1/users/logo/13/45/48/27/13454827_5d10a7|https://photos.encuentra24.com/t_or_fh_m/f_auto/v1/cr/32/36/75/98/32367598_faf7ede|https://photos.encuentra24.com/t_or_fh_m/f_auto/v1/cr/29/52/97/28/29529728_3c260d|https://photos.encuentra24.com/t_or_fh_m/f_auto/v1/cr/30/93/53/28/30935328_ea632c|https://photos.encuentra24.com/t_or_fh_m/f_auto/v1/cr/30/40/43/68/30404368_3a9aba|https://photos.encuentra24.com/t_or_fh_m/f_auto/v1/cr/32/53/64/07/32536407_f08e12a3791bc9a405ed1ee9e6efa550-ebe062e|https://photos.encuentra24.com/t_or_fh_m/f_auto/v1/cr/32/50/78/37/32507837_e9a214a49e92691044c765e42016fd1c-072a0fc|https://photos.encuentra24.com/t_or_fh_m/f_auto/v1/cr/32/10/79/87/32107987_aa668cf9044a66e6126f05d7ff570e36-e68a7e5|https://photos.encuentra24.com/t_or_fh_m/f_auto/v1/cr/32/31/09/35/32310935_fa3de6e17372cb804806a2e27661ca20-45cc199|https://photos.encuentra24.com/t_or_fh_m/f_auto/v1/cr/32/60/83/78/32608378_d685e6ed329ae84bd3066dfd9dcb2b0c-5756f2a|https://photos.encuentra24.com/t_or_fh_m/f_auto/v1/cr/31/93/53/38/31935338_4487bf0b6830d895273db0c550961fe6-6bcfa5f|https://photos.encuentra24.com/t_or_fh_m/f_auto/v1/cr/32/62/05/83/32620583_8ed24860092e8176ec887c99be9ba57b-e7a36e7|https://photos.encuentra24.com/t_or_fh_m/f_auto/v1/cr/32/62/07/27/32620727_5d70f9e71bfb94ffbd39c8c9daba5126-371df00|https://photos.encuentra24.com/t_or_fh_m/f_auto/v1/cr/32/63/99/17/32639917_d864f32fa9ceb6cf684c6a49f430ca4a-a6c0cbe|https://photos.encuentra24.com/t_or_fh_m/f_auto/v1/cr/31/87/92/64/31879264_a883b3
encuentra24,30743775,https://www.encuentra24.com/costa-rica-es/bienes-raices-venta-de-propiedades-casas/escazu-remodelada-naturaleza-casa-y-2-apartamentos-1849m2-de-terreno/30743775,sale,active,San José provincia,Escazú,,Escazu - Remodelada - Naturaleza - Casa y 2 Apartamentos -1849m2 de Terreno,"Amplia casa de lujo rodeada de naturaleza! Ubicada en el corazón de Escazú, esta casa recientemente renovada combina un diseño moderno y elegante con un magnífico entorno natural. La propiedad se encuentra en un terreno de 1850 m² y mas de 700 m² de construcción, ofreciendo privacidad, comodidad y una amplia gama de opciones de vivienda. Características de la casa principal: 4 dormitorios bien equipados: - 1 lujosa suite principal con vestidor y un espectacular baño en suite. - 3 dormitorios de invitados, cada uno con su propio baño privado. Dos de estos dormitorios se encuentran en la primera planta, lo que ofrece accesibilidad y privacidad. Elegantes áreas de estar: - Amplia área social: La sala de estar y comedor de concepto abierto se abre a la amplia terraza, creando una experiencia interior-exterior perfecta. - Espaciosa cocina: Cocina moderna y equipada con una gran isla y amplio espacio de almacenamiento: ¡el sueño de cualquier chef! - Espacio al aire libre: Amplia terraza con vistas a exuberantes jardines, zona de barbacoa, jacuzzi y amplios asientos, ideal para relajarse o recibir invitados. - Mezzanine: Este luminoso espacio es ideal para una oficina o sala de TV. - Acogedor espacio adicional: Perfecta para un rincón de lectura o un espacio de juegos. Características adicionales: * Gimnasio privado con vistas a la naturaleza circundante. * Río que atraviesa la propiedad, ofreciendo vistas naturales y sonidos ambientales. Espacios adicionales: Dos apartamentos adyacentes ofrecen infinitas posibilidades para recibir invitados o generar ingresos por alquiler: Apartamento n.° 1 (149m2 aprox.) * 1 dormitorio * 1 baño * Cocina y comedor * Oficina y sala de estar * Terraza privada con vistas al jardín y al río. Apartamento n.° 2 (65m2 aprox.) * 1 dormitorio * Cocina americana * Sala de estar * Baño privado. Otros detalles: - Estacionamiento: Espacio para 2 autos (opción de ampliación). - Seguridad: Diversas características de seguridad, como cámaras, cerca eléctrica, luces con detector de movimiento y más, hacen de esta una propiedad particularmente segura para su total tranquilidad. - Estilo: Combina un diseño moderno con una estética cálida y natural. - Funcionalidad: Sistema eléctrico completamente nuevo en toda la propiedad, sistema de riego automático y calentadores de agua instantáneos en toda la propiedad. Esta versátil propiedad ofrece un entorno lujoso y tranquilo con fácil acceso a los servicios de Escazú. Ideal para quienes buscan un espacio habitable versátil o una oportunidad de negocio en un entorno tropical y sereno. ¡Contáctenos para conocer esta increíble propiedad!",Condo,5+ Bedrooms,5+ Bathrooms,2 Vehicles,,,"1,000–5,000m²","{""Water""}",Riverfront,{},,,550000,USD,+50684674004,https://photos.encuentra24.com/t_or_fh_m/f_auto/v1/cr/30/74/37/75/30743775_790ad2c|https://photos.encuentra24.com/t_or_fh_m/f_auto/v1/cr/30/74/37/75/30743775_a4894c|https://photos.encuentra24.com/t_or_fh_m/f_auto/v1/cr/30/74/37/75/30743775_88f176|https://photos.encuentra24.com/t_or_fh_m/f_auto/v1/cr/30/74/37/75/30743775_321031|https://photos.encuentra24.com/t_or_fh_m/f_auto/v1/cr/30/74/37/75/30743775_d4df46|https://photos.encuentra24.com/t_or_fh_m/f_auto/v1/cr/30/74/37/75/30743775_182f06|https://photos.encuentra24.com/t_or_fh_m/f_auto/v1/cr/30/74/37/75/30743775_31fdd8|https://photos.encuentra24.com/t_or_fh_m/f_auto/v1/cr/30/74/37/75/30743775_23a793|https://photos.encuentra24.com/t_or_fh_m/f_auto/v1/cr/30/74/37/75/30743775_58dd46|https://photos.encuentra24.com/t_or_fh_m/f_auto/v1/cr/30/74/37/75/30743775_8313b6|https://photos.encuentra24.com/t_or_fh_m/f_auto/v1/cr/30/74/37/75/30743775_be4063|https://photos.encuentra24.com/t_or_fh_m/f_auto/v1/cr/30/74/37/75/30743775_db534e|https://photos.encuentra24.com/t_or_fh_m/f_auto/v1/cr/30/74/37/75/30743775_517375|https://photos.encuentra24.com/t_or_fh_m/f_auto/v1/cr/30/74/37/75/30743775_36b759|https://photos.encuentra24.com/t_or_fh_m/f_auto/v1/cr/30/74/37/75/30743775_63005d|https://photos.encuentra24.com/t_or_fh_m/f_auto/v1/cr/30/74/37/75/30743775_86febd|https://photos.encuentra24.com/t_or_fh_m/f_auto/v1/cr/30/74/37/75/30743775_7def71|https://photos.encuentra24.com/t_or_fh_m/f_auto/v1/cr/30/74/37/75/30743775_76fefd|https://photos.encuentra24.com/t_or_fh_m/f_auto/v1/cr/30/74/37/75/30743775_536048|https://photos.encuentra24.com/t_or_fh_m/f_auto/v1/cr/30/74/37/75/30743775_1ed6b9|https://photos.encuentra24.com/t_user_logo/v1/users/logo/78/95/27/789527_675514|https://photos.encuentra24.com/t_cnseal/v1594676252/cnseal/5f0cd41c4a555_Bildschirmfotocccbr.png|https://photos.encuentra24.com/t_or_fh_m/f_auto/v1/cr/29/30/81/01/29308101_eba651|https://photos.encuentra24.com/t_or_fh_m/f_auto/v1/cr/31/96/18/71/31961871_aaedcc674e767af161996e25e981d96c-543bb9f|https://photos.encuentra24.com/t_or_fh_m/f_auto/v1/cr/32/64/96/21/32649621_421e427c91a3ac54d967a844d9d32a1f-7a7a277|https://photos.encuentra24.com/t_or_fh_m/f_auto/v1/cr/32/55/25/91/32552591_8c55b6f|https://photos.encuentra24.com/t_or_fh_m/f_auto/v1/cr/28/30/40/51/28304051_ef4b22|https://photos.encuentra24.com/t_or_fh_m/f_auto/v1/cr/30/39/26/11/30392611_ef09c6|https://photos.encuentra24.com/t_or_fh_m/f_auto/v1/cr/31/45/08/41/31450841_7fe1b6|https://photos.encuentra24.com/t_or_fh_m/f_auto/v1/cr/32/48/65/33/32486533_1a153d4bc310b0349695a10b6932ffaa-dd09a75|https://photos.encuentra24.com/t_or_fh_m/f_auto/v1/cr/32/60/73/83/32607383_a280d3e9f674626d98032822c06ec4b2-64ab70a|https://photos.encuentra24.com/t_or_fh_m/f_auto/v1/cr/32/60/74/64/32607464_81200a7f77fc1442722dd4d95b23684b-f95cc1b|https://photos.encuentra24.com/t_or_fh_m/f_auto/v1/cr/32/60/75/67/32607567_90c4a2683ac2b62605f386e83af0126f-7c69a97|https://photos.encuentra24.com/t_or_fh_m/f_auto/v1/cr/32/61/00/44/32610044_54b7ef0|https://photos.encuentra24.com/t_or_fh_m/f_auto/v1/cr/32/51/34/35/32513435_fb9bfac|https://photos.encuentra24.com/t_or_fh_m/f_auto/v1/cr/32/61/01/79/32610179_c80d11ce6c901b26886d9a0f6b7b06fd-ef48bd7
encuentra24,32000993,https://www.encuentra24.com/costa-rica-es/bienes-raices-venta-de-propiedades-casas/casa-moderna-en-escazu-guachipelin-4-hab-y-4-parqueos-cerca-cima-multiplaza-y-ruta-27/32000993,sale,active,San José provincia,Escazú,Escazú,"Casa Moderna en Escazú, Guachipelín - 4 Hab y 4 Parqueos - Cerca CIMA, Multiplaza y Ruta 27","Ubicada en el exclusivo Condominio Altos de Guachipelín, esta elegante residencia combina amplitud, privacidad y una ubicación privilegiada en una de las zonas de mayor plusvalía de Escazú. Con únicamente 11 casas en el condominio, ofrece un ambiente seguro, tranquilo y familiar, ideal tanto para familias locales como para ejecutivos y compradores internacionales que buscan calidad de vida en Costa Rica. Su ubicación estratégica en Guachipelín Norte permite acceso inmediato a la Ruta 27, Santa Ana, Escazú y principales centros corporativos del oeste de San José. A pocos minutos de Multiplaza Escazú, Distrito 4, Avenida Escazú, Hospital CIMA, centros médicos, supermercados, restaurantes, gimnasios y reconocidos colegios internacionales como Blue Valley School, Saint Mary School, West College y Country Day School. La propiedad destaca por su diseño contemporáneo, techos de doble altura, excelente iluminación natural y espacios amplios pensados para el confort familiar. Precio de venta: USD $495,000 Cuota condominal: 220,000 colones Características principales: * 4 habitaciones * 4.5 baños * Habitación principal con balcón, aire acondicionado, walk-in closet y baño con doble lavatorio * Todas las habitaciones cuentan con walk-in closet y baño * Aire acondicionado en habitaciones y áreas sociales * Garage para 4 vehículos * Condominio boutique de solo 11 casas * Terraza y jardín privado * Ático * Tanque de captación de agua * Agua caliente en toda la casa * Cortinas y black out tipo screen roller instalados Distribución interna Primer nivel: * Sala de TV * Medio baño para visitas * Sala y comedor integrados * Cocina amplia con despensa * Cuarto de servicio con baño completo * Área de lavandería y tendido * Terraza y jardín * Garage para 4 vehículos Segundo nivel: * Sala de TV amplia con techo de doble altura * Habitación principal con balcón, walk-in closet y baño privado * Dormitorio secundario con walk-in closet y baño privado * Dos habitaciones secundarias con aire acondicionado que comparten baño Amenidades del condominio: * Seguridad 24/7 y CCTV * Piscina recreativa * Casa club * Área de BBQ Una excelente oportunidad para quienes buscan vivir en una zona de alta demanda, rodeada de servicios, colegios internacionales y centros corporativos, dentro de un condominio exclusivo y de pocas residencias. Agende su visita y conozca una de las mejores opciones residenciales en Guachipelín de Escazú.",Condo,4 Bedrooms,5+ Bathrooms,4+ Vehicles,,,,"{""Water""}",Riverfront|Urban,"{""River Valley""}",Walkable,,495000,USD,+50672934885,https://photos.encuentra24.com/t_or_fh_m/f_auto/v1/cr/32/00/09/93/32000993_b4f3d33|https://photos.encuentra24.com/t_or_fh_m/f_auto/v1/cr/32/00/09/93/32000993_d872f0981e379bfb0359bbfcc80bc0f8-b270fcd|https://photos.encuentra24.com/t_or_fh_m/f_auto/v1/cr/32/00/09/93/32000993_59f0f2d|https://photos.encuentra24.com/t_or_fh_m/f_auto/v1/cr/32/00/09/93/32000993_d872f0981e379bfb0359bbfcc80bc0f8-25c4fba|https://photos.encuentra24.com/t_or_fh_m/f_auto/v1/cr/32/00/09/93/32000993_d872f0981e379bfb0359bbfcc80bc0f8-daa03ab|https://photos.encuentra24.com/t_or_fh_m/f_auto/v1/cr/32/00/09/93/32000993_d872f0981e379bfb0359bbfcc80bc0f8-9989cc5|https://photos.encuentra24.com/t_or_fh_m/f_auto/v1/cr/32/00/09/93/32000993_d872f0981e379bfb0359bbfcc80bc0f8-ec262e2|https://photos.encuentra24.com/t_or_fh_m/f_auto/v1/cr/32/00/09/93/32000993_d872f0981e379bfb0359bbfcc80bc0f8-69f8466|https://photos.encuentra24.com/t_or_fh_m/f_auto/v1/cr/32/00/09/93/32000993_d872f0981e379bfb0359bbfcc80bc0f8-721f7b1|https://photos.encuentra24.com/t_or_fh_m/f_auto/v1/cr/32/00/09/93/32000993_d872f0981e379bfb0359bbfcc80bc0f8-041e00c|https://photos.encuentra24.com/t_or_fh_m/f_auto/v1/cr/32/00/09/93/32000993_d872f0981e379bfb0359bbfcc80bc0f8-b9adb82|https://photos.encuentra24.com/t_or_fh_m/f_auto/v1/cr/32/00/09/93/32000993_d872f0981e379bfb0359bbfcc80bc0f8-ab437ac|https://photos.encuentra24.com/t_or_fh_m/f_auto/v1/cr/32/00/09/93/32000993_d872f0981e379bfb0359bbfcc80bc0f8-23387f2|https://photos.encuentra24.com/t_or_fh_m/f_auto/v1/cr/32/00/09/93/32000993_d872f0981e379bfb0359bbfcc80bc0f8-5d40ed7|https://photos.encuentra24.com/t_or_fh_m/f_auto/v1/cr/32/00/09/93/32000993_d872f0981e379bfb0359bbfcc80bc0f8-001be3c|https://photos.encuentra24.com/t_or_fh_m/f_auto/v1/cr/32/00/09/93/32000993_d872f0981e379bfb0359bbfcc80bc0f8-8abb450|https://photos.encuentra24.com/t_or_fh_m/f_auto/v1/cr/32/00/09/93/32000993_d872f0981e379bfb0359bbfcc80bc0f8-651d9f8|https://photos.encuentra24.com/t_or_fh_m/f_auto/v1/cr/32/00/09/93/32000993_d872f0981e379bfb0359bbfcc80bc0f8-94e2a2b|https://photos.encuentra24.com/t_or_fh_m/f_auto/v1/cr/32/00/09/93/32000993_382a66b|https://photos.encuentra24.com/t_or_fh_m/f_auto/v1/cr/32/00/09/93/32000993_d872f0981e379bfb0359bbfcc80bc0f8-29005f1|https://photos.encuentra24.com/t_user_logo/v1/users/logo/17/17/37/84/17173784_52f3d3|https://photos.encuentra24.com/t_or_fh_m/f_auto/v1/cr/32/67/29/30/32672930_47105341c16a84824689175216de410c-b26f83d|https://photos.encuentra24.com/t_or_fh_m/f_auto/v1/cr/30/37/34/80/30373480_1fbc44|https://photos.encuentra24.com/t_or_fh_m/f_auto/v1/cr/29/01/28/90/29012890_c26e26|https://photos.encuentra24.com/t_or_fh_m/f_auto/v1/cr/32/65/00/29/32650029_367603c2147c478b4ad87953a7a6dc19-b83a2b9|https://photos.encuentra24.com/t_or_fh_m/f_auto/v1/cr/29/67/47/99/29674799_91008a|https://photos.encuentra24.com/t_or_fh_m/f_auto/v1/cr/32/11/91/59/32119159_475861b548eda90b081c81c6455af460-504b49b|https://photos.encuentra24.com/t_or_fh_m/f_auto/v1/cr/32/23/48/09/32234809_00cf920c7ee3afad07442096cc0dd2da-8af3710|https://photos.encuentra24.com/t_or_fh_m/f_auto/v1/cr/32/46/27/70/32462770_b9a17f2|https://photos.encuentra24.com/t_or_fh_m/f_auto/v1/cr/32/09/83/41/32098341_d1a1985222b247c241e2c71baa91d776-e235a1f|https://photos.encuentra24.com/t_or_fh_m/f_auto/v1/cr/31/91/24/95/31912495_6cf879|https://photos.encuentra24.com/t_or_fh_m/f_auto/v1/cr/32/09/04/70/32090470_adc8090|https://photos.encuentra24.com/t_or_fh_m/f_auto/v1/cr/32/65/93/25/32659325_a5eeb471877539fe0cd39437b0fbc8fa-f130c64|https://photos.encuentra24.com/t_or_fh_m/f_auto/v1/cr/32/09/78/80/32097880_352e58a6704b15d224955fa38998c771-7eab865|https://photos.encuentra24.com/t_or_fh_m/f_auto/v1/cr/32/00/48/67/32004867_9eb8e11
encuentra24,31518034,https://www.encuentra24.com/costa-rica-es/bienes-raices-venta-de-propiedades-apartamentos/nucleo-sabana-cerca-del-estadio-nacional-venta-apartamento-2-hab-2-banos-1-parq/31518034,sale,active,San José provincia,San José Capital,Mata Redonda,Núcleo Sabana cerca del Estadio Nacional/ Venta apartamento 2 HAB/ 2 BAÑOS / 1 PARQ,"2 habitaciones-2 baños-1 parqueo- excelentes áreas comunes Precio de venta: $ 230 000 con línea blanca incluida. Ubicación estratégica: Situado en un punto privilegiado, a 2KM del centro de San José pero lejos del bullicio de la ciudad. Fácil acceso a las principales autopistas del país. Además, se encuentra a pocos minutos del Parque Metropolitano La Sabana, el pulmón verde de la ciudad, rodeado de restaurantes, hoteles, bancos y mucho más. Características del apartamento: - amplia área social con cocina, comedor y sala integrados. - cocina con muebles de alta calidad y sobre de cuarzo blanco. - habitación principal con espacio para cama queen, walk-in clóset, baño privado, ventana de piso a techo y screen y balck out en ventana. - habitación secundaria con espacio para cama matrimonial y clóset - un baño completo de visitas - baños equipados con mamparas, espejo y mueble con lavamanos empotrado. - amplia área de lavandería con pila y centro de lavado. - amplios ventanales y balcón en la sala. -un parqueo techado Iluminación y ventilación ideales: El apartamento goza de una excelente entrada de luz natural y está orientado hacia el amanecer y el atardecer, lo que lo mantiene fresco durante todo el día. Amenidades del condominio Núcleo Sabana: - amplio gimnasio con equipo de última tecnología. - dos piscinas; una recreativa y otra con carriles de nado. - varias zonas de co-working, perfectas para trabajar desde casa. -cinema y sala de juegos para entretenimiento. - zonas de BBQ ideales para compartir con familia y amigos. - exclusiva zona gastronómica con una amplia oferta de restaurantes. - zona comercial y supermercado de conveniencia. - seguridad y conserjería 24/7 para mayor tranquilidad. ¡Vive con estilo y comodidad en Núcleo Sabana! Contáctanos para más información o para agendar una visita.",Condo,2 Bedrooms,2 Bathrooms,1 Vehicle,,,,"{""Electricity""}",Urban,{},Walkable,,230000,USD,+50687101286,https://photos.encuentra24.com/t_or_fh_m/f_auto/v1/cr/31/51/80/34/31518034_fcb351|https://photos.encuentra24.com/t_or_fh_m/f_auto/v1/cr/31/51/80/34/31518034_aa33fd|https://photos.encuentra24.com/t_or_fh_m/f_auto/v1/cr/31/51/80/34/31518034_0187a0|https://photos.encuentra24.com/t_or_fh_m/f_auto/v1/cr/31/51/80/34/31518034_9a7c48|https://photos.encuentra24.com/t_or_fh_m/f_auto/v1/cr/31/51/80/34/31518034_8bd333|https://photos.encuentra24.com/t_or_fh_m/f_auto/v1/cr/31/51/80/34/31518034_982388|https://photos.encuentra24.com/t_or_fh_m/f_auto/v1/cr/31/51/80/34/31518034_a1561d|https://photos.encuentra24.com/t_or_fh_m/f_auto/v1/cr/31/51/80/34/31518034_0df2d5|https://photos.encuentra24.com/t_or_fh_m/f_auto/v1/cr/31/51/80/34/31518034_17c8f8|https://photos.encuentra24.com/t_or_fh_m/f_auto/v1/cr/31/51/80/34/31518034_b466d3|https://photos.encuentra24.com/t_or_fh_m/f_auto/v1/cr/31/51/80/34/31518034_ed900c|https://photos.encuentra24.com/t_or_fh_m/f_auto/v1/cr/31/51/80/34/31518034_48a7b5|https://photos.encuentra24.com/t_or_fh_m/f_auto/v1/cr/31/51/80/34/31518034_ec8d1f|https://photos.encuentra24.com/t_or_fh_m/f_auto/v1/cr/31/51/80/34/31518034_c62770|https://photos.encuentra24.com/t_or_fh_m/f_auto/v1/cr/31/51/80/34/31518034_b0651b|https://photos.encuentra24.com/t_or_fh_m/f_auto/v1/cr/31/51/80/34/31518034_3bde7b|https://photos.encuentra24.com/t_or_fh_m/f_auto/v1/cr/31/51/80/34/31518034_febad1|https://photos.encuentra24.com/t_or_fh_m/f_auto/v1/cr/31/51/80/34/31518034_0b5784|https://photos.encuentra24.com/t_or_fh_m/f_auto/v1/cr/31/51/80/34/31518034_a3f75b|https://photos.encuentra24.com/t_or_fh_m/f_auto/v1/cr/31/51/80/34/31518034_f0fcab|https://photos.encuentra24.com/t_cnseal/v1594676252/cnseal/5f0cd41c4a555_Bildschirmfotocccbr.png|https://photos.encuentra24.com/t_or_fh_m/f_auto/v1/cr/32/28/64/66/32286466_b9073ef381832ef6f20ec7954934b55b-3a37064|https://photos.encuentra24.com/t_or_fh_m/f_auto/v1/cr/32/65/73/76/32657376_00a67c9d8f66762c095b6c56e9884c18-4ead3f5|https://photos.encuentra24.com/t_or_fh_m/f_auto/v1/cr/32/45/77/56/32457756_04aabc2|https://photos.encuentra24.com/t_or_fh_m/f_auto/v1/cr/32/65/13/06/32651306_9c8d2f|https://photos.encuentra24.com/t_or_fh_m/f_auto/v1/cr/32/29/06/66/32290666_65ea23d|https://photos.encuentra24.com/t_or_fh_m/f_auto/v1/cr/32/35/19/26/32351926_7502e05b807da2e10b4606d14d1071f9-e479f80|https://photos.encuentra24.com/t_or_fh_m/f_auto/v1/cr/32/62/83/16/32628316_65da7c|https://photos.encuentra24.com/t_or_fh_m/f_auto/v1/cr/32/01/01/56/32010156_6755ad0|https://photos.encuentra24.com/t_or_fh_m/f_auto/v1/cr/32/41/12/89/32411289_dfbf685|https://photos.encuentra24.com/t_or_fh_m/f_auto/v1/cr/31/79/86/38/31798638_cec4aae|https://photos.encuentra24.com/t_or_fh_m/f_auto/v1/cr/32/34/21/14/32342114_90edee2|https://photos.encuentra24.com/t_or_fh_m/f_auto/v1/cr/31/72/15/93/31721593_a82316|https://photos.encuentra24.com/t_or_fh_m/f_auto/v1/cr/31/82/52/33/31825233_879902|https://photos.encuentra24.com/t_or_fh_m/f_auto/v1/cr/31/96/19/78/31961978_eac4cce
encuentra24,32581416,https://www.encuentra24.com/costa-rica-es/bienes-raices-venta-de-propiedades-apartamentos/venta-de-apartamento-tipo-studio-en-torre-bo-escalante/32581416,sale,active,San José provincia,San José Capital,Barrio Escalante,VENTA DE APARTAMENTO TIPO STUDIO EN TORRE BO ESCALANTE,"VENTA DE APARTAMENTO TIPO STUDIO EN TORRE BO ESCALANTE Barrio Escalante | Piso 14 | Impresionantes vistas Excelente oportunidad para vivir o invertir en una de las zonas más exclusivas y de mayor plusvalía de San José. Este moderno apartamento tipo Studio se ubica en el piso 14 de Torre Bo Escalante y cuenta con 36 m² habitables, distribuidos de manera funcional para aprovechar al máximo cada espacio. Características: Apartamento tipo Studio Cocina equipada Refrigeradora y microondas completamente nuevos 1 baño con mamparas de vidrio Aire acondicionado instalado Hermosas vistas de la ciudad Además, Torre Bo ofrece una amplia variedad de amenidades de primer nivel que elevan la experiencia de vivir o invertir en esta exclusiva torre. Precio de venta: $144.000 Precio por debajo del avalúo bancario Excelente opción para inversión Venta urgente Una oportunidad difícil de encontrar en esta ubicación y rango de precio. Contáctenos hoy mismo y agende su visita. No deje pasar esta excelente oportunidad de inversión.",Condo,,2 Bathrooms,,,<50m²,<100m²,{},Riverfront|Urban,{},,,144000,USD,+50661228119,https://photos.encuentra24.com/t_or_fh_m/f_auto/v1/cr/32/58/14/16/32581416_30a4cb4285965f03eb2c0c90e7682c89-bc56ad2|https://photos.encuentra24.com/t_or_fh_m/f_auto/v1/cr/32/58/14/16/32581416_30a4cb4285965f03eb2c0c90e7682c89-89386e3|https://photos.encuentra24.com/t_or_fh_m/f_auto/v1/cr/32/58/14/16/32581416_30a4cb4285965f03eb2c0c90e7682c89-8ce76a6|https://photos.encuentra24.com/t_or_fh_m/f_auto/v1/cr/32/58/14/16/32581416_30a4cb4285965f03eb2c0c90e7682c89-07d334d|https://photos.encuentra24.com/t_or_fh_m/f_auto/v1/cr/32/58/14/16/32581416_30a4cb4285965f03eb2c0c90e7682c89-5624c37|https://photos.encuentra24.com/t_or_fh_m/f_auto/v1/cr/32/58/14/16/32581416_30a4cb4285965f03eb2c0c90e7682c89-499cffc|https://photos.encuentra24.com/t_or_fh_m/f_auto/v1/cr/32/58/14/16/32581416_30a4cb4285965f03eb2c0c90e7682c89-5eb2b3f|https://photos.encuentra24.com/t_or_fh_m/f_auto/v1/cr/32/58/14/16/32581416_30a4cb4285965f03eb2c0c90e7682c89-7955a69|https://photos.encuentra24.com/t_or_fh_m/f_auto/v1/cr/32/58/14/16/32581416_30a4cb4285965f03eb2c0c90e7682c89-7139933|https://photos.encuentra24.com/t_or_fh_m/f_auto/v1/cr/32/58/14/16/32581416_30a4cb4285965f03eb2c0c90e7682c89-ba46380|https://photos.encuentra24.com/t_user_logo/v1/users/logo/29/18/52/2918523_07410d|https://photos.encuentra24.com/t_cnseal/v1697642511/cnseal/652ff80f42db6_Verified%20badge.png|https://photos.encuentra24.com/t_or_fh_m/f_auto/v1/cr/32/11/72/64/32117264_a34c9a4|https://photos.encuentra24.com/t_or_fh_m/f_auto/v1/cr/32/50/11/84/32501184_69c7969ec567bb0ba4a053fcfa6b7e63-823c180|https://photos.encuentra24.com/t_or_fh_m/f_auto/v1/cr/32/34/32/63/32343263_862a2db|https://photos.encuentra24.com/t_or_fh_m/f_auto/v1/cr/31/91/77/33/31917733_beba2c|https://photos.encuentra24.com/t_or_fh_m/f_auto/v1/cr/32/64/38/02/32643802_6a87723|https://photos.encuentra24.com/t_or_fh_m/f_auto/v1/cr/31/06/72/92/31067292_ea7cf0f|https://photos.encuentra24.com/t_or_fh_m/f_auto/v1/cr/32/55/03/12/32550312_13c415be702ff55d93dd2201d2eb81fc-1ebb707|https://photos.encuentra24.com/t_or_fh_m/f_auto/v1/cr/32/58/16/21/32581621_5deaf3c2d961868913af42be90c59cb8-c545af4|https://photos.encuentra24.com/t_or_fh_m/f_auto/v1/cr/32/59/51/35/32595135_33438f0|https://photos.encuentra24.com/t_or_fh_m/f_auto/v1/cr/32/65/00/16/32650016_b84195e7aa4967f5e350a98b3284f99a-e224d37|https://photos.encuentra24.com/t_or_fh_m/f_auto/v1/cr/32/60/64/66/32606466_ede0b2f7db6efe5f50630336d7c4e185-5df7295|https://photos.encuentra24.com/t_or_fh_m/f_auto/v1/cr/32/28/51/81/32285181_cf0786883d6f5ace0141a80ca54bced3-8147f32|https://photos.encuentra24.com/t_or_fh_m/f_auto/v1/cr/32/38/89/60/32388960_070403d|https://photos.encuentra24.com/t_or_fh_m/f_auto/v1/cr/32/29/68/91/32296891_a6cbe2a35c4d71ef599db632d9852f54-269a204
encuentra24,32001788,https://www.encuentra24.com/costa-rica-es/bienes-raices-venta-de-propiedades-lotes-y-terrenos/punta-leona-lote-playa-en-condominio-hasta-para-16-apartamentos-villa-leona-a-1h-de-san-jose/32001788,sale,active,Puntarenas provincia,Garabito,Herradura,Punta Leona lote Playa en Condominio hasta para 16 apartamentos Villa Leona a 1h de San Jose,"Punta Leona lote de Playa en condominio Villa Leona…..a 1h de San Jose Compre su lote soñado en el exclusivo Condominio Villa Leona, en Punta Leona, donde disfrutará de 2 lindas playas, Playa Mantas y Playa Blanca, la playa de arena blanca más linda y más cercana a San José, a tan solo 1h. Empiece a ser parte de este prestigioso Club de Playa y si desea adquirir una acción, tambien tenemos acciones privilegiadas a la venta. Este lote es parte del Condominio Villa Leona, un desarrollo privado donde ya existen algunas casas de lujo construidas. Villa Leona NO está a la orilla del mar ni sobre ningún acantilado que de al mar. Villa Leona está más bien inmerso en el bosque. Al ser un condominio privado, Villa Leona tiene sus propias reglas y eso le dará la gran ventaja de poder ingresar a sus invitados, aún y cuando en el resto del Club Punta Leona, esté restringido el ingreso de invitados durante la temporada alta. El ingreso a Villa Leona es permitido únicamente a los condóminos, lo que le brinda mucha seguridad a todos los residentes. Este lote tiene un área de 2,492m2, se ubica justo al lado izquierdo de la caseta de seguridad en el ingreso, tiene frente a calle pública por lo que tiene excelente exposición, y también tiene frente a la calle interna del condominio, por donde eventualmente sería el ingreso al lote. El principal atractivo de este lote, además de su belleza natural y de ser parte de este exclusivo condominio, es que tiene el permiso para construir (16) unidades habitacionales. Este beneficio, EXCLUSIVO de este lote, lo hace muy atractivo para todos los desarrolladores. Usted puede construir su casa y dejar el resto del lote para más adelante construir 2 torres de apartamentos. La ventaja natural que brinda el terreno, genera un aislamiento visual y sonoro con respecto a los vecinos, y hace que la casa y los apartamentos que usted construya, de repente, se encuentren inmersos entre la vegetación y la música del viento que viaja entre los árboles de esta hermosa finca filial. Una vez construído su proyecto en este bello terreno, y haciéndose socio del Club Punta Leona, usted podrá empezar a gozar de todas las instalaciones que este prestigioso club de playa ofrece. Entre ellas, cancha de futbol protegida con malla, canchas de tenis y de volibol de playa, ping pong, mini golf, piscina exclusiva para niños y otras 2 lindas piscinas, discoteca, salon de eventos, (3) restaurantes, bar entre piscinas, iglesia, hotel, apartamentos y villas para ser alquiladas con precios con descuentos especiales para los socios, sillas y sombrillas de playa, toallas, actividades en piscinas y en la playa, mariposario, jungle trails, bosque virgen para ser descubierto, supermercados, heladería Pops, tours privados de todo tipo, seguridad 24/7, enfermería, agencia de viajes, y mucho más. Además, siendo socio, usted podrá manejar su auto hasta la paradisiáca y exclusiva Playa Blanca, y estacionar en el estacionamiento privado del Club. La otra bella playa que puede visitar es Playa Mantas, la cual está a unos cuantos pasos del area de piscina del Club. Si usted adquiere nuestra acción privilegiada, la cual le otorga voz y voto, por tan solo $2,000 USD, muy abajo del precio de mercado, obtendrá la enorme ventaja y el beneficio de que estas acciones pueden ser traspasadas varias veces, de usted a sus hijos o a cualquier persona a quien usted quiera vendérsela, sin necesidad de pagarle costos ni gastos al Club por el traspaso. Estas acciones privilegiadas simplemente se endosan y se le reporta al Club acerca de la transacción y del traspaso para el debido registro. Dese una vuelta por este condominio de playa, que queda a tan solo 1h de San José, para que se enamore y adquiera esta hermosa y exclusiva propiedad, y empiece a disfrutar de la vida……desde ya. Poder abandonar el trajin de la ciudad manejando tan solo 1 hora, es una gran comodidad que muchos envidiarían poder disfrutar. Aproveche su cercanía a Playas Jacó, Esterillos, Herradura, Quepos, y al Parque Nacional Manuel Antonio.",Condo,,5+ Bathrooms,,,,"1,000–5,000m²","{""Municipal Water""}",Beachfront|Jungle|Urban,"{""Forested""}",,,130000,USD,+50688145191,https://photos.encuentra24.com/t_or_fh_m/f_auto/v1/cr/32/00/17/88/32001788_00f7817|https://photos.encuentra24.com/t_or_fh_m/f_auto/v1/cr/32/00/17/88/32001788_fba7b4e|https://photos.encuentra24.com/t_or_fh_m/f_auto/v1/cr/32/00/17/88/32001788_a4f9bbf|https://photos.encuentra24.com/t_or_fh_m/f_auto/v1/cr/32/00/17/88/32001788_96a2afb|https://photos.encuentra24.com/t_or_fh_m/f_auto/v1/cr/32/00/17/88/32001788_dab3c86|https://photos.encuentra24.com/t_or_fh_m/f_auto/v1/cr/32/00/17/88/32001788_78b3768|https://photos.encuentra24.com/t_or_fh_m/f_auto/v1/cr/32/00/17/88/32001788_06c2459|https://photos.encuentra24.com/t_or_fh_m/f_auto/v1/cr/32/00/17/88/32001788_370b982|https://photos.encuentra24.com/t_or_fh_m/f_auto/v1/cr/32/00/17/88/32001788_dc03095|https://photos.encuentra24.com/t_or_fh_m/f_auto/v1/cr/32/00/17/88/32001788_56c604b|https://photos.encuentra24.com/t_or_fh_m/f_auto/v1/cr/32/00/17/88/32001788_120e04a|https://photos.encuentra24.com/t_or_fh_m/f_auto/v1/cr/32/00/17/88/32001788_dfae559|https://photos.encuentra24.com/t_or_fh_m/f_auto/v1/cr/32/00/17/88/32001788_fc9c92d|https://photos.encuentra24.com/t_or_fh_m/f_auto/v1/cr/32/00/17/88/32001788_ad55183|https://photos.encuentra24.com/t_or_fh_m/f_auto/v1/cr/32/00/17/88/32001788_6fd2083|https://photos.encuentra24.com/t_or_fh_m/f_auto/v1/cr/32/00/17/88/32001788_935e056|https://photos.encuentra24.com/t_or_fh_m/f_auto/v1/cr/32/00/17/88/32001788_58866cc|https://photos.encuentra24.com/t_or_fh_m/f_auto/v1/cr/32/00/17/88/32001788_f9b8221|https://photos.encuentra24.com/t_or_fh_m/f_auto/v1/cr/32/00/17/88/32001788_ea9d6d8|https://photos.encuentra24.com/t_or_fh_m/f_auto/v1/cr/25/74/19/49/25741949_9eaeb8|https://photos.encuentra24.com/t_or_fh_m/f_auto/v1/cr/32/42/79/38/32427938_ecc8b5340398512ec1a841000532150a-b53e292|https://photos.encuentra24.com/t_or_fh_m/f_auto/v1/cr/28/67/44/66/28674466_33d9a6|https://photos.encuentra24.com/t_or_fh_m/f_auto/v1/cr/28/92/21/93/28922193_d522b0|https://photos.encuentra24.com/t_or_fh_m/f_auto/v1/cr/31/40/49/76/31404976_edcd1b|https://photos.encuentra24.com/t_or_fh_m/f_auto/v1/cr/29/90/14/69/29901469_608550b|https://photos.encuentra24.com/t_or_fh_m/f_auto/v1/cr/25/79/51/49/25795149_43118f|https://photos.encuentra24.com/t_or_fh_m/f_auto/v1/cr/32/01/02/20/32010220_cb6c1bb6d235fc4c690a111ddd0109b7-2ae8d48|https://photos.encuentra24.com/t_or_fh_m/f_auto/v1/cr/29/93/48/74/29934874_225c16|https://photos.encuentra24.com/t_or_fh_m/f_auto/v1/cr/32/65/52/03/32655203_96d6d1a96457ce74acd6e5f7913491c6-f0abaaa|https://photos.encuentra24.com/t_or_fh_m/f_auto/v1/cr/29/94/98/46/29949846_39323b|https://photos.encuentra24.com/t_or_fh_m/f_auto/v1/cr/32/17/52/30/32175230_5cecd90|https://photos.encuentra24.com/t_or_fh_m/f_auto/v1/cr/32/37/44/23/32374423_d5d4447|https://photos.encuentra24.com/t_or_fh_m/f_auto/v1/cr/32/00/05/92/32000592_386dfd7
encuentra24,32582405,https://www.encuentra24.com/costa-rica-es/bienes-raices-venta-de-propiedades-casas/se-vende-casa-de-lujo-en-bosques-de-lindora-santa-ana-una-planta-piscina/32582405,sale,active,San José provincia,Santa Ana,Lindora,"Se Vende Casa de Lujo en Bosques de Lindora, Santa Ana | Una Planta + Piscina","Ubicada en Bosques de Lindora, una de las comunidades residenciales más exclusivas y de mayor plusvalía del oeste de San José, esta espectacular residencia combina lujo, comodidad y funcionalidad en un entorno privilegiado. A pocos minutos de supermercados, restaurantes, oficentros, centros comerciales y reconocidos colegios internacionales, ofrece una ubicación inmejorable para quienes buscan calidad de vida y conveniencia. El residencial cuenta con seguridad 24/7, amplias áreas verdes, casa club, piscina y amenidades diseñadas para el disfrute de toda la familia. La propiedad destaca por su diseño arquitectónico inteligente, donde prácticamente toda la casa se desarrolla en una sola planta, brindando comodidad, accesibilidad y amplitud. La habitación principal cuenta con un amplio baño y dos walk-in closets, mientras que las dos habitaciones secundarias disponen de baño privado. Todos los dormitorios se encuentran en el nivel principal junto con las áreas sociales y familiares. ### Distribución * Habitación principal con amplio baño y dos walk-in closets. * 2 habitaciones secundarias, cada una con baño privado. * Habitación flexible con baño completo y closet, ideal para visitas, sala de juegos, oficina privada o sala de TV. * Oficina independiente. * Sala de televisión. * Sala formal. * Comedor independiente. * Cocina de lujo con línea blanca de alta gama. * Cava para vinos. * Terraza techada con bar. * Piscina privada. * Cuarto de servicio completo. * Área de lavandería. * 5.5 baños en total. ### Características Destacadas * Diseño principalmente de una sola planta. * Acabados de primera calidad. * Excelente iluminación natural. * Amplios espacios interiores y exteriores. * Piscina privada rodeada de jardines. * Garaje para 2 vehículos bajo techo. * Espacio adicional para aproximadamente 4 vehículos dentro de la propiedad. * Ideal para familias que buscan privacidad, comodidad y exclusividad. Una residencia única en una de las ubicaciones más cotizadas de Costa Rica, diseñada para disfrutar de un estilo de vida sofisticado, rodeado de tranquilidad y con acceso inmediato a todos los servicios de Lindora.",House,4 Bedrooms,5+ Bathrooms,4+ Vehicles,,,,{},Urban,"{""Steep Slope"",""Forested""}",Walkable,,2200000,USD,+50683293442,https://photos.encuentra24.com/t_or_fh_m/f_auto/v1/cr/32/58/24/05/32582405_b6895aebdec1857a5f0e36b380392b25-9ab561d|https://photos.encuentra24.com/t_or_fh_m/f_auto/v1/cr/32/58/24/05/32582405_b6895aebdec1857a5f0e36b380392b25-c795fe5|https://photos.encuentra24.com/t_or_fh_m/f_auto/v1/cr/32/58/24/05/32582405_b6895aebdec1857a5f0e36b380392b25-ac7d91d|https://photos.encuentra24.com/t_or_fh_m/f_auto/v1/cr/32/58/24/05/32582405_b6895aebdec1857a5f0e36b380392b25-ac24dd3|https://photos.encuentra24.com/t_or_fh_m/f_auto/v1/cr/32/58/24/05/32582405_b6895aebdec1857a5f0e36b380392b25-02a8663|https://photos.encuentra24.com/t_or_fh_m/f_auto/v1/cr/32/58/24/05/32582405_b6895aebdec1857a5f0e36b380392b25-61f172c|https://photos.encuentra24.com/t_or_fh_m/f_auto/v1/cr/32/58/24/05/32582405_b6895aebdec1857a5f0e36b380392b25-20ce4c5|https://photos.encuentra24.com/t_or_fh_m/f_auto/v1/cr/32/58/24/05/32582405_b6895aebdec1857a5f0e36b380392b25-2b657ea|https://photos.encuentra24.com/t_or_fh_m/f_auto/v1/cr/32/58/24/05/32582405_b6895aebdec1857a5f0e36b380392b25-8036511|https://photos.encuentra24.com/t_or_fh_m/f_auto/v1/cr/32/58/24/05/32582405_b6895aebdec1857a5f0e36b380392b25-c70ae1f|https://photos.encuentra24.com/t_or_fh_m/f_auto/v1/cr/32/58/24/05/32582405_b6895aebdec1857a5f0e36b380392b25-94f9688|https://photos.encuentra24.com/t_or_fh_m/f_auto/v1/cr/32/58/24/05/32582405_b6895aebdec1857a5f0e36b380392b25-94d4ba8|https://photos.encuentra24.com/t_or_fh_m/f_auto/v1/cr/32/58/24/05/32582405_b6895aebdec1857a5f0e36b380392b25-cbf8fb0|https://photos.encuentra24.com/t_or_fh_m/f_auto/v1/cr/32/58/24/05/32582405_b6895aebdec1857a5f0e36b380392b25-6cd6d63|https://photos.encuentra24.com/t_or_fh_m/f_auto/v1/cr/32/58/24/05/32582405_b6895aebdec1857a5f0e36b380392b25-dae5781|https://photos.encuentra24.com/t_or_fh_m/f_auto/v1/cr/32/58/24/05/32582405_b6895aebdec1857a5f0e36b380392b25-933a37e|https://photos.encuentra24.com/t_or_fh_m/f_auto/v1/cr/32/58/24/05/32582405_b6895aebdec1857a5f0e36b380392b25-87d2c38|https://photos.encuentra24.com/t_or_fh_m/f_auto/v1/cr/32/58/24/05/32582405_b6895aebdec1857a5f0e36b380392b25-5b1cc9d|https://photos.encuentra24.com/t_or_fh_m/f_auto/v1/cr/32/58/24/05/32582405_b6895aebdec1857a5f0e36b380392b25-abbc077|https://photos.encuentra24.com/t_user_logo/v1/users/logo/12/87/99/1287996_fa63f7|https://photos.encuentra24.com/t_or_fh_m/f_auto/v1/cr/32/26/48/06/32264806_dbad0fffa888dbd253f0e47c0fa6f34b-3021ed7|https://photos.encuentra24.com/t_or_fh_m/f_auto/v1/cr/30/98/20/86/30982086_143834|https://photos.encuentra24.com/t_or_fh_m/f_auto/v1/cr/32/06/35/44/32063544_3218d572881be6f243e5811d53ec01bf-7044555|https://photos.encuentra24.com/t_or_fh_m/f_auto/v1/cr/32/47/72/22/32477222_990152f7a2790cabae577e91acd60b93-50fb409|https://photos.encuentra24.com/t_or_fh_m/f_auto/v1/cr/32/03/74/42/32037442_6a9433e02f3c1d2d85d1db2adf47e85d-62f4e49|https://photos.encuentra24.com/t_or_fh_m/f_auto/v1/cr/32/52/60/11/32526011_c6d55ec|https://photos.encuentra24.com/t_or_fh_m/f_auto/v1/cr/31/90/08/11/31900811_d2be14|https://photos.encuentra24.com/t_or_fh_m/f_auto/v1/cr/32/62/99/10/32629910_5ab57cf313f3140ff4b9ac31927e9c80-30a3eae|https://photos.encuentra24.com/t_or_fh_m/f_auto/v1/cr/29/06/87/15/29068715_3c6d79|https://photos.encuentra24.com/t_or_fh_m/f_auto/v1/cr/31/30/40/93/31304093_c95c73|https://photos.encuentra24.com/t_or_fh_m/f_auto/v1/cr/30/74/62/61/30746261_04372c|https://photos.encuentra24.com/t_or_fh_m/f_auto/v1/cr/31/92/12/05/31921205_58030a|https://photos.encuentra24.com/t_or_fh_m/f_auto/v1/cr/32/40/52/27/32405227_5e9f5a49e41338fc6b6638728beefc22-283520a|https://photos.encuentra24.com/t_or_fh_m/f_auto/v1/cr/29/03/53/65/29035365_c83a52
encuentra24,32486533,https://www.encuentra24.com/costa-rica-es/bienes-raices-venta-de-propiedades-apartamentos/escazu-amueblado-3-habitaciones-amenidades/32486533,sale,active,San José provincia,Escazú,Escazú,Escazu - Amueblado - 3 Habitaciones - Amenidades,"¡Descubre el lugar perfecto para llamar hogar en el corazón de Escazú! Este impresionante departamento en venta es el epítome de la sofisticación y el confort. Completamente amueblado con piezas de alta gama, cada rincón de este espacio refleja un diseño digno de portada de revista, ofreciendo un ambiente listo para que simplemente te mudes y comiences a disfrutar. Ubicado en un exclusivo condominio, este departamento ofrece acceso fácil a las principales áreas de la ciudad y está equipado con una variedad de amenidades que enriquecen tu día a día. Disfruta de la piscina bajo el cálido sol de Costa Rica, organiza una parrillada en la zona BBQ, o mantente en forma en el gimnasio de última generación. ¿Trabajas desde casa? El espacio de coworking es ideal para maximizar tu productividad. Con 159 m² de superficie Y 115m2 de construcción, el departamento es amplio y luminoso, con 3 habitaciones cómodas, 2 de ellas con aire acondicionado, y 2.5 baños que aseguran total comodidad y privacidad. También cuenta con un espacio de bodega. La joya de la corona es su amplia terraza, el lugar perfecto para disfrutar del aire libre y las reuniones con amigos y familiares, equipada para instalar una parrillera. Construido en 2015, este hogar moderno ofrece un solo nivel para tu comodidad, con una cocina equipada, terraza cubierta y despensa. Además, cuenta con 2 estacionamientos cubiertos y acceso controlado para tu tranquilidad. El edificio ofrece seguridad 24 horas, elevador, y zonas verdes y multiple amenidades para el disfrute de toda la familia. No dejes pasar la oportunidad de vivir en un entorno donde el lujo, la comodidad y la ubicación se fusionan para ofrecerte un estilo de vida sin igual. Actualmente se encuentra alquilado en US$2,000.00 hasta el mes de septiembre del 2026, los actuales inquilinos están interesados en continuar con el alquiler si el nuevo propietario está de acuerdo. El precio de venta incluye los muebles ¡Contáctanos hoy mismo para agendar una visita y experimentar por ti mismo lo que este increíble lugar tiene para ofrecer!",Condo,3 Bedrooms,3 Bathrooms,2 Vehicles,,,,{},Riverfront|Urban,{},,,279000,USD,+50683764740,https://photos.encuentra24.com/t_or_fh_m/f_auto/v1/cr/32/48/65/33/32486533_1a153d4bc310b0349695a10b6932ffaa-dd09a75|https://photos.encuentra24.com/t_or_fh_m/f_auto/v1/cr/32/48/65/33/32486533_1a153d4bc310b0349695a10b6932ffaa-baf1b89|https://photos.encuentra24.com/t_or_fh_m/f_auto/v1/cr/32/48/65/33/32486533_1a153d4bc310b0349695a10b6932ffaa-4e9f9fd|https://photos.encuentra24.com/t_or_fh_m/f_auto/v1/cr/32/48/65/33/32486533_1a153d4bc310b0349695a10b6932ffaa-6a9e43f|https://photos.encuentra24.com/t_or_fh_m/f_auto/v1/cr/32/48/65/33/32486533_1a153d4bc310b0349695a10b6932ffaa-5ef8ac4|https://photos.encuentra24.com/t_or_fh_m/f_auto/v1/cr/32/48/65/33/32486533_1a153d4bc310b0349695a10b6932ffaa-d2a04b7|https://photos.encuentra24.com/t_or_fh_m/f_auto/v1/cr/32/48/65/33/32486533_1a153d4bc310b0349695a10b6932ffaa-17f8949|https://photos.encuentra24.com/t_or_fh_m/f_auto/v1/cr/32/48/65/33/32486533_1a153d4bc310b0349695a10b6932ffaa-178d6a2|https://photos.encuentra24.com/t_or_fh_m/f_auto/v1/cr/32/48/65/33/32486533_1a153d4bc310b0349695a10b6932ffaa-adb2121|https://photos.encuentra24.com/t_or_fh_m/f_auto/v1/cr/32/48/65/33/32486533_1a153d4bc310b0349695a10b6932ffaa-1640106|https://photos.encuentra24.com/t_or_fh_m/f_auto/v1/cr/32/48/65/33/32486533_1a153d4bc310b0349695a10b6932ffaa-676ab09|https://photos.encuentra24.com/t_or_fh_m/f_auto/v1/cr/32/48/65/33/32486533_1a153d4bc310b0349695a10b6932ffaa-d62f660|https://photos.encuentra24.com/t_or_fh_m/f_auto/v1/cr/32/48/65/33/32486533_1a153d4bc310b0349695a10b6932ffaa-779a788|https://photos.encuentra24.com/t_or_fh_m/f_auto/v1/cr/32/48/65/33/32486533_1a153d4bc310b0349695a10b6932ffaa-226c0ee|https://photos.encuentra24.com/t_or_fh_m/f_auto/v1/cr/32/48/65/33/32486533_1a153d4bc310b0349695a10b6932ffaa-e3f8a67|https://photos.encuentra24.com/t_or_fh_m/f_auto/v1/cr/32/48/65/33/32486533_1a153d4bc310b0349695a10b6932ffaa-269519f|https://photos.encuentra24.com/t_or_fh_m/f_auto/v1/cr/32/48/65/33/32486533_1a153d4bc310b0349695a10b6932ffaa-ba4143a|https://photos.encuentra24.com/t_user_logo/v1/users/logo/78/95/27/789527_675514|https://photos.encuentra24.com/t_cnseal/v1594676252/cnseal/5f0cd41c4a555_Bildschirmfotocccbr.png|https://photos.encuentra24.com/t_or_fh_m/f_auto/v1/cr/32/57/16/01/32571601_43fd28|https://photos.encuentra24.com/t_or_fh_m/f_auto/v1/cr/32/61/65/21/32616521_9ba1637d68ea56272da1ead98601a832-d3f57c6|https://photos.encuentra24.com/t_or_fh_m/f_auto/v1/cr/30/38/88/11/30388811_9a04f5|https://photos.encuentra24.com/t_or_fh_m/f_auto/v1/cr/32/46/81/91/32468191_8dfff03|https://photos.encuentra24.com/t_or_fh_m/f_auto/v1/cr/31/54/49/41/31544941_204b05|https://photos.encuentra24.com/t_or_fh_m/f_auto/v1/cr/32/59/36/70/32593670_3f73457f1cfe830af86eb64543531304-ba9afbb|https://photos.encuentra24.com/t_or_fh_m/f_auto/v1/cr/32/49/41/50/32494150_11728c4ef012774200f74e55b7e5bb4d-d77a4f9|https://photos.encuentra24.com/t_or_fh_m/f_auto/v1/cr/30/74/37/75/30743775_790ad2c|https://photos.encuentra24.com/t_or_fh_m/f_auto/v1/cr/32/60/73/83/32607383_a280d3e9f674626d98032822c06ec4b2-64ab70a|https://photos.encuentra24.com/t_or_fh_m/f_auto/v1/cr/32/60/74/64/32607464_81200a7f77fc1442722dd4d95b23684b-f95cc1b|https://photos.encuentra24.com/t_or_fh_m/f_auto/v1/cr/32/60/75/67/32607567_90c4a2683ac2b62605f386e83af0126f-7c69a97|https://photos.encuentra24.com/t_or_fh_m/f_auto/v1/cr/32/61/00/44/32610044_54b7ef0|https://photos.encuentra24.com/t_or_fh_m/f_auto/v1/cr/32/51/34/35/32513435_fb9bfac|https://photos.encuentra24.com/t_or_fh_m/f_auto/v1/cr/32/61/01/79/32610179_c80d11ce6c901b26886d9a0f6b7b06fd-ef48bd7
encuentra24,31519946,https://www.encuentra24.com/costa-rica-es/bienes-raices-venta-de-propiedades-fincas/inversion-costa-rica/31519946,sale,active,Guanacaste provincia,Santa Cruz,Tamarindo,INVERSION COSTA RICA,"VENTA DE FINCA UBICACION: HERNANDEZ, TAMARINDO, SANTA CRUZ, GUANACASTE RUTA 152 INTERSECCION SAN JOSE PINILLA -TAMARINDO Acceso desde la carretera principal a Playa Tamarindo PRECIO EXPRESADO EN DOLARES AMERICANOS USD Debidamente inscrita ante el Registro de la propiedad (Titulada) Area total : 816.627 m2. (81,6 hectareas- 201 acres) Topografia Mixta con colinas y areas planas vista a Playa Avellanas, Playa Tamarindo, Playa Negra Altitud entre 50 mts y 200 mts sobre el nivel de el mar Nacientes naturales de agua para autoabastecimiento Area de extraccion de lastre para construccion Potencial de desarrollo: - Condominios, villas, Wellnes retreats, Quintas ecologicas - Centros de retiro medico o turismo de bienestar - Ubicacion sin plan regulador: Permite desarrollo flexible - Alta plusvalia y crecimiento turistico constante Distancias estrategicas: - 5 millas de Playa Avellanas - 6 millas de Playa Tamarindo - 42 millas del aeropuerto Daniel Oduber",Condo,,,,,,>5 Hectares,"{""Municipal Water"",""Well Water"",""Water""}",Beachfront|Urban,{},,,100000000,USD,+50660716594,https://photos.encuentra24.com/t_or_fh_m/f_auto/v1/cr/31/51/99/46/31519946_eeaebb|https://photos.encuentra24.com/t_or_fh_m/f_auto/v1/cr/31/51/99/46/31519946_2c2e5e|https://photos.encuentra24.com/t_or_fh_m/f_auto/v1/cr/31/51/99/46/31519946_f3ec41|https://photos.encuentra24.com/t_or_fh_m/f_auto/v1/cr/31/51/99/46/31519946_a1f48f|https://photos.encuentra24.com/t_or_fh_m/f_auto/v1/cr/31/51/99/46/31519946_fd491f|https://photos.encuentra24.com/t_or_fh_m/f_auto/v1/cr/31/51/99/46/31519946_7d40ae|https://photos.encuentra24.com/t_or_fh_m/f_auto/v1/cr/31/51/99/46/31519946_2f2d93|https://photos.encuentra24.com/t_or_fh_m/f_auto/v1/cr/31/51/99/46/31519946_21ddf2
encuentra24,31133557,https://www.encuentra24.com/costa-rica-es/bienes-raices-venta-de-propiedades-negocios/propiedad-comercial-premium-zonas-verdes-salones-piscina-lista-para-operar/31133557,sale,active,Heredia provincia,Santo Domingo,,Propiedad Comercial Premium – Zonas Verdes + Salones + Piscina – ¡Lista para Operar!,"Invierta en un activo inmobiliario de alto rendimiento, ideal para múltiples líneas de negocio en el sector de eventos y hospitalidad. Con uso de suelo comercial aprobado, esta propiedad está lista para operar y generar ingresos desde el primer día. CARACTERÍSTICAS DESTACADAS Ubicación estratégica: Frente de 78 metros con accesos independientes para clientes, proveedores y staff. Versatilidad de espacios: Salón principal tipo rancho para 100+ personas (opción de ampliación). Salón secundario para 25 personas, ideal para eventos privados. Zonas verdes premium: Perfectas para bodas, ceremonias, convivios, ferias y actividades corporativas. Piscina con potencial exclusivo: Diferenciador clave para eventos VIP. Infraestructura adicional: Casa amplia adaptable a oficinas, restaurante temático o suites para hospedaje. Área de concreto/planché: Ideal para parqueo masivo o instalación de toldos para ferias y conciertos. OPORTUNIDADES DE NEGOCIO Eventos sociales: bodas, baby showers, aniversarios, cumpleaños. Eventos corporativos: fiestas de empresa, asambleas, lanzamientos de marca. Turismo y hospedaje boutique. Ferias, conciertos, campamentos y retiros. Centros de capacitación y formación. CONDICIONES DE INVERSIÓN Precio de oferta: USD $1,150,000 Facilidad de financiamiento y disposición a negociar condiciones. BENEFICIOS PARA EL INVERSIONISTA Activo tangible con alta plusvalía. Infraestructura lista para operar sin inversión inicial elevada. Diversificación de ingresos con múltiples usos. Ubicación y características que garantizan demanda constante. Contáctenos hoy mismo y programe una visita privada. – Sigifredo Castro, Asesor Inmobiliario Certificado #2688.",House,,3 Bathrooms,4+ Vehicles,,,"5,000m²–1 Hectare",{},Riverfront|Urban,"{""Steep Slope""}",,Financing Available,1150000,USD,+50689009191,https://photos.encuentra24.com/t_or_fh_m/f_auto/v1/cr/31/13/35/57/31133557_d6353e|https://photos.encuentra24.com/t_or_fh_m/f_auto/v1/cr/31/13/35/57/31133557_db6623|https://photos.encuentra24.com/t_or_fh_m/f_auto/v1/cr/31/13/35/57/31133557_9ffe5c|https://photos.encuentra24.com/t_or_fh_m/f_auto/v1/cr/31/13/35/57/31133557_92fdd2|https://photos.encuentra24.com/t_or_fh_m/f_auto/v1/cr/31/13/35/57/31133557_6f0c27|https://photos.encuentra24.com/t_or_fh_m/f_auto/v1/cr/31/13/35/57/31133557_b6fa00|https://photos.encuentra24.com/t_or_fh_m/f_auto/v1/cr/31/13/35/57/31133557_51acff|https://photos.encuentra24.com/t_or_fh_m/f_auto/v1/cr/31/13/35/57/31133557_f28462|https://photos.encuentra24.com/t_or_fh_m/f_auto/v1/cr/31/13/35/57/31133557_b00ba0|https://photos.encuentra24.com/t_or_fh_m/f_auto/v1/cr/31/13/35/57/31133557_f67291|https://photos.encuentra24.com/t_or_fh_m/f_auto/v1/cr/31/13/35/57/31133557_0c460e|https://photos.encuentra24.com/t_or_fh_m/f_auto/v1/cr/31/13/35/57/31133557_bc0f84|https://photos.encuentra24.com/t_or_fh_m/f_auto/v1/cr/31/13/35/57/31133557_46fc0d|https://photos.encuentra24.com/t_or_fh_m/f_auto/v1/cr/31/13/35/57/31133557_0a80cf|https://photos.encuentra24.com/t_or_fh_m/f_auto/v1/cr/31/13/35/57/31133557_a78448|https://photos.encuentra24.com/t_or_fh_m/f_auto/v1/cr/31/13/35/57/31133557_9d823b|https://photos.encuentra24.com/t_or_fh_m/f_auto/v1/cr/31/13/35/57/31133557_f7fea2|https://photos.encuentra24.com/t_or_fh_m/f_auto/v1/cr/31/13/35/57/31133557_ac082d|https://photos.encuentra24.com/t_or_fh_m/f_auto/v1/cr/31/13/35/57/31133557_66c7af|https://photos.encuentra24.com/t_user_logo/v1/users/logo/23/51/69/2351697_dd38e6|https://photos.encuentra24.com/t_cnseal/v1697642511/cnseal/652ff80f42db6_Verified%20badge.png|https://photos.encuentra24.com/t_cnseal/v1594676252/cnseal/5f0cd41c4a555_Bildschirmfotocccbr.png|https://photos.encuentra24.com/t_or_fh_m/f_auto/v1/cr/32/10/43/14/32104314_03d776832d8dcf10eb6716a6111a6e81-7c16f29|https://photos.encuentra24.com/t_or_fh_m/f_auto/v1/cr/30/86/02/74/30860274_167017|https://photos.encuentra24.com/t_or_fh_m/f_auto/v1/cr/31/74/81/00/31748100_3cf291|https://photos.encuentra24.com/t_or_fh_m/f_auto/v1/cr/32/62/28/88/32622888_466f4f2accf1e10baf3a4f1c2f1628fa-02a8f85|https://photos.encuentra24.com/t_or_fh_m/f_auto/v1/cr/30/40/12/38/30401238_f47eec|https://photos.encuentra24.com/t_or_fh_m/f_auto/v1/cr/32/33/87/99/32338799_8d77dfc1ddbd36af616ba0dce65ccef8-ad2e47c|https://photos.encuentra24.com/t_or_fh_m/f_auto/v1/cr/28/48/02/38/28480238_562225
encuentra24,31520237,https://www.encuentra24.com/costa-rica-es/bienes-raices-venta-de-propiedades-casas/casa-en-guayabos-curridabat-condominio-221-ubicacion-privilegiada-seguridad-y-comodidad/31520237,sale,active,San José provincia,Curridabat,Granadilla,"Casa en Guayabos, Curridabat | Condominio 221: Ubicación Privilegiada, Seguridad y comodidad","Si busca calidad de vida, seguridad, vivir cerca de los centros educativos al que asisten sus hijos, esta casa en condominio, que se encuentra en el corazón de Guayabos de Curridabat, en una zona estratégica y privilegiada, es la suya. Con una sólida estructura en block y concreto, completamente separada de las colindancias, esta casa destaca por sus ambientes ventilados y bien iluminados, complementados con hermosos detalles en madera que le otorgan una atmósfera cálida, acogedora y elegante. I PLANTA: - Dormitorio Principal: Un enorme valor agregado. Cuenta con baño completo, walk-in closet privado y salida directa a la terraza. - Área Social: Concepto integrado de sala y comedor que fluye hacia una terraza techada y el jardín. - Cocina: Diseño funcional con espacio de almacenaje. - Parqueo: Capacidad para 3 vehículos bajo techo, más espacio adicional para 1 o 2 más. II PLANTA (Versatilidad para su familia): - 3 dormitorios amplios: Dos de ellos comparten un baño completo de excelente distribución. - Flexibilidad: El tercer dormitorio posee baño completo, espacio ideal para oficina o cuarto de cuna, y una sala amplia. Al contar con acceso independiente además del común, funciona perfectamente como máster suite extendida o área de huéspedes. - Amplia sala de TV o entretenimiento. Viva en un condominio premium, en un ambiente seguro, con un paisaje limpio y despejado, que cuenta con infraestructura eléctrica subterránea, calles adoquinadas, seguridad 24/7, jardines florecientes; disfrute de un clima excelente y de la tranquilidad de poder acceder en forma rápida y segura a todo tipo de servicios y comercio que existe en la zona, a solo 600 metros del complejo comercial Aleste, donde tiene acceso a restaurantes, tiendas, servicios de salud como la sucursal Clínica Bíblica Aleste, oficinas corporativas clase A+, muy cerca de los mejores centros educativos del este, con una infraestructura vial que le conecta facilmente con diferentes puntos del Gran Área Metropolitana. Amenidades del Condominio 221: - Piscina temperada, moderno Gimnasio y Cancha de Tenis. - Casa Club y área de BBQ para sus actividades. - Juegos infantiles y zonas verdes ideales para sus mascotas. Precio de Venta: 185,000,000 Construcción: 285 m² | Terreno: 251 m² Cuota Condominio: 125,000 Contáctenos y coordinamos una visita. Será un gusto mostrarle la propiedad. Arq. Ana Monge-Fallas | CR Ticopropiedades Bienes Raíces facebook.com/CRTicopropiedades crticopropiedades.com",Condo,4 Bedrooms,4 Bathrooms,3 Vehicles,,,,"{""Municipal Water""}",Riverfront|Urban,"{""Steep Slope""}",Walkable,,185000000,CRC,+50688883856,https://photos.encuentra24.com/t_or_fh_m/f_auto/v1/cr/31/52/02/37/31520237_cff1950|https://photos.encuentra24.com/t_or_fh_m/f_auto/v1/cr/31/52/02/37/31520237_f5a454b|https://photos.encuentra24.com/t_or_fh_m/f_auto/v1/cr/31/52/02/37/31520237_88ab03b|https://photos.encuentra24.com/t_or_fh_m/f_auto/v1/cr/31/52/02/37/31520237_8695a10|https://photos.encuentra24.com/t_or_fh_m/f_auto/v1/cr/31/52/02/37/31520237_e4a97ce|https://photos.encuentra24.com/t_or_fh_m/f_auto/v1/cr/31/52/02/37/31520237_66c6337|https://photos.encuentra24.com/t_or_fh_m/f_auto/v1/cr/31/52/02/37/31520237_85f263a|https://photos.encuentra24.com/t_or_fh_m/f_auto/v1/cr/31/52/02/37/31520237_fb817bd|https://photos.encuentra24.com/t_or_fh_m/f_auto/v1/cr/31/52/02/37/31520237_26871b5|https://photos.encuentra24.com/t_or_fh_m/f_auto/v1/cr/31/52/02/37/31520237_1e20092|https://photos.encuentra24.com/t_or_fh_m/f_auto/v1/cr/31/52/02/37/31520237_797cbfb|https://photos.encuentra24.com/t_or_fh_m/f_auto/v1/cr/31/52/02/37/31520237_8265ea1|https://photos.encuentra24.com/t_or_fh_m/f_auto/v1/cr/31/52/02/37/31520237_d76ab6f|https://photos.encuentra24.com/t_or_fh_m/f_auto/v1/cr/31/52/02/37/31520237_b1a7d20|https://photos.encuentra24.com/t_or_fh_m/f_auto/v1/cr/31/52/02/37/31520237_6c0a060|https://photos.encuentra24.com/t_user_logo/v1/users/logo/12/11/97/1211976_127d5c|https://photos.encuentra24.com/t_cnseal/v1697642511/cnseal/652ff80f42db6_Verified%20badge.png|https://photos.encuentra24.com/t_cnseal/v1594676252/cnseal/5f0cd41c4a555_Bildschirmfotocccbr.png|https://photos.encuentra24.com/t_or_fh_m/f_auto/v1/cr/32/63/40/83/32634083_8c8d6c44937f65d4279daa762454f73d-62e9519|https://photos.encuentra24.com/t_or_fh_m/f_auto/v1/cr/32/62/21/93/32622193_9f518761d97c8127933600ee458ed4a6-9e56247|https://photos.encuentra24.com/t_or_fh_m/f_auto/v1/cr/31/45/41/43/31454143_b86543|https://photos.encuentra24.com/t_or_fh_m/f_auto/v1/cr/32/28/99/52/32289952_7a7a2d9d4685bc63bc8cb82a732cfc94-d1df76c|https://photos.encuentra24.com/t_or_fh_m/f_auto/v1/cr/32/62/09/42/32620942_85687ebf903fc5e2d06bee17d4221fd4-8646308|https://photos.encuentra24.com/t_or_fh_m/f_auto/v1/cr/24/85/37/42/24853742_d5b454|https://photos.encuentra24.com/t_or_fh_m/f_auto/v1/cr/30/40/97/12/30409712_3bf852|https://photos.encuentra24.com/t_or_fh_m/f_auto/v1/cr/32/34/01/58/32340158_d58bc84ac57551bad9349a59cb4398b9-d7faebd|https://photos.encuentra24.com/t_or_fh_m/f_auto/v1/cr/25/15/34/50/25153450_83a968|https://photos.encuentra24.com/t_or_fh_m/f_auto/v1/cr/31/29/49/80/31294980_73b8f85|https://photos.encuentra24.com/t_or_fh_m/f_auto/v1/cr/32/28/88/57/32288857_d4d2c5592fd3cee1c52a98eb6635d7f8-169dac4|https://photos.encuentra24.com/t_or_fh_m/f_auto/v1/cr/21/77/22/30/21772230_ac44c3|https://photos.encuentra24.com/t_or_fh_m/f_auto/v1/cr/29/99/03/03/29990303_af9528d|https://photos.encuentra24.com/t_or_fh_m/f_auto/v1/cr/32/40/79/78/32407978_c01ac44
encuentra24,30457464,https://www.encuentra24.com/costa-rica-es/bienes-raices-venta-de-propiedades-lotes-y-terrenos/lotes-en-condominio-alta-villa-vistas-espectaculares-cartago/30457464,sale,active,Cartago provincia,Cartago,San Rafael,Lotes en Condominio Alta Villa | Vistas espectaculares | Cartago,"VISTAS A UN EXCELENTE PRECIO Exclusivo condominio en la entrada de Tierra Blanca Lote #15 DISPONIBLE Dentro de un prestigioso condominio constituido por solo 29 lotes, con vistas únicas cerca de la ciudad que difícilmente vas a encontrar en otra zona del país. ¡Quedan pocas unidades! Medida: 539,57 m² Valor: Ideal tanto para inversión como para vivienda, en un entorno seguro y ordenado. Ubicado estratégicamente frente al Servicentro El Surco, en una comunidad conformada por personas profesionales y de ambiente tranquilo. ¡TOMÁ LA DECISIÓN HOY! Consultanos y asegurá este lote antes de que salga del mercado.",Condo,,,,,,"500–1,000m²",{},Urban,{},,,59352700,CRC,+50688452772,https://photos.encuentra24.com/t_or_fh_m/f_auto/v1/cr/30/45/74/64/30457464_5de2933|https://photos.encuentra24.com/t_or_fh_m/f_auto/v1/cr/30/45/74/64/30457464_92614b9|https://photos.encuentra24.com/t_or_fh_m/f_auto/v1/cr/30/45/74/64/30457464_b322c36|https://photos.encuentra24.com/t_or_fh_m/f_auto/v1/cr/30/45/74/64/30457464_3944d9d|https://photos.encuentra24.com/t_or_fh_m/f_auto/v1/cr/30/45/74/64/30457464_b1597ac|https://photos.encuentra24.com/t_or_fh_m/f_auto/v1/cr/30/45/74/64/30457464_72f074e|https://photos.encuentra24.com/t_or_fh_m/f_auto/v1/cr/30/45/74/64/30457464_d591411|https://photos.encuentra24.com/t_or_fh_m/f_auto/v1/cr/30/45/74/64/30457464_cb7525d|https://photos.encuentra24.com/t_or_fh_m/f_auto/v1/cr/30/45/74/64/30457464_04c5ce7|https://photos.encuentra24.com/t_or_fh_m/f_auto/v1/cr/30/45/74/64/30457464_81e8716|https://photos.encuentra24.com/t_or_fh_m/f_auto/v1/cr/30/45/74/64/30457464_fbce020|https://photos.encuentra24.com/t_user_logo/v1/users/logo/90/32/03/903203_57cae1|https://photos.encuentra24.com/t_cnseal/v1697642511/cnseal/652ff80f42db6_Verified%20badge.png|https://photos.encuentra24.com/t_or_fh_m/f_auto/v1/cr/32/12/33/65/32123365_3d9fac7|https://photos.encuentra24.com/t_or_fh_m/f_auto/v1/cr/32/31/63/07/32316307_049af83f306d8642f5dfe03607b67615-f4190b3|https://photos.encuentra24.com/t_or_fh_m/f_auto/v1/cr/32/12/32/13/32123213_3e7e95980bad15c9ac1a1320b0a32821-adc1578|https://photos.encuentra24.com/t_or_fh_m/f_auto/v1/cr/32/12/33/01/32123301_7df8c5d|https://photos.encuentra24.com/t_or_fh_m/f_auto/v1/cr/32/12/33/48/32123348_e1dab0b4cce09da46ee9c5d76d7989a9-f32644a|https://photos.encuentra24.com/t_or_fh_m/f_auto/v1/cr/32/12/32/62/32123262_24695f8|https://photos.encuentra24.com/t_or_fh_m/f_auto/v1/cr/32/12/32/85/32123285_1279061730201bec97b37b1c94c704f7-ef4f1e4
encuentra24,32584424,https://www.encuentra24.com/costa-rica-es/bienes-raices-venta-de-propiedades-casas/casa-en-condominio-en-venta-en-la-guacima/32584424,sale,active,Alajuela provincia,Alajuela,Guácima,Casa en Condominio en Venta en La Guácima,"Casa en Condominio en Venta en La Guácima 4 habitaciones | Oficina independiente | Habitación completa en primer nivel | Salas de estar en ambos niveles Una propiedad que combina amplitud, funcionalidad y ese verdadero sentimiento de hogar que se percibe desde el momento en que se ingresas. Sus amplios ventanales permiten disfrutar de hermosas vistas y abundante iluminación natural desde prácticamente toda la casa, creando espacios cálidos, acogedores y llenos de vida. Lote: 299 m² Construcción: 280 m² Año de construcción: 2020 Inversión: $328,000 Cuota condominal: 70.000 Características destacadas: 4 habitaciones —— 1 en primer nivel Oficina independiente Walk-in closet en habitación principal Terraza privada en habitación principal Impresionante sala con doble altura Salas de estar en ambos niveles Hermosas vistas desde gran parte de la propiedad Excelente iluminación y ventilación natural Cocina de concepto abierto con isla central Doble batea para lavado de platos y vegetales Terraza techada Área BBQ con lavaplatos Jardín privado Aires acondicionados Cargador para vehículo eléctrico Garaje bajo techo Amenidades del condominio: Piscina Casa club Playground Áreas verdes Parqueos para visitas Planta de tratamiento Seguridad 24/7 Más que una casa, es un espacio diseñado para disfrutar en familia, compartir momentos especiales y vivir rodeado de comodidad, privacidad y agradables vistas que acompañan el día a día.",Condo,5+ Bedrooms,5+ Bathrooms,4+ Vehicles,,,,{},,"{""Steep Slope""}",Walkable,,328000,USD,+50684829872,https://photos.encuentra24.com/t_or_fh_m/f_auto/v1/cr/32/58/44/24/32584424_06c1d43|https://photos.encuentra24.com/t_or_fh_m/f_auto/v1/cr/32/58/44/24/32584424_80af73f|https://photos.encuentra24.com/t_or_fh_m/f_auto/v1/cr/32/58/44/24/32584424_dd8386f|https://photos.encuentra24.com/t_or_fh_m/f_auto/v1/cr/32/58/44/24/32584424_fcf29f0|https://photos.encuentra24.com/t_or_fh_m/f_auto/v1/cr/32/58/44/24/32584424_8ba585c|https://photos.encuentra24.com/t_or_fh_m/f_auto/v1/cr/32/58/44/24/32584424_262aab5|https://photos.encuentra24.com/t_or_fh_m/f_auto/v1/cr/32/58/44/24/32584424_bf0ca18|https://photos.encuentra24.com/t_or_fh_m/f_auto/v1/cr/32/58/44/24/32584424_355975e|https://photos.encuentra24.com/t_or_fh_m/f_auto/v1/cr/32/58/44/24/32584424_1ac8776|https://photos.encuentra24.com/t_or_fh_m/f_auto/v1/cr/32/58/44/24/32584424_fabcb97|https://photos.encuentra24.com/t_or_fh_m/f_auto/v1/cr/32/58/44/24/32584424_307490d|https://photos.encuentra24.com/t_or_fh_m/f_auto/v1/cr/32/58/44/24/32584424_6351047|https://photos.encuentra24.com/t_or_fh_m/f_auto/v1/cr/32/58/44/24/32584424_2c8dac0|https://photos.encuentra24.com/t_or_fh_m/f_auto/v1/cr/32/58/44/24/32584424_e52437d|https://photos.encuentra24.com/t_or_fh_m/f_auto/v1/cr/32/58/44/24/32584424_7ba693e|https://photos.encuentra24.com/t_or_fh_m/f_auto/v1/cr/32/58/44/24/32584424_f94535c|https://photos.encuentra24.com/t_or_fh_m/f_auto/v1/cr/32/58/44/24/32584424_92fa70f|https://photos.encuentra24.com/t_or_fh_m/f_auto/v1/cr/32/58/44/24/32584424_96fca4b|https://photos.encuentra24.com/t_or_fh_m/f_auto/v1/cr/32/58/44/24/32584424_413726e|https://photos.encuentra24.com/t_or_fh_m/f_auto/v1/cr/32/58/44/24/32584424_3aeb94a|https://photos.encuentra24.com/t_user_logo/v1/users/logo/13/09/19/13/13091913_8b474c|https://photos.encuentra24.com/t_or_fh_m/f_auto/v1/cr/31/29/77/25/31297725_3d5f85|https://photos.encuentra24.com/t_or_fh_m/f_auto/v1/cr/30/98/01/65/30980165_c546ed|https://photos.encuentra24.com/t_or_fh_m/f_auto/v1/cr/32/35/74/95/32357495_722438b7f86dc245d28a61bbac7f1468-bebd942|https://photos.encuentra24.com/t_or_fh_m/f_auto/v1/cr/32/45/59/15/32455915_b11a095a3ed9ac75329bee1b0338bf69-5af1fb6|https://photos.encuentra24.com/t_or_fh_m/f_auto/v1/cr/32/39/70/45/32397045_b08b193ed7f199afb9ddda04472c69f1-67c054a|https://photos.encuentra24.com/t_or_fh_m/f_auto/v1/cr/31/88/54/95/31885495_9c3a48|https://photos.encuentra24.com/t_or_fh_m/f_auto/v1/cr/25/40/69/05/25406905_98e7c4|https://photos.encuentra24.com/t_or_fh_m/f_auto/v1/cr/32/42/51/03/32425103_c06ed7b|https://photos.encuentra24.com/t_or_fh_m/f_auto/v1/cr/32/36/21/52/32362152_1e0b54d|https://photos.encuentra24.com/t_or_fh_m/f_auto/v1/cr/32/39/77/20/32397720_c189e53|https://photos.encuentra24.com/t_or_fh_m/f_auto/v1/cr/32/23/74/36/32237436_8f2b1383b9633b9051ae3b457013c24c-2c015e2|https://photos.encuentra24.com/t_or_fh_m/f_auto/v1/cr/31/87/54/23/31875423_53feb2|https://photos.encuentra24.com/t_or_fh_m/f_auto/v1/cr/31/29/95/49/31299549_6f4e6e|https://photos.encuentra24.com/t_or_fh_m/f_auto/v1/cr/32/46/77/73/32467773_cba4b38
encuentra24,32295052,https://www.encuentra24.com/costa-rica-es/bienes-raices-venta-de-propiedades-casas/se-vende-en-moravia-residencial-la-guaria/32295052,sale,active,San José provincia,Moravia,San Vicente,SE VENDE EN MORAVIA Residencial LA GUARIA,"Descripción Adicional : Encantadora casa en venta en una de las zonas más exclusivas de Moravia, San José. Con un área de terreno de 870.0 y una construcción de 440.0, esta propiedad ofrece amplios espacios ideales para una familia numerosa o para aquellos que buscan comodidad y confort en su hogar. Con 4 habitaciones y 3.5 baños, además de 10 espacios de parqueo, esta casa es perfecta para aquellos que buscan espacio y privacidad en un entorno residencial. Una de las mayores ventajas de esta propiedad es que admite mascotas, ideal para aquellos que tienen amigos peludos que son parte de su familia. Además, cuenta con una terraza que permite disfrutar de un espacio en familia y reuniones de amigos. Los dormitorios tienen baño y la habitación principal tambien, proporcionando privacidad y comodidad a sus habitantes. Los clósets de esta casa son amplios y brindan mucho espacio de almacenamiento para la ropa y otros accesorios. Además, cuenta con una zona de lavandería, lo que facilita el proceso de lavado y secado de la ropa. El suministro de agua está garantizado, lo que es una gran ventaja en comparación con otras propiedades en la zona. Los armarios empotrados y la biblioteca/estudio son detalles que hacen de esta casa una propiedad única y funcional. Con una chimenea, el ambiente se torna cálido y acogedor en los días más fríos del año. La cocina equipada y la cocina integral ofrecen un espacio para preparar deliciosas comidas para la familia y amigos. El piso laminado y de madera reales que ya no se ven, le dan un toque elegante y moderno a esta casa. Además, cuenta con una portón eléctrico en la entrada principal que proporciona mayor seguridad y comodidad al entrar y salir de la propiedad. El garaje y cochera son perfectos para aquellos que tienen vehículos y buscan un lugar seguro para estacionarlos. Su ubicación es ideal, ya que se encuentra cerca de todo, centros comercIales, iglesias y colegios, lo que es perfecto para familias con niños. También hay una variedad de restaurantes en la zona, ideales para aquellos que buscan salir a cenar en un ambiente tranquilo y seguro. El patio es ideal para relajarse al aire libre y disfrutar del clima tropical de Costa Rica, es perfecto para tener ese verde que siempre buscamos los costarricenses. En resumen, esta hermosa casa en Moravia ofrece comodidad, privacidad y un estilo de vida lujoso en una ubicación privilegiada. ¡No pierdas la oportunidad de adquirir esta propiedad única en el mercado! Contáctame para más información y para agendar una visita. Avaluo por perito bancario de $780,000 reciente",House,4 Bedrooms,4 Bathrooms,4+ Vehicles,,,,"{""Water""}",Riverfront|Urban,{},,,660000,USD,+50688855952,https://photos.encuentra24.com/t_or_fh_m/f_auto/v1/cr/32/29/50/52/32295052_d213e64|https://photos.encuentra24.com/t_or_fh_m/f_auto/v1/cr/32/29/50/52/32295052_9ae2b77|https://photos.encuentra24.com/t_or_fh_m/f_auto/v1/cr/32/29/50/52/32295052_c1cbfaa|https://photos.encuentra24.com/t_or_fh_m/f_auto/v1/cr/32/29/50/52/32295052_eaeaba3|https://photos.encuentra24.com/t_or_fh_m/f_auto/v1/cr/32/29/50/52/32295052_5fdf678|https://photos.encuentra24.com/t_or_fh_m/f_auto/v1/cr/32/29/50/52/32295052_ab11fb4|https://photos.encuentra24.com/t_or_fh_m/f_auto/v1/cr/32/29/50/52/32295052_8c58d51|https://photos.encuentra24.com/t_or_fh_m/f_auto/v1/cr/32/29/50/52/32295052_f0af23e|https://photos.encuentra24.com/t_or_fh_m/f_auto/v1/cr/32/29/50/52/32295052_bb54205|https://photos.encuentra24.com/t_or_fh_m/f_auto/v1/cr/32/29/50/52/32295052_7185038|https://photos.encuentra24.com/t_or_fh_m/f_auto/v1/cr/32/29/50/52/32295052_f14b0bb|https://photos.encuentra24.com/t_or_fh_m/f_auto/v1/cr/32/29/50/52/32295052_36169a9|https://photos.encuentra24.com/t_or_fh_m/f_auto/v1/cr/32/29/50/52/32295052_8f3a730|https://photos.encuentra24.com/t_or_fh_m/f_auto/v1/cr/32/29/50/52/32295052_470f9b6|https://photos.encuentra24.com/t_or_fh_m/f_auto/v1/cr/32/29/50/52/32295052_d90f908|https://photos.encuentra24.com/t_or_fh_m/f_auto/v1/cr/32/29/50/52/32295052_e622544|https://photos.encuentra24.com/t_or_fh_m/f_auto/v1/cr/32/29/50/52/32295052_816a390|https://photos.encuentra24.com/t_or_fh_m/f_auto/v1/cr/32/29/50/52/32295052_e6c6fab|https://photos.encuentra24.com/t_user_logo/v1/users/logo/30/44/93/304493_6a1ddd|https://photos.encuentra24.com/t_cnseal/v1697642511/cnseal/652ff80f42db6_Verified%20badge.png|https://photos.encuentra24.com/t_or_fh_m/f_auto/v1/cr/26/15/08/82/26150882_85f274|https://photos.encuentra24.com/t_or_fh_m/f_auto/v1/cr/30/36/17/01/30361701_559664|https://photos.encuentra24.com/t_or_fh_m/f_auto/v1/cr/28/82/03/99/28820399_891d8c|https://photos.encuentra24.com/t_or_fh_m/f_auto/v1/cr/32/28/79/17/32287917_2c74ddff2ab9a96be9a2e44d9c824614-a5c33bb|https://photos.encuentra24.com/t_or_fh_m/f_auto/v1/cr/30/70/61/87/30706187_095da3|https://photos.encuentra24.com/t_or_fh_m/f_auto/v1/cr/32/31/09/35/32310935_fa3de6e17372cb804806a2e27661ca20-45cc199|https://photos.encuentra24.com/t_or_fh_m/f_auto/v1/cr/32/08/05/75/32080575_7d17cab|https://photos.encuentra24.com/t_or_fh_m/f_auto/v1/cr/31/26/99/01/31269901_2049dd|https://photos.encuentra24.com/t_or_fh_m/f_auto/v1/cr/32/65/27/69/32652769_9a9031f|https://photos.encuentra24.com/t_or_fh_m/f_auto/v1/cr/29/95/71/60/29957160_ca6977|https://photos.encuentra24.com/t_or_fh_m/f_auto/v1/cr/31/98/91/61/31989161_4b6c03c|https://photos.encuentra24.com/t_or_fh_m/f_auto/v1/cr/32/61/23/16/32612316_b05c8c8|https://photos.encuentra24.com/t_or_fh_m/f_auto/v1/cr/32/66/34/27/32663427_b525262|https://photos.encuentra24.com/t_or_fh_m/f_auto/v1/cr/30/73/44/13/30734413_3327a9
encuentra24,32585294,https://www.encuentra24.com/costa-rica-es/bienes-raices-venta-de-propiedades-casas/venta-de-casa-con-piscina-en-santo-domingo-de-heredia-eu/32585294,sale,active,Heredia provincia,Santo Domingo,,Venta de casa con piscina en Santo Domingo de Heredia -EU,"Descubra esta hermosa y amplia residencia de una sola planta ubicada en San Miguel de Santo Domingo de Heredia, una zona de gran tranquilidad y excelente conectividad. La propiedad cuenta con una ubicación estratégica, con fácil acceso mediante la Ruta Nacional 32, permitiendo una rápida conexión hacia San José, Heredia y otros importantes puntos del Gran Área Metropolitana. La vivienda se desarrolla sobre un terreno de 468 m² y ofrece 286 m² de construcción, con una distribución diseñada para brindar amplitud, comodidad y espacios ideales tanto para la vida familiar como para el entretenimiento. Al ingresar a la propiedad encontrará una espaciosa cochera techada con capacidad para dos vehículos grandes, además de espacio adicional para estacionar hasta tres vehículos más dentro del terreno. Desde el garaje también se accede de manera independiente a una práctica oficina privada, ideal para teletrabajo, consultorio o espacio de estudio. La entrada principal conduce a una amplia sala-comedor con chimenea, creando un ambiente cálido y acogedor. A un costado se ubica la cocina, equipada con sobres de granito y muebles de madera, que combina funcionalidad y elegancia. La vivienda también dispone de un patio de luz, que aporta mayor ventilación e iluminación natural a los espacios interiores, así como un cómodo cuarto de pilas independiente. Las áreas sociales se integran perfectamente con una amplia terraza techada que conecta con el patio y la zona recreativa. En el exterior destaca una piscina temperada y un completo rancho BBQ, ideales para disfrutar reuniones familiares, celebraciones o momentos de descanso en un entorno privado. El área privada de la casa incluye una sala de televisión o estar familiar, tres habitaciones secundarias con clósets de pared y una espaciosa habitación principal con baño privado, jacuzzi, walk-in closet y acceso directo a la terraza mediante puertas corredizas de vidrio, permitiendo una excelente entrada de luz natural y una agradable conexión con el área exterior. Como valor agregado, la propiedad cuenta con una habitación de servicio con baño completo privado, un espacio versátil que también puede utilizarse cómodamente como habitación para visitas, brindando independencia y privacidad a los huéspedes. Adicionalmente, la casa dispone de un amplio sótano que puede adaptarse como habitación adicional, gimnasio, sala de juegos, oficina o espacio multifuncional, además de una práctica bodega para almacenamiento. Construida completamente en concreto, esta residencia destaca por su excelente iluminación natural, ventilación y calidad constructiva. Sus acabados incluyen cielos artesonados en la sala, cocina y terraza, además de pisos de cerámica que aportan durabilidad y fácil mantenimiento. Una propiedad ideal para quienes buscan amplitud, privacidad, áreas sociales de primer nivel y una ubicación estratégica en Heredia, con acceso rápido a la Ruta 32 y a todos los servicios esenciales de la zona.",House,,5+ Bathrooms,4+ Vehicles,,,,"{""Electricity""}",Riverfront,"{""Steep Slope""}",Walkable,,190000000,CRC,+50688163514,https://photos.encuentra24.com/t_or_fh_m/f_auto/v1/cr/32/58/52/94/32585294_9f9f00736039f1c9b6a82860e8158924-8e32de9|https://photos.encuentra24.com/t_or_fh_m/f_auto/v1/cr/32/58/52/94/32585294_9f9f00736039f1c9b6a82860e8158924-b2014ec|https://photos.encuentra24.com/t_or_fh_m/f_auto/v1/cr/32/58/52/94/32585294_9f9f00736039f1c9b6a82860e8158924-db4b284|https://photos.encuentra24.com/t_or_fh_m/f_auto/v1/cr/32/58/52/94/32585294_9f9f00736039f1c9b6a82860e8158924-91438f9|https://photos.encuentra24.com/t_or_fh_m/f_auto/v1/cr/32/58/52/94/32585294_9f9f00736039f1c9b6a82860e8158924-29d995b|https://photos.encuentra24.com/t_or_fh_m/f_auto/v1/cr/32/58/52/94/32585294_9f9f00736039f1c9b6a82860e8158924-277ff55|https://photos.encuentra24.com/t_or_fh_m/f_auto/v1/cr/32/58/52/94/32585294_9f9f00736039f1c9b6a82860e8158924-f01ddac|https://photos.encuentra24.com/t_or_fh_m/f_auto/v1/cr/32/58/52/94/32585294_9f9f00736039f1c9b6a82860e8158924-6e025f7|https://photos.encuentra24.com/t_or_fh_m/f_auto/v1/cr/32/58/52/94/32585294_9f9f00736039f1c9b6a82860e8158924-5bd9586|https://photos.encuentra24.com/t_or_fh_m/f_auto/v1/cr/32/58/52/94/32585294_9f9f00736039f1c9b6a82860e8158924-1aa69bc|https://photos.encuentra24.com/t_or_fh_m/f_auto/v1/cr/32/58/52/94/32585294_9f9f00736039f1c9b6a82860e8158924-3ad711a|https://photos.encuentra24.com/t_or_fh_m/f_auto/v1/cr/32/58/52/94/32585294_9f9f00736039f1c9b6a82860e8158924-d179692|https://photos.encuentra24.com/t_or_fh_m/f_auto/v1/cr/32/58/52/94/32585294_9f9f00736039f1c9b6a82860e8158924-e02b910|https://photos.encuentra24.com/t_or_fh_m/f_auto/v1/cr/32/58/52/94/32585294_9f9f00736039f1c9b6a82860e8158924-81c1b1c|https://photos.encuentra24.com/t_or_fh_m/f_auto/v1/cr/32/58/52/94/32585294_9f9f00736039f1c9b6a82860e8158924-69784a3|https://photos.encuentra24.com/t_or_fh_m/f_auto/v1/cr/32/58/52/94/32585294_9f9f00736039f1c9b6a82860e8158924-48d4fb9|https://photos.encuentra24.com/t_or_fh_m/f_auto/v1/cr/32/58/52/94/32585294_9f9f00736039f1c9b6a82860e8158924-81fd990|https://photos.encuentra24.com/t_or_fh_m/f_auto/v1/cr/32/58/52/94/32585294_9f9f00736039f1c9b6a82860e8158924-2de255d|https://photos.encuentra24.com/t_or_fh_m/f_auto/v1/cr/32/58/52/94/32585294_9f9f00736039f1c9b6a82860e8158924-a47b136|https://photos.encuentra24.com/t_user_logo/v1/users/logo/17/98/00/1798001_62bc4a|https://photos.encuentra24.com/t_cnseal/v1697642511/cnseal/652ff80f42db6_Verified%20badge.png|https://photos.encuentra24.com/t_or_fh_m/f_auto/v1/cr/30/69/30/64/30693064_ab5ac4|https://photos.encuentra24.com/t_or_fh_m/f_auto/v1/cr/32/23/54/84/32235484_9602b80fdc7d8cb2aeb97d7c907ccd4d-2c46549|https://photos.encuentra24.com/t_or_fh_m/f_auto/v1/cr/32/31/18/64/32311864_abe5ca58ca04a4d5f801de70ba8de525-c9e64e1|https://photos.encuentra24.com/t_or_fh_m/f_auto/v1/cr/32/21/25/24/32212524_1e74823|https://photos.encuentra24.com/t_or_fh_m/f_auto/v1/cr/30/76/05/34/30760534_2e354e|https://photos.encuentra24.com/t_or_fh_m/f_auto/v1/cr/32/62/60/83/32626083_836ef08594866b471201a8d78b46a5f4-4051689|https://photos.encuentra24.com/t_or_fh_m/f_auto/v1/cr/32/31/37/43/32313743_e86002fc7eb6f7dd434b622f2fd7c72a-0f359aa|https://photos.encuentra24.com/t_or_fh_m/f_auto/v1/cr/32/14/71/91/32147191_e203383|https://photos.encuentra24.com/t_or_fh_m/f_auto/v1/cr/31/95/40/92/31954092_f364fd4ed589921977b8747e4bb0ecd0-bc1d05c|https://photos.encuentra24.com/t_or_fh_m/f_auto/v1/cr/31/95/61/57/31956157_79aeb18c68b9afb91420050b529aa150-2de0f94|https://photos.encuentra24.com/t_or_fh_m/f_auto/v1/cr/32/44/44/19/32444419_ea3157a|https://photos.encuentra24.com/t_or_fh_m/f_auto/v1/cr/31/89/01/94/31890194_9be6b13|https://photos.encuentra24.com/t_or_fh_m/f_auto/v1/cr/32/31/25/02/32312502_d10717c7d93bf68886d477874c66a76b-78e343b|https://photos.encuentra24.com/t_or_fh_m/f_auto/v1/cr/32/45/12/22/32451222_46412bc
encuentra24,24851903,https://www.encuentra24.com/costa-rica-es/bienes-raices-venta-de-propiedades-apartamentos/propiedad-esquinera-en-venta-barrio-lujan-san-jose/24851903,sale,active,San José provincia,San José Capital,Catedral,"Propiedad Esquinera en Venta – Barrio Luján, San José",Excelente ubicación: a solo 20 minutos a pie del Parque Central y muy cerca de la Corte Suprema de Justicia. Características de la propiedad: Terreno de 640 m² Propiedad esquinera de alto tránsito Restaurante en funcionamiento: El Adriático Varios apartamentos pequeños y habitaciones para alquiler 14 baños en total 6 espacios de parqueo privado Ideal para: Inversión comercial Alquiler de Habitaciones Alquiler de Estudios Restaurante,Condo,,5+ Bathrooms,4+ Vehicles,,400–800m²,"500–1,000m²",{},Riverfront,{},,,1375000,USD,,https://photos.encuentra24.com/t_or_fh_m/f_auto/v1/cr/24/85/19/03/24851903_c0f545|https://photos.encuentra24.com/t_or_fh_m/f_auto/v1/cr/24/85/19/03/24851903_2205f2|https://photos.encuentra24.com/t_or_fh_m/f_auto/v1/cr/24/85/19/03/24851903_c67c4f|https://photos.encuentra24.com/t_or_fh_m/f_auto/v1/cr/24/85/19/03/24851903_9435a0|https://photos.encuentra24.com/t_or_fh_m/f_auto/v1/cr/24/85/19/03/24851903_31e82a|https://photos.encuentra24.com/t_or_fh_m/f_auto/v1/cr/24/85/19/03/24851903_4255c2|https://photos.encuentra24.com/t_or_fh_m/f_auto/v1/cr/24/85/19/03/24851903_e21100|https://photos.encuentra24.com/t_or_fh_m/f_auto/v1/cr/24/85/19/03/24851903_fdbb51|https://photos.encuentra24.com/t_or_fh_m/f_auto/v1/cr/24/85/19/03/24851903_afd031|https://photos.encuentra24.com/t_or_fh_m/f_auto/v1/cr/24/85/19/03/24851903_2e1adf|https://photos.encuentra24.com/t_or_fh_m/f_auto/v1/cr/24/85/19/03/24851903_58c178|https://photos.encuentra24.com/t_or_fh_m/f_auto/v1/cr/24/85/19/03/24851903_ac0149|https://photos.encuentra24.com/t_or_fh_m/f_auto/v1/cr/24/85/19/03/24851903_095636|https://photos.encuentra24.com/t_or_fh_m/f_auto/v1/cr/24/85/19/03/24851903_0843bc|https://photos.encuentra24.com/t_or_fh_m/f_auto/v1/cr/24/85/19/03/24851903_bfcebe|https://photos.encuentra24.com/t_or_fh_m/f_auto/v1/cr/24/85/19/03/24851903_55c946
encuentra24,32102262,https://www.encuentra24.com/costa-rica-es/bienes-raices-venta-de-propiedades-apartamentos/venta-de-apartamento-nuevo-en-escazu-mid102/32102262,sale,active,San José provincia,Escazú,Escazú,Venta de apartamento NUEVO en ESCAZU - MID102,"Ubicado en San Rafael de Escazú, a pocos minutos del Country Club y Avenida Escazú, este apartamento combina diseño contemporáneo, ubicación estratégica y excelente calidad de vida. Área: 180 m² - 3 habitaciones (todas con closet) - Habitación principal con walk-in closet y baño amplio - 2.5 baños - Amplia área social - 2 espacios de parqueo AMENIDADES - Piscina recreativa con carril de nado - Casa club con lounge y área BBQ - Gimnasio equipado y deck para yoga - Espacios de co-working - Senderos y áreas verdes rodeadas de naturaleza Sobre el proyecto – MID 102 Condominio exclusivo de solo 32 apartamentos, diseñado para ofrecer privacidad, tranquilidad y estilo moderno en una de las zonas más privilegiadas del oeste de San José. Precio rebajado $29,000 dolares",Condo,3 Bedrooms,3 Bathrooms,2 Vehicles,,100–200m²,100–500m²,{},,{},Walkable,,475000,USD,+50672934885,https://photos.encuentra24.com/t_or_fh_m/f_auto/v1/cr/32/10/22/62/32102262_094c03716efbc96c61d17192a788799a-a8d176b|https://photos.encuentra24.com/t_or_fh_m/f_auto/v1/cr/32/10/22/62/32102262_84e113a|https://photos.encuentra24.com/t_or_fh_m/f_auto/v1/cr/32/10/22/62/32102262_c95749f|https://photos.encuentra24.com/t_or_fh_m/f_auto/v1/cr/32/10/22/62/32102262_094c03716efbc96c61d17192a788799a-4ff76ee|https://photos.encuentra24.com/t_or_fh_m/f_auto/v1/cr/32/10/22/62/32102262_094c03716efbc96c61d17192a788799a-8266249|https://photos.encuentra24.com/t_or_fh_m/f_auto/v1/cr/32/10/22/62/32102262_094c03716efbc96c61d17192a788799a-d2974e4|https://photos.encuentra24.com/t_or_fh_m/f_auto/v1/cr/32/10/22/62/32102262_dd364ca|https://photos.encuentra24.com/t_or_fh_m/f_auto/v1/cr/32/10/22/62/32102262_094c03716efbc96c61d17192a788799a-6513298|https://photos.encuentra24.com/t_or_fh_m/f_auto/v1/cr/32/10/22/62/32102262_1b7076f|https://photos.encuentra24.com/t_or_fh_m/f_auto/v1/cr/32/10/22/62/32102262_2c970db|https://photos.encuentra24.com/t_or_fh_m/f_auto/v1/cr/32/10/22/62/32102262_094c03716efbc96c61d17192a788799a-534f12c|https://photos.encuentra24.com/t_or_fh_m/f_auto/v1/cr/32/10/22/62/32102262_56653d2|https://photos.encuentra24.com/t_or_fh_m/f_auto/v1/cr/32/10/22/62/32102262_022c563|https://photos.encuentra24.com/t_or_fh_m/f_auto/v1/cr/32/10/22/62/32102262_2607a14|https://photos.encuentra24.com/t_or_fh_m/f_auto/v1/cr/32/10/22/62/32102262_c940888|https://photos.encuentra24.com/t_or_fh_m/f_auto/v1/cr/32/10/22/62/32102262_e8ead52|https://photos.encuentra24.com/t_or_fh_m/f_auto/v1/cr/32/10/22/62/32102262_6a1148c|https://photos.encuentra24.com/t_or_fh_m/f_auto/v1/cr/32/10/22/62/32102262_094c03716efbc96c61d17192a788799a-f05aff5|https://photos.encuentra24.com/t_cnseal/v1594676252/cnseal/5f0cd41c4a555_Bildschirmfotocccbr.png|https://photos.encuentra24.com/t_or_fh_m/f_auto/v1/cr/32/46/06/23/32460623_24acca4|https://photos.encuentra24.com/t_or_fh_m/f_auto/v1/cr/32/61/51/33/32615133_b64799f91bb347a038729db25e71f5d6-1110c9a|https://photos.encuentra24.com/t_or_fh_m/f_auto/v1/cr/32/56/26/03/32562603_87241c7d9e6820429d92a4bd5d1afc3b-5230a32|https://photos.encuentra24.com/t_or_fh_m/f_auto/v1/cr/32/47/90/73/32479073_42b14263ea6b39cb67102976044207d1-4a3a106|https://photos.encuentra24.com/t_or_fh_m/f_auto/v1/cr/32/16/92/73/32169273_805615054063ee7da976bc25e019aeee-58ecf0d|https://photos.encuentra24.com/t_or_fh_m/f_auto/v1/cr/30/98/37/83/30983783_fce4b2|https://photos.encuentra24.com/t_or_fh_m/f_auto/v1/cr/29/65/26/12/29652612_b807db|https://photos.encuentra24.com/t_or_fh_m/f_auto/v1/cr/32/45/28/92/32452892_97500a0fee90e124397fec4e2589068a-3e4ab09|https://photos.encuentra24.com/t_or_fh_m/f_auto/v1/cr/32/45/82/70/32458270_c5d62fc|https://photos.encuentra24.com/t_or_fh_m/f_auto/v1/cr/31/83/80/87/31838087_3e8106|https://photos.encuentra24.com/t_or_fh_m/f_auto/v1/cr/32/10/27/45/32102745_fe12d169cd3ecf78118ff37c063342a4-0947a18|https://photos.encuentra24.com/t_or_fh_m/f_auto/v1/cr/32/34/85/34/32348534_a1b90cc0c70bf25ccc1f91a3b97be2fd-5909973|https://photos.encuentra24.com/t_or_fh_m/f_auto/v1/cr/32/65/94/48/32659448_b065860d143aeba963787365e51f4985-0b4a1da|https://photos.encuentra24.com/t_or_fh_m/f_auto/v1/cr/31/83/30/28/31833028_d093c5
encuentra24,32005861,https://www.encuentra24.com/costa-rica-es/bienes-raices-venta-de-propiedades-apartamentos/oportunidad-concasa-san-rafael-de-alajuela-apartamento-en-condominio/32005861,sale,active,Alajuela provincia,Alajuela,San Rafael,"Oportunidad! Concasa, San Rafael de Alajuela, apartamento en condominio.","San Rafael de Alajuela, bonitos y cómodo apartamentos en condominio con jardín, amenidades, Ubicación estratégica. Opciones disponible: - Un Primer piso - Dos Sexto piso Vestíbulo. Sala comedor. Salón. 2 habitaciones. Sala de estudio. Cocina. 2 baños completos. Lavandería. Balcon. 2 parqueos. Amenidades: 2 Piscinas. 8 Ranchos. 2 salas de eventos, Parque infantil. Zonas verdes. Lago con patos. Parque de perros. Canchas de tenis. Canchas multiusos Canchas de pádel. Centro comercial. Se escucha oferta. ANZAHOME Inmobiliaria",Condo,,2 Bathrooms,2 Vehicles,,,,{},Lakefront|Urban,{},,,55000000,CRC,+50683639863,https://photos.encuentra24.com/t_or_fh_m/f_auto/v1/cr/32/00/58/61/32005861_76869c0|https://photos.encuentra24.com/t_or_fh_m/f_auto/v1/cr/32/00/58/61/32005861_84a058d|https://photos.encuentra24.com/t_or_fh_m/f_auto/v1/cr/32/00/58/61/32005861_2ae072e|https://photos.encuentra24.com/t_or_fh_m/f_auto/v1/cr/32/00/58/61/32005861_70f9d15|https://photos.encuentra24.com/t_or_fh_m/f_auto/v1/cr/32/00/58/61/32005861_893a103|https://photos.encuentra24.com/t_or_fh_m/f_auto/v1/cr/32/00/58/61/32005861_15d93f3|https://photos.encuentra24.com/t_or_fh_m/f_auto/v1/cr/32/00/58/61/32005861_bef5e51|https://photos.encuentra24.com/t_or_fh_m/f_auto/v1/cr/32/00/58/61/32005861_ad11f19|https://photos.encuentra24.com/t_or_fh_m/f_auto/v1/cr/32/00/58/61/32005861_bbf5171|https://photos.encuentra24.com/t_or_fh_m/f_auto/v1/cr/32/00/58/61/32005861_ad1e3c4|https://photos.encuentra24.com/t_or_fh_m/f_auto/v1/cr/32/00/58/61/32005861_054c3cc|https://photos.encuentra24.com/t_or_fh_m/f_auto/v1/cr/32/00/58/61/32005861_2e0e2e5|https://photos.encuentra24.com/t_user_logo/v1/users/logo/11/13/16/1113164_1b2f5e|https://photos.encuentra24.com/t_or_fh_m/f_auto/v1/cr/32/61/60/32/32616032_4782997d8dbb185df1ef9ef4e59e002d-91ee17f|https://photos.encuentra24.com/t_or_fh_m/f_auto/v1/cr/32/57/28/32/32572832_10695361516539f1b904bc9f532d7a53-dd63499|https://photos.encuentra24.com/t_or_fh_m/f_auto/v1/cr/31/68/30/32/31683032_0552e1|https://photos.encuentra24.com/t_or_fh_m/f_auto/v1/cr/32/50/24/32/32502432_67a607b|https://photos.encuentra24.com/t_or_fh_m/f_auto/v1/cr/32/66/56/11/32665611_28678c29ef71e5057125e63fe707f084-3621b36|https://photos.encuentra24.com/t_or_fh_m/f_auto/v1/cr/32/09/90/31/32099031_f76d6a0|https://photos.encuentra24.com/t_or_fh_m/f_auto/v1/cr/32/46/73/91/32467391_33aa27961f787c012f198c79d04d66c1-11d2fe5|https://photos.encuentra24.com/t_or_fh_m/f_auto/v1/cr/32/12/30/37/32123037_dd0a491|https://photos.encuentra24.com/t_or_fh_m/f_auto/v1/cr/32/62/99/61/32629961_0c5be2e|https://photos.encuentra24.com/t_or_fh_m/f_auto/v1/cr/32/37/82/15/32378215_b2a9619|https://photos.encuentra24.com/t_or_fh_m/f_auto/v1/cr/32/43/91/46/32439146_9609d55|https://photos.encuentra24.com/t_or_fh_m/f_auto/v1/cr/32/28/77/47/32287747_0040a4a|https://photos.encuentra24.com/t_or_fh_m/f_auto/v1/cr/32/29/81/00/32298100_ed6e9f5|https://photos.encuentra24.com/t_or_fh_m/f_auto/v1/cr/32/11/84/23/32118423_114b1be
encuentra24,32586176,https://www.encuentra24.com/costa-rica-es/bienes-raices-venta-de-propiedades-casas/venta-de-casa-esquinera-en-geroma-pavas/32586176,sale,active,San José provincia,San José Capital,Rohrmoser,Venta de Casa Esquinera en Geroma Pavas,"Venta de Casa Esquinera en Venta | Barrio Geroma, Pavas, San José Amplia y sólida residencia de una planta en una excelente ubicación, ideal para familias que buscan comodidad, seguridad y fácil acceso a toda la ciudad. Características: 3 habitaciones 2 baños completos Cuarto de servicio con baño completo Sala y comedor de gran amplitud Cocina funcional con sobres de granito Patio interior privado Jardín frontal Garaje cerrado para 2 vehículos Aprox. 240 m² de construcción Lote de 317 m² Ubicada cerca de La Sabana, Rohrmoser, Hospital México, supermercados, comercios y principales vías de acceso.",House,,2 Bathrooms,2 Vehicles,,200–400m²,100–500m²,{},Riverfront|Urban,{},,,317000,USD,+50683888809,https://photos.encuentra24.com/t_or_fh_m/f_auto/v1/cr/32/58/61/76/32586176_87fc8e4|https://photos.encuentra24.com/t_or_fh_m/f_auto/v1/cr/32/58/61/76/32586176_f81c1e8|https://photos.encuentra24.com/t_or_fh_m/f_auto/v1/cr/32/58/61/76/32586176_9eac9fcef0f9db54976bbd580c41e169-94405da|https://photos.encuentra24.com/t_or_fh_m/f_auto/v1/cr/32/58/61/76/32586176_9eac9fcef0f9db54976bbd580c41e169-a6c612f|https://photos.encuentra24.com/t_or_fh_m/f_auto/v1/cr/32/58/61/76/32586176_9eac9fcef0f9db54976bbd580c41e169-18a3f86|https://photos.encuentra24.com/t_or_fh_m/f_auto/v1/cr/32/58/61/76/32586176_0163600|https://photos.encuentra24.com/t_or_fh_m/f_auto/v1/cr/32/58/61/76/32586176_b9b446c|https://photos.encuentra24.com/t_or_fh_m/f_auto/v1/cr/32/58/61/76/32586176_90fd550|https://photos.encuentra24.com/t_or_fh_m/f_auto/v1/cr/32/58/61/76/32586176_340332e|https://photos.encuentra24.com/t_or_fh_m/f_auto/v1/cr/32/58/61/76/32586176_f932646|https://photos.encuentra24.com/t_or_fh_m/f_auto/v1/cr/32/58/61/76/32586176_9eac9fcef0f9db54976bbd580c41e169-13c0c67|https://photos.encuentra24.com/t_or_fh_m/f_auto/v1/cr/32/59/14/04/32591404_99a77a9d3e04504d36c72825cc777fd1-28eb0c4|https://photos.encuentra24.com/t_or_fh_m/f_auto/v1/cr/31/56/91/24/31569124_ee41f0|https://photos.encuentra24.com/t_or_fh_m/f_auto/v1/cr/32/05/65/13/32056513_bd839002aa5e2c8e9eacab0858fc1c9a-b429822|https://photos.encuentra24.com/t_or_fh_m/f_auto/v1/cr/32/32/52/23/32325223_6f457c3158d522e596f47556d6f127dc-d102d83|https://photos.encuentra24.com/t_or_fh_m/f_auto/v1/cr/30/00/23/83/30002383_f79389|https://photos.encuentra24.com/t_or_fh_m/f_auto/v1/cr/25/08/42/03/25084203_7071c3|https://photos.encuentra24.com/t_or_fh_m/f_auto/v1/cr/29/04/49/02/29044902_7e80a3|https://photos.encuentra24.com/t_or_fh_m/f_auto/v1/cr/32/62/92/33/32629233_16bb2b8|https://photos.encuentra24.com/t_or_fh_m/f_auto/v1/cr/32/65/54/34/32655434_c010aa1be26321139070006c589b065b-d2ad3d1|https://photos.encuentra24.com/t_or_fh_m/f_auto/v1/cr/32/58/30/57/32583057_ce69095f063e5c0106a98825bd7025a2-524e4ea|https://photos.encuentra24.com/t_or_fh_m/f_auto/v1/cr/30/67/51/13/30675113_b314d8|https://photos.encuentra24.com/t_or_fh_m/f_auto/v1/cr/30/69/30/64/30693064_ab5ac4|https://photos.encuentra24.com/t_or_fh_m/f_auto/v1/cr/30/84/67/15/30846715_465577|https://photos.encuentra24.com/t_or_fh_m/f_auto/v1/cr/32/21/06/41/32210641_80e6c7a143cf1db1d2f34adf2eb78d97-39dad12
encuentra24,32393012,https://www.encuentra24.com/costa-rica-es/bienes-raices-venta-de-propiedades-apartamentos/apartamento-en-venta-en-san-jose-rohrmoser-amueblado-5pvv9970324/32393012,sale,active,San José provincia,San José Capital,Mata Redonda,"Apartamento en Venta en San José, Rohrmoser. Amueblado - 5PVV9970324","Apartamento en Venta en San José, Rohrmoser. Amueblado - 5PVV9970324 Se VENDE precioso apartamento en Nunciatura en una de las zonas más exclusivas de San José, Costa Rica! Este apartamento se encuentra ubicado en el corazón de la capital, rodeado de todos los servicios y comodidades que necesitas para vivir cómodamente. Con excelente vista desde un piso 15. Este apartamento es ideal para parejas o solteros que buscan un espacio acogedor y funcional. Se vende con todos los muebles. . Resúmen de la Propiedad: - Área habitable: 59 m2. PRECIO DE VENTA: USD$200,000.00 - Área de parqueo: 15 m2 - Área de bodega: 2 m2 - Área adicional de closet: 3 m2 - Área total: 79 m2 - Habitaciones: 1 - Baño: 1 - Medio baño para visitas - Sala y comedor - Cocina - Área de lavado en torre con pila - Estacionamiento techado: 1 - Cuota de mantenimiento: USD $196.84 . Descripción del apartamento: Es un excelente apartamento esquinero tipo loft de dos plantas. Sala y comedor, cocina integral es moderna y funcional, perfecta para preparar tus comidas con comodidad. Alacena. Cuenta con balcón, perfecto para disfrutar de las vistas panorámicas de la ciudad y relajarse al aire libre con linda vista. 1 dormitorio en el segundo nivel con su baño con doble lavado y walk in closet. El baño auxiliar y el baño en la habitación principal, ambos completamente equipados, te brindarán la comodidad y privacidad que mereces. Parqueo para un vehículo y bodega. Y si tienes mascotas, ¡no hay problema! Este apartamento admite mascotas, por lo que tú y tu mascota serán bienvenidos en tu nuevo hogar. A/A en el área social y abanico en el dormitorio. . Descripción del Proyecto: Una bella torre de apartamentos en Rohrmoser de 20 pisos de altura, la cual brinda a sus residentes un estilo de vida moderno y a su vez en un vecindario tranquilo. Las impresionantes amenidades de este desarrollo incluyen una amplia piscina y terraza circundante, jacuzzi, sauna, varios gimnasios, centro de trabajo compartido, bar/salón, estacionamiento subterráneo y un impresionante vestíbulo que recibe a los residentes e invitados. Descripció de la Zona: Zona segura, acceso a transporte público, con acceso a diversos comercios, restaurantes, supermercados, escuelas, etc.",Condo,1 Bedroom,1 Bathroom,1 Vehicle,,,,{},Riverfront|Urban,{},Walkable,,200000,USD,+50684826072,https://photos.encuentra24.com/t_or_fh_m/f_auto/v1/cr/32/39/30/12/32393012_0a4538|https://photos.encuentra24.com/t_or_fh_m/f_auto/v1/cr/32/39/30/12/32393012_e58db4|https://photos.encuentra24.com/t_or_fh_m/f_auto/v1/cr/32/39/30/12/32393012_103999|https://photos.encuentra24.com/t_or_fh_m/f_auto/v1/cr/32/39/30/12/32393012_5d0b12|https://photos.encuentra24.com/t_or_fh_m/f_auto/v1/cr/32/39/30/12/32393012_723874|https://photos.encuentra24.com/t_or_fh_m/f_auto/v1/cr/32/39/30/12/32393012_fff9f9|https://photos.encuentra24.com/t_or_fh_m/f_auto/v1/cr/32/39/30/12/32393012_c9460c|https://photos.encuentra24.com/t_or_fh_m/f_auto/v1/cr/32/39/30/12/32393012_d40074|https://photos.encuentra24.com/t_or_fh_m/f_auto/v1/cr/32/39/30/12/32393012_f98d41|https://photos.encuentra24.com/t_or_fh_m/f_auto/v1/cr/32/39/30/12/32393012_f20d2d|https://photos.encuentra24.com/t_or_fh_m/f_auto/v1/cr/32/39/30/12/32393012_5a76f4|https://photos.encuentra24.com/t_or_fh_m/f_auto/v1/cr/32/39/30/12/32393012_b0a785|https://photos.encuentra24.com/t_or_fh_m/f_auto/v1/cr/32/39/30/12/32393012_990dbb|https://photos.encuentra24.com/t_or_fh_m/f_auto/v1/cr/32/39/30/12/32393012_83e1cc|https://photos.encuentra24.com/t_or_fh_m/f_auto/v1/cr/32/39/30/12/32393012_ed6dec|https://photos.encuentra24.com/t_or_fh_m/f_auto/v1/cr/32/39/30/12/32393012_32d7a3|https://photos.encuentra24.com/t_or_fh_m/f_auto/v1/cr/32/39/30/12/32393012_002986|https://photos.encuentra24.com/t_user_logo/v1/users/logo/63/57/63578_d5a40c|https://photos.encuentra24.com/t_cnseal/v1594676252/cnseal/5f0cd41c4a555_Bildschirmfotocccbr.png|https://photos.encuentra24.com/t_cnseal/v1697642511/cnseal/652ff80f42db6_Verified%20badge.png|https://photos.encuentra24.com/t_or_fh_m/f_auto/v1/cr/31/39/32/20/31393220_81268a|https://photos.encuentra24.com/t_or_fh_m/f_auto/v1/cr/31/98/79/50/31987950_e21bb4ba7847befea71c748771d52997-31fa0e9|https://photos.encuentra24.com/t_or_fh_m/f_auto/v1/cr/32/63/43/90/32634390_9a4f5cec83dc5b9f389538538aa4d097-721fcef|https://photos.encuentra24.com/t_or_fh_m/f_auto/v1/cr/32/48/67/20/32486720_9567315384bf6e618f4a7e53fe18f01a-a8243c5|https://photos.encuentra24.com/t_or_fh_m/f_auto/v1/cr/32/15/04/90/32150490_694c5f2d8a4f9af11753197bf5e76b84-9862962|https://photos.encuentra24.com/t_or_fh_m/f_auto/v1/cr/32/47/18/90/32471890_2b24543883522a5bec227c7ce8e937f2-b4ddcf1|https://photos.encuentra24.com/t_or_fh_m/f_auto/v1/cr/31/98/72/40/31987240_ecec0ca9f7eea60467626a7d85b7ba1d-076c6cb|https://photos.encuentra24.com/t_or_fh_m/f_auto/v1/cr/32/57/92/00/32579200_bac84e|https://photos.encuentra24.com/t_or_fh_m/f_auto/v1/cr/32/00/00/83/32000083_5b8773|https://photos.encuentra24.com/t_or_fh_m/f_auto/v1/cr/32/40/59/61/32405961_a6c8fc|https://photos.encuentra24.com/t_or_fh_m/f_auto/v1/cr/30/95/84/54/30958454_36209b|https://photos.encuentra24.com/t_or_fh_m/f_auto/v1/cr/31/76/28/96/31762896_4abf0d|https://photos.encuentra24.com/t_or_fh_m/f_auto/v1/cr/30/51/71/58/30517158_bdd06f|https://photos.encuentra24.com/t_or_fh_m/f_auto/v1/cr/30/51/71/82/30517182_8fdb86
encuentra24,32586353,https://www.encuentra24.com/costa-rica-es/bienes-raices-venta-de-propiedades-lotes-y-terrenos/lote-en-venta-residencial-bello-verde-san-rafael-de-heredia/32586353,sale,active,Heredia provincia,San Rafael,,"Lote en Venta Residencial Bello Verde, San Rafael de Heredia","Si desea con construir la casa de sus sueños en un entorno seguro, tranquilo y con un clima espectacular, este lote en venta en San Rafael de Heredia es la oportunidad que estaba esperando. Ubicado en el exclusivo Residencial Bello Verde, esta propiedad de 341 m² ( 9m de frente x 30m aproximados ) le ofrece el espacio perfecto para diseñar una sola vivienda a su medida. Una de sus grandes ventajas es que cuenta con una huella constructiva del 75%, lo que le da una libertad increíble para aprovechar al máximo el terreno, crear amplios jardines o cochera múltiple. La tranquilidad y el bienestar de los suyos son la prioridad, el residencial cuenta con: 1-seguridad privada y acceso controlado las 24/7. 2-Pensando en la calidad de vida, la comunidad le ofrece hermosas zonas verdes para conectar con la naturaleza. 3- Dos divertidos parques infantiles para los más pequeños y un gimnasio al aire libre para mantenerse en forma. Además, su ubicación es inmejorable. Estará a solo minutos del casco urbano de San Rafael, combinando la frescura de la zona con la comodidad de tener todo a mano. A la vuelta de la esquina encontrará una gran variedad de servicios esenciales: Escuelas y colegios. Supermercados y farmacias. Restaurantes y cafeterías locales. Iglesias y centros de conveniencia. Precio de oportunidad: $136.600 / crc ¡Es el balance perfecto el clima fresco de montaña y la cercanía urbana! Dé el primer paso hacia su nuevo hogar. Contáctenos hoy mismo para conocer este hermoso terreno y enamorarse de su ubicación. Para más información, coordinar una visita o conocer este maravilloso terreno contáctanos hoy mismo. | para programar una visita y optimice la presencia de su negocio hoy mismo! Te invitamos a unirte a nuestras redes sociales Facebook: ZonaPlusRealEstate Instagram:",House,,2 Bathrooms,,,,100–500m²,{},Urban,{},,,60660000,USD,+50685307070,https://photos.encuentra24.com/t_or_fh_m/f_auto/v1/cr/32/58/63/53/32586353_9d73a84fb5e10c6374c29072f7577616-405e35e|https://photos.encuentra24.com/t_or_fh_m/f_auto/v1/cr/32/58/63/53/32586353_9d73a84fb5e10c6374c29072f7577616-746f72f|https://photos.encuentra24.com/t_or_fh_m/f_auto/v1/cr/32/58/63/53/32586353_9d73a84fb5e10c6374c29072f7577616-8cdb74b|https://photos.encuentra24.com/t_or_fh_m/f_auto/v1/cr/32/58/63/53/32586353_9d73a84fb5e10c6374c29072f7577616-be91f55|https://photos.encuentra24.com/t_or_fh_m/f_auto/v1/cr/32/58/63/53/32586353_9d73a84fb5e10c6374c29072f7577616-ef463ef|https://photos.encuentra24.com/t_or_fh_m/f_auto/v1/cr/32/58/63/53/32586353_9d73a84fb5e10c6374c29072f7577616-d8453d7|https://photos.encuentra24.com/t_or_fh_m/f_auto/v1/cr/32/58/63/53/32586353_9d73a84fb5e10c6374c29072f7577616-eddee88|https://photos.encuentra24.com/t_or_fh_m/f_auto/v1/cr/32/58/63/53/32586353_9d73a84fb5e10c6374c29072f7577616-327576f|https://photos.encuentra24.com/t_user_logo/v1/users/logo/39/52/90/395290_d3ab1b|https://photos.encuentra24.com/t_cnseal/v1594676252/cnseal/5f0cd41c4a555_Bildschirmfotocccbr.png|https://photos.encuentra24.com/t_cnseal/v1697642511/cnseal/652ff80f42db6_Verified%20badge.png|https://photos.encuentra24.com/t_or_fh_m/f_auto/v1/cr/32/67/39/12/32673912_283bdc6|https://photos.encuentra24.com/t_or_fh_m/f_auto/v1/cr/31/20/90/01/31209001_a5df09|https://photos.encuentra24.com/t_or_fh_m/f_auto/v1/cr/31/46/07/49/31460749_fb862d|https://photos.encuentra24.com/t_or_fh_m/f_auto/v1/cr/31/99/53/78/31995378_5ee4eebb9dccd3eaa816513f43a0a28d-53a5c13|https://photos.encuentra24.com/t_or_fh_m/f_auto/v1/cr/32/35/93/07/32359307_257358eeca17878b1318d0cb1b1063cc-2048c66|https://photos.encuentra24.com/t_or_cvr/f_auto/v1/public/no-img-re.png|https://photos.encuentra24.com/t_or_fh_m/f_auto/v1/cr/32/28/79/46/32287946_0455325|https://photos.encuentra24.com/t_or_fh_m/f_auto/v1/cr/32/54/46/65/32544665_7b9b7bb76f4a5dbfc807c007219f3745-13629b0|https://photos.encuentra24.com/t_or_fh_m/f_auto/v1/cr/32/58/15/52/32581552_d6c6dcfa530c07fcb207a4626cee9259-7ba652a|https://photos.encuentra24.com/t_or_fh_m/f_auto/v1/cr/32/54/47/15/32544715_08945342ffce42bf2c25e5832c39ee37-5d00a2c|https://photos.encuentra24.com/t_or_fh_m/f_auto/v1/cr/32/58/21/31/32582131_e852a904eda64a6c7bed2c2b888585a4-a62988b|https://photos.encuentra24.com/t_or_fh_m/f_auto/v1/cr/32/58/22/26/32582226_67a73a468bfcdb7f39d4c5f2d4c8ba2f-443c43a|https://photos.encuentra24.com/t_or_fh_m/f_auto/v1/cr/32/60/53/37/32605337_dd77bb2459a1b7c35b124c5c5ea656ce-259807a|https://photos.encuentra24.com/t_or_fh_m/f_auto/v1/cr/32/60/54/96/32605496_d9d93eae1f58c1d58078aeb6899d496d-c5388c2
encuentra24,32586414,https://www.encuentra24.com/costa-rica-es/bienes-raices-venta-de-propiedades-lotes-y-terrenos/venta-de-lote-en-la-palma-puerto-jimenez/32586414,sale,active,Puntarenas provincia,Puerto Jimenez,,"Venta de Lote en La Palma, Puerto Jimenez","Oportunidad de Inversión en La Palma de Puerto Jiménez – Península de Osa Precio de Venta: 16,000,000 Área de Terreno: 900 m² Si está buscando invertir en una de las zonas con mayor crecimiento turístico y natural de Costa Rica, esta propiedad es una excelente oportunidad. Ubicado en el centro de La Palma de Puerto Jiménez, este terreno cuenta con una posición privilegiada, rodeado de supermercados, ferreterías, hoteles, restaurantes y todos los servicios esenciales para el día a día. Ubicación estratégica En el centro del pueblo de La Palma A solo 8 minutos de Playa Blanca Fácil acceso desde carretera principal Cerca de Puerto Jiménez y del Golfo Dulce Muy próximo al Parque Nacional Corcovado Excelente conectividad y acceso a transporte público Características del terreno 900 m² de terreno Topografía 100% plana Servicio de agua disponible Electricidad disponible Excelente frente y ubicación Zona segura y en constante desarrollo deal para vivienda, cabinas, comercio, proyecto turístico o inversión La Península de Osa es reconocida mundialmente por su riqueza natural, biodiversidad y creciente desarrollo turístico, convirtiendo esta propiedad en una alternativa atractiva tanto para inversionistas como para quienes desean construir en una ubicación privilegiada. Una oportunidad difícil de encontrar por ubicación, precio y potencial de crecimiento. Contáctenos para más información o para coordinar una visita.",Land,,3 Bathrooms,,,,"500–1,000m²","{""Municipal Water"",""Water"",""Electricity""}",Beachfront|Urban,{},,,16000000,CRC,+50672447842,https://photos.encuentra24.com/t_or_fh_m/f_auto/v1/cr/32/58/64/14/32586414_aa1942e43fea95f5b21ffebcf157cec1-3d77415|https://photos.encuentra24.com/t_or_fh_m/f_auto/v1/cr/32/58/64/14/32586414_aa1942e43fea95f5b21ffebcf157cec1-4009ffa|https://photos.encuentra24.com/t_or_fh_m/f_auto/v1/cr/32/58/64/14/32586414_aa1942e43fea95f5b21ffebcf157cec1-a36fc85|https://photos.encuentra24.com/t_or_fh_m/f_auto/v1/cr/32/58/64/14/32586414_aa1942e43fea95f5b21ffebcf157cec1-0922795|https://photos.encuentra24.com/t_or_fh_m/f_auto/v1/cr/32/58/64/14/32586414_aa1942e43fea95f5b21ffebcf157cec1-2451aa0|https://photos.encuentra24.com/t_or_fh_m/f_auto/v1/cr/32/58/64/14/32586414_aa1942e43fea95f5b21ffebcf157cec1-a1cbd3f|https://photos.encuentra24.com/t_or_fh_m/f_auto/v1/cr/32/58/64/14/32586414_aa1942e43fea95f5b21ffebcf157cec1-1fdcdf5|https://photos.encuentra24.com/t_or_fh_m/f_auto/v1/cr/32/58/64/14/32586414_aa1942e43fea95f5b21ffebcf157cec1-b3c6986|https://photos.encuentra24.com/t_or_fh_m/f_auto/v1/cr/32/58/64/14/32586414_aa1942e43fea95f5b21ffebcf157cec1-4407b94|https://photos.encuentra24.com/t_or_fh_m/f_auto/v1/cr/32/58/64/14/32586414_aa1942e43fea95f5b21ffebcf157cec1-1043b00|https://photos.encuentra24.com/t_or_fh_m/f_auto/v1/cr/32/58/64/14/32586414_aa1942e43fea95f5b21ffebcf157cec1-b147449|https://photos.encuentra24.com/t_cnseal/v1697642511/cnseal/652ff80f42db6_Verified%20badge.png|https://photos.encuentra24.com/t_or_fh_m/f_auto/v1/cr/31/99/63/68/31996368_706f5b4d339211eca8d397d4a9ff1b89-d1249b6|https://photos.encuentra24.com/t_or_fh_m/f_auto/v1/cr/32/55/09/78/32550978_d5db6f1ef9eaf485b2e67cb6a00337b3-eb19187|https://photos.encuentra24.com/t_or_fh_m/f_auto/v1/cr/32/23/79/82/32237982_c10b4c76b215a9c579d3e2c1f3860b68-afa28e2|https://photos.encuentra24.com/t_or_fh_m/f_auto/v1/cr/30/22/97/43/30229743_25c2f8|https://photos.encuentra24.com/t_or_fh_m/f_auto/v1/cr/32/66/04/64/32660464_ef1fdf9f6c7a82e908f31d1c9ba5cfd7-48b7152|https://photos.encuentra24.com/t_or_fh_m/f_auto/v1/cr/32/66/62/85/32666285_9f6f6293a386294ec436b80d55ae6674-1a0c83f|https://photos.encuentra24.com/t_or_fh_m/f_auto/v1/cr/32/23/56/79/32235679_c5c5a14|https://photos.encuentra24.com/t_or_fh_m/f_auto/v1/cr/31/64/11/67/31641167_bf9e46d|https://photos.encuentra24.com/t_or_fh_m/f_auto/v1/cr/32/03/04/54/32030454_4c4fbf3
encuentra24,31524040,https://www.encuentra24.com/costa-rica-es/bienes-raices-venta-de-propiedades-apartamentos/hermoso-condominio-de-2-hab-en-eco-residencial-san-vicente-belen/31524040,sale,active,Heredia provincia,Belén,San Antonio,"Hermoso condominio de 2 hab en Eco Residencial San Vicente, Belén","Hermoso condominio de 2 hab en Eco Residencial San Vicente, Belén -Elegante y céntrico condominio, con amenidades y clima espectacular. -Ubicado en segunda planta, con balcones. -Facilidad de acceso a Lindora, ruta 27, aeropuerto Int´l Juan Santamaría. Muy cerca del centro de San Antonio de Belén, Heredia, se encuentra este encantador apartamento de 90 m² habitables, en el prestigioso condominio Eco Residencial San Vicente. Ubicado en torre de elegante diseño, el apartamento se sitúa en la segunda planta y cuenta con balcones en las habitaciones y en la sala, que permiten disfrutar del clima privilegiado de la zona. Su distribución incluye una acogedora sala-comedor, dos cómodas habitaciones, dos baños completos, cuarto de pilas y dos espacios de parqueo, ofreciendo funcionalidad y confort en cada rincón. La cocina integrada destaca por su sobre de granito y muebles de melamina en tono café, que aportan calidez y estilo. El edificio cuenta con ascensor, facilitando el acceso a todas las áreas. El condominio ofrece seguridad 24/7, ingreso vehicular con marchamo y lector de huella digital, además de una amplia gama de amenidades que enriquecen la vida diaria: piscina temperada con calefacción solar para adultos y niños, gimnasio completamente equipado, cancha techada multiuso para tenis, fútbol y baloncesto, rancho BBQ profesional, sala de eventos y reuniones, juegos infantiles, áreas verdes con bancas, parqueo para bicicletas y parqueos para visitas. La ubicación es inmejorable: a solo cinco minutos del centro de Belén, a cuatro minutos de la iglesia de San Antonio y a 600 metros del Colegio Experimental Bilingüe. Además, ofrece fácil acceso a Lindora, la ruta 27, el Aeropuerto Internacional Juan Santamaría, reconocidos colegios como Pan-American, Saint Paul y San Jude, así como zonas francas y centros comerciales con una variada oferta gastronómica y de servicios. Este apartamento representa una excelente oportunidad de INVERSIÓN ya que se encuentra actualmente alquilado, o bien para quienes buscan un ambiente familiar, seguro y lleno de comodidades, ideal para vivir o invertir en una de las zonas más cotizadas del Valle Central. Año: 2010 Cuota condominal: 150,000 CRC",Condo,2 Bedrooms,2 Bathrooms,2 Vehicles,,50–100m²,<100m²,"{""Solar Power""}",Urban,"{""River Valley""}",,,84500000,USD,+50686325999,https://photos.encuentra24.com/t_or_fh_m/f_auto/v1/cr/31/52/40/40/31524040_1d5d55|https://photos.encuentra24.com/t_or_fh_m/f_auto/v1/cr/31/52/40/40/31524040_bf50a2|https://photos.encuentra24.com/t_or_fh_m/f_auto/v1/cr/31/52/40/40/31524040_a57a43a|https://photos.encuentra24.com/t_or_fh_m/f_auto/v1/cr/31/52/40/40/31524040_22a026|https://photos.encuentra24.com/t_or_fh_m/f_auto/v1/cr/31/52/40/40/31524040_a99902|https://photos.encuentra24.com/t_or_fh_m/f_auto/v1/cr/31/52/40/40/31524040_11d73b|https://photos.encuentra24.com/t_or_fh_m/f_auto/v1/cr/31/52/40/40/31524040_113740|https://photos.encuentra24.com/t_or_fh_m/f_auto/v1/cr/31/52/40/40/31524040_9016c0|https://photos.encuentra24.com/t_or_fh_m/f_auto/v1/cr/31/52/40/40/31524040_5a9ce7|https://photos.encuentra24.com/t_or_fh_m/f_auto/v1/cr/31/52/40/40/31524040_25fc9d7|https://photos.encuentra24.com/t_or_fh_m/f_auto/v1/cr/31/52/40/40/31524040_e905b2|https://photos.encuentra24.com/t_or_fh_m/f_auto/v1/cr/31/52/40/40/31524040_21d0ca|https://photos.encuentra24.com/t_or_fh_m/f_auto/v1/cr/31/52/40/40/31524040_fbb690|https://photos.encuentra24.com/t_or_fh_m/f_auto/v1/cr/31/52/40/40/31524040_fe9f4e|https://photos.encuentra24.com/t_or_fh_m/f_auto/v1/cr/31/52/40/40/31524040_d70ff6|https://photos.encuentra24.com/t_or_fh_m/f_auto/v1/cr/31/52/40/40/31524040_9fa741|https://photos.encuentra24.com/t_or_fh_m/f_auto/v1/cr/31/52/40/40/31524040_f46d06|https://photos.encuentra24.com/t_or_fh_m/f_auto/v1/cr/31/52/40/40/31524040_fa37ae|https://photos.encuentra24.com/t_or_fh_m/f_auto/v1/cr/31/52/40/40/31524040_2a9c94|https://photos.encuentra24.com/t_or_fh_m/f_auto/v1/cr/31/52/40/40/31524040_643886|https://photos.encuentra24.com/t_or_fh_m/f_auto/v1/cr/32/64/06/07/32640607_8e0c31b6642334e0771fb25a2493e5e3-ebe744f|https://photos.encuentra24.com/t_or_fh_m/f_auto/v1/cr/31/47/44/15/31474415_9dae38|https://photos.encuentra24.com/t_or_fh_m/f_auto/v1/cr/32/53/91/13/32539113_4252e3aaa6a63e57d2d22821b895ec5a-d4bb8c1|https://photos.encuentra24.com/t_or_fh_m/f_auto/v1/cr/31/67/96/63/31679663_8d8c88|https://photos.encuentra24.com/t_or_fh_m/f_auto/v1/cr/25/74/33/98/25743398_58f58f|https://photos.encuentra24.com/t_or_fh_m/f_auto/v1/cr/32/33/38/36/32333836_5c0367c|https://photos.encuentra24.com/t_or_fh_m/f_auto/v1/cr/31/28/68/04/31286804_ca0858|https://photos.encuentra24.com/t_or_fh_m/f_auto/v1/cr/31/81/10/18/31811018_990774|https://photos.encuentra24.com/t_or_fh_m/f_auto/v1/cr/32/62/10/38/32621038_7701833|https://photos.encuentra24.com/t_or_fh_m/f_auto/v1/cr/32/33/38/26/32333826_ea2a8a9|https://photos.encuentra24.com/t_or_fh_m/f_auto/v1/cr/31/52/40/04/31524004_908f9b|https://photos.encuentra24.com/t_or_fh_m/f_auto/v1/cr/32/62/10/39/32621039_4cd5114
encuentra24,32587460,https://www.encuentra24.com/costa-rica-es/bienes-raices-venta-de-propiedades-lotes-y-terrenos/terreno-industrial-estrategico-en-orotina-59-761-m/32587460,sale,active,Alajuela provincia,Orotina,,Terreno Industrial Estratégico en Orotina – 59.761 m²,"Invierta hoy en una de las zonas con mayor proyección de crecimiento industrial de Costa Rica. Se ofrece terreno de 59.761 m² ubicado en Orotina, en una posición privilegiada para el desarrollo de proyectos industriales, logísticos, almacenamiento, centros de distribución y actividades productivas de gran escala. La propiedad se encuentra a tan solo 300 metros de la Ruta Nacional 34 (Costanera Sur), corredor estratégico que conecta el Pacífico Central con el resto del país. Además, está ubicada a aproximadamente 1 kilómetro de la Ruta 27, permitiendo una conexión rápida y eficiente tanto con Puerto Caldera como con la Gran Área Metropolitana. Uno de los principales atributos de esta propiedad es su ubicación dentro de una zona que está iniciando un importante proceso de transformación y consolidación industrial. Actualmente existe un proyecto de desarrollo en marcha en el sector, que contempla mejoras en la infraestructura vial, incluyendo el futuro asfaltado del acceso principal, lo que incrementará significativamente la plusvalía y competitividad de la zona. El terreno presenta una topografía regular y aprovechable en aproximadamente un 75% de su extensión, con condiciones naturales de desfogue que favorecen el desarrollo de infraestructura industrial y reducen costos de adecuación. Características destacadas: • Área total: 59.761 m² • Precio: $25 por m² • A solo 300 metros de la Ruta 34 • Aproximadamente 1 km de la Ruta 27 • Disponibilidad cercana de electricidad trifásica • 3 pajas de agua disponibles • Topografía regular y plana en un 75% • Desfogue natural • Camino público de acceso • Zona de creciente desarrollo industrial y logístico • Excelente conectividad hacia Puerto Caldera y la Gran Área Metropolitana • Alta proyección de plusvalía por mejoras viales en ejecución Una oportunidad difícil de igualar Con un precio de $25 por m², esta propiedad representa una excelente relación entre ubicación, tamaño y potencial de crecimiento. Su cercanía a las principales rutas nacionales, disponibilidad de servicios y ubicación dentro de un corredor industrial emergente la convierten en una opción ideal para inversionistas y empresas que buscan establecer operaciones en lo que apunta a convertirse en uno de los polos industriales más importantes de Orotina y del Pacífico Central. Ubicación estratégica, conectividad, servicios y plusvalía futura en una sola inversión.",Land,,2 Bathrooms,,,,>5 Hectares,"{""Water"",""Electricity""}",Urban,{},,,1494025,USD,+50683848124,https://photos.encuentra24.com/t_or_fh_m/f_auto/v1/cr/32/58/74/60/32587460_741b86a|https://photos.encuentra24.com/t_or_fh_m/f_auto/v1/cr/32/58/74/60/32587460_e6c5d0c3069d7a4a29fbbb3dc03864ca-7ee4bdf|https://photos.encuentra24.com/t_or_fh_m/f_auto/v1/cr/32/58/74/60/32587460_e6c5d0c3069d7a4a29fbbb3dc03864ca-c775d72|https://photos.encuentra24.com/t_or_fh_m/f_auto/v1/cr/32/58/74/60/32587460_e6c5d0c3069d7a4a29fbbb3dc03864ca-9f88d4e|https://photos.encuentra24.com/t_or_fh_m/f_auto/v1/cr/32/58/74/60/32587460_e6c5d0c3069d7a4a29fbbb3dc03864ca-766c742|https://photos.encuentra24.com/t_or_fh_m/f_auto/v1/cr/32/58/74/60/32587460_6ebc171|https://photos.encuentra24.com/t_or_fh_m/f_auto/v1/cr/32/58/74/60/32587460_42933e8|https://photos.encuentra24.com/t_or_fh_m/f_auto/v1/cr/32/58/74/60/32587460_eadc5c7|https://photos.encuentra24.com/t_or_fh_m/f_auto/v1/cr/32/58/74/60/32587460_38a56cd|https://photos.encuentra24.com/t_or_fh_m/f_auto/v1/cr/32/58/74/60/32587460_a763690|https://photos.encuentra24.com/t_or_fh_m/f_auto/v1/cr/32/58/74/60/32587460_d603d45|https://photos.encuentra24.com/t_or_fh_m/f_auto/v1/cr/32/58/74/60/32587460_767b089|https://photos.encuentra24.com/t_or_fh_m/f_auto/v1/cr/32/58/74/60/32587460_325820c|https://photos.encuentra24.com/t_or_fh_m/f_auto/v1/cr/32/58/74/60/32587460_6a0d69c|https://photos.encuentra24.com/t_or_fh_m/f_auto/v1/cr/32/58/74/60/32587460_336526a|https://photos.encuentra24.com/t_or_fh_m/f_auto/v1/cr/32/58/74/60/32587460_9a22094|https://photos.encuentra24.com/t_or_fh_m/f_auto/v1/cr/32/58/74/60/32587460_4c8c223|https://photos.encuentra24.com/t_or_fh_m/f_auto/v1/cr/32/58/74/60/32587460_8a2e00c|https://photos.encuentra24.com/t_or_fh_m/f_auto/v1/cr/32/58/74/60/32587460_524a657|https://photos.encuentra24.com/t_user_logo/v1/users/logo/12/70/09/35/12700935_6082c6|https://photos.encuentra24.com/t_cnseal/v1594676252/cnseal/5f0cd41c4a555_Bildschirmfotocccbr.png|https://photos.encuentra24.com/t_cnseal/v1697642511/cnseal/652ff80f42db6_Verified%20badge.png|https://photos.encuentra24.com/t_or_fh_m/f_auto/v1/cr/32/46/65/45/32466545_9609247f295f8f4eb7815cdf4b21a9f2-e7a554f|https://photos.encuentra24.com/t_or_fh_m/f_auto/v1/cr/31/27/60/87/31276087_69611e|https://photos.encuentra24.com/t_or_fh_m/f_auto/v1/cr/32/43/22/27/32432227_871a188d3a67f639bc4d36c263676180-14bf7f6|https://photos.encuentra24.com/t_or_fh_m/f_auto/v1/cr/25/91/05/86/25910586_3dfbd7|https://photos.encuentra24.com/t_or_fh_m/f_auto/v1/cr/30/04/52/05/30045205_8a2703|https://photos.encuentra24.com/t_or_fh_m/f_auto/v1/cr/30/96/68/73/30966873_2fd3af|https://photos.encuentra24.com/t_or_fh_m/f_auto/v1/cr/30/31/84/70/30318470_c89c4e|https://photos.encuentra24.com/t_or_fh_m/f_auto/v1/cr/32/59/06/33/32590633_5041ce4|https://photos.encuentra24.com/t_or_fh_m/f_auto/v1/cr/32/57/72/96/32577296_d7177da|https://photos.encuentra24.com/t_or_fh_m/f_auto/v1/cr/31/91/72/08/31917208_23c1af|https://photos.encuentra24.com/t_or_fh_m/f_auto/v1/cr/30/37/26/26/30372626_adebdd|https://photos.encuentra24.com/t_or_fh_m/f_auto/v1/cr/30/86/46/33/30864633_202a1a|https://photos.encuentra24.com/t_or_fh_m/f_auto/v1/cr/29/07/97/66/29079766_58737e|https://photos.encuentra24.com/t_or_fh_m/f_auto/v1/cr/32/57/70/99/32577099_4fadd0147da121f6938b0cfe4eea41df-edaff71
encuentra24,32104314,https://www.encuentra24.com/costa-rica-es/bienes-raices-venta-de-propiedades-casas/casa-moderna-de-dos-niveles-en-venta-en-heredia/32104314,sale,active,Heredia provincia,Heredia,Heredia,Casa moderna de dos niveles en venta en Heredia,"Amplia casa moderna en venta en Heredia, ideal para quienes buscan comodidad, espacios funcionales y un ambiente perfecto. La propiedad cuenta con dos niveles y una distribución pensada para aprovechar cada espacio. En el primer nivel se encuentra una sala, cocina y comedor integrados, que brindan un ambiente amplio y acogedor. Además, dispone de medio baño para visitas, área de lavandería, terraza techada, patio y cochera con capacidad para dos vehículos. En el segundo nivel se ubica una área multiuso, ideal para oficina, sala de TV o habitación adicional. También cuenta con dos habitaciones con closet que comparten un baño completo, y una habitación principal con closet, baño completo privado y balcón, ofreciendo mayor privacidad y comodidad. Una excelente opción para quienes desean vivir en una zona tranquila de Heredia, con espacios amplios y una distribución moderna, perfecta para disfrutar en familia.",House,,4 Bathrooms,2 Vehicles,,200–400m²,100–500m²,{},,{},,,325000,USD,+50670989435,https://photos.encuentra24.com/t_or_fh_m/f_auto/v1/cr/32/10/43/14/32104314_03d776832d8dcf10eb6716a6111a6e81-7c16f29|https://photos.encuentra24.com/t_or_fh_m/f_auto/v1/cr/32/10/43/14/32104314_03d776832d8dcf10eb6716a6111a6e81-dbf2282|https://photos.encuentra24.com/t_or_fh_m/f_auto/v1/cr/32/10/43/14/32104314_03d776832d8dcf10eb6716a6111a6e81-45ed8db|https://photos.encuentra24.com/t_or_fh_m/f_auto/v1/cr/32/10/43/14/32104314_03d776832d8dcf10eb6716a6111a6e81-91851c0|https://photos.encuentra24.com/t_or_fh_m/f_auto/v1/cr/32/10/43/14/32104314_03d776832d8dcf10eb6716a6111a6e81-68d31f2|https://photos.encuentra24.com/t_or_fh_m/f_auto/v1/cr/32/10/43/14/32104314_03d776832d8dcf10eb6716a6111a6e81-959a745|https://photos.encuentra24.com/t_or_fh_m/f_auto/v1/cr/32/10/43/14/32104314_03d776832d8dcf10eb6716a6111a6e81-8d4fecf|https://photos.encuentra24.com/t_or_fh_m/f_auto/v1/cr/32/10/43/14/32104314_03d776832d8dcf10eb6716a6111a6e81-bbdbec9|https://photos.encuentra24.com/t_or_fh_m/f_auto/v1/cr/32/10/43/14/32104314_03d776832d8dcf10eb6716a6111a6e81-924662c|https://photos.encuentra24.com/t_or_fh_m/f_auto/v1/cr/32/10/43/14/32104314_03d776832d8dcf10eb6716a6111a6e81-c70baf3|https://photos.encuentra24.com/t_or_fh_m/f_auto/v1/cr/32/10/43/14/32104314_03d776832d8dcf10eb6716a6111a6e81-5fe3682|https://photos.encuentra24.com/t_or_fh_m/f_auto/v1/cr/32/10/43/14/32104314_03d776832d8dcf10eb6716a6111a6e81-880ff53|https://photos.encuentra24.com/t_or_fh_m/f_auto/v1/cr/32/10/43/14/32104314_03d776832d8dcf10eb6716a6111a6e81-a1e4550|https://photos.encuentra24.com/t_or_fh_m/f_auto/v1/cr/32/10/43/14/32104314_03d776832d8dcf10eb6716a6111a6e81-c068b45|https://photos.encuentra24.com/t_or_fh_m/f_auto/v1/cr/32/10/43/14/32104314_03d776832d8dcf10eb6716a6111a6e81-e5d098f|https://photos.encuentra24.com/t_or_fh_m/f_auto/v1/cr/32/10/43/14/32104314_03d776832d8dcf10eb6716a6111a6e81-77d06d1|https://photos.encuentra24.com/t_or_fh_m/f_auto/v1/cr/32/10/43/14/32104314_03d776832d8dcf10eb6716a6111a6e81-3e56c29|https://photos.encuentra24.com/t_or_fh_m/f_auto/v1/cr/32/10/43/14/32104314_03d776832d8dcf10eb6716a6111a6e81-ccdac36|https://photos.encuentra24.com/t_user_logo/v1/users/logo/23/51/69/2351697_dd38e6|https://photos.encuentra24.com/t_cnseal/v1697642511/cnseal/652ff80f42db6_Verified%20badge.png|https://photos.encuentra24.com/t_cnseal/v1594676252/cnseal/5f0cd41c4a555_Bildschirmfotocccbr.png|https://photos.encuentra24.com/t_or_fh_m/f_auto/v1/cr/30/95/18/49/30951849_17de3f|https://photos.encuentra24.com/t_or_fh_m/f_auto/v1/cr/32/42/32/59/32423259_cb65ade008405c824a13c11cbdedb2b0-09701d3|https://photos.encuentra24.com/t_or_fh_m/f_auto/v1/cr/32/45/00/18/32450018_590fde6f930c25a7959e32f7232fcda9-9bb25fe|https://photos.encuentra24.com/t_or_fh_m/f_auto/v1/cr/30/09/72/36/30097236_dcce88|https://photos.encuentra24.com/t_or_fh_m/f_auto/v1/cr/32/60/78/35/32607835_2e8bd84b051fbada432121e0d7f2e5c0-0a5d6cb|https://photos.encuentra24.com/t_or_fh_m/f_auto/v1/cr/32/65/09/15/32650915_2b8276c49dfc2748de351f58d1383b9f-eb9d271|https://photos.encuentra24.com/t_or_fh_m/f_auto/v1/cr/32/43/08/35/32430835_6b3717c0c29c4c642cc809bdd5434d2d-b429122|https://photos.encuentra24.com/t_or_fh_m/f_auto/v1/cr/31/13/35/57/31133557_d6353e|https://photos.encuentra24.com/t_or_fh_m/f_auto/v1/cr/30/86/02/74/30860274_167017|https://photos.encuentra24.com/t_or_fh_m/f_auto/v1/cr/31/74/81/00/31748100_3cf291|https://photos.encuentra24.com/t_or_fh_m/f_auto/v1/cr/32/62/28/88/32622888_466f4f2accf1e10baf3a4f1c2f1628fa-02a8f85|https://photos.encuentra24.com/t_or_fh_m/f_auto/v1/cr/30/40/12/38/30401238_f47eec|https://photos.encuentra24.com/t_or_fh_m/f_auto/v1/cr/32/33/87/99/32338799_8d77dfc1ddbd36af616ba0dce65ccef8-ad2e47c|https://photos.encuentra24.com/t_or_fh_m/f_auto/v1/cr/28/48/02/38/28480238_562225
encuentra24,32008993,https://www.encuentra24.com/costa-rica-es/bienes-raices-venta-de-propiedades-casas/casa-independiente-de-4-y-5-habitaciones-en-condominio-cerca-de-curridabat-y-tres-rios/32008993,sale,active,Cartago provincia,La Unión,,Casa Independiente de 4 y 5 Habitaciones en Condominio cerca de Curridabat y Tres Ríos,"Modernas y Amplias Casas en la mejor Zona del Este, Alta Plusvalía, muy cerca de Curridabat 5 HABITACIONES $370,000 entrega agosto 2026 Condominio con casas separadas, escoja su Cocina Soñada y sus acabados OPCIÓN ENTREGA INMEDIATA DE 4 HABITACIONES VARIOS MODELOS A ESCOGER 170 millones OPCIÓN 3 AVENIDA DEL ESTE CASAS SEPARADAS CON RETIRO LATERAL LOTE DE 262 M2 CONSTRUCCIÓN 240 M2 $395,000 CONSTRUYA A SU GUSTO EN CONDOMINIO ACQUA, HACIENDA PERAZ, AVENIDA DEL ESTE, AYARCO 385 *** ESCOJA SU COCINA SOÑADA Y ACABADOS EN UNIDADES DISPONIBLES *** ESTAMOS EN LOS MEJORES PROYECTOS DE LA ZONA ESTE 5 habitaciones 3.5 Baños 3 parqueos MÁS MODELOS DISPONIBLES EN 3 Y 4 HABITACIONES INFO WHATSAPP Amenidades: -Piscina semi olímpica -Gimnasio – Casa Club – Piscina NIños – Lap pool – Parque con áreas verdes – Parque para mascotas – Área de juegos infantiles – Cancha de Fútbol – Seguridad 24/7 – Hidromasajes – Spa – Vistas panorámicas CONSULTE POR DISEÑOS PERSONALIZADOS Y PRESUPUESTO TAMBIEN CONSTRUIMOS A SU GUSTO",Condo,5+ Bedrooms,4 Bathrooms,2 Vehicles,,200–400m²,100–500m²,"{""Municipal Water""}",,"{""Steep Slope""}",,,379900,USD,+50683687166,https://photos.encuentra24.com/t_or_fh_m/f_auto/v1/cr/32/00/89/93/32008993_8fb3d07|https://photos.encuentra24.com/t_or_fh_m/f_auto/v1/cr/32/00/89/93/32008993_d6f57b9|https://photos.encuentra24.com/t_or_fh_m/f_auto/v1/cr/32/00/89/93/32008993_b813204|https://photos.encuentra24.com/t_or_fh_m/f_auto/v1/cr/32/00/89/93/32008993_ed98314|https://photos.encuentra24.com/t_or_fh_m/f_auto/v1/cr/32/00/89/93/32008993_f29d2cd|https://photos.encuentra24.com/t_or_fh_m/f_auto/v1/cr/32/00/89/93/32008993_4779ee9|https://photos.encuentra24.com/t_or_fh_m/f_auto/v1/cr/32/00/89/93/32008993_b0bd533|https://photos.encuentra24.com/t_or_fh_m/f_auto/v1/cr/32/00/89/93/32008993_72c8886|https://photos.encuentra24.com/t_or_fh_m/f_auto/v1/cr/32/00/89/93/32008993_e52ecf3|https://photos.encuentra24.com/t_or_fh_m/f_auto/v1/cr/32/00/89/93/32008993_c0f574e|https://photos.encuentra24.com/t_or_fh_m/f_auto/v1/cr/32/00/89/93/32008993_67fb65d|https://photos.encuentra24.com/t_or_fh_m/f_auto/v1/cr/32/00/89/93/32008993_f5b709e|https://photos.encuentra24.com/t_or_fh_m/f_auto/v1/cr/32/00/89/93/32008993_4378c08|https://photos.encuentra24.com/t_or_fh_m/f_auto/v1/cr/32/00/89/93/32008993_83f450b|https://photos.encuentra24.com/t_user_logo/v1/users/logo/42/95/42957_78874c|https://photos.encuentra24.com/t_or_fh_m/f_auto/v1/cr/32/64/83/95/32648395_1f743a7925f6539eef516670a262e44e-85d2ed3|https://photos.encuentra24.com/t_or_fh_m/f_auto/v1/cr/32/06/90/65/32069065_cde3037efb36b0f41d37e3b7a74a582e-5ad220b|https://photos.encuentra24.com/t_or_fh_m/f_auto/v1/cr/30/51/70/55/30517055_89e89f|https://photos.encuentra24.com/t_or_fh_m/f_auto/v1/cr/32/19/54/95/32195495_f46c2b1|https://photos.encuentra24.com/t_or_fh_m/f_auto/v1/cr/32/61/02/65/32610265_b1547fe39256987b874e3df7dd5fcb59-9f201c0|https://photos.encuentra24.com/t_or_fh_m/f_auto/v1/cr/32/62/68/85/32626885_a11636dee9241607d8943c8c7e78aff0-711e4ba|https://photos.encuentra24.com/t_or_fh_m/f_auto/v1/cr/30/10/10/75/30101075_7a74af|https://photos.encuentra24.com/t_or_fh_m/f_auto/v1/cr/16/43/37/70/16433770_6aa6aed|https://photos.encuentra24.com/t_or_fh_m/f_auto/v1/cr/23/21/78/91/23217891_2f56b0a|https://photos.encuentra24.com/t_or_fh_m/f_auto/v1/cr/14/43/98/53/14439853_02bfa14|https://photos.encuentra24.com/t_or_fh_m/f_auto/v1/cr/25/07/70/71/25077071_55caf7f|https://photos.encuentra24.com/t_or_fh_m/f_auto/v1/cr/25/97/07/83/25970783_6f57941|https://photos.encuentra24.com/t_or_fh_m/f_auto/v1/cr/18/81/87/41/18818741_b447c98|https://photos.encuentra24.com/t_or_fh_m/f_auto/v1/cr/24/43/66/90/24436690_189ead
encuentra24,24565700,https://www.encuentra24.com/costa-rica-es/bienes-raices-venta-de-propiedades-lotes-y-terrenos/sal-de-la-gran-ciudad-hacia-el-solar-con-vistas-al-mar-central-pacific-playa-bejuco-15-min/24565700,sale,active,Puntarenas provincia,Parrita,Playa Bejuco,"Sal de la gran ciudad hacia el solar con vistas al mar. Central Pacific, Playa Bejuco 15 min.","¡Posee la vista de tus sueños! Ahora solo hay un solar con vistas al mar disponible en Costa Vida Estates. Lote 6, 7154 m2, 1,77 acres. ofrecida a 125.000,00 USD. Agua y electricidad instaladas en la línea de la propiedad. Listos para construir La mejor vista al océano para construir y al mejor precio de la zona. Internet Starlink ya disponible. Panorama Vista al océano de Manuel Antonio a Playa Bejuco. Costa Vida Estates es una comunidad cerrada única en su tipo. 55 acres Tropical Paradise se ha subdividido en 25 lotes titulados. Estamos ubicados en la Costa Central del Pacífico, a una altitud de unos 350 pies. Situado entre Jaco y Quepos. Cerca, pero no demasiado, de la vida activa de estos pueblos costeros. Descubre por qué familias de ocho países diferentes han elegido Costa Vida como su nuevo hogar. Vive en el paraíso rodeado de los sonidos de la naturaleza, cultiva tu propia comida ecológica mientras disfrutas del confort del hogar de tus sueños. ¡Paz y belleza con un ritmo de vida más lento! Quepos cuenta con un aeropuerto para aviones pequeños que ofrecen un vuelo de 20 minutos al aeropuerto de San José. ¡También hay servicios profesionales de construcción disponibles! Contacta con David por teléfono móvil en la app What's",Land,,,,,,"5,000m²–1 Hectare","{""Municipal Water"",""Water"",""Electricity"",""Solar Power""}",Beachfront|Urban,{},,Titled Property,125000,USD,+50687084657,https://photos.encuentra24.com/t_or_fh_m/f_auto/v1/cr/24/56/57/00/24565700_0bd0381|https://photos.encuentra24.com/t_or_fh_m/f_auto/v1/cr/24/56/57/00/24565700_5dd5350|https://photos.encuentra24.com/t_or_fh_m/f_auto/v1/cr/24/56/57/00/24565700_8fdaa9|https://photos.encuentra24.com/t_or_fh_m/f_auto/v1/cr/24/56/57/00/24565700_56fe5e|https://photos.encuentra24.com/t_or_fh_m/f_auto/v1/cr/24/56/57/00/24565700_6bf268|https://photos.encuentra24.com/t_or_fh_m/f_auto/v1/cr/24/56/57/00/24565700_8b388ee|https://photos.encuentra24.com/t_or_fh_m/f_auto/v1/cr/24/56/57/00/24565700_2a7efc3|https://photos.encuentra24.com/t_or_fh_m/f_auto/v1/cr/24/56/57/00/24565700_3dcad16|https://photos.encuentra24.com/t_or_fh_m/f_auto/v1/cr/24/56/57/00/24565700_d69aa67|https://photos.encuentra24.com/t_or_fh_m/f_auto/v1/cr/24/56/57/00/24565700_6cf328|https://photos.encuentra24.com/t_or_fh_m/f_auto/v1/cr/24/56/57/00/24565700_7b60a89|https://photos.encuentra24.com/t_or_fh_m/f_auto/v1/cr/24/56/57/00/24565700_1b54803|https://photos.encuentra24.com/t_or_fh_m/f_auto/v1/cr/32/08/10/34/32081034_b94efd2583915e075a31f23e6374eed9-bb11d6b|https://photos.encuentra24.com/t_or_fh_m/f_auto/v1/cr/31/63/47/96/31634796_16cbac|https://photos.encuentra24.com/t_or_fh_m/f_auto/v1/cr/30/00/08/15/30000815_e9b7aa|https://photos.encuentra24.com/t_or_fh_m/f_auto/v1/cr/32/50/04/12/32500412_9eec82d6fbcb850ab0bafdd115c26e3a-7889d8d